collision_index,collision_year,collision_ref_no,vehicle_reference,vehicle_type,towing_and_articulation,vehicle_manoeuvre_historic,vehicle_manoeuvre,vehicle_direction_from,vehicle_direction_to,vehicle_location_restricted_lane_historic,vehicle_location_restricted_lane,junction_location,skidding_and_overturning,hit_object_in_carriageway,vehicle_leaving_carriageway,hit_object_off_carriageway,first_point_of_impact,vehicle_left_hand_drive,journey_purpose_of_driver_historic,journey_purpose_of_driver,sex_of_driver,age_of_driver,age_band_of_driver,engine_capacity_cc,propulsion_code,age_of_vehicle,generic_make_model,driver_imd_decile,lsoa_of_driver,escooter_flag,driver_distance_banding
2024010520512,2024,010520512,2,-1,0,-1,-1,5,1,0,0,1,0,0,0,0,1,1,6,6,1,34,6,-1,-1,-1,-1,3,E01000059,1,3
2024471517851,2024,471517851,1,1,0,-1,19,2,6,-1,0,1,0,0,0,0,3,1,-1,9,1,24,5,-1,-1,-1,-1,5,E01020999,0,1
2024991426097,2024,991426097,2,1,0,-1,14,8,3,-1,0,2,0,0,1,0,1,1,-1,6,2,50,8,-1,-1,-1,-1,-1,-1,0,-1
2024531407806,2024,531407806,2,1,0,-1,19,1,5,-1,0,8,0,0,0,0,4,1,-1,9,1,13,3,-1,-1,-1,-1,4,E01022421,0,1
2024440370549,2024,440370549,1,1,0,18,19,1,5,9,9,8,0,0,0,0,0,1,6,6,1,60,9,-1,-1,-1,-1,10,E01017146,0,1
2024430522693,2024,430522693,1,9,0,7,7,1,4,0,0,6,0,0,0,0,1,1,6,6,2,-1,-1,-1,-1,-1,-1,-1,-1,0,-1
2024411492481,2024,411492481,1,1,0,-1,2,0,0,-1,0,2,0,11,0,0,3,1,-1,9,1,77,11,-1,-1,-1,-1,10,E01023744,0,2
2024522401649,2024,522401649,2,9,0,99,99,9,9,0,0,8,0,0,0,0,9,1,6,6,3,-1,-1,-1,-1,-1,-1,-1,-1,0,-1
2024052401016,2024,052401016,2,1,0,18,19,5,1,0,0,4,0,0,0,0,2,1,6,6,2,56,9,-1,-1,-1,-1,1,E01025528,0,3
202417M114224,2024,17M114224,2,9,0,-1,19,3,7,-1,0,1,0,0,0,0,1,1,-1,6,1,-1,-1,-1,-1,-1,-1,-1,-1,0,-1
2024421411917,2024,421411917,2,9,0,-1,19,4,8,-1,0,0,0,0,0,0,2,9,-1,6,1,41,7,-1,-1,-1,-1,4,E01015957,0,1
2024332401075,2024,332401075,1,9,0,-1,19,1,5,-1,0,0,0,0,0,0,1,1,-1,6,2,72,10,-1,-1,-1,-1,6,E01025986,0,1
2024211522608,2024,211522608,1,1,0,-1,-1,-1,-1,-1,-1,-1,-1,-1,-1,0,-1,1,-1,6,3,-1,-1,-1,-1,-1,-1,-1,-1,0,-1
2024010496894,2024,010496894,1,9,0,7,7,4,6,0,0,2,0,0,0,0,3,1,6,6,1,31,6,-1,-1,-1,-1,-1,-1,0,-1
2024461442388,2024,461442388,2,1,0,-1,19,1,5,-1,9,0,1,0,0,0,1,1,-1,6,1,14,3,-1,-1,-1,-1,6,E01016080,0,1
2024461453634,2024,461453634,2,9,0,-1,19,3,7,-1,0,0,0,0,0,0,1,1,-1,6,1,71,10,-1,-1,-1,-1,-1,-1,0,-1
2024421472529,2024,421472529,1,9,0,-1,19,6,2,-1,0,8,0,0,0,0,1,1,-1,1,2,35,6,-1,-1,-1,-1,7,E01021540,0,4
202417S108724,2024,17S108724,1,19,0,-1,19,8,4,-1,0,8,0,0,1,4,3,1,-1,9,1,15,3,-1,-1,-1,-1,9,E01012233,0,2
2024471529218,2024,471529218,1,9,0,-1,1,7,3,-1,0,0,0,0,0,0,2,9,-1,6,2,-1,-1,-1,-1,-1,-1,-1,-1,0,-1
2024010536057,2024,010536057,2,23,0,15,15,5,1,0,0,1,0,0,1,4,3,1,6,6,1,30,6,-1,-1,-1,-1,3,E01001116,0,2
2024041414034,2024,041414034,1,9,0,-1,-1,-1,-1,-1,-1,-1,-1,-1,-1,0,-1,9,-1,6,3,-1,-1,-1,-1,-1,-1,-1,-1,0,-1
2024010517744,2024,010517744,1,1,0,18,19,7,3,4,4,0,0,0,0,0,1,1,6,6,1,31,6,-1,-1,-1,-1,4,E01003929,0,2
2024211493422,2024,211493422,1,9,0,-1,19,1,8,-1,0,1,1,0,0,0,1,1,-1,1,1,30,6,-1,-1,-1,-1,9,E01029799,0,1
2024531466326,2024,531466326,2,1,0,-1,5,1,5,-1,0,0,0,0,0,0,1,1,-1,6,2,21,5,-1,-1,-1,-1,1,E01022333,0,1
2024440149571,2024,440149571,1,9,0,3,3,4,8,0,0,1,0,0,0,0,2,1,6,6,1,54,8,-1,-1,-1,-1,4,E01017045,0,3
2024371460826,2024,371460826,2,1,-1,-1,-1,-1,-1,-1,-1,0,-1,-1,1,0,-1,1,-1,6,2,30,6,-1,-1,-1,-1,7,E01030200,0,3
2024471443811,2024,471443811,2,1,0,-1,9,8,5,-1,0,8,0,0,0,0,1,1,-1,9,1,78,11,-1,-1,-1,-1,3,E01020937,0,1
2024141460209,2024,141460209,2,9,0,-1,19,3,7,-1,0,1,0,0,0,0,1,1,-1,6,2,37,7,-1,-1,-1,-1,1,E01007507,0,1
2024070552886,2024,070552886,1,9,0,5,5,2,6,0,0,1,0,0,0,0,0,2,6,6,1,67,10,-1,-1,-1,-1,10,E01018695,0,2
2024052401986,2024,052401986,1,9,0,4,4,2,6,0,0,1,0,0,0,0,1,1,6,6,2,67,10,-1,-1,-1,-1,5,E01007288,0,1
2024141495240,2024,141495240,2,98,0,-1,12,7,3,-1,0,0,0,0,0,0,3,9,-1,6,3,-1,-1,-1,-1,-1,-1,-1,-1,0,-1
2024320733607,2024,320733607,1,9,0,2,2,0,0,0,0,0,0,0,0,0,1,1,-1,-1,1,41,7,-1,-1,-1,-1,8,E01028288,0,4
2024401501729,2024,401501729,2,1,0,-1,3,3,7,-1,0,0,0,0,0,0,3,1,-1,6,1,21,5,-1,-1,-1,-1,2,E01015729,0,1
2024451463409,2024,451463409,2,9,0,-1,9,8,4,-1,0,1,0,0,0,0,3,1,-1,6,-1,32,6,-1,-1,-1,-1,-1,-1,0,-1
2024010496935,2024,010496935,2,9,0,18,19,3,7,0,0,3,0,0,0,0,1,1,2,2,2,49,8,-1,-1,-1,-1,4,E01002629,0,2
2024061403941,2024,061403941,2,1,0,-1,19,6,2,-1,0,0,0,0,0,0,0,1,-1,7,1,15,3,-1,-1,-1,-1,1,E01005119,0,1
2024041453314,2024,041453314,2,1,0,-1,19,4,2,-1,0,8,0,0,0,0,4,1,-1,9,1,37,7,-1,-1,-1,-1,4,E01025314,0,1
2024010523497,2024,010523497,2,9,9,99,99,9,9,99,99,0,9,99,9,99,9,9,6,6,3,-1,-1,-1,-1,-1,-1,-1,-1,0,-1
2024010523881,2024,010523881,1,9,0,9,9,2,8,0,0,1,0,0,0,0,3,1,6,6,1,33,6,-1,-1,-1,-1,2,E01001439,0,2
2024351460884,2024,351460884,2,1,0,-1,19,5,1,-1,0,0,0,0,0,0,1,1,-1,6,1,61,9,-1,-1,-1,-1,6,E01029583,0,5
2024010508954,2024,010508954,2,1,9,99,99,9,9,99,99,9,9,99,9,99,1,1,6,6,3,-1,-1,-1,-1,-1,-1,-1,-1,0,-1
2024211437757,2024,211437757,2,9,0,-1,13,2,6,-1,0,0,0,0,7,0,1,1,-1,9,2,60,9,-1,-1,-1,-1,8,E01029723,0,1
2024991468729,2024,991468729,1,1,0,-1,15,8,4,-1,0,0,0,0,0,0,1,1,-1,6,1,76,11,-1,-1,-1,-1,8,-1,0,1
2024340WN7062,2024,340WN7062,1,9,0,-1,-1,3,1,-1,0,4,0,0,0,0,1,1,-1,6,1,-1,-1,-1,-1,-1,-1,-1,-1,0,-1
2024543576124,2024,543576124,2,1,0,9,9,8,6,0,0,3,0,0,0,0,4,1,6,6,2,67,10,-1,-1,-1,-1,-1,-1,0,-1
2024010489592,2024,010489592,1,3,0,99,99,9,9,99,99,9,9,99,9,99,9,1,6,6,3,37,7,-1,-1,-1,-1,3,E01003105,0,1
2024361531525,2024,361531525,1,9,-1,-1,-1,-1,-1,-1,-1,0,-1,-1,-1,0,-1,9,-1,6,3,-1,-1,-1,-1,-1,-1,-1,-1,0,-1
2024010520470,2024,010520470,2,9,0,18,19,3,7,0,0,8,0,0,0,0,2,1,2,2,2,19,4,-1,-1,-1,-1,4,E01001369,0,1
2024101431344,2024,101431344,2,97,0,-1,19,1,5,-1,0,1,0,0,0,0,1,1,-1,9,1,28,6,-1,-1,-1,-1,2,E01008690,0,1
2024161423291,2024,161423291,2,1,0,-1,19,3,7,-1,4,0,0,0,0,0,1,1,-1,7,2,11,3,-1,-1,-1,-1,1,E01013204,0,1
2024010494600,2024,010494600,2,1,0,18,19,2,6,2,2,1,5,0,1,0,1,1,1,1,1,47,8,-1,-1,-1,-1,2,E01000861,0,1
2024010518145,2024,010518145,2,1,0,9,9,7,5,0,0,1,0,0,0,0,1,1,6,6,1,37,7,-1,-1,-1,-1,4,E01003215,0,1
2024052401995,2024,052401995,1,9,0,18,19,5,1,0,0,1,0,0,0,0,1,1,6,6,3,-1,-1,-1,-1,-1,-1,-1,-1,0,-1
2024010550233,2024,010550233,1,19,0,13,13,3,7,0,0,0,0,0,0,0,4,1,6,6,3,-1,-1,-1,-1,-1,-1,-1,-1,0,-1
2024010524550,2024,010524550,2,9,0,5,5,3,7,0,0,4,0,0,7,1,1,1,6,6,2,88,11,-1,-1,-1,-1,10,E01002257,0,1
2024430449829,2024,430449829,2,9,0,17,19,5,2,0,0,0,0,0,0,0,3,1,6,6,1,49,8,-1,-1,-1,-1,-1,-1,0,-1
2024302400039,2024,302400039,2,1,0,18,19,8,4,0,0,1,0,0,0,0,1,1,6,6,1,56,9,-1,-1,-1,-1,9,E01019422,0,3
2024440462163,2024,440462163,1,9,0,7,7,5,3,0,0,6,0,0,0,0,3,1,6,6,1,18,4,-1,-1,-1,-1,3,E01022803,0,1
2024461420625,2024,461420625,2,9,0,-1,19,2,6,-1,0,2,0,0,0,0,1,1,-1,8,1,30,6,-1,-1,-1,-1,-1,-1,0,-1
2024520403129,2024,520403129,2,9,0,18,19,3,7,0,0,0,0,0,0,0,1,1,6,6,1,59,9,-1,-1,-1,-1,6,E01029269,0,1
2024070792132,2024,070792132,2,1,0,-1,19,6,2,-1,4,0,0,0,0,0,2,1,-1,9,2,62,9,-1,-1,-1,-1,6,E01018612,0,1
2024361448345,2024,361448345,1,9,0,-1,19,7,7,-1,0,0,2,0,0,0,3,1,-1,9,1,63,9,-1,-1,-1,-1,9,E01021352,0,5
2024141498957,2024,141498957,1,1,0,-1,3,6,2,-1,0,4,0,0,0,0,2,1,-1,2,2,40,7,-1,-1,-1,-1,8,E01008130,0,1
2024421445514,2024,421445514,2,9,0,-1,2,0,0,-1,0,1,0,0,0,0,3,9,-1,6,-1,-1,-1,-1,-1,-1,-1,-1,-1,0,-1
2024522401296,2024,522401296,1,9,0,9,9,6,5,0,0,6,0,0,0,0,1,1,6,6,1,48,8,-1,-1,-1,-1,9,E01022352,0,4
2024552401432,2024,552401432,1,9,0,18,19,8,4,9,9,8,0,0,1,11,1,1,6,6,3,-1,-1,-1,-1,-1,-1,-1,-1,0,-1
2024211494302,2024,211494302,2,9,0,-1,19,6,2,-1,0,0,0,0,0,0,1,1,-1,6,1,32,6,-1,-1,-1,-1,2,E01010064,0,4
2024052401473,2024,052401473,1,19,0,18,19,1,5,0,0,0,0,0,0,0,3,1,1,1,1,59,9,-1,-1,-1,-1,4,E01006843,0,1
2024461492844,2024,461492844,1,9,-1,-1,-1,-1,-1,-1,-1,4,-1,-1,-1,0,-1,9,-1,6,3,-1,-1,-1,-1,-1,-1,-1,-1,0,-1
2024361515981,2024,361515981,1,99,-1,-1,-1,1,5,-1,-1,0,-1,-1,-1,0,-1,9,-1,6,3,-1,-1,-1,-1,-1,-1,-1,-1,0,-1
2024440290506,2024,440290506,1,1,0,18,19,7,3,0,0,2,0,0,0,0,4,1,6,6,1,27,6,-1,-1,-1,-1,-1,-1,0,-1
2024010493164,2024,010493164,1,1,9,99,99,9,9,99,99,9,9,99,9,99,1,1,6,6,1,39,7,-1,-1,-1,-1,3,E01004230,0,1
2024111446056,2024,111446056,2,1,0,-1,19,3,7,-1,0,1,0,0,0,0,4,1,-1,7,1,12,3,-1,-1,-1,-1,2,E01012332,0,1
2024141454551,2024,141454551,1,9,0,-1,19,7,3,-1,0,0,0,0,0,0,1,1,-1,2,1,43,7,-1,-1,-1,-1,4,E01007344,0,3
2024221481776,2024,221481776,2,17,0,-1,9,3,1,-1,0,5,0,0,0,0,3,1,-1,1,1,54,8,-1,-1,-1,-1,5,E01014057,0,1
2024041478897,2024,041478897,2,1,0,-1,5,5,1,-1,0,0,0,0,0,0,4,1,-1,6,2,11,3,-1,-1,-1,-1,9,E01024966,0,1
2024421461659,2024,421461659,1,9,0,-1,9,7,3,-1,0,6,0,0,0,0,1,1,-1,9,2,76,11,-1,-1,-1,-1,9,E01023463,0,3
2024332400756,2024,332400756,2,1,0,-1,19,2,6,-1,0,0,0,0,0,0,1,1,-1,6,1,-1,-1,-1,-1,-1,-1,-1,-1,0,-1
2024010497166,2024,010497166,1,3,0,99,99,9,9,99,99,9,9,99,9,99,9,1,1,1,3,30,6,-1,-1,-1,-1,8,E01035608,0,4
2024131402232,2024,131402232,3,9,0,-1,-1,-1,-1,-1,-1,0,-1,-1,-1,0,-1,1,-1,6,3,-1,-1,-1,-1,-1,-1,-1,-1,0,-1
2024351496637,2024,351496637,1,1,-1,-1,-1,-1,-1,-1,-1,0,-1,-1,-1,0,-1,1,-1,6,1,16,4,-1,-1,-1,-1,-1,-1,0,-1
2024531480291,2024,531480291,1,1,0,-1,19,5,1,-1,0,8,0,0,0,0,1,1,-1,6,1,57,9,-1,-1,-1,-1,2,E01022160,0,1
2024421471835,2024,421471835,1,9,0,-1,-1,3,8,-1,0,8,-1,-1,-1,0,3,9,-1,6,3,-1,-1,-1,-1,-1,-1,-1,-1,0,-1
2024501431491,2024,501431491,1,5,0,-1,9,5,3,-1,0,8,0,0,0,0,4,1,-1,9,1,77,11,-1,-1,-1,-1,1,E01015260,0,3
2024231526189,2024,231526189,1,21,1,-1,12,8,4,-1,0,0,0,0,0,0,1,2,-1,1,1,48,8,-1,-1,-1,-1,-1,-1,0,-1
2024201442323,2024,201442323,1,8,0,-1,19,8,4,-1,0,1,0,0,0,0,1,9,-1,6,1,49,8,-1,-1,-1,-1,4,E01009871,0,3
2024340WN5522,2024,340WN5522,1,9,0,-1,19,4,7,-1,0,1,0,0,0,0,1,1,-1,6,1,-1,-1,-1,-1,-1,-1,-1,-1,0,-1
2024111504986,2024,111504986,1,9,0,-1,19,3,7,-1,0,0,0,0,0,0,1,9,-1,6,3,30,6,-1,-1,-1,-1,-1,-1,0,-1
2024010501325,2024,010501325,1,1,9,99,99,9,9,99,99,1,9,99,9,99,1,1,6,6,2,33,6,-1,-1,-1,-1,6,E01001837,0,2
2024010512101,2024,010512101,2,-1,0,18,19,5,1,0,0,1,5,0,0,0,3,1,6,6,1,35,6,-1,-1,-1,-1,4,E01001618,1,1
2024430215069,2024,430215069,2,1,0,18,19,4,8,0,0,8,0,0,1,0,1,1,6,6,1,52,8,-1,-1,-1,-1,10,E01016546,0,1
2024440439519,2024,440439519,1,9,0,1,1,4,8,0,0,0,0,0,0,0,2,1,6,6,1,24,5,-1,-1,-1,-1,4,E01017206,0,1
2024061528297,2024,061528297,2,-1,0,-1,19,-1,-1,-1,0,8,9,0,0,0,1,1,-1,6,3,-1,-1,-1,-1,-1,-1,-1,-1,0,-1
2024201495544,2024,201495544,1,4,0,-1,19,1,4,-1,0,4,0,0,0,0,1,1,-1,9,1,21,5,-1,-1,-1,-1,1,E01009886,0,1
2024131429712,2024,131429712,1,1,0,-1,19,1,1,-1,0,8,1,0,1,7,0,1,-1,6,1,48,8,-1,-1,-1,-1,3,E01010834,0,1
2024351534081,2024,351534081,1,19,-1,-1,9,-1,-1,-1,0,6,0,0,0,0,1,9,-1,1,1,-1,-1,-1,-1,-1,-1,-1,-1,0,-1
2024010496098,2024,010496098,2,9,0,18,19,5,1,0,0,2,0,0,0,0,0,1,6,6,3,-1,-1,-1,-1,-1,-1,-1,-1,0,-1
2024430187911,2024,430187911,1,9,0,18,19,2,6,0,0,8,0,0,0,0,4,1,6,6,1,29,6,-1,-1,-1,-1,4,E01017904,0,1
2024440240946,2024,440240946,2,1,0,4,4,6,2,0,0,0,0,0,0,0,2,1,6,6,1,-1,-1,-1,-1,-1,-1,-1,-1,0,-1
2024471464617,2024,471464617,4,9,0,-1,19,2,6,-1,0,2,0,0,0,0,0,9,-1,6,-1,-1,-1,-1,-1,-1,-1,-1,-1,0,-1
2024522403251,2024,522403251,1,9,0,7,7,6,1,0,0,5,0,0,0,0,1,1,6,6,2,-1,-1,-1,-1,-1,-1,-1,-1,0,-1
2024501473050,2024,501473050,2,9,0,-1,3,5,1,-1,0,1,0,0,0,0,2,1,-1,2,2,19,4,-1,-1,-1,-1,7,E01015223,0,3
2024211404995,2024,211404995,5,9,0,-1,4,5,8,-1,0,0,0,0,0,0,2,9,-1,9,1,-1,-1,-1,-1,-1,-1,-1,-1,0,-1
2024302400819,2024,302400819,1,9,0,9,9,3,8,0,0,5,0,0,0,0,3,2,6,6,2,64,9,-1,-1,-1,-1,7,E01025924,0,2
2024010493258,2024,010493258,1,3,9,99,99,9,9,99,99,9,9,99,9,99,9,1,1,1,1,29,6,-1,-1,-1,-1,6,E01004447,0,1
2024010534580,2024,010534580,1,9,9,99,99,9,9,99,99,9,9,99,9,99,9,9,6,6,3,-1,-1,-1,-1,-1,-1,-1,-1,0,-1
2024421409364,2024,421409364,1,1,0,-1,19,1,5,-1,0,6,0,0,0,0,1,1,-1,7,1,17,4,-1,-1,-1,-1,6,E01021714,0,1
2024061532970,2024,061532970,2,9,0,-1,15,3,7,-1,0,8,0,0,0,0,4,1,-1,6,3,-1,-1,-1,-1,-1,-1,-1,-1,0,-1
2024010487086,2024,010487086,2,9,9,99,99,9,9,99,99,0,9,99,9,99,9,9,6,6,3,-1,-1,-1,-1,-1,-1,-1,-1,0,-1
2024010487880,2024,010487880,2,9,0,9,9,8,5,0,0,6,0,0,0,0,0,1,6,6,1,23,5,-1,-1,-1,-1,9,E01001135,0,2
2024010533053,2024,010533053,1,9,0,18,19,5,1,0,0,0,0,0,0,0,1,1,6,6,1,60,9,-1,-1,-1,-1,7,E01002975,0,1
2024991398258,2024,991398258,1,9,0,-1,19,8,3,-1,0,0,1,0,7,0,1,1,-1,1,1,25,5,-1,-1,-1,-1,3,-1,0,4
2024520402683,2024,520402683,2,5,0,18,19,1,5,0,0,1,0,0,0,0,3,1,6,6,1,53,8,-1,-1,-1,-1,6,E01029224,0,1
2024010536690,2024,010536690,1,9,0,99,99,9,9,99,99,9,9,99,9,99,9,9,6,6,3,-1,-1,-1,-1,-1,-1,-1,-1,0,-1
2024421521095,2024,421521095,1,9,0,-1,19,2,6,-1,0,0,0,0,0,0,1,1,-1,6,1,37,7,-1,-1,-1,-1,4,E01021979,0,1
2024991549553,2024,991549553,2,1,0,-1,3,8,5,-1,0,1,5,0,0,0,2,1,-1,1,1,23,5,-1,-1,-1,-1,4,-1,0,1
2024430044758,2024,430044758,2,9,0,12,12,2,8,0,0,8,0,0,0,0,3,1,6,6,2,-1,-1,-1,-1,-1,-1,-1,-1,0,-1
2024010489858,2024,010489858,1,3,0,99,99,9,9,99,99,9,9,99,9,99,1,1,6,6,1,29,6,-1,-1,-1,-1,3,E01001239,0,1
2024302401415,2024,302401415,1,1,0,16,19,4,8,0,0,2,0,4,0,0,1,1,6,6,1,-1,-1,-1,-1,-1,-1,-1,-1,0,-1
2024052400756,2024,052400756,1,-1,0,18,19,6,2,0,0,0,0,0,0,0,1,1,6,6,1,18,4,-1,-1,-1,-1,7,E01006579,1,1
2024430610552,2024,430610552,2,9,0,18,19,8,4,0,0,1,0,0,0,0,1,1,6,6,2,-1,-1,-1,-1,-1,-1,6,E01016279,0,1
2024041422792,2024,041422792,3,9,0,-1,19,7,3,-1,0,0,0,0,0,0,2,1,-1,9,1,46,8,-1,-1,-1,-1,8,E01025056,0,3
2024010495712,2024,010495712,1,1,9,99,99,9,9,99,99,9,9,99,9,99,9,1,2,2,2,26,6,-1,-1,-1,-1,8,E01002898,0,2
2024122400325,2024,122400325,1,10,5,18,19,7,3,0,0,0,0,0,0,0,4,1,6,6,3,-1,-1,-1,-1,-1,-1,-1,-1,0,-1
2024131448876,2024,131448876,2,1,0,-1,19,4,8,-1,4,1,0,0,0,0,2,1,-1,6,1,26,6,-1,-1,-1,-1,6,E01011693,0,1
2024631501674,2024,631501674,2,9,0,-1,13,2,6,-1,0,8,0,0,0,0,1,1,-1,1,1,27,6,-1,-1,-1,-1,5,W01001932,0,4
2024010495884,2024,010495884,1,9,0,18,19,1,5,0,0,1,0,0,0,0,4,9,6,6,1,67,10,-1,-1,-1,-1,10,E01000763,0,1
2024461464623,2024,461464623,1,9,-1,-1,19,-1,-1,-1,0,0,0,0,0,0,-1,9,-1,6,3,-1,-1,-1,-1,-1,-1,-1,-1,0,-1
2024361465008,2024,361465008,2,-1,0,-1,19,7,3,-1,0,0,0,0,0,0,1,1,-1,9,2,18,4,-1,-1,-1,-1,9,E01035147,1,3
2024010531021,2024,010531021,1,1,9,99,99,9,9,99,99,9,9,99,9,99,1,1,2,2,1,34,6,-1,-1,-1,-1,6,E01021742,0,2
2024061424158,2024,061424158,2,9,0,-1,19,-1,-1,-1,0,8,0,0,0,0,1,1,-1,6,3,-1,-1,-1,-1,-1,-1,-1,-1,0,-1
2024221490569,2024,221490569,2,90,0,-1,19,4,8,-1,0,6,0,0,0,0,3,1,-1,9,1,16,4,-1,-1,-1,-1,2,E01032307,0,1
2024461418023,2024,461418023,1,21,1,-1,11,5,1,-1,0,0,0,0,0,0,4,9,-1,6,1,46,8,-1,-1,-1,-1,-1,-1,0,-1
2024440389116,2024,440389116,1,9,0,7,7,7,1,0,0,3,0,0,0,0,4,1,1,1,1,57,9,-1,-1,-1,-1,6,E01022919,0,3
2024010510276,2024,010510276,1,1,9,99,99,9,9,99,99,9,9,99,9,99,2,1,2,2,3,30,6,-1,-1,-1,-1,5,E01001708,0,1
2024461453700,2024,461453700,1,9,0,-1,19,3,7,-1,0,8,0,0,0,0,1,9,-1,6,1,-1,-1,-1,-1,-1,-1,-1,-1,0,-1
2024351519791,2024,351519791,1,9,-1,-1,-1,-1,-1,-1,-1,0,-1,-1,-1,0,-1,9,-1,6,2,-1,-1,-1,-1,-1,-1,3,E01015619,0,2
2024041504530,2024,041504530,2,9,0,-1,19,3,7,-1,0,8,0,0,0,0,4,1,-1,6,2,26,6,-1,-1,-1,-1,4,E01012634,0,1
2024010511016,2024,010511016,2,1,0,9,9,1,7,0,0,1,0,0,0,0,4,1,6,6,1,17,4,-1,-1,-1,-1,4,E01000997,0,1
2024430360703,2024,430360703,1,1,0,18,19,8,4,0,0,8,0,0,0,0,4,1,6,6,1,45,7,-1,-1,-1,-1,10,E01030680,0,4
2024221404503,2024,221404503,1,21,0,-1,13,3,7,-1,0,0,0,0,0,0,1,9,-1,1,1,41,7,-1,-1,-1,-1,-1,-1,0,-1
2024361405760,2024,361405760,1,9,0,-1,19,8,5,-1,0,6,0,0,0,0,3,1,-1,2,1,39,7,-1,-1,-1,-1,8,E01026895,0,1
2024010516804,2024,010516804,2,90,0,18,19,5,1,0,0,1,5,0,1,0,1,1,6,6,1,24,5,-1,-1,-1,-1,4,E01003036,0,1
2024471408273,2024,471408273,1,9,0,-1,15,7,3,-1,0,0,0,0,0,0,3,9,-1,6,3,-1,-1,-1,-1,-1,-1,-1,-1,0,-1
2024991456237,2024,991456237,2,9,0,-1,19,8,5,-1,0,1,1,0,0,0,1,1,-1,9,2,28,6,-1,-1,-1,-1,9,-1,0,1
2024010521605,2024,010521605,2,19,0,99,99,9,9,99,99,9,9,99,9,99,9,9,6,6,1,42,7,-1,-1,-1,-1,2,E01001331,0,3
2024010530773,2024,010530773,2,9,0,18,19,5,1,0,0,8,9,0,0,0,1,9,6,6,3,-1,-1,-1,-1,-1,-1,-1,-1,0,-1
2024010545184,2024,010545184,2,1,0,5,5,3,7,0,0,1,0,4,0,0,1,1,1,1,1,21,5,-1,-1,-1,-1,2,E01003191,0,1
2024411413138,2024,411413138,2,9,0,-1,19,-1,-1,-1,0,0,0,99,0,0,2,1,-1,9,2,26,6,-1,-1,-1,-1,10,E01023448,0,1
2024070398464,2024,070398464,2,9,0,5,5,5,1,0,0,1,0,0,7,0,3,1,6,6,2,27,6,-1,-1,-1,-1,2,E01012525,0,1
202460Q073211,2024,60Q073211,1,19,0,2,2,0,0,0,0,0,0,0,0,0,2,1,6,6,1,29,6,-1,-1,-1,-1,-1,-1,0,-1
2024201466380,2024,201466380,1,4,0,-1,19,7,3,-1,0,1,0,0,0,0,1,1,-1,9,1,25,5,-1,-1,-1,-1,1,E01009638,0,1
2024411482538,2024,411482538,1,1,-1,-1,19,-1,-1,-1,0,0,0,0,0,0,1,1,-1,6,1,-1,-1,-1,-1,-1,-1,-1,-1,0,-1
2024131505239,2024,131505239,1,90,0,-1,19,5,1,-1,0,0,0,0,0,0,0,1,-1,6,-1,1,1,-1,-1,-1,-1,-1,-1,0,-1
2024332400860,2024,332400860,1,9,0,-1,19,9,9,-1,0,1,0,0,0,0,2,1,-1,9,1,31,6,-1,-1,-1,-1,5,E01013736,0,1
2024010533270,2024,010533270,2,1,9,99,99,9,9,99,99,9,9,99,9,99,9,1,2,2,2,34,6,-1,-1,-1,-1,3,E01001715,0,2
2024430198163,2024,430198163,1,9,0,14,14,4,8,0,0,0,0,0,0,0,3,1,6,6,1,85,11,-1,-1,-1,-1,9,E01017888,0,1
2024131463888,2024,131463888,1,9,0,-1,-1,-1,-1,-1,-1,0,-1,-1,-1,-1,-1,1,-1,6,3,50,8,-1,-1,-1,-1,-1,-1,0,-1
2024101477245,2024,101477245,1,9,0,-1,7,6,8,-1,0,8,0,0,0,0,1,1,-1,6,1,66,10,-1,-1,-1,-1,7,E01027390,0,1
2024070958127,2024,070958127,1,9,0,-1,9,7,3,-1,0,8,0,0,9,0,-1,9,-1,6,3,18,4,-1,-1,-1,-1,-1,-1,0,-1
2024451442526,2024,451442526,2,1,0,-1,19,4,8,-1,9,1,0,0,0,0,4,1,-1,6,3,14,3,-1,-1,-1,-1,-1,-1,0,-1
2024201467648,2024,201467648,2,9,0,-1,19,4,8,-1,0,8,0,0,0,0,1,9,-1,1,1,26,6,-1,-1,-1,-1,2,E01009266,0,1
2024010528581,2024,010528581,2,1,0,15,15,5,1,4,4,1,0,0,0,0,3,1,2,2,2,50,8,-1,-1,-1,-1,5,E01003155,0,2
2024211441945,2024,211441945,1,9,0,-1,19,5,3,-1,0,1,0,0,0,0,1,1,-1,6,1,31,6,-1,-1,-1,-1,8,E01029743,0,1
2024991430351,2024,991430351,2,9,0,-1,5,8,6,-1,0,2,0,0,0,0,4,1,-1,9,2,37,7,-1,-1,-1,-1,8,-1,0,1
2024010487255,2024,010487255,2,3,0,13,13,1,5,0,0,0,0,0,0,0,3,1,6,6,1,32,6,-1,-1,-1,-1,2,E01001773,0,1
2024201467605,2024,201467605,1,9,0,-1,19,5,1,-1,0,0,0,0,0,0,4,9,-1,6,1,-1,-1,-1,-1,-1,-1,-1,-1,0,-1
2024101420283,2024,101420283,1,9,0,-1,19,5,1,-1,0,1,0,0,0,0,1,9,-1,7,1,24,5,-1,-1,-1,-1,-1,-1,0,-1
2024122500073,2024,122500073,1,9,0,17,19,8,4,0,0,0,0,0,0,0,3,1,6,6,3,-1,-1,-1,-1,-1,-1,-1,-1,0,-1
2024201435063,2024,201435063,2,9,0,-1,5,4,1,-1,0,8,0,0,0,0,1,9,-1,9,1,36,7,-1,-1,-1,-1,8,E01009434,0,1
2024010504539,2024,010504539,1,9,0,99,99,9,9,99,99,9,9,99,9,99,1,9,6,6,3,-1,-1,-1,-1,-1,-1,-1,-1,0,-1
2024411427520,2024,411427520,3,9,-1,-1,-1,-1,-1,-1,-1,-1,-1,-1,-1,0,-1,9,-1,6,3,-1,-1,-1,-1,-1,-1,-1,-1,0,-1
2024010497790,2024,010497790,2,19,0,99,99,9,9,99,99,9,9,99,9,99,1,9,6,6,3,-1,-1,-1,-1,-1,-1,-1,-1,0,-1
2024631406983,2024,631406983,3,9,0,-1,10,8,5,-1,0,8,0,0,0,0,2,1,-1,6,2,55,8,-1,-1,-1,-1,9,W01000441,0,1
2024461459478,2024,461459478,1,19,0,-1,9,1,1,-1,0,2,0,0,0,0,3,2,-1,9,1,55,8,-1,-1,-1,-1,-1,-1,0,-1