collision_index,collision_year,collision_ref_no,vehicle_reference,vehicle_type,towing_and_articulation,vehicle_manoeuvre_historic,vehicle_manoeuvre,vehicle_direction_from,vehicle_direction_to,vehicle_location_restricted_lane_historic,vehicle_location_restricted_lane,junction_location,skidding_and_overturning,hit_object_in_carriageway,vehicle_leaving_carriageway,hit_object_off_carriageway,first_point_of_impact,vehicle_left_hand_drive,journey_purpose_of_driver_historic,journey_purpose_of_driver,sex_of_driver,age_of_driver,age_band_of_driver,engine_capacity_cc,propulsion_code,age_of_vehicle,generic_make_model,driver_imd_decile,lsoa_of_driver,escooter_flag,driver_distance_banding
2024430367501,2024,430367501,2,21,0,12,12,6,2,0,0,0,0,0,0,0,0,1,6,6,3,-1,-1,-1,-1,-1,-1,-1,-1,0,-1
2024440087479,2024,440087479,2,9,0,18,19,4,8,0,0,1,0,0,0,0,1,1,6,6,2,39,7,-1,-1,-1,-1,4,E01017234,0,1
2024010535669,2024,010535669,2,1,0,5,5,3,7,0,0,8,0,0,1,0,1,1,4,7,2,15,3,-1,-1,-1,-1,7,E01001302,0,1
2024631455064,2024,631455064,3,9,0,-1,10,6,4,-1,0,8,0,0,0,0,1,1,-1,6,1,31,6,-1,-1,-1,-1,7,W01000484,0,2
2024010495793,2024,010495793,1,9,0,18,19,7,3,0,0,0,0,10,0,0,1,1,6,6,3,-1,-1,-1,-1,-1,-1,-1,-1,0,-1
2024311471646,2024,311471646,2,4,0,-1,19,2,6,-1,0,0,1,0,0,0,1,1,-1,2,1,41,7,-1,-1,-1,-1,2,E01013917,0,1
2024061447027,2024,061447027,1,98,-1,-1,1,7,3,-1,0,0,0,0,0,0,2,9,-1,6,3,-1,-1,-1,-1,-1,-1,-1,-1,0,-1
2024361475660,2024,361475660,1,9,-1,-1,-1,-1,-1,-1,-1,0,-1,-1,-1,0,-1,9,-1,2,1,-1,-1,-1,-1,-1,-1,-1,-1,0,-1
2024440396934,2024,440396934,1,9,0,17,19,6,3,0,0,2,0,0,2,4,1,1,6,6,1,17,4,-1,-1,-1,-1,8,E01023182,0,2
2024501483710,2024,501483710,1,9,0,-1,9,1,6,-1,0,1,0,0,0,0,1,2,-1,9,1,47,8,-1,-1,-1,-1,-1,-1,0,-1
2024010490084,2024,010490084,2,9,0,99,99,9,9,99,99,9,9,99,9,99,1,9,6,6,1,37,7,-1,-1,-1,-1,4,E01004756,0,2
2024201407259,2024,201407259,2,19,0,-1,3,1,6,-1,0,0,0,0,0,0,2,9,-1,1,1,49,8,-1,-1,-1,-1,4,E01009715,0,2
2024991457164,2024,991457164,1,9,0,-1,1,7,3,-1,9,0,0,0,0,0,2,1,-1,6,1,64,9,-1,-1,-1,-1,9,-1,0,3
2024631450408,2024,631450408,1,20,4,-1,19,8,5,-1,0,0,0,0,1,4,1,1,-1,1,1,34,6,-1,-1,-1,-1,3,W01001969,0,4
2024311525153,2024,311525153,1,9,0,-1,7,7,1,-1,0,0,0,0,0,0,4,1,-1,6,3,-1,-1,-1,-1,-1,-1,-1,-1,0,-1
2024501455820,2024,501455820,2,1,0,-1,19,3,7,-1,4,8,0,0,0,0,1,1,-1,2,1,48,8,-1,-1,-1,-1,9,E01020186,0,3
2024430306094,2024,430306094,2,1,0,17,19,4,2,0,0,8,0,0,0,0,2,1,6,6,2,-1,-1,-1,-1,-1,-1,-1,-1,0,-1
2024010493694,2024,010493694,7,19,0,2,2,0,0,0,0,0,0,0,0,0,3,1,6,6,3,-1,-1,-1,-1,-1,-1,-1,-1,0,-1
2024010489166,2024,010489166,2,9,0,99,99,9,9,99,99,9,9,99,9,99,1,9,6,6,3,-1,-1,-1,-1,-1,-1,-1,-1,0,-1
2024061470959,2024,061470959,2,97,0,-1,19,1,5,-1,0,0,0,0,0,0,2,1,-1,6,3,30,6,-1,-1,-1,-1,-1,-1,0,-1
2024631425352,2024,631425352,1,9,0,-1,19,6,2,-1,0,0,5,0,2,10,1,1,-1,2,1,23,5,-1,-1,-1,-1,6,W01000551,0,3
2024401474734,2024,401474734,1,9,-1,-1,1,5,1,-1,0,6,0,0,0,0,2,9,-1,6,1,21,5,-1,-1,-1,-1,-1,-1,0,-1
2024052402479,2024,052402479,2,1,0,18,19,4,8,0,0,1,0,0,0,0,1,1,2,2,1,37,7,-1,-1,-1,-1,8,E01006525,0,1
2024461437708,2024,461437708,1,1,0,-1,-1,-1,-1,-1,-1,0,-1,-1,-1,0,-1,1,-1,6,1,-1,-1,-1,-1,-1,-1,-1,-1,0,-1
202454E744724,2024,54E744724,1,21,0,18,19,1,5,0,0,4,0,0,0,0,4,1,1,1,1,-1,-1,-1,-1,-1,-1,-1,-1,0,-1
2024010525577,2024,010525577,2,-1,0,99,99,9,9,0,0,0,0,0,0,0,4,1,6,6,1,-1,-1,-1,-1,-1,-1,-1,-1,1,-1
2024430274205,2024,430274205,1,9,0,99,99,9,9,0,0,6,0,0,0,0,1,1,6,6,3,-1,-1,-1,-1,-1,-1,-1,-1,0,-1
2024131441227,2024,131441227,1,9,0,-1,5,7,3,-1,0,8,0,0,0,0,1,1,-1,1,2,29,6,-1,-1,-1,-1,4,E01010798,0,2
2024991404259,2024,991404259,3,9,0,-1,19,1,4,-1,0,1,0,0,0,0,0,1,-1,6,1,57,9,-1,-1,-1,-1,4,-1,0,1
2024501417613,2024,501417613,2,1,0,-1,19,7,3,-1,0,8,0,0,0,0,1,1,-1,2,1,39,7,-1,-1,-1,-1,6,E01020006,0,1
2024010497753,2024,010497753,1,9,0,9,9,6,4,0,0,1,0,0,7,0,1,1,6,6,1,49,8,-1,-1,-1,-1,3,E01000785,0,1
2024332401198,2024,332401198,1,9,0,-1,11,5,1,-1,0,4,0,0,0,0,2,1,-1,6,3,-1,-1,-1,-1,-1,-1,-1,-1,0,-1
2024131410282,2024,131410282,2,9,-1,-1,-1,-1,-1,-1,-1,-1,-1,-1,-1,0,-1,9,-1,6,3,-1,-1,-1,-1,-1,-1,-1,-1,0,-1
2024201529725,2024,201529725,2,1,0,-1,19,7,3,-1,0,0,0,0,0,0,4,1,-1,1,1,26,6,-1,-1,-1,-1,8,E01009459,0,1
2024041474404,2024,041474404,1,97,0,-1,19,5,1,-1,0,1,0,0,0,0,1,1,-1,6,1,-1,-1,-1,-1,-1,-1,-1,-1,0,-1
2024471531005,2024,471531005,1,9,0,-1,5,1,5,-1,0,6,0,0,0,0,1,9,-1,6,3,-1,-1,-1,-1,-1,-1,-1,-1,0,-1
202417S111224,2024,17S111224,2,8,0,-1,8,7,3,-1,0,0,0,0,0,0,4,1,-1,1,1,52,8,-1,-1,-1,-1,9,E01012237,0,1
2024991484851,2024,991484851,3,9,0,-1,3,3,6,-1,0,0,0,0,0,0,2,1,-1,9,1,70,10,-1,-1,-1,-1,5,-1,0,4
2024010505408,2024,010505408,1,9,0,1,1,1,5,0,0,6,0,4,0,0,2,1,6,6,1,20,4,-1,-1,-1,-1,-1,-1,0,-1
2024010490624,2024,010490624,1,9,0,5,5,3,7,0,0,8,0,0,0,0,1,1,6,6,3,-1,-1,-1,-1,-1,-1,-1,-1,0,-1
2024070238291,2024,070238291,2,9,0,18,19,3,7,0,0,0,0,0,0,0,0,1,6,6,3,-1,-1,-1,-1,-1,-1,-1,-1,0,-1
2024231484074,2024,231484074,1,9,0,-1,19,4,8,-1,0,1,0,0,0,0,1,9,-1,6,2,44,7,-1,-1,-1,-1,4,E01031163,0,1
2024010525573,2024,010525573,1,9,0,18,19,1,5,0,0,3,0,0,0,0,1,1,6,6,3,-1,-1,-1,-1,-1,-1,-1,-1,0,-1
2024451447712,2024,451447712,2,9,0,-1,19,1,5,-1,0,0,0,0,0,0,0,9,-1,6,1,-1,-1,-1,-1,-1,-1,-1,-1,0,-1
2024430149149,2024,430149149,2,9,0,4,4,8,4,0,0,0,0,0,0,0,2,1,6,6,1,-1,-1,-1,-1,-1,-1,-1,-1,0,-1
2024041451133,2024,041451133,1,9,0,-1,19,7,3,-1,0,1,0,0,0,0,1,1,-1,2,1,34,6,-1,-1,-1,-1,6,E01025383,0,1
2024070179400,2024,070179400,2,1,0,18,19,5,1,0,0,1,0,0,0,0,1,1,6,6,1,48,8,-1,-1,-1,-1,9,E01012375,0,1
2024430612290,2024,430612290,1,1,0,18,19,2,6,0,0,8,0,0,0,0,4,1,6,6,1,36,7,-1,-1,-1,-1,4,E01001278,0,3
2024552400875,2024,552400875,2,1,0,18,19,2,6,0,0,8,0,0,0,0,3,1,6,6,2,39,7,-1,-1,-1,-1,4,E01020518,0,1
2024311489615,2024,311489615,2,9,-1,-1,19,7,3,-1,0,8,0,0,0,0,-1,9,-1,6,3,-1,-1,-1,-1,-1,-1,-1,-1,0,-1
2024351527583,2024,351527583,3,9,0,-1,4,3,7,-1,0,0,0,0,0,0,2,1,-1,6,1,27,6,-1,-1,-1,-1,3,E01026652,0,4
2024101467525,2024,101467525,2,1,0,-1,19,2,7,-1,0,-1,-1,-1,-1,0,4,1,-1,6,1,48,8,-1,-1,-1,-1,4,E01008274,0,1
2024421493123,2024,421493123,2,1,0,-1,19,1,4,-1,0,0,0,11,0,0,1,1,-1,6,1,64,9,-1,-1,-1,-1,3,E01002278,0,1
2024231473459,2024,231473459,1,9,0,-1,19,8,4,-1,0,6,1,0,7,9,1,1,-1,6,1,19,4,-1,-1,-1,-1,5,E01031190,0,1
2024311458567,2024,311458567,2,1,0,-1,19,5,1,-1,0,0,0,0,0,0,3,1,-1,6,1,9,2,-1,-1,-1,-1,-1,-1,0,-1
2024070668965,2024,070668965,2,9,0,18,19,2,6,0,0,0,0,0,0,0,2,1,6,6,2,76,11,-1,-1,-1,-1,9,E01012514,0,2
2024010496815,2024,010496815,2,9,0,99,99,9,9,99,99,0,9,99,9,99,1,9,6,6,3,-1,-1,-1,-1,-1,-1,-1,-1,0,-1
2024201431672,2024,201431672,1,1,0,-1,19,5,1,-1,0,8,0,0,0,0,1,1,-1,6,2,25,5,-1,-1,-1,-1,1,E01009375,0,1
2024201460693,2024,201460693,1,9,0,-1,19,5,1,-1,0,0,0,0,0,0,1,9,-1,6,1,-1,-1,-1,-1,-1,-1,-1,-1,0,-1
202460Q133612,2024,60Q133612,2,1,0,9,9,1,5,0,0,2,5,0,0,0,3,1,6,6,1,62,9,-1,-1,-1,-1,-1,-1,0,-1
2024211538024,2024,211538024,2,9,0,-1,19,7,8,-1,0,0,0,0,0,0,1,1,-1,6,2,46,8,-1,-1,-1,-1,6,E01031194,0,5
2024061519604,2024,061519604,2,1,0,-1,19,2,4,-1,4,1,0,0,1,0,3,1,-1,9,1,21,5,-1,-1,-1,-1,-1,-1,0,-1
2024010497084,2024,010497084,1,9,0,99,99,9,9,99,99,9,9,99,9,99,2,9,6,6,2,49,8,-1,-1,-1,-1,9,E01000371,0,3
2024340WN5282,2024,340WN5282,1,-1,0,-1,19,1,5,-1,0,4,0,0,3,0,1,1,-1,2,1,17,4,-1,-1,-1,-1,1,E01027168,1,1
2024411448913,2024,411448913,1,9,0,-1,19,1,5,-1,0,0,0,0,7,0,1,1,-1,9,1,57,9,-1,-1,-1,-1,9,E01023439,0,1
2024010535806,2024,010535806,1,9,0,18,19,7,3,0,0,1,0,0,0,0,1,2,6,6,1,23,5,-1,-1,-1,-1,5,E01000520,0,1
2024010488448,2024,010488448,1,11,0,4,4,3,7,2,2,8,0,0,0,0,0,1,1,1,1,25,5,-1,-1,-1,-1,4,E01002231,0,3
2024010489696,2024,010489696,1,1,9,99,99,9,9,99,99,1,9,99,9,0,9,1,2,2,1,47,8,-1,-1,-1,-1,4,E01001903,0,1
2024371440859,2024,371440859,2,1,0,-1,19,2,5,-1,0,0,0,0,0,0,1,1,-1,9,1,29,6,-1,-1,-1,-1,3,E01033046,0,1
2024101419271,2024,101419271,1,9,0,-1,20,7,4,-1,2,0,0,0,0,0,0,1,-1,9,1,40,7,-1,-1,-1,-1,-1,-1,0,-1
2024991444229,2024,991444229,2,5,0,-1,9,7,5,-1,0,8,0,0,0,0,3,1,-1,2,1,46,8,-1,-1,-1,-1,6,-1,0,2
2024041485590,2024,041485590,1,9,0,-1,19,3,7,-1,0,0,0,0,0,0,1,1,-1,9,1,38,7,-1,-1,-1,-1,3,E01006092,0,4
2024461536780,2024,461536780,1,90,0,-1,19,1,5,-1,0,8,0,0,7,0,1,9,-1,6,1,18,4,-1,-1,-1,-1,-1,-1,0,-1
2024131415169,2024,131415169,2,1,0,-1,12,4,8,-1,0,0,0,0,0,0,4,1,-1,9,1,13,3,-1,-1,-1,-1,1,E01011340,0,1
2024302500088,2024,302500088,2,1,0,-1,19,7,3,-1,0,1,0,0,0,0,4,1,-1,6,1,17,4,-1,-1,-1,-1,5,E01013551,0,1
2024131523418,2024,131523418,2,1,0,-1,19,1,5,-1,4,0,0,0,0,0,1,1,-1,1,1,52,8,-1,-1,-1,-1,3,E01011691,0,1
2024010550169,2024,010550169,1,9,0,9,9,5,4,0,0,1,0,0,0,0,0,1,6,6,2,57,9,-1,-1,-1,-1,9,E01030940,0,4
2024010548648,2024,010548648,2,1,0,18,19,7,3,0,0,8,0,0,0,0,4,1,6,6,2,44,7,-1,-1,-1,-1,2,E01000079,0,2
2024430618251,2024,430618251,1,9,0,18,19,1,5,0,0,0,0,0,0,0,1,1,6,6,1,-1,-1,-1,-1,-1,-1,-1,-1,0,-1
2024010493438,2024,010493438,1,1,9,99,99,9,9,99,99,9,9,99,9,99,9,1,6,6,1,26,6,-1,-1,-1,-1,5,E01002119,0,3
2024161481426,2024,161481426,1,1,0,-1,19,8,4,-1,4,8,0,0,0,0,2,1,-1,6,1,60,9,-1,-1,-1,-1,1,E01012850,0,1
2024131456055,2024,131456055,4,9,0,-1,4,1,5,-1,0,8,0,0,0,0,2,1,-1,1,1,31,6,-1,-1,-1,-1,8,E01011886,0,3
2024211423367,2024,211423367,2,3,0,-1,19,6,1,-1,0,1,0,0,0,0,4,1,-1,6,1,21,5,-1,-1,-1,-1,-1,-1,0,-1
2024552400255,2024,552400255,1,9,0,18,19,2,6,0,0,0,0,0,0,0,1,1,6,6,1,60,9,-1,-1,-1,-1,-1,-1,0,-1
2024461470483,2024,461470483,2,98,1,-1,19,1,5,-1,0,0,0,0,0,0,2,1,-1,1,1,40,7,-1,-1,-1,-1,-1,-1,0,-1
2024430474535,2024,430474535,2,1,0,18,19,8,4,0,0,8,0,0,0,0,3,1,6,6,1,36,7,-1,-1,-1,-1,5,E01016406,0,1
2024311494374,2024,311494374,2,4,0,-1,19,3,7,-1,0,1,1,0,0,0,1,1,-1,6,1,15,3,-1,-1,-1,-1,-1,-1,0,-1
2024201411407,2024,201411407,1,9,0,-1,19,7,4,-1,9,0,1,10,7,2,4,1,-1,6,1,-1,-1,-1,-1,-1,-1,-1,-1,0,-1
2024010544951,2024,010544951,2,98,9,99,99,9,9,99,99,9,9,99,9,99,9,9,6,6,3,-1,-1,-1,-1,-1,-1,-1,-1,0,-1
2024201495786,2024,201495786,1,97,0,-1,19,3,7,-1,0,1,0,0,0,0,1,1,-1,6,1,29,6,-1,-1,-1,-1,1,E01009498,0,1
2024010525455,2024,010525455,2,-1,0,18,19,1,5,0,0,2,1,4,0,0,1,1,6,6,2,18,4,-1,-1,-1,-1,3,E01034046,1,1
2024302400869,2024,302400869,2,1,0,18,19,2,6,0,0,8,0,0,0,0,1,1,6,6,1,31,6,-1,-1,-1,-1,1,E01013568,0,1
2024320202518,2024,320202518,2,9,0,-1,-1,8,4,0,0,8,0,0,0,0,1,1,-1,-1,1,60,9,-1,-1,-1,-1,9,E01026211,0,1
2024201441234,2024,201441234,2,1,0,-1,9,3,1,-1,0,4,0,0,0,0,1,1,-1,9,1,60,9,-1,-1,-1,-1,4,E01009324,0,1
2024010513801,2024,010513801,2,1,9,99,99,9,9,99,99,9,9,99,9,99,9,1,6,6,2,19,4,-1,-1,-1,-1,4,E01003916,0,1
2024161398414,2024,161398414,2,1,0,-1,9,7,5,-1,0,8,1,0,0,0,2,1,-1,9,1,28,6,-1,-1,-1,-1,-1,-1,0,-1
2024201496192,2024,201496192,1,1,0,-1,19,8,4,-1,0,1,0,0,0,0,3,1,-1,6,1,47,8,-1,-1,-1,-1,4,E01009241,0,1
2024461510200,2024,461510200,2,90,0,-1,19,2,6,-1,0,5,1,0,1,4,1,1,-1,1,1,38,7,-1,-1,-1,-1,5,E01024038,0,2
2024010493477,2024,010493477,2,9,0,99,99,9,9,99,99,0,9,99,9,99,9,9,6,6,3,25,5,-1,-1,-1,-1,6,E01002957,0,1
2024501428331,2024,501428331,1,98,0,-1,19,7,3,-1,0,0,0,0,0,0,1,1,-1,1,1,22,5,-1,-1,-1,-1,6,E01015579,0,5
2024430602020,2024,430602020,2,1,0,18,19,8,4,4,4,1,1,0,1,0,1,1,2,2,1,23,5,-1,-1,-1,-1,8,E01028547,0,1
2024010538912,2024,010538912,2,1,9,12,12,9,9,99,99,0,9,99,9,99,2,1,2,2,1,34,6,-1,-1,-1,-1,2,E01003918,0,1
2024010496112,2024,010496112,2,9,0,99,99,9,9,99,99,5,9,99,9,99,1,9,6,6,3,-1,-1,-1,-1,-1,-1,-1,-1,0,-1
2024430405134,2024,430405134,1,9,0,18,19,8,4,0,0,4,0,0,0,0,3,1,2,2,1,47,8,-1,-1,-1,-1,10,E01035257,0,1
2024411567945,2024,411567945,2,1,0,-1,19,3,7,-1,0,0,0,0,0,0,2,1,-1,6,1,16,4,-1,-1,-1,-1,3,E01023866,0,1
2024061469414,2024,061469414,1,9,0,-1,19,7,3,-1,0,0,0,0,0,0,1,1,-1,6,2,52,8,-1,-1,-1,-1,3,E01025536,0,1
2024430583134,2024,430583134,1,1,0,14,14,5,1,0,0,0,0,0,0,0,4,1,2,2,1,42,7,-1,-1,-1,-1,9,E01035269,0,2
2024451438839,2024,451438839,2,9,0,-1,19,3,7,-1,0,1,0,0,0,0,1,1,-1,9,1,80,11,-1,-1,-1,-1,10,E01030296,0,1
2024221478837,2024,221478837,2,9,0,-1,19,6,2,-1,0,0,0,0,0,0,3,9,-1,1,1,23,5,-1,-1,-1,-1,4,E01012690,0,5
2024991528754,2024,991528754,1,9,0,-1,19,7,3,-1,0,0,2,0,8,9,1,1,-1,1,1,33,6,-1,-1,-1,-1,8,-1,0,1
2024332400129,2024,332400129,2,9,0,-1,19,5,1,-1,0,0,0,0,0,0,1,1,-1,6,1,-1,-1,-1,-1,-1,-1,-1,-1,0,-1
2024211445002,2024,211445002,1,9,0,-1,14,1,5,-1,0,0,1,0,0,0,3,1,-1,6,2,30,6,-1,-1,-1,-1,-1,-1,0,-1
2024141473016,2024,141473016,1,9,0,-1,15,6,2,-1,0,0,0,0,0,0,3,1,-1,9,1,54,8,-1,-1,-1,-1,1,E01007760,0,3
2024061463218,2024,061463218,1,1,0,-1,9,2,6,-1,0,0,0,0,0,0,3,1,-1,9,1,41,7,-1,-1,-1,-1,5,E01004899,0,1
2024522401255,2024,522401255,2,1,0,18,19,2,6,0,0,8,0,0,0,0,1,1,6,6,1,31,6,-1,-1,-1,-1,5,E01035223,0,1
2024520401335,2024,520401335,1,9,0,16,19,7,1,0,0,8,1,0,7,4,3,1,6,6,1,23,5,-1,-1,-1,-1,6,E01035214,0,3
2024471418374,2024,471418374,4,9,0,-1,19,6,2,-1,0,0,0,0,0,0,1,9,-1,6,1,56,9,-1,-1,-1,-1,4,E01031799,0,4
2024430387293,2024,430387293,1,9,0,18,19,0,0,0,0,7,0,0,0,0,1,1,2,2,1,46,8,-1,-1,-1,-1,-1,-1,0,-1
2024522401585,2024,522401585,1,1,0,9,9,3,1,0,0,8,0,0,0,0,9,1,6,6,1,59,9,-1,-1,-1,-1,9,E01014757,0,1
2024010545791,2024,010545791,2,90,0,99,99,9,9,99,99,9,9,99,9,99,1,9,6,6,3,-1,-1,-1,-1,-1,-1,-1,-1,0,-1
2024522401806,2024,522401806,1,1,0,18,19,6,2,0,0,8,0,0,0,0,1,1,6,6,1,23,5,-1,-1,-1,-1,2,E01014568,0,1
2024010534547,2024,010534547,1,9,0,18,19,7,3,0,0,1,0,0,0,0,1,1,2,2,1,42,7,-1,-1,-1,-1,7,E01000823,0,1
2024440112213,2024,440112213,2,19,0,11,11,6,2,0,0,0,0,0,0,0,4,1,6,6,1,22,5,-1,-1,-1,-1,8,E01022935,0,2
2024010489345,2024,010489345,2,9,9,99,99,9,9,99,99,9,9,99,9,99,9,9,6,6,3,-1,-1,-1,-1,-1,-1,-1,-1,0,-1
2024010545300,2024,010545300,2,11,0,5,5,7,3,0,0,8,0,0,0,0,0,1,6,6,3,-1,-1,-1,-1,-1,-1,-1,-1,0,-1
2024461522576,2024,461522576,2,1,0,-1,7,1,6,-1,0,3,0,0,0,0,2,1,-1,6,1,64,9,-1,-1,-1,-1,7,E01032817,0,1
2024010519050,2024,010519050,2,9,0,5,5,7,3,0,0,0,0,0,0,0,3,1,6,6,1,44,7,-1,-1,-1,-1,8,E01002569,0,1
2024311496898,2024,311496898,2,1,0,-1,12,3,7,-1,0,0,0,0,0,0,2,1,-1,6,1,17,4,-1,-1,-1,-1,-1,-1,0,-1
2024010509974,2024,010509974,1,1,9,99,99,9,9,99,99,0,9,99,9,99,9,1,6,6,1,25,5,-1,-1,-1,-1,2,E01002793,0,1
2024461440911,2024,461440911,1,9,0,-1,3,7,3,-1,0,0,0,0,0,0,3,1,-1,9,1,35,6,-1,-1,-1,-1,3,E01016043,0,4
2024041492338,2024,041492338,1,9,0,-1,11,4,8,-1,0,0,0,0,0,0,4,1,-1,6,1,33,6,-1,-1,-1,-1,3,E01025577,0,4
2024070796747,2024,070796747,1,9,0,-1,4,5,1,-1,0,0,0,0,0,0,0,1,-1,6,1,30,6,-1,-1,-1,-1,-1,-1,0,-1
2024430090981,2024,430090981,1,9,0,18,19,4,8,0,0,1,0,0,0,0,1,1,2,2,1,50,8,-1,-1,-1,-1,8,E01017750,0,1
2024421402502,2024,421402502,2,1,0,-1,19,3,7,-1,0,2,5,0,0,0,3,1,-1,2,1,48,8,-1,-1,-1,-1,9,E01021281,0,1
2024401508076,2024,401508076,2,1,0,-1,19,-1,-1,-1,0,0,0,0,0,0,1,1,-1,7,2,19,4,-1,-1,-1,-1,4,E01015756,0,1
2024231445587,2024,231445587,1,9,0,-1,19,7,1,-1,0,0,0,0,0,0,1,1,-1,9,2,30,6,-1,-1,-1,-1,1,E01031043,0,3
2024411515301,2024,411515301,2,9,0,-1,4,3,7,-1,0,0,0,0,0,0,2,1,-1,9,1,55,8,-1,-1,-1,-1,5,E01021868,0,4
2024010494803,2024,010494803,2,9,0,18,19,5,1,0,0,0,0,0,0,0,1,1,6,6,1,57,9,-1,-1,-1,-1,8,E01004053,0,3
2024070972481,2024,070972481,1,9,0,-1,19,4,8,-1,0,8,1,0,4,6,1,1,-1,9,1,38,7,-1,-1,-1,-1,5,W01000412,0,3
2024501451551,2024,501451551,1,9,0,-1,19,1,5,-1,0,3,0,0,0,0,1,9,-1,6,3,-1,-1,-1,-1,-1,-1,-1,-1,0,-1
2024201474642,2024,201474642,1,9,0,-1,9,3,1,-1,0,1,0,0,0,0,1,1,-1,6,1,30,6,-1,-1,-1,-1,-1,-1,0,-1
2024451406233,2024,451406233,2,90,0,-1,4,1,5,-1,0,0,0,0,0,0,2,1,-1,1,1,22,5,-1,-1,-1,-1,7,E01016103,0,4
2024520402262,2024,520402262,2,9,9,18,19,9,9,0,0,1,0,0,0,0,1,9,6,6,3,-1,-1,-1,-1,-1,-1,-1,-1,0,-1
2024052400526,2024,052400526,2,1,0,18,19,7,3,0,0,1,0,0,0,0,1,1,6,6,1,42,7,-1,-1,-1,-1,2,E01007024,0,1
2024041394986,2024,041394986,2,9,0,-1,3,3,7,-1,0,0,0,0,0,0,2,2,-1,2,2,50,8,-1,-1,-1,-1,5,E01025193,0,4
2024010492072,2024,010492072,1,9,0,18,19,7,3,0,0,1,0,0,0,0,1,1,2,2,2,56,9,-1,-1,-1,-1,6,E01002654,0,1
2024471412729,2024,471412729,1,9,0,-1,9,8,3,-1,0,8,0,0,0,0,1,1,-1,2,1,25,5,-1,-1,-1,-1,6,E01020962,0,1
2024122400527,2024,122400527,2,1,0,18,19,7,3,4,4,0,0,0,0,0,3,1,6,6,2,69,10,-1,-1,-1,-1,8,E01013391,0,1
2024010487288,2024,010487288,1,9,0,99,99,9,9,99,99,9,9,99,9,99,1,9,6,6,1,26,6,-1,-1,-1,-1,3,E01000108,0,1
2024131428008,2024,131428008,1,9,0,-1,-1,-1,-1,-1,-1,0,-1,-1,-1,-1,-1,1,-1,6,3,-1,-1,-1,-1,-1,-1,-1,-1,0,-1
2024340WN3322,2024,340WN3322,2,9,0,-1,2,5,1,-1,0,0,0,0,0,0,1,1,-1,9,1,34,6,-1,-1,-1,-1,4,E01025931,0,4
2024332401022,2024,332401022,2,9,0,-1,99,9,9,-1,0,8,0,0,0,0,1,1,-1,6,3,-1,-1,-1,-1,-1,-1,-1,-1,0,-1
2024010535111,2024,010535111,2,1,9,99,99,9,9,99,99,9,9,99,9,99,1,1,6,6,1,29,6,-1,-1,-1,-1,2,E01002810,0,1
2024010512028,2024,010512028,2,1,0,18,19,3,7,0,0,1,0,0,0,0,2,1,6,6,1,38,7,-1,-1,-1,-1,5,E01002118,0,1
2024010546449,2024,010546449,1,1,0,18,19,1,5,0,0,8,9,99,9,99,9,1,2,2,1,35,6,-1,-1,-1,-1,6,E01035699,0,2
2024010492123,2024,010492123,1,9,9,99,99,9,9,99,99,9,9,99,9,99,9,1,6,6,3,-1,-1,-1,-1,-1,-1,-1,-1,0,-1
2024161460013,2024,161460013,1,9,0,-1,19,7,3,-1,0,0,0,0,0,0,2,9,-1,6,2,27,6,-1,-1,-1,-1,7,E01013101,0,1
2024161516533,2024,161516533,1,11,0,-1,12,1,5,-1,0,0,0,0,0,0,0,1,-1,7,1,61,9,-1,-1,-1,-1,4,E01012980,0,4
2024340WN4062,2024,340WN4062,2,9,0,-1,19,4,8,-1,0,0,0,0,7,0,1,1,-1,9,1,51,8,-1,-1,-1,-1,8,-1,0,5
2024161518320,2024,161518320,2,9,0,-1,3,8,4,-1,0,1,0,99,0,0,1,1,-1,6,3,-1,-1,-1,-1,-1,-1,-1,-1,0,-1
2024010543528,2024,010543528,2,1,9,99,99,9,9,99,99,9,9,99,9,99,2,1,1,1,2,39,7,-1,-1,-1,-1,6,E01003071,0,1
2024131452143,2024,131452143,2,-1,0,-1,19,3,7,-1,0,8,0,0,0,0,3,1,-1,9,1,16,4,-1,-1,-1,-1,1,E01010965,1,1
2024531402095,2024,531402095,1,9,0,-1,7,1,3,-1,0,0,0,0,0,0,3,1,-1,9,2,74,10,-1,-1,-1,-1,6,E01022262,0,3
2024010540475,2024,010540475,1,1,9,99,99,9,9,99,99,9,9,99,9,99,9,1,1,1,1,49,8,-1,-1,-1,-1,7,E01000887,0,1
2024010490881,2024,010490881,2,98,0,99,99,9,9,99,99,9,9,99,9,99,1,9,6,6,3,-1,-1,-1,-1,-1,-1,-1,-1,0,-1
2024361510831,2024,361510831,1,9,0,-1,19,2,4,-1,0,1,0,0,0,0,1,1,-1,6,1,51,8,-1,-1,-1,-1,6,E01026797,0,1
2024010525921,2024,010525921,1,1,9,99,99,9,9,99,99,9,9,99,9,99,9,1,2,2,1,36,7,-1,-1,-1,-1,3,E01004125,0,2
2024332400761,2024,332400761,1,9,0,-1,19,2,6,-1,0,8,0,0,0,0,4,1,-1,2,1,47,8,-1,-1,-1,-1,3,E01013659,0,1
2024421417105,2024,421417105,1,22,0,-1,19,3,7,-1,0,6,0,0,0,0,1,1,-1,6,2,81,11,-1,-1,-1,-1,5,E01021518,0,1
2024440174238,2024,440174238,2,-1,0,18,19,2,6,0,0,1,0,0,0,0,1,1,6,6,1,18,4,-1,-1,-1,-1,3,E01022552,1,1
2024552400500,2024,552400500,2,99,0,7,7,6,7,0,0,5,0,0,0,0,4,1,6,6,3,-1,-1,-1,-1,-1,-1,-1,-1,0,-1
2024520001473,2024,520001473,1,1,0,18,19,1,5,0,0,8,0,0,0,0,9,1,6,6,1,45,7,-1,-1,-1,-1,6,E01014471,0,1
2024201437841,2024,201437841,2,9,0,-1,4,3,7,-1,0,0,0,0,0,0,2,1,-1,9,2,37,7,-1,-1,-1,-1,3,E01002770,0,5
2024010496150,2024,010496150,4,9,0,4,4,3,7,0,0,0,0,0,0,0,0,1,6,6,1,30,6,-1,-1,-1,-1,6,E01003675,0,1
2024543267324,2024,543267324,1,19,0,12,12,7,4,0,0,3,0,0,0,0,3,1,6,6,3,-1,-1,-1,-1,-1,-1,-1,-1,0,-1
2024061454750,2024,061454750,1,9,0,-1,19,5,5,-1,0,0,0,0,0,0,1,1,-1,6,1,-1,-1,-1,-1,-1,-1,-1,-1,0,-1