collision_index,collision_year,collision_ref_no,vehicle_reference,vehicle_type,towing_and_articulation,vehicle_manoeuvre_historic,vehicle_manoeuvre,vehicle_direction_from,vehicle_direction_to,vehicle_location_restricted_lane_historic,vehicle_location_restricted_lane,junction_location,skidding_and_overturning,hit_object_in_carriageway,vehicle_leaving_carriageway,hit_object_off_carriageway,first_point_of_impact,vehicle_left_hand_drive,journey_purpose_of_driver_historic,journey_purpose_of_driver,sex_of_driver,age_of_driver,age_band_of_driver,engine_capacity_cc,propulsion_code,age_of_vehicle,generic_make_model,driver_imd_decile,lsoa_of_driver,escooter_flag,driver_distance_banding
2024052402441,2024,052402441,1,1,0,18,19,1,5,0,0,0,0,0,0,0,1,1,6,6,1,-1,-1,-1,-1,-1,-1,-1,-1,0,-1
2024622400409,2024,622400409,1,9,0,18,19,6,2,0,0,0,0,0,0,0,1,1,6,6,1,39,7,-1,-1,-1,-1,4,W01001218,0,3
2024461446746,2024,461446746,1,9,0,-1,19,4,8,-1,0,0,0,0,0,0,4,2,-1,6,1,23,5,-1,-1,-1,-1,6,E01024064,0,1
2024440365806,2024,440365806,2,8,0,18,19,6,2,0,0,8,0,0,0,0,1,1,1,1,1,43,7,-1,-1,-1,-1,3,E01017111,0,1
2024361439758,2024,361439758,1,9,0,-1,19,2,6,-1,0,0,0,0,0,0,-1,1,-1,6,3,16,4,-1,-1,-1,-1,-1,-1,0,-1
2024311500909,2024,311500909,2,-1,0,-1,19,4,8,-1,0,6,0,0,0,0,1,1,-1,9,2,13,3,-1,-1,-1,-1,-1,-1,1,-1
2024430404086,2024,430404086,1,9,0,4,4,3,7,0,0,4,0,0,0,0,2,1,6,6,2,40,7,-1,-1,-1,-1,-1,-1,0,-1
2024201398895,2024,201398895,1,9,0,-1,19,1,5,-1,0,0,0,0,0,0,1,9,-1,6,3,16,4,-1,-1,-1,-1,-1,-1,0,-1
2024010491994,2024,010491994,2,9,0,18,19,5,1,0,0,1,0,0,0,0,9,1,6,6,3,-1,-1,-1,-1,-1,-1,-1,-1,0,-1
2024430608010,2024,430608010,1,23,0,18,19,-1,-1,0,0,4,0,0,0,0,4,1,6,6,1,20,4,-1,-1,-1,-1,7,E01023544,0,4
2024546257724,2024,546257724,1,9,0,18,19,4,8,0,0,0,1,0,4,6,3,1,6,6,1,45,7,-1,-1,-1,-1,8,E01013990,0,4
2024070935903,2024,070935903,2,1,0,-1,19,5,1,-1,0,8,0,0,0,0,4,1,-1,6,1,15,3,-1,-1,-1,-1,3,E01018552,0,2
2024101535590,2024,101535590,1,1,0,-1,19,2,6,-1,9,2,2,99,0,0,1,1,-1,6,3,-1,-1,-1,-1,-1,-1,-1,-1,0,-1
2024131403337,2024,131403337,1,1,0,-1,13,4,4,-1,0,1,0,0,0,0,4,1,-1,6,1,17,4,-1,-1,-1,-1,2,E01011914,0,1
2024010531717,2024,010531717,1,1,9,99,99,9,9,99,99,9,9,99,9,99,9,1,2,2,2,33,6,-1,-1,-1,-1,-1,-1,0,-1
2024401450116,2024,401450116,3,-1,0,-1,19,-1,-1,-1,0,3,9,0,0,0,0,9,-1,6,3,-1,-1,-1,-1,-1,-1,-1,-1,1,-1
2024052400908,2024,052400908,2,1,0,18,19,7,3,0,0,3,0,0,0,0,1,1,6,6,1,23,5,-1,-1,-1,-1,9,E01025039,0,4
2024010489688,2024,010489688,2,9,4,18,19,4,8,0,0,0,0,0,0,0,4,1,1,1,1,30,6,-1,-1,-1,-1,9,E01015941,0,2
2024010492954,2024,010492954,2,11,0,18,19,1,5,0,0,8,0,0,0,0,3,1,1,1,1,42,7,-1,-1,-1,-1,3,E01001629,0,2
2024311405104,2024,311405104,1,9,0,-1,9,1,4,-1,0,1,0,0,0,0,1,1,-1,6,1,77,11,-1,-1,-1,-1,2,E01028300,0,1
2024061474492,2024,061474492,1,90,0,-1,19,7,7,-1,0,0,0,0,0,0,1,1,-1,6,2,56,9,-1,-1,-1,-1,6,E01006271,0,1
2024430282845,2024,430282845,1,9,0,5,5,7,-1,0,0,3,0,0,0,0,1,1,6,6,2,53,8,-1,-1,-1,-1,6,E01031211,0,4
2024302401422,2024,302401422,3,9,0,4,4,6,2,0,0,0,0,0,0,0,0,1,6,6,3,-1,-1,-1,-1,-1,-1,5,E01019456,0,4
2024610001124,2024,610001124,2,23,0,18,19,2,6,0,0,0,2,0,0,0,3,1,6,6,1,20,4,-1,-1,-1,-1,6,W01001683,0,1
2024161506630,2024,161506630,2,9,0,-1,19,3,7,-1,0,0,1,0,1,0,3,1,-1,9,1,48,8,-1,-1,-1,-1,8,E01013005,0,1
2024302401387,2024,302401387,2,-1,0,18,19,6,2,0,0,8,0,0,0,0,1,1,6,6,1,13,3,-1,-1,-1,-1,-1,-1,1,-1
2024010496891,2024,010496891,1,1,9,99,99,9,9,99,99,9,9,99,9,99,1,1,2,2,1,52,8,-1,-1,-1,-1,10,E01003835,0,1
2024411531249,2024,411531249,2,1,0,-1,-1,-1,-1,-1,-1,-1,-1,-1,-1,0,-1,1,-1,6,1,14,3,-1,-1,-1,-1,7,E01023360,0,1
2024010520906,2024,010520906,1,9,0,15,15,5,1,0,0,5,0,7,1,0,1,1,6,6,1,22,5,-1,-1,-1,-1,1,E01001429,0,1
2024010539817,2024,010539817,2,9,9,9,9,9,9,99,99,5,9,99,9,99,9,9,6,6,3,-1,-1,-1,-1,-1,-1,-1,-1,0,-1
2024010496266,2024,010496266,1,3,0,99,99,9,9,99,99,9,9,99,9,99,2,1,1,1,2,33,6,-1,-1,-1,-1,2,E01001579,0,1
2024461454262,2024,461454262,1,9,0,-1,9,3,7,-1,0,1,0,0,0,0,4,9,-1,6,3,-1,-1,-1,-1,-1,-1,-1,-1,0,-1
2024311523534,2024,311523534,1,23,0,-1,-1,-1,-1,-1,-1,0,-1,-1,-1,0,-1,1,-1,6,3,-1,-1,-1,-1,-1,-1,-1,-1,0,-1
2024340WN1762,2024,340WN1762,2,9,0,-1,19,1,5,-1,0,1,0,0,0,0,3,1,-1,6,3,-1,-1,-1,-1,-1,-1,-1,-1,0,-1
2024332401150,2024,332401150,1,19,0,-1,4,5,1,-1,0,3,0,0,0,0,2,1,-1,2,2,54,8,-1,-1,-1,-1,7,E01013615,0,2
2024461419112,2024,461419112,1,9,0,-1,19,7,3,-1,0,0,5,0,1,0,4,2,-1,6,1,20,4,-1,-1,-1,-1,4,E01024032,0,1
2024471461634,2024,471461634,2,9,0,-1,19,5,1,-1,0,0,0,0,0,0,3,1,-1,9,2,53,8,-1,-1,-1,-1,8,E01024484,0,4
2024010521323,2024,010521323,2,1,9,99,99,9,9,99,99,1,9,99,9,99,9,1,2,2,1,24,5,-1,-1,-1,-1,2,E01001940,0,1
2024010498621,2024,010498621,1,9,0,18,19,1,5,0,0,0,0,0,0,0,1,1,6,6,3,-1,-1,-1,-1,-1,-1,-1,-1,0,-1
2024161434261,2024,161434261,2,90,0,-1,19,5,1,-1,0,0,0,0,0,0,1,9,-1,1,3,-1,-1,-1,-1,-1,-1,-1,-1,0,-1
2024010523142,2024,010523142,1,1,9,99,99,9,9,99,99,9,9,99,9,99,1,1,6,6,1,27,6,-1,-1,-1,-1,7,E01004518,0,2
2024351417975,2024,351417975,2,1,0,-1,19,7,7,-1,0,0,2,0,1,0,2,1,-1,9,2,63,9,-1,-1,-1,-1,10,E01018141,0,1
2024451495057,2024,451495057,1,1,0,-1,5,5,1,-1,0,0,5,0,0,0,0,1,-1,2,1,44,7,-1,-1,-1,-1,9,E01030635,0,2
2024430437444,2024,430437444,1,1,0,3,3,2,6,0,0,0,0,0,0,0,2,1,4,7,1,15,3,-1,-1,-1,-1,10,E01016622,0,1
2024111454833,2024,111454833,1,11,0,-1,2,5,1,-1,0,8,0,0,0,0,0,1,-1,1,3,30,6,-1,-1,-1,-1,-1,-1,0,-1
2024211427332,2024,211427332,1,1,0,-1,19,6,1,-1,0,4,2,0,8,0,1,1,-1,9,1,49,8,-1,-1,-1,-1,8,E01029460,0,1
2024010522314,2024,010522314,2,1,0,18,19,1,5,0,0,1,5,0,0,0,4,1,6,6,2,26,6,-1,-1,-1,-1,7,E01004534,0,1
2024010496561,2024,010496561,1,9,0,99,99,9,9,99,99,9,9,99,9,99,2,9,6,6,2,46,8,-1,-1,-1,-1,7,E01001585,0,1
2024311460946,2024,311460946,1,1,0,-1,19,2,6,-1,0,1,0,0,0,0,1,1,-1,6,1,27,6,-1,-1,-1,-1,3,E01028212,0,1
2024010492923,2024,010492923,3,9,0,18,19,7,3,0,0,0,0,0,0,0,1,1,6,6,2,39,7,-1,-1,-1,-1,10,E01030542,0,2
2024010492645,2024,010492645,1,3,0,18,19,5,1,0,0,1,0,0,1,0,3,1,6,6,1,27,6,-1,-1,-1,-1,4,E01000780,0,1
2024010488427,2024,010488427,1,9,0,9,9,8,5,0,0,1,0,0,0,0,1,1,6,6,1,76,11,-1,-1,-1,-1,2,E01002686,0,1
2024070037417,2024,070037417,2,9,0,4,4,5,1,0,0,1,0,0,0,0,1,1,6,6,2,54,8,-1,-1,-1,-1,10,E01018350,0,1
2024010515508,2024,010515508,1,1,0,18,19,7,3,0,0,4,0,0,0,0,1,1,6,6,1,51,8,-1,-1,-1,-1,5,E01000417,0,1
2024101512131,2024,101512131,2,9,0,-1,4,4,8,-1,0,1,0,0,0,0,2,1,-1,2,1,48,8,-1,-1,-1,-1,5,E01027368,0,2
2024201466470,2024,201466470,1,4,0,-1,5,2,6,-1,0,6,0,0,0,0,1,1,-1,9,1,25,5,-1,-1,-1,-1,1,E01009410,0,1
2024320277653,2024,320277653,2,4,0,-1,-1,1,5,0,0,8,0,0,0,0,1,1,-1,-1,1,53,8,-1,-1,-1,-1,-1,-1,0,-1
2024548056524,2024,548056524,1,5,0,18,19,1,5,0,0,0,1,0,0,0,1,1,1,1,1,27,6,-1,-1,-1,-1,4,E01031980,0,2
2024471483942,2024,471483942,1,9,0,-1,19,8,4,-1,0,2,0,0,1,4,1,1,-1,2,1,36,7,-1,-1,-1,-1,7,E01024026,0,2
2024010492405,2024,010492405,2,9,0,99,99,9,9,99,99,9,9,99,9,99,9,9,6,6,3,-1,-1,-1,-1,-1,-1,-1,-1,0,-1
2024010522383,2024,010522383,3,9,0,13,13,7,3,0,0,2,0,0,0,0,1,1,6,6,3,-1,-1,-1,-1,-1,-1,-1,-1,0,-1
2024531397097,2024,531397097,1,9,0,-1,9,5,3,-1,0,8,0,0,0,0,1,9,-1,6,1,77,11,-1,-1,-1,-1,5,E01022296,0,1
2024401454241,2024,401454241,2,1,0,-1,19,7,3,-1,0,0,0,0,0,0,3,1,-1,6,1,15,3,-1,-1,-1,-1,3,E01015765,0,1
2024010489996,2024,010489996,1,3,0,99,99,9,9,99,99,9,9,99,9,99,1,1,6,6,1,39,7,-1,-1,-1,-1,3,E01003097,0,2
2024471516441,2024,471516441,1,19,0,-1,19,1,5,-1,0,1,0,0,0,0,1,1,-1,9,1,46,8,-1,-1,-1,-1,5,E01031818,0,1
2024141520684,2024,141520684,2,9,0,-1,19,7,3,-1,0,0,0,0,0,0,1,9,-1,6,1,-1,-1,-1,-1,-1,-1,-1,-1,0,-1
2024471430132,2024,471430132,2,11,0,-1,2,0,0,-1,2,0,0,0,0,0,2,2,-1,7,1,67,10,-1,-1,-1,-1,-1,-1,0,-1
2024161400942,2024,161400942,2,90,0,-1,19,6,2,-1,0,1,0,0,0,0,1,1,-1,6,1,43,7,-1,-1,-1,-1,6,E01013048,0,2
2024061488561,2024,061488561,1,1,0,-1,19,-1,-1,-1,0,9,0,99,0,0,1,1,-1,9,2,18,4,-1,-1,-1,-1,7,E01005783,0,1
2024010497725,2024,010497725,1,1,9,99,99,9,9,99,99,9,9,99,9,99,2,1,1,1,1,19,4,-1,-1,-1,-1,2,E01001152,0,1
2024211515894,2024,211515894,1,1,0,-1,19,1,1,-1,0,2,5,0,0,0,3,1,-1,6,1,42,7,-1,-1,-1,-1,6,E01014324,0,1
2024010539507,2024,010539507,2,9,0,99,99,9,9,99,99,9,9,99,9,99,1,9,6,6,3,-1,-1,-1,-1,-1,-1,-1,-1,0,-1
2024401437842,2024,401437842,1,90,0,-1,11,4,8,-1,0,4,0,0,0,0,4,1,-1,6,1,43,7,-1,-1,-1,-1,6,E01021855,0,4
2024351468712,2024,351468712,2,98,0,-1,19,5,1,-1,-1,2,2,0,0,0,1,2,-1,1,1,60,9,-1,-1,-1,-1,-1,-1,0,-1
2024547389924,2024,547389924,2,9,0,10,10,2,8,0,0,1,0,0,0,0,2,1,6,6,1,35,6,-1,-1,-1,-1,6,E01032692,0,1
2024010515256,2024,010515256,2,1,0,15,15,3,7,0,0,0,0,0,0,0,1,1,6,6,2,49,8,-1,-1,-1,-1,2,E01003995,0,1
2024041510147,2024,041510147,1,9,0,-1,19,1,5,-1,0,1,1,0,0,0,1,1,-1,6,1,37,7,-1,-1,-1,-1,2,E01012591,0,1
2024501396842,2024,501396842,3,9,0,-1,8,7,3,-1,0,8,0,0,0,0,2,9,-1,6,1,25,5,-1,-1,-1,-1,3,E01015228,0,3
2024332401189,2024,332401189,2,9,0,-1,19,7,3,-1,0,4,0,0,0,0,1,1,-1,6,3,-1,-1,-1,-1,-1,-1,-1,-1,0,-1
2024010545878,2024,010545878,1,9,0,18,19,7,3,0,0,5,0,0,0,0,1,1,6,6,3,-1,-1,-1,-1,-1,-1,-1,-1,0,-1
2024430369216,2024,430369216,2,1,0,18,19,1,5,0,0,0,0,0,0,0,1,1,6,6,2,25,5,-1,-1,-1,-1,6,E01028551,0,1
2024010486915,2024,010486915,2,9,0,18,19,1,5,0,0,4,0,0,0,0,3,1,6,6,1,30,6,-1,-1,-1,-1,3,E01003625,0,1
2024010494774,2024,010494774,2,9,0,2,2,0,0,0,0,1,0,0,0,0,1,1,6,6,3,-1,-1,-1,-1,-1,-1,-1,-1,0,-1
2024061448465,2024,061448465,2,1,0,-1,19,7,4,-1,0,2,0,0,0,0,1,1,-1,9,1,14,3,-1,-1,-1,-1,2,E01006307,0,1
2024010487665,2024,010487665,1,9,0,5,5,1,5,0,0,1,0,0,1,11,1,2,6,6,2,34,6,-1,-1,-1,-1,2,E01003046,0,2
2024131478956,2024,131478956,2,1,0,-1,19,1,5,-1,0,1,0,0,0,0,1,1,-1,9,1,20,4,-1,-1,-1,-1,1,E01010941,0,1
2024061474855,2024,061474855,1,9,0,-1,99,-1,-1,-1,0,9,0,99,0,0,9,1,-1,6,3,-1,-1,-1,-1,-1,-1,-1,-1,0,-1
2024010516304,2024,010516304,1,9,0,4,4,1,5,0,0,2,0,8,0,0,4,2,6,6,1,48,8,-1,-1,-1,-1,-1,-1,0,-1
2024101412091,2024,101412091,2,9,0,-1,19,4,2,-1,0,1,0,0,0,0,2,9,-1,6,3,40,7,-1,-1,-1,-1,-1,-1,0,-1
2024302400023,2024,302400023,2,9,0,5,5,4,8,0,0,4,0,0,0,0,3,1,6,6,1,-1,-1,-1,-1,-1,-1,3,E01007879,0,3
2024010544323,2024,010544323,1,1,9,99,99,9,9,99,99,9,9,99,9,99,2,1,2,2,2,44,7,-1,-1,-1,-1,5,E01035486,0,1
2024131400825,2024,131400825,1,9,0,-1,19,3,7,-1,0,8,0,0,0,0,1,1,-1,9,2,69,10,-1,-1,-1,-1,7,E01011849,0,3
2024451458826,2024,451458826,1,21,0,-1,4,5,4,-1,0,0,0,0,0,0,3,1,-1,1,2,23,5,-1,-1,-1,-1,10,E01030604,0,4
2024401486704,2024,401486704,1,9,0,-1,19,5,1,-1,0,0,1,0,0,0,1,1,-1,6,1,35,6,-1,-1,-1,-1,7,E01017420,0,1
2024340NN0942,2024,340NN0942,2,9,0,-1,13,5,1,-1,0,2,0,0,0,0,3,1,-1,6,2,60,9,-1,-1,-1,-1,3,E01027104,0,1
2024211486269,2024,211486269,2,1,0,-1,19,6,2,-1,0,3,0,0,0,0,2,1,-1,2,1,59,9,-1,-1,-1,-1,9,E01029736,0,1
2024122500023,2024,122500023,1,9,0,9,9,4,8,0,0,5,0,0,0,0,2,1,6,6,1,74,10,-1,-1,-1,-1,7,E01012351,0,3
2024141396961,2024,141396961,2,9,0,-1,19,4,6,-1,0,3,0,0,0,0,1,1,-1,9,1,19,4,-1,-1,-1,-1,1,E01008018,0,1
2024122500340,2024,122500340,4,9,0,4,4,3,7,0,0,0,0,0,0,0,2,1,6,6,1,-1,-1,-1,-1,-1,-1,6,E01026100,0,5
2024471528613,2024,471528613,2,1,0,-1,19,2,6,-1,0,1,5,0,0,0,1,1,-1,2,1,48,8,-1,-1,-1,-1,3,E01016922,0,1
2024010491311,2024,010491311,2,9,9,99,99,9,9,0,0,9,9,99,9,99,9,9,6,6,1,44,7,-1,-1,-1,-1,6,E01020539,0,5
2024522403420,2024,522403420,1,1,0,18,19,2,6,0,0,8,0,0,0,0,1,1,6,6,1,45,7,-1,-1,-1,-1,8,E01014721,0,1
2024520000099,2024,520000099,2,9,0,18,19,3,7,0,0,0,0,0,0,0,1,1,6,6,3,-1,-1,-1,-1,-1,-1,-1,-1,0,-1
2024440473142,2024,440473142,2,19,0,4,4,4,8,0,0,1,0,0,0,0,1,1,6,6,1,-1,-1,-1,-1,-1,-1,-1,-1,0,-1
2024340WN0392,2024,340WN0392,1,9,0,-1,19,3,7,-1,0,1,0,10,7,11,1,1,-1,6,1,22,5,-1,-1,-1,-1,10,E01027298,0,3
2024101499543,2024,101499543,1,9,0,-1,19,4,8,-1,0,0,0,0,0,0,1,9,-1,6,3,-1,-1,-1,-1,-1,-1,-1,-1,0,-1
2024451523833,2024,451523833,2,1,0,-1,7,1,2,-1,0,1,2,0,0,0,1,1,-1,9,1,51,8,-1,-1,-1,-1,7,E01003001,0,3
2024631394972,2024,631394972,1,9,0,-1,19,7,3,-1,0,0,2,0,8,10,1,1,-1,2,2,52,8,-1,-1,-1,-1,6,W01000471,0,3
2024052400433,2024,052400433,2,1,0,16,19,7,3,0,0,3,0,0,0,0,4,1,6,6,1,49,8,-1,-1,-1,-1,1,E01007175,0,1
2024461519336,2024,461519336,1,9,0,-1,5,5,7,-1,0,6,0,0,0,0,1,9,-1,6,3,-1,-1,-1,-1,-1,-1,-1,-1,0,-1
2024010546979,2024,010546979,3,23,0,18,19,7,3,0,0,8,0,0,0,0,1,1,6,6,1,24,5,-1,-1,-1,-1,8,E01000118,0,1
2024501535425,2024,501535425,1,1,0,-1,5,3,1,-1,0,8,5,0,0,0,3,1,-1,6,1,24,5,-1,-1,-1,-1,2,E01020014,0,1
2024010537390,2024,010537390,2,9,0,99,99,9,9,99,99,9,9,99,9,99,2,9,6,6,3,-1,-1,-1,-1,-1,-1,-1,-1,0,-1
2024131414736,2024,131414736,2,90,0,-1,19,4,8,-1,0,8,0,0,0,0,3,1,-1,6,1,60,9,-1,-1,-1,-1,6,E01035050,0,2
2024010496099,2024,010496099,1,9,0,18,19,5,1,0,0,1,2,9,2,4,1,1,6,6,1,34,6,-1,-1,-1,-1,2,E01002087,0,4
2024531458905,2024,531458905,3,9,0,-1,19,7,3,-1,0,0,0,0,1,0,3,1,-1,1,1,34,6,-1,-1,-1,-1,6,E01034777,0,4
2024010550461,2024,010550461,2,9,0,18,19,7,3,0,0,8,0,0,0,0,1,1,6,6,3,-1,-1,-1,-1,-1,-1,-1,-1,0,-1
2024201499144,2024,201499144,2,1,0,-1,19,3,7,-1,0,1,0,0,0,0,2,1,-1,6,1,33,6,-1,-1,-1,-1,2,E01010476,0,1
2024052400552,2024,052400552,1,9,0,5,5,7,3,0,0,0,0,0,0,0,1,1,6,6,3,-1,-1,-1,-1,-1,-1,-1,-1,0,-1
2024421457079,2024,421457079,2,-1,0,-1,19,5,2,-1,0,8,0,0,0,0,4,1,-1,6,2,47,8,-1,-1,-1,-1,5,E01021651,1,1
2024991427153,2024,991427153,3,1,0,-1,19,8,4,-1,0,1,0,0,0,0,2,1,-1,2,2,65,9,-1,-1,-1,-1,9,-1,0,1
2024401502471,2024,401502471,1,9,0,-1,4,7,3,-1,0,0,0,0,0,0,2,1,-1,9,1,41,7,-1,-1,-1,-1,4,E01017581,0,2
2024411530593,2024,411530593,1,9,0,-1,19,1,5,-1,0,0,1,0,0,0,1,1,-1,9,1,63,9,-1,-1,-1,-1,7,E01023531,0,3
2024071031097,2024,071031097,1,19,0,-1,1,5,1,-1,0,0,0,0,0,0,3,1,-1,1,1,63,9,-1,-1,-1,-1,4,E01018712,0,1
2024010555031,2024,010555031,2,1,9,18,19,1,5,99,99,9,9,0,9,0,9,1,6,6,1,46,8,-1,-1,-1,-1,3,E01004467,0,1
2024010516358,2024,010516358,2,23,0,9,9,5,3,0,0,5,0,0,7,0,1,1,6,6,1,28,6,-1,-1,-1,-1,2,E01001161,0,1
2024991413097,2024,991413097,3,9,0,-1,19,2,6,-1,0,8,0,0,0,0,3,1,-1,1,1,39,7,-1,-1,-1,-1,6,-1,0,4
2024430342145,2024,430342145,2,1,0,9,9,7,5,0,0,8,0,0,0,0,3,1,2,2,2,25,5,-1,-1,-1,-1,4,E01028532,0,1
2024302400065,2024,302400065,3,9,0,9,9,1,7,0,0,5,0,0,0,0,0,1,6,6,3,-1,-1,-1,-1,-1,-1,5,E01019456,0,4
2024010494208,2024,010494208,1,9,0,9,9,6,3,0,0,6,0,0,0,0,3,1,6,6,3,20,4,-1,-1,-1,-1,6,E01004109,0,2
2024471394949,2024,471394949,1,9,0,-1,-1,5,1,-1,-1,8,1,0,0,0,3,1,-1,-1,1,20,4,-1,-1,-1,-1,4,E01030816,0,1
2024131420290,2024,131420290,2,1,0,-1,19,7,3,-1,0,1,0,0,0,0,1,1,-1,2,1,63,9,-1,-1,-1,-1,5,E01011534,0,1
2024340WN1432,2024,340WN1432,1,9,0,-1,19,1,5,-1,0,2,0,0,0,0,1,1,-1,6,3,-1,-1,-1,-1,-1,-1,-1,-1,0,-1
2024421471447,2024,421471447,1,1,0,-1,19,-1,-1,-1,0,0,-1,-1,-1,0,-1,1,-1,6,1,-1,-1,-1,-1,-1,-1,-1,-1,0,-1
2024421488666,2024,421488666,2,9,0,-1,19,1,5,-1,0,0,5,10,7,0,3,1,-1,9,1,20,4,-1,-1,-1,-1,5,E01021489,0,1
2024340WN1522,2024,340WN1522,1,9,0,-1,5,6,2,-1,0,1,0,0,1,0,1,1,-1,1,1,36,7,-1,-1,-1,-1,7,E01027219,0,1
202460Q025289,2024,60Q025289,1,1,0,18,19,2,6,0,0,2,5,11,0,0,1,1,6,6,1,77,11,-1,-1,-1,-1,-1,-1,0,-1
2024461511227,2024,461511227,2,9,0,-1,8,1,5,-1,0,1,0,0,0,0,2,9,-1,9,2,36,7,-1,-1,-1,-1,7,E01024380,0,1
2024010528572,2024,010528572,2,1,0,18,19,3,7,3,2,0,0,4,0,0,1,1,2,2,2,25,5,-1,-1,-1,-1,5,E01003083,0,3
2024070342475,2024,070342475,2,9,0,17,19,1,5,9,9,1,0,0,1,0,1,1,6,6,1,54,8,-1,-1,-1,-1,9,E01018431,0,1
2024411417076,2024,411417076,2,1,0,-1,19,-1,-1,-1,0,8,2,0,0,0,4,1,-1,6,1,15,3,-1,-1,-1,-1,6,E01023344,0,1
2024010491960,2024,010491960,1,9,0,18,19,8,4,0,0,0,0,0,0,0,1,1,6,6,3,-1,-1,-1,-1,-1,-1,-1,-1,0,-1
2024041433556,2024,041433556,2,1,0,-1,19,6,2,-1,0,0,0,0,0,0,1,1,-1,9,1,15,3,-1,-1,-1,-1,2,E01025075,0,4
2024101416108,2024,101416108,1,9,0,-1,19,2,6,-1,0,8,0,0,0,0,1,1,-1,6,2,19,4,-1,-1,-1,-1,3,E01008222,0,1
2024010508248,2024,010508248,1,1,9,99,99,9,9,99,99,9,9,99,9,99,1,1,2,2,1,31,6,-1,-1,-1,-1,6,E01001852,0,1
2024430209262,2024,430209262,2,5,0,18,19,4,8,0,0,0,0,0,0,0,1,1,6,6,1,35,6,-1,-1,-1,-1,3,E01016729,0,1
2024141484569,2024,141484569,1,9,0,-1,9,2,8,-1,0,5,0,0,0,0,3,1,-1,2,1,39,7,-1,-1,-1,-1,2,E01028026,0,3
2024101464204,2024,101464204,1,9,0,-1,7,3,5,-1,0,8,0,0,0,0,1,1,-1,6,1,-1,-1,-1,-1,-1,-1,-1,-1,0,-1
2024010505796,2024,010505796,1,9,0,18,19,4,8,0,0,1,0,0,0,0,1,1,6,6,3,-1,-1,-1,-1,-1,-1,-1,-1,0,-1
2024010534955,2024,010534955,2,9,0,9,9,7,4,0,0,8,0,0,0,0,1,1,6,6,3,-1,-1,-1,-1,-1,-1,-1,-1,0,-1
2024610001024,2024,610001024,1,9,0,18,19,2,6,0,0,8,0,0,0,0,1,1,6,6,2,17,4,-1,-1,-1,-1,6,W01001416,0,1
2024351526525,2024,351526525,2,1,-1,-1,-1,-1,-1,-1,-1,-1,-1,-1,-1,0,-1,1,-1,2,2,32,6,-1,-1,-1,-1,9,E01018008,0,1
2024010493459,2024,010493459,2,19,0,3,3,3,7,0,0,1,0,0,0,0,2,1,1,1,1,51,8,-1,-1,-1,-1,4,E01002402,0,3
2024221484552,2024,221484552,1,19,4,-1,4,2,6,-1,0,8,0,0,0,0,2,1,-1,6,1,46,8,-1,-1,-1,-1,8,E01028861,0,3
2024010501331,2024,010501331,2,1,0,99,99,9,9,0,0,8,0,0,0,0,1,1,2,2,1,32,6,-1,-1,-1,-1,3,E01004365,0,3
2024351484938,2024,351484938,2,-1,-1,-1,-1,-1,-1,-1,-1,-1,-1,-1,-1,0,-1,1,-1,6,1,16,4,-1,-1,-1,-1,8,E01018221,1,1
2024010542037,2024,010542037,1,9,0,18,19,8,4,0,0,0,1,0,0,0,1,1,6,6,3,-1,-1,-1,-1,-1,-1,-1,-1,0,-1
2024131445052,2024,131445052,2,1,0,-1,19,7,3,-1,4,1,0,0,0,0,1,1,-1,6,1,26,6,-1,-1,-1,-1,8,E01011929,0,1
2024131432607,2024,131432607,2,1,0,-1,19,1,5,-1,0,0,0,0,0,0,2,1,-1,6,1,15,3,-1,-1,-1,-1,1,E01010632,0,1
2024010522434,2024,010522434,1,1,9,99,99,9,9,99,99,9,9,99,9,99,9,1,6,6,1,39,7,-1,-1,-1,-1,10,E01000666,0,2
2024320164391,2024,320164391,2,1,0,-1,-1,8,4,0,0,0,0,0,0,0,1,1,-1,-1,1,36,7,-1,-1,-1,-1,6,E01026159,0,1
2024991427334,2024,991427334,1,9,0,-1,19,6,2,-1,0,0,0,0,0,0,1,1,-1,9,1,59,9,-1,-1,-1,-1,-1,-1,0,-1
2024010491413,2024,010491413,2,9,9,5,5,7,3,99,99,9,9,99,9,99,9,9,6,6,1,-1,-1,-1,-1,-1,-1,-1,-1,0,-1
2024201464705,2024,201464705,1,9,0,-1,19,1,5,-1,0,0,2,0,0,0,1,9,-1,6,3,-1,-1,-1,-1,-1,-1,-1,-1,0,-1
202460Q105901,2024,60Q105901,1,17,4,5,5,4,2,0,0,1,0,0,0,0,1,1,1,1,1,-1,-1,-1,-1,-1,-1,-1,-1,0,-1
2024401443244,2024,401443244,2,1,0,-1,19,2,6,-1,0,3,0,0,0,0,1,1,-1,2,1,27,6,-1,-1,-1,-1,4,E01033497,0,3
2024340WN5002,2024,340WN5002,1,21,1,-1,12,5,1,-1,0,0,0,0,0,0,3,1,-1,6,3,-1,-1,-1,-1,-1,-1,-1,-1,0,-1
2024010518680,2024,010518680,2,9,0,99,99,9,9,99,99,9,9,99,9,99,1,9,6,6,1,47,8,-1,-1,-1,-1,-1,-1,0,-1
2024010514074,2024,010514074,1,1,0,18,19,7,3,0,0,8,0,0,0,0,1,1,6,6,2,28,6,-1,-1,-1,-1,3,W01000999,0,5
2024141557331,2024,141557331,1,9,0,-1,19,4,7,-1,0,8,0,0,0,0,1,9,-1,6,3,-1,-1,-1,-1,-1,-1,-1,-1,0,-1
2024451491620,2024,451491620,1,1,0,-1,3,7,3,-1,0,0,0,10,1,0,1,1,-1,9,1,47,8,-1,-1,-1,-1,10,E01030607,0,3
2024131415629,2024,131415629,2,1,0,-1,19,8,4,-1,0,8,5,0,0,0,1,1,-1,6,1,27,6,-1,-1,-1,-1,9,E01011404,0,3
2024991470604,2024,991470604,2,1,0,-1,19,3,6,-1,9,0,0,0,0,0,3,1,-1,6,1,12,3,-1,-1,-1,-1,-1,-1,0,-1
2024010508918,2024,010508918,3,9,0,2,2,0,0,0,0,0,0,0,0,0,3,2,6,6,3,-1,-1,-1,-1,-1,-1,-1,-1,0,-1
2024010497877,2024,010497877,1,3,0,99,99,9,9,99,99,9,9,99,9,99,1,1,1,1,1,29,6,-1,-1,-1,-1,2,E01003159,0,2