collision_index,collision_year,collision_ref_no,vehicle_reference,vehicle_type,towing_and_articulation,vehicle_manoeuvre_historic,vehicle_manoeuvre,vehicle_direction_from,vehicle_direction_to,vehicle_location_restricted_lane_historic,vehicle_location_restricted_lane,junction_location,skidding_and_overturning,hit_object_in_carriageway,vehicle_leaving_carriageway,hit_object_off_carriageway,first_point_of_impact,vehicle_left_hand_drive,journey_purpose_of_driver_historic,journey_purpose_of_driver,sex_of_driver,age_of_driver,age_band_of_driver,engine_capacity_cc,propulsion_code,age_of_vehicle,generic_make_model,driver_imd_decile,lsoa_of_driver,escooter_flag,driver_distance_banding
2024010541372,2024,010541372,2,1,9,99,99,9,9,99,99,9,9,99,9,99,9,1,6,6,3,-1,-1,-1,-1,-1,-1,-1,-1,0,-1
2024471514281,2024,471514281,1,9,0,-1,19,3,7,-1,0,4,0,0,0,0,1,1,-1,2,1,64,9,-1,-1,-1,-1,4,E01031364,0,2
2024010517307,2024,010517307,1,9,9,99,99,9,9,0,0,9,0,99,0,0,9,9,6,6,3,-1,-1,-1,-1,-1,-1,-1,-1,0,-1
2024201441123,2024,201441123,2,9,0,-1,4,2,7,-1,0,1,0,0,0,0,2,9,-1,9,1,30,6,-1,-1,-1,-1,1,E01010450,0,1
2024430004425,2024,430004425,2,9,0,3,3,3,7,0,0,0,0,0,0,0,2,1,2,2,2,51,8,-1,-1,-1,-1,5,E01023806,0,3
2024010504745,2024,010504745,2,1,0,18,19,3,7,0,0,1,0,0,0,0,1,1,6,6,1,61,9,-1,-1,-1,-1,9,E01014668,0,5
2024010493672,2024,010493672,2,90,9,5,5,5,1,0,0,4,0,99,0,0,4,9,1,1,1,-1,-1,-1,-1,-1,-1,6,E01013302,0,5
2024010525419,2024,010525419,2,1,0,18,19,3,7,0,0,1,0,0,0,0,1,1,6,6,1,24,5,-1,-1,-1,-1,5,E01003123,0,1
2024101497266,2024,101497266,1,9,0,-1,19,3,7,-1,0,1,0,0,0,0,1,9,-1,6,3,30,6,-1,-1,-1,-1,-1,-1,0,-1
2024451454199,2024,451454199,1,1,0,-1,19,2,1,-1,0,0,0,0,0,0,3,1,-1,9,1,63,9,-1,-1,-1,-1,10,E01030903,0,1
2024010499392,2024,010499392,2,-1,0,18,19,3,7,0,0,1,0,0,0,0,1,1,2,2,1,18,4,-1,-1,-1,-1,4,E01004454,1,1
2024061490347,2024,061490347,1,9,0,-1,19,5,1,-1,0,0,0,0,0,0,0,1,-1,6,2,65,9,-1,-1,-1,-1,8,E01032485,0,4
2024010521512,2024,010521512,2,1,0,18,19,5,1,0,0,8,5,8,0,0,4,1,6,6,2,33,6,-1,-1,-1,-1,8,E01003460,0,1
2024131534951,2024,131534951,1,90,0,-1,19,7,3,-1,0,0,0,0,1,3,1,1,-1,6,1,16,4,-1,-1,-1,-1,1,E01011662,0,2
2024231537119,2024,231537119,2,16,0,-1,19,3,7,-1,0,0,0,0,0,0,3,1,-1,9,2,50,8,-1,-1,-1,-1,8,E01031252,0,1
2024430143418,2024,430143418,2,1,0,18,19,7,3,0,0,1,0,0,0,0,3,1,6,6,2,42,7,-1,-1,-1,-1,4,E01035745,0,1
2024061531929,2024,061531929,1,-1,0,-1,19,-1,-1,-1,9,0,0,0,0,0,3,1,-1,6,3,-1,-1,-1,-1,-1,-1,-1,-1,0,-1
2024991498644,2024,991498644,2,1,0,-1,19,8,4,-1,0,1,0,0,0,0,1,1,-1,9,1,25,5,-1,-1,-1,-1,2,-1,0,3
2024440288423,2024,440288423,1,9,0,7,7,8,2,0,0,6,0,0,0,0,1,1,6,6,1,-1,-1,-1,-1,-1,-1,10,E01023003,0,1
2024101402874,2024,101402874,2,1,0,-1,19,5,3,-1,0,3,0,0,0,0,4,1,-1,2,1,35,6,-1,-1,-1,-1,7,E01008464,0,1
2024501492525,2024,501492525,4,9,0,-1,2,0,0,-1,0,0,0,0,0,0,2,1,-1,6,-1,-1,-1,-1,-1,-1,-1,-1,-1,0,-1
2024430013499,2024,430013499,2,19,0,2,2,0,0,9,9,1,0,0,0,0,4,1,6,6,1,-1,-1,-1,-1,-1,-1,-1,-1,0,-1
2024052402392,2024,052402392,1,19,0,5,5,6,2,0,0,1,0,0,0,0,0,1,6,6,3,-1,-1,-1,-1,-1,-1,-1,-1,0,-1
2024010495477,2024,010495477,2,1,9,99,99,9,9,99,99,9,9,99,9,99,9,1,6,6,3,35,6,-1,-1,-1,-1,5,E01033325,0,1
2024201431841,2024,201431841,1,9,0,-1,3,2,6,-1,0,2,0,0,0,0,2,9,-1,6,1,58,9,-1,-1,-1,-1,6,E01010326,0,2
2024221471475,2024,221471475,2,1,0,-1,19,6,2,-1,0,0,0,0,0,0,3,1,-1,6,1,14,3,-1,-1,-1,-1,6,E01028878,0,1
2024351487662,2024,351487662,2,1,-1,-1,-1,-1,-1,-1,-1,0,-1,-1,-1,0,3,1,-1,6,2,20,4,-1,-1,-1,-1,9,E01035516,0,1
2024010505169,2024,010505169,1,1,9,99,99,9,9,99,99,9,9,99,9,99,9,1,2,2,2,53,8,-1,-1,-1,-1,5,E01001855,0,1
2024070603902,2024,070603902,2,90,0,18,19,4,8,0,0,8,0,0,0,0,1,1,1,1,1,23,5,-1,-1,-1,-1,3,E01018402,0,1
2024522402926,2024,522402926,2,9,0,11,11,8,4,0,0,0,0,0,0,0,4,1,6,6,3,-1,-1,-1,-1,-1,-1,-1,-1,0,-1
2024361460302,2024,361460302,2,9,3,-1,10,8,6,-1,0,8,0,0,0,0,3,1,-1,9,1,61,9,-1,-1,-1,-1,10,E01021570,0,4
2024440191815,2024,440191815,1,21,1,11,11,3,7,0,0,0,0,0,0,0,4,1,1,1,1,33,6,-1,-1,-1,-1,-1,-1,0,-1
2024041393742,2024,041393742,1,9,0,-1,19,1,5,-1,0,0,1,0,0,0,1,1,-1,9,1,36,7,-1,-1,-1,-1,2,E01005182,0,4
2024010501696,2024,010501696,1,8,0,99,99,9,9,99,99,0,9,99,9,99,2,1,6,6,3,53,8,-1,-1,-1,-1,6,E01004357,0,1
2024231457224,2024,231457224,1,21,1,-1,19,5,1,-1,0,0,0,0,1,4,1,1,-1,1,1,61,9,-1,-1,-1,-1,2,E01010038,0,4
2024122401290,2024,122401290,2,9,0,9,9,7,5,0,0,2,0,0,0,0,0,1,6,6,3,-1,-1,-1,-1,-1,-1,-1,-1,0,-1
2024010490018,2024,010490018,2,9,0,99,99,9,9,99,99,9,9,99,9,99,9,9,6,6,3,-1,-1,-1,-1,-1,-1,-1,-1,0,-1
2024131533103,2024,131533103,1,9,0,-1,-1,-1,-1,-1,-1,0,-1,-1,-1,-1,-1,1,-1,6,3,-1,-1,-1,-1,-1,-1,-1,-1,0,-1
2024211528405,2024,211528405,2,9,0,-1,19,3,7,-1,0,0,0,0,0,0,1,1,-1,6,-1,-1,-1,-1,-1,-1,-1,-1,-1,0,-1
2024201482423,2024,201482423,2,9,0,-1,6,5,8,-1,0,6,0,0,0,0,3,9,-1,6,1,63,9,-1,-1,-1,-1,1,E01009479,0,1
2024010496596,2024,010496596,1,9,0,18,19,1,5,0,0,8,0,0,0,0,0,1,2,2,1,41,7,-1,-1,-1,-1,7,E01002818,0,2
2024141513242,2024,141513242,2,9,0,-1,19,8,5,-1,0,2,0,0,0,0,1,9,-1,6,2,41,7,-1,-1,-1,-1,5,E01007424,0,2
2024461453101,2024,461453101,1,1,0,-1,19,1,5,-1,0,0,0,0,0,0,3,1,-1,9,2,30,6,-1,-1,-1,-1,-1,-1,0,-1
2024201434448,2024,201434448,1,9,0,-1,19,8,4,-1,0,1,0,0,0,0,1,9,-1,6,3,-1,-1,-1,-1,-1,-1,-1,-1,0,-1
2024041485563,2024,041485563,2,9,0,-1,2,1,5,-1,0,1,0,0,0,0,2,1,-1,6,-1,-1,-1,-1,-1,-1,-1,-1,-1,0,-1
2024101412786,2024,101412786,1,9,0,-1,9,1,7,-1,0,8,0,0,0,0,1,9,-1,6,3,-1,-1,-1,-1,-1,-1,-1,-1,0,-1
2024461501030,2024,461501030,2,1,0,-1,19,1,5,-1,4,0,0,0,0,0,1,1,-1,2,1,38,7,-1,-1,-1,-1,7,E01024839,0,1
2024131416892,2024,131416892,1,8,0,-1,-1,-1,-1,-1,-1,1,-1,-1,-1,0,-1,1,-1,6,3,-1,-1,-1,-1,-1,-1,-1,-1,0,-1
2024010524939,2024,010524939,2,1,0,9,9,5,2,9,9,2,5,0,0,0,4,1,6,6,1,28,6,-1,-1,-1,-1,7,E01004588,0,1
2024010539957,2024,010539957,1,1,0,18,19,1,5,0,0,0,0,0,0,0,2,1,6,6,1,44,7,-1,-1,-1,-1,2,E01033712,0,2
2024010514267,2024,010514267,1,1,9,18,19,9,9,99,99,0,9,99,9,99,2,1,6,6,2,22,5,-1,-1,-1,-1,-1,-1,0,-1
2024411404399,2024,411404399,2,9,0,-1,19,2,6,-1,0,0,0,0,0,0,1,9,-1,1,1,29,6,-1,-1,-1,-1,8,E01023916,0,3
2024010542762,2024,010542762,1,1,0,18,19,1,5,0,0,1,0,0,0,0,9,1,2,2,1,34,6,-1,-1,-1,-1,6,E01002141,0,1
2024010528309,2024,010528309,1,9,0,99,99,9,9,99,99,9,9,99,9,99,9,9,6,6,3,-1,-1,-1,-1,-1,-1,-1,-1,0,-1
2024211518819,2024,211518819,1,9,0,-1,19,6,2,-1,0,0,1,0,0,0,1,1,-1,1,1,57,9,-1,-1,-1,-1,-1,-1,0,-1
2024010487776,2024,010487776,2,1,0,18,19,8,4,0,0,8,0,0,0,0,1,1,2,2,1,37,7,-1,-1,-1,-1,2,E01002092,0,1
2024501452649,2024,501452649,1,9,0,-1,10,7,3,-1,9,6,0,0,0,0,1,1,-1,2,1,39,7,-1,-1,-1,-1,2,E01018841,0,3
2024201429625,2024,201429625,1,9,0,-1,11,6,2,-1,0,0,0,0,0,0,2,9,-1,6,1,-1,-1,-1,-1,-1,-1,-1,-1,0,-1
2024041521891,2024,041521891,1,9,0,-1,19,1,5,-1,0,0,0,0,0,0,1,1,-1,2,1,52,8,-1,-1,-1,-1,5,E01025235,0,1
2024161534335,2024,161534335,1,1,0,-1,9,7,5,-1,4,8,0,0,0,0,3,1,-1,6,1,-1,-1,-1,-1,-1,-1,4,E01012964,0,1
2024421474327,2024,421474327,2,1,0,-1,19,7,3,-1,0,0,0,0,0,0,2,1,-1,2,1,17,4,-1,-1,-1,-1,4,E01015884,0,1
2024411524952,2024,411524952,2,1,-1,-1,-1,-1,-1,-1,-1,-1,-1,-1,-1,0,-1,1,-1,6,1,37,7,-1,-1,-1,-1,8,E01023916,0,1
2024201434107,2024,201434107,1,9,0,-1,19,2,6,-1,0,8,0,0,0,0,1,1,-1,6,3,-1,-1,-1,-1,-1,-1,-1,-1,0,-1
2024101457053,2024,101457053,1,9,0,-1,7,2,4,-1,0,8,0,0,0,0,0,9,-1,6,1,45,7,-1,-1,-1,-1,-1,-1,0,-1
2024010488969,2024,010488969,2,9,9,99,99,9,9,99,99,9,9,99,9,99,9,9,6,6,2,30,6,-1,-1,-1,-1,10,E01004558,0,1
2024010543900,2024,010543900,1,9,0,99,99,9,9,99,99,9,9,99,9,99,9,9,6,6,3,-1,-1,-1,-1,-1,-1,-1,-1,0,-1
2024302400935,2024,302400935,1,9,0,17,19,1,5,0,0,0,0,4,0,0,1,1,6,6,2,73,10,-1,-1,-1,-1,8,E01019603,0,3
2024991485321,2024,991485321,1,9,0,-1,7,1,4,-1,0,5,0,0,0,0,4,9,-1,6,3,17,4,-1,-1,-1,-1,-1,-1,0,-1
2024991418442,2024,991418442,2,1,0,-1,3,8,6,-1,0,1,0,0,0,0,1,1,-1,6,1,29,6,-1,-1,-1,-1,5,-1,0,1
2024991439323,2024,991439323,1,17,0,-1,19,7,3,-1,0,8,0,0,0,0,0,1,-1,9,1,53,8,-1,-1,-1,-1,6,-1,0,3
2024061493642,2024,061493642,1,19,0,-1,19,3,6,-1,0,4,0,0,0,0,1,9,-1,6,1,-1,-1,-1,-1,-1,-1,-1,-1,0,-1
2024320239141,2024,320239141,1,9,0,7,7,8,2,9,9,6,0,0,0,0,1,1,6,6,3,-1,-1,-1,-1,-1,-1,-1,-1,0,-1
2024501404557,2024,501404557,3,9,0,-1,4,8,4,-1,0,0,0,0,0,0,2,1,-1,6,2,67,10,-1,-1,-1,-1,4,E01018922,0,2
2024010488291,2024,010488291,1,9,0,18,19,6,2,0,0,0,0,0,0,0,1,1,6,6,1,17,4,-1,-1,-1,-1,1,E01002095,0,1
2024010487676,2024,010487676,1,9,0,14,14,5,1,0,0,1,0,0,0,0,1,1,6,6,1,31,6,-1,-1,-1,-1,6,E01002006,0,2
2024010508387,2024,010508387,1,1,0,99,99,9,9,99,99,9,0,99,9,99,9,1,6,6,3,47,8,-1,-1,-1,-1,8,E01004075,0,2
2024070803994,2024,070803994,1,9,0,-1,19,3,7,-1,0,0,0,0,0,0,1,1,-1,9,1,41,7,-1,-1,-1,-1,5,E01034678,0,1
2024010491561,2024,010491561,1,8,0,99,99,9,9,0,0,0,0,0,0,0,4,9,6,6,3,-1,-1,-1,-1,-1,-1,-1,-1,0,-1
2024052400768,2024,052400768,2,1,0,18,19,6,2,0,0,0,0,0,0,0,1,1,2,2,1,22,5,-1,-1,-1,-1,2,E01006565,0,1
2024161403361,2024,161403361,3,9,0,-1,19,7,3,-1,0,0,0,0,0,0,2,1,-1,6,1,24,5,-1,-1,-1,-1,-1,-1,0,-1
2024471536026,2024,471536026,3,1,0,-1,19,5,1,-1,0,1,0,0,0,0,1,1,-1,6,1,14,3,-1,-1,-1,-1,7,E01016987,0,3
2024061535238,2024,061535238,2,1,0,-1,19,-1,-1,-1,0,9,0,0,0,0,1,1,-1,6,1,-1,-1,-1,-1,-1,-1,8,E01005862,0,2
2024501495478,2024,501495478,1,9,0,-1,19,2,6,-1,0,1,0,0,0,0,1,1,-1,6,1,-1,-1,-1,-1,-1,-1,-1,-1,0,-1
2024010489483,2024,010489483,1,9,0,99,99,9,9,99,99,9,9,99,9,99,2,9,6,6,1,42,7,-1,-1,-1,-1,9,E01003381,0,3
2024010503237,2024,010503237,1,9,0,18,19,1,5,0,0,2,0,10,0,0,3,1,1,1,1,56,9,-1,-1,-1,-1,6,E01035346,0,4
2024371507657,2024,371507657,2,20,1,-1,19,5,1,-1,0,0,0,0,0,0,1,1,-1,1,1,33,6,-1,-1,-1,-1,8,E01008627,0,5
2024131508651,2024,131508651,2,9,0,-1,-1,7,7,-1,-1,1,-1,-1,0,0,1,1,-1,6,3,-1,-1,-1,-1,-1,-1,-1,-1,0,-1
2024061441878,2024,061441878,2,9,0,-1,9,-1,-1,-1,99,6,0,0,8,0,4,1,-1,6,3,-1,-1,-1,-1,-1,-1,-1,-1,0,-1
2024421439339,2024,421439339,2,1,0,-1,19,2,5,-1,0,0,0,0,0,0,3,1,-1,9,1,62,9,-1,-1,-1,-1,3,E01016014,0,1
2024131412053,2024,131412053,1,1,0,-1,-1,-1,-1,-1,-1,0,-1,-1,-1,-1,-1,1,-1,6,3,-1,-1,-1,-1,-1,-1,-1,-1,0,-1
2024161395023,2024,161395023,2,1,0,-1,19,2,6,-1,0,8,0,0,0,0,1,1,-1,2,1,52,8,-1,-1,-1,-1,10,E01028629,0,5
2024451441536,2024,451441536,1,9,0,-1,19,-1,-1,-1,0,0,0,0,0,0,3,9,-1,9,1,39,7,-1,-1,-1,-1,4,E01030400,0,2
2024010509974,2024,010509974,2,19,0,99,99,9,9,99,99,0,9,99,9,99,9,9,6,6,3,-1,-1,-1,-1,-1,-1,-1,-1,0,-1
2024520401928,2024,520401928,2,1,0,12,12,3,7,0,0,0,0,0,0,0,3,1,6,6,1,78,11,-1,-1,-1,-1,4,E01029281,0,1
2024010536226,2024,010536226,2,1,9,99,99,9,9,99,99,9,9,99,9,99,2,1,6,6,1,31,6,-1,-1,-1,-1,3,E01004319,0,2
2024052401327,2024,052401327,1,8,0,4,4,1,4,0,0,1,0,0,0,0,2,1,1,1,1,-1,-1,-1,-1,-1,-1,-1,-1,0,-1
2024549545524,2024,549545524,1,9,0,18,19,2,6,0,0,0,0,0,0,0,1,1,6,6,1,85,11,-1,-1,-1,-1,1,E01032096,0,1
2024070200561,2024,070200561,1,9,0,9,9,5,3,0,0,6,0,0,0,0,1,1,6,6,2,28,6,-1,-1,-1,-1,1,E01012399,0,4
2024201495494,2024,201495494,2,3,0,-1,19,7,3,-1,0,0,0,4,0,0,1,1,-1,9,1,35,6,-1,-1,-1,-1,1,E01009612,0,1
2024041511399,2024,041511399,1,9,0,-1,19,5,1,-1,0,0,0,0,0,0,4,9,-1,6,3,-1,-1,-1,-1,-1,-1,-1,-1,0,-1
2024111408289,2024,111408289,1,8,0,-1,15,5,1,-1,0,1,0,0,0,0,1,1,-1,7,2,42,7,-1,-1,-1,-1,3,E01020881,0,3
2024061525852,2024,061525852,1,9,0,-1,6,6,8,-1,0,1,0,0,0,0,3,1,-1,6,1,-1,-1,-1,-1,-1,-1,-1,-1,0,-1
2024221503265,2024,221503265,2,1,0,-1,10,4,2,-1,0,1,0,0,0,0,1,1,-1,2,1,39,7,-1,-1,-1,-1,7,E01028940,0,1
2024991450742,2024,991450742,3,9,0,-1,9,2,7,-1,0,8,0,0,0,0,0,1,-1,9,1,53,8,-1,-1,-1,-1,9,-1,0,2
2024411406481,2024,411406481,1,98,1,-1,12,7,3,-1,0,0,0,0,0,0,4,2,-1,1,1,45,7,-1,-1,-1,-1,-1,-1,0,-1
2024010538123,2024,010538123,2,1,0,9,9,3,2,0,0,3,2,0,0,0,3,1,1,1,2,32,6,-1,-1,-1,-1,6,E01004046,0,1
2024522401621,2024,522401621,1,1,0,18,19,8,4,0,0,8,0,0,0,0,3,1,6,6,1,50,8,-1,-1,-1,-1,4,E01014958,0,1
2024070110508,2024,070110508,1,9,0,5,5,3,1,0,0,6,0,0,0,0,3,1,2,2,2,29,6,-1,-1,-1,-1,6,E01018332,0,2
2024371491556,2024,371491556,1,9,0,-1,19,2,5,-1,0,0,0,0,0,0,1,9,-1,6,3,-1,-1,-1,-1,-1,-1,-1,-1,0,-1
2024061472553,2024,061472553,2,9,0,-1,19,8,4,-1,0,1,0,0,0,0,3,1,-1,6,1,21,5,-1,-1,-1,-1,1,E01005232,0,4
2024101414048,2024,101414048,2,1,0,-1,19,5,1,-1,0,0,1,0,0,0,4,1,-1,9,2,52,8,-1,-1,-1,-1,10,E01008497,0,1
2024010534248,2024,010534248,2,9,0,99,99,9,9,99,99,9,9,99,9,99,9,9,6,6,3,-1,-1,-1,-1,-1,-1,-1,-1,0,-1
2024201510599,2024,201510599,1,9,0,-1,19,3,7,-1,0,0,0,0,0,0,4,1,-1,9,2,59,9,-1,-1,-1,-1,6,E01010174,0,1
2024440128543,2024,440128543,1,1,0,18,19,4,8,0,0,1,0,0,0,0,3,1,6,6,1,16,4,-1,-1,-1,-1,6,E01022941,0,1
2024052402471,2024,052402471,1,19,0,1,1,2,6,0,0,0,0,0,0,0,2,1,6,6,3,-1,-1,-1,-1,-1,-1,-1,-1,0,-1
2024061502605,2024,061502605,2,90,0,-1,19,-1,-1,-1,0,0,0,10,0,0,4,9,-1,6,1,29,6,-1,-1,-1,-1,-1,-1,0,-1
2024122400471,2024,122400471,2,1,0,5,5,5,1,0,0,0,0,0,0,0,1,1,6,6,1,48,8,-1,-1,-1,-1,10,E01013381,0,1
2024421498420,2024,421498420,2,21,1,-1,2,3,7,-1,-1,0,0,0,0,0,2,2,-1,1,1,60,9,-1,-1,-1,-1,-1,-1,0,-1
2024471508920,2024,471508920,1,9,0,-1,19,1,5,-1,0,0,0,0,0,0,4,1,-1,9,1,27,6,-1,-1,-1,-1,4,E01034288,0,4
2024471525628,2024,471525628,2,22,0,-1,3,1,5,-1,9,1,5,0,0,0,1,1,-1,9,2,88,11,-1,-1,-1,-1,3,E01021092,0,1
2024010546482,2024,010546482,1,8,0,99,99,9,9,99,99,9,9,99,9,99,9,9,6,6,3,-1,-1,-1,-1,-1,-1,-1,-1,0,-1
2024010541207,2024,010541207,2,19,0,99,99,9,9,99,99,9,9,99,9,99,9,9,6,6,3,-1,-1,-1,-1,-1,-1,-1,-1,0,-1
2024501533716,2024,501533716,2,1,0,-1,9,1,7,-1,0,1,0,0,8,0,3,1,-1,6,1,15,3,-1,-1,-1,-1,7,E01020206,0,1
2024131516385,2024,131516385,1,9,0,-1,-1,-1,-1,-1,-1,8,-1,-1,-1,0,-1,1,-1,6,3,-1,-1,-1,-1,-1,-1,-1,-1,0,-1
2024070705874,2024,070705874,2,90,0,-1,19,2,6,-1,0,0,0,0,0,0,2,1,-1,6,1,35,6,-1,-1,-1,-1,-1,-1,0,-1
2024430101877,2024,430101877,1,9,0,18,19,3,7,0,0,0,2,0,7,11,1,1,1,1,2,24,5,-1,-1,-1,-1,1,E01016811,0,2
2024221454292,2024,221454292,1,9,0,-1,9,2,8,-1,0,5,0,0,0,0,1,9,-1,2,1,52,8,-1,-1,-1,-1,8,E01032441,0,1
2024161511005,2024,161511005,2,9,0,-1,2,0,0,-1,0,1,0,0,0,0,1,1,-1,6,-1,-1,-1,-1,-1,-1,-1,-1,-1,0,-1
2024421419672,2024,421419672,1,-1,0,-1,19,7,3,-1,0,6,5,0,0,0,1,1,-1,1,1,17,4,-1,-1,-1,-1,4,E01021277,1,1
2024311494578,2024,311494578,1,97,0,-1,19,4,8,-1,0,1,0,0,0,0,1,1,-1,6,3,-1,-1,-1,-1,-1,-1,-1,-1,0,-1
2024440274705,2024,440274705,1,9,0,18,19,2,6,0,0,1,0,0,0,0,1,1,6,6,2,29,6,-1,-1,-1,-1,6,E01032000,0,2
2024201435947,2024,201435947,2,9,0,-1,19,4,8,-1,0,0,0,0,0,0,2,9,-1,6,1,47,8,-1,-1,-1,-1,5,E01010499,0,1
2024141428322,2024,141428322,2,9,0,-1,19,8,4,-1,0,0,0,0,0,0,3,1,-1,6,2,44,7,-1,-1,-1,-1,2,E01007779,0,1
2024070394732,2024,070394732,1,9,0,18,19,2,5,0,0,0,0,0,0,0,1,1,6,6,2,53,8,-1,-1,-1,-1,8,E01035390,0,1
2024061453150,2024,061453150,1,19,0,-1,19,7,3,-1,0,0,0,7,0,0,1,1,-1,6,1,40,7,-1,-1,-1,-1,1,E01005482,0,1
2024411399999,2024,411399999,2,1,0,-1,19,8,4,-1,0,0,0,0,0,0,1,1,-1,2,2,34,6,-1,-1,-1,-1,3,E01004004,0,4
2024010489360,2024,010489360,2,9,0,99,99,9,9,99,99,9,9,99,9,99,9,9,6,6,3,-1,-1,-1,-1,-1,-1,-1,-1,0,-1
2024201487922,2024,201487922,1,9,0,-1,9,2,8,-1,0,6,0,0,0,0,1,9,-1,6,1,-1,-1,-1,-1,-1,-1,-1,-1,0,-1
2024070163144,2024,070163144,2,1,0,18,19,6,2,0,0,1,0,0,0,0,2,1,6,6,2,-1,-1,-1,-1,-1,-1,-1,-1,0,-1
2024010540995,2024,010540995,2,1,0,10,10,7,4,0,0,1,0,0,0,0,1,1,1,1,1,23,5,-1,-1,-1,-1,3,E01003552,0,1
2024991474048,2024,991474048,1,11,0,-1,5,2,6,-1,0,1,0,0,0,0,4,9,-1,1,3,18,4,-1,-1,-1,-1,-1,-1,0,-1
2024010492864,2024,010492864,2,9,0,99,99,9,9,99,99,9,9,99,9,99,9,9,6,6,3,-1,-1,-1,-1,-1,-1,-1,-1,0,-1
2024201527675,2024,201527675,1,9,0,-1,19,7,3,-1,0,8,0,0,0,0,1,1,-1,6,3,-1,-1,-1,-1,-1,-1,-1,-1,0,-1
2024101485323,2024,101485323,2,23,0,-1,19,3,7,-1,0,1,0,0,0,0,1,1,-1,1,1,38,7,-1,-1,-1,-1,4,E01008406,0,1
2024010493124,2024,010493124,2,1,0,18,19,5,1,0,0,0,0,0,0,0,3,1,1,1,1,27,6,-1,-1,-1,-1,3,E01003526,0,1
2024010497149,2024,010497149,1,3,0,99,99,9,9,99,99,9,9,99,9,99,1,1,1,1,3,-1,-1,-1,-1,-1,-1,4,E01000929,0,1
202417H102124,2024,17H102124,2,19,0,-1,19,5,1,-1,0,0,0,0,0,0,1,1,-1,6,1,-1,-1,-1,-1,-1,-1,-1,-1,0,-1
2024201456794,2024,201456794,1,9,0,-1,19,1,4,-1,0,8,0,0,0,0,1,2,-1,6,1,40,7,-1,-1,-1,-1,-1,-1,0,-1
2024101515149,2024,101515149,1,9,0,-1,19,1,5,-1,0,0,0,0,0,0,2,1,-1,9,2,33,6,-1,-1,-1,-1,5,E01008293,0,1
2024371491556,2024,371491556,2,1,0,-1,19,2,6,-1,0,0,0,0,0,0,2,1,-1,9,1,18,4,-1,-1,-1,-1,2,E01033122,0,1
2024311406594,2024,311406594,2,1,0,-1,19,6,3,-1,0,4,0,0,0,0,1,1,-1,6,1,20,4,-1,-1,-1,-1,-1,-1,0,-1
2024440566555,2024,440566555,2,9,0,18,19,6,2,0,0,1,0,0,0,0,2,1,6,6,2,31,6,-1,-1,-1,-1,2,E01017168,0,1
2024451527507,2024,451527507,2,1,0,-1,19,3,7,-1,0,0,5,0,1,0,2,1,-1,9,1,29,6,-1,-1,-1,-1,3,E01032582,0,4
2024070072056,2024,070072056,2,1,0,18,19,2,6,0,0,8,0,0,0,0,2,1,6,6,1,16,4,-1,-1,-1,-1,10,E01018644,0,1
2024010489858,2024,010489858,2,9,0,99,99,9,9,99,99,9,9,99,9,99,9,9,6,6,3,-1,-1,-1,-1,-1,-1,-1,-1,0,-1
2024010517038,2024,010517038,2,19,0,18,19,8,4,0,0,8,0,0,0,0,1,1,1,1,1,37,7,-1,-1,-1,-1,6,E01030586,0,4
2024471500032,2024,471500032,2,9,0,-1,19,3,7,-1,0,8,0,0,7,0,1,1,-1,9,1,26,6,-1,-1,-1,-1,6,E01021145,0,1
2024430108749,2024,430108749,2,9,0,18,19,8,4,0,0,0,0,0,0,0,1,1,6,6,3,-1,-1,-1,-1,-1,-1,-1,-1,0,-1
2024052400690,2024,052400690,2,9,0,18,19,5,1,0,0,0,0,0,0,0,2,1,6,6,1,44,7,-1,-1,-1,-1,10,E01018533,0,2
2024211507198,2024,211507198,1,9,0,-1,9,4,5,-1,0,1,5,0,1,11,4,1,-1,9,2,18,4,-1,-1,-1,-1,5,E01029403,0,2
2024010503042,2024,010503042,2,9,9,4,4,7,3,0,0,0,9,0,0,0,0,9,6,6,3,-1,-1,-1,-1,-1,-1,-1,-1,0,-1
2024010496928,2024,010496928,1,3,0,99,99,9,9,99,99,1,9,99,9,99,1,1,1,1,1,37,7,-1,-1,-1,-1,2,E01003243,0,3
2024221396412,2024,221396412,1,1,0,-1,19,5,2,-1,0,3,0,0,0,0,1,1,-1,6,1,16,4,-1,-1,-1,-1,5,E01013986,0,1
2024451495010,2024,451495010,1,9,0,-1,19,3,1,-1,0,0,0,0,0,0,3,9,-1,6,3,22,5,-1,-1,-1,-1,-1,-1,0,-1
2024010495689,2024,010495689,2,3,0,18,19,5,1,0,0,1,0,0,0,0,1,1,1,1,1,36,7,-1,-1,-1,-1,6,E01001415,0,1
2024531486650,2024,531486650,1,9,0,-1,19,3,7,-1,0,0,0,0,0,0,1,9,-1,6,3,-1,-1,-1,-1,-1,-1,-1,-1,0,-1
2024061466394,2024,061466394,2,9,-1,-1,-1,-1,-1,-1,-1,-1,-1,-1,-1,0,-1,9,-1,6,2,-1,-1,-1,-1,-1,-1,9,E01005576,0,1
2024311435104,2024,311435104,2,1,0,-1,19,1,5,-1,0,0,0,0,0,0,3,1,-1,6,1,26,6,-1,-1,-1,-1,3,E01019690,0,2
2024211469853,2024,211469853,2,98,0,-1,19,1,5,-1,0,3,0,0,0,0,1,1,-1,6,1,41,7,-1,-1,-1,-1,7,E01010436,0,4
2024320518473,2024,320518473,2,1,0,9,9,4,2,0,0,5,5,0,7,10,3,1,6,6,1,34,6,-1,-1,-1,-1,8,E01026200,0,1
2024520401599,2024,520401599,1,9,9,18,19,9,9,0,0,0,0,0,0,0,9,9,6,6,3,-1,-1,-1,-1,-1,-1,-1,-1,0,-1
2024520500442,2024,520500442,1,19,0,18,19,8,4,0,0,2,0,0,0,0,4,1,6,6,3,-1,-1,-1,-1,-1,-1,-1,-1,0,-1
2024461441413,2024,461441413,1,-1,0,-1,2,4,8,-1,0,2,5,10,0,0,0,1,-1,6,1,28,6,-1,-1,-1,-1,5,E01024654,1,1
2024010499430,2024,010499430,2,1,0,18,19,1,5,0,0,1,0,0,0,0,1,1,1,1,1,22,5,-1,-1,-1,-1,9,E01000456,0,1
2024461473321,2024,461473321,2,1,0,-1,3,-1,-1,-1,0,0,0,0,0,0,1,1,-1,6,1,44,7,-1,-1,-1,-1,2,E01016004,0,3