collision_index,collision_year,collision_ref_no,vehicle_reference,vehicle_type,towing_and_articulation,vehicle_manoeuvre_historic,vehicle_manoeuvre,vehicle_direction_from,vehicle_direction_to,vehicle_location_restricted_lane_historic,vehicle_location_restricted_lane,junction_location,skidding_and_overturning,hit_object_in_carriageway,vehicle_leaving_carriageway,hit_object_off_carriageway,first_point_of_impact,vehicle_left_hand_drive,journey_purpose_of_driver_historic,journey_purpose_of_driver,sex_of_driver,age_of_driver,age_band_of_driver,engine_capacity_cc,propulsion_code,age_of_vehicle,generic_make_model,driver_imd_decile,lsoa_of_driver,escooter_flag,driver_distance_banding
2024052400480,2024,052400480,1,9,0,18,19,1,5,0,0,1,0,0,0,0,1,1,6,6,3,-1,-1,-1,-1,-1,-1,-1,-1,0,-1
2024991395453,2024,991395453,2,19,0,-1,19,8,4,-1,0,1,0,0,0,0,1,1,-1,1,1,54,8,-1,-1,-1,-1,3,-1,0,4
2024311517102,2024,311517102,2,1,0,-1,19,5,1,-1,9,1,1,0,0,0,1,1,-1,9,1,12,3,-1,-1,-1,-1,2,E01028271,0,1
2024471478160,2024,471478160,1,1,0,-1,19,6,2,-1,4,8,0,0,0,0,0,1,-1,2,2,27,6,-1,-1,-1,-1,6,E01016971,0,1
2024320703802,2024,320703802,1,9,0,9,9,8,6,0,0,6,0,0,0,0,1,1,6,6,3,-1,-1,-1,-1,-1,-1,-1,-1,0,-1
2024141493301,2024,141493301,2,9,0,-1,19,-1,-1,-1,0,8,0,0,0,0,1,9,-1,6,3,-1,-1,-1,-1,-1,-1,-1,-1,0,-1
2024471482333,2024,471482333,2,1,0,-1,19,1,5,-1,0,0,0,0,0,0,4,1,-1,6,1,37,7,-1,-1,-1,-1,5,E01030579,0,1
2024061491836,2024,061491836,1,1,0,-1,19,-1,-1,-1,0,8,0,0,0,0,4,1,-1,2,1,37,7,-1,-1,-1,-1,1,E01034134,0,1
2024010502977,2024,010502977,2,-1,0,16,19,7,3,0,0,8,0,0,0,0,1,1,6,6,1,16,4,-1,-1,-1,-1,4,E01004228,1,1
2024010542797,2024,010542797,2,9,0,99,99,9,9,99,99,9,9,99,9,99,9,9,6,6,3,-1,-1,-1,-1,-1,-1,-1,-1,0,-1
2024351521546,2024,351521546,2,9,0,-1,2,0,0,-1,0,0,0,0,0,0,3,1,-1,6,3,-1,-1,-1,-1,-1,-1,-1,-1,0,-1
2024440336569,2024,440336569,2,1,0,18,19,3,7,0,0,8,0,0,0,0,3,1,2,2,1,52,8,-1,-1,-1,-1,9,E01030761,0,3
2024010504431,2024,010504431,2,9,0,99,99,9,9,99,99,9,9,99,9,99,2,9,6,6,3,-1,-1,-1,-1,-1,-1,-1,-1,0,-1
2024461404795,2024,461404795,2,1,0,-1,7,5,1,-1,0,3,0,0,0,0,4,1,-1,9,1,67,10,-1,-1,-1,-1,10,E01024056,0,2
2024010527203,2024,010527203,1,1,9,99,99,9,9,99,99,9,9,99,9,99,9,1,2,2,1,47,8,-1,-1,-1,-1,4,E01003637,0,1
2024101449709,2024,101449709,2,9,0,-1,3,5,5,-1,0,8,0,0,0,0,1,1,-1,6,3,30,6,-1,-1,-1,-1,-1,-1,0,-1
2024340WN3482,2024,340WN3482,2,9,0,-1,19,3,7,-1,0,3,0,0,0,0,4,1,-1,9,2,30,6,-1,-1,-1,-1,-1,-1,0,-1
2024461432059,2024,461432059,1,9,0,-1,5,-1,-1,-1,0,3,0,0,0,0,3,9,-1,6,1,70,10,-1,-1,-1,-1,-1,-1,0,-1
2024010490766,2024,010490766,1,3,0,99,99,9,9,99,99,9,9,99,9,99,9,1,2,2,1,39,7,-1,-1,-1,-1,5,E01033083,0,3
2024052401862,2024,052401862,2,9,0,2,2,0,0,0,0,8,1,0,0,0,1,1,1,1,2,56,9,-1,-1,-1,-1,8,E01006684,0,2
2024010530082,2024,010530082,2,9,4,99,99,9,9,99,99,9,9,99,9,99,9,9,6,6,3,-1,-1,-1,-1,-1,-1,-1,-1,0,-1
2024430294344,2024,430294344,1,1,0,18,19,8,4,0,0,0,0,0,0,0,3,1,2,2,1,43,7,-1,-1,-1,-1,9,E01030705,0,2
2024302401368,2024,302401368,2,9,0,17,19,7,4,0,0,2,0,0,0,0,4,1,6,6,2,29,6,-1,-1,-1,-1,3,E01019541,0,1
2024451408491,2024,451408491,4,9,0,-1,2,5,1,-1,0,0,0,0,0,0,1,1,-1,6,-1,-1,-1,-1,-1,-1,-1,-1,-1,0,-1
2024461412223,2024,461412223,2,19,0,-1,19,1,5,-1,0,1,0,0,0,0,2,2,-1,1,1,40,7,-1,-1,-1,-1,5,E01024555,0,3
2024010535023,2024,010535023,1,1,9,99,99,9,9,99,99,0,9,99,9,99,9,1,6,6,2,22,5,-1,-1,-1,-1,5,E01033743,0,4
2024201476220,2024,201476220,2,9,0,-1,3,3,6,-1,0,4,0,0,0,0,1,1,-1,6,2,37,7,-1,-1,-1,-1,10,E01009670,0,1
2024221435596,2024,221435596,2,9,0,-1,19,8,6,-1,0,8,0,0,0,0,1,9,-1,2,2,34,6,-1,-1,-1,-1,3,E01008945,0,1
2024010487210,2024,010487210,1,1,9,99,99,9,9,99,99,9,9,99,9,99,9,1,6,6,1,25,5,-1,-1,-1,-1,3,E01034389,0,2
2024070812704,2024,070812704,2,9,0,-1,7,7,2,-1,0,1,0,0,0,0,1,1,-1,9,1,43,7,-1,-1,-1,-1,3,E01018461,0,2
2024061513814,2024,061513814,2,1,0,-1,19,3,8,-1,0,8,0,0,0,0,4,1,-1,6,1,38,7,-1,-1,-1,-1,7,E01005033,0,1
2024471493867,2024,471493867,2,1,0,-1,19,3,7,-1,0,0,5,0,0,0,4,1,-1,6,1,12,3,-1,-1,-1,-1,8,E01031840,0,1
2024041468560,2024,041468560,1,9,0,-1,19,7,3,-1,0,0,0,0,0,0,-1,9,-1,6,3,-1,-1,-1,-1,-1,-1,-1,-1,0,-1
2024340WN1632,2024,340WN1632,2,1,0,-1,19,6,2,-1,0,1,0,0,0,0,2,1,-1,1,1,28,6,-1,-1,-1,-1,2,E01027155,0,1
2024052400148,2024,052400148,2,22,0,18,19,5,1,0,0,1,0,0,0,0,3,1,6,6,1,66,10,-1,-1,-1,-1,2,E01006948,0,1
2024461502754,2024,461502754,1,9,0,-1,10,3,1,-1,0,4,0,0,0,0,0,9,-1,6,3,-1,-1,-1,-1,-1,-1,-1,-1,0,-1
2024411482695,2024,411482695,2,1,0,-1,19,3,7,-1,0,8,0,0,0,0,1,1,-1,6,1,36,7,-1,-1,-1,-1,7,E01023298,0,1
2024430499553,2024,430499553,2,5,0,9,9,-1,-1,0,0,8,0,0,0,0,1,1,6,6,1,50,8,-1,-1,-1,-1,9,E01028723,0,4
2024351423595,2024,351423595,2,1,0,-1,-1,-1,-1,-1,-1,-1,-1,-1,-1,0,-1,1,-1,7,1,14,3,-1,-1,-1,-1,3,E01017952,0,1
2024010493773,2024,010493773,2,21,1,11,11,7,3,0,0,0,0,0,0,0,4,1,1,1,1,50,8,-1,-1,-1,-1,2,E01021303,0,4
2024531394936,2024,531394936,2,1,0,-1,19,3,7,-1,0,8,0,0,0,0,3,1,-1,1,1,45,7,-1,-1,-1,-1,1,E01034792,0,2
2024991502952,2024,991502952,2,1,0,-1,19,3,7,-1,0,1,5,0,0,0,1,1,-1,9,1,66,10,-1,-1,-1,-1,10,-1,0,3
2024430521852,2024,430521852,1,8,0,18,19,9,9,0,0,1,0,0,0,0,1,1,6,6,3,-1,-1,-1,-1,-1,-1,-1,-1,0,-1
2024131468121,2024,131468121,2,9,0,-1,2,7,3,-1,0,1,0,0,0,0,1,1,-1,9,2,37,7,-1,-1,-1,-1,2,E01011149,0,1
2024311450568,2024,311450568,2,1,0,-1,19,4,8,-1,0,2,0,0,0,0,4,1,-1,6,1,14,3,-1,-1,-1,-1,-1,-1,0,-1
2024552400280,2024,552400280,1,9,0,18,19,3,7,0,0,6,0,0,0,0,1,1,6,6,1,33,6,-1,-1,-1,-1,9,E01015431,0,2
2024302400387,2024,302400387,1,11,0,5,5,3,7,0,0,8,0,0,0,0,4,1,1,1,1,53,8,-1,-1,-1,-1,3,E01019810,0,3
2024031424264,2024,031424264,1,9,0,-1,7,2,4,-1,0,0,0,0,1,0,1,1,-1,6,1,56,9,-1,-1,-1,-1,-1,-1,0,-1
2024010524780,2024,010524780,1,1,9,99,99,9,9,99,99,1,9,99,9,99,1,1,2,2,2,44,7,-1,-1,-1,-1,4,E01001635,0,3
2024010493964,2024,010493964,2,19,0,99,99,9,9,99,99,5,9,99,9,99,2,9,6,6,3,-1,-1,-1,-1,-1,-1,-1,-1,0,-1
2024991444448,2024,991444448,2,1,0,-1,7,5,7,-1,0,1,2,0,0,0,3,1,-1,6,1,54,8,-1,-1,-1,-1,9,-1,0,2
2024201455140,2024,201455140,1,8,0,-1,19,4,8,-1,0,0,0,0,0,0,1,1,-1,6,1,40,7,-1,-1,-1,-1,-1,-1,0,-1
2024010497090,2024,010497090,1,9,0,18,19,2,6,0,0,0,0,0,0,0,3,1,6,6,1,22,5,-1,-1,-1,-1,6,E01001068,0,1
2024471430646,2024,471430646,1,22,0,-1,19,1,5,-1,0,1,0,0,0,0,1,1,-1,6,2,75,10,-1,-1,-1,-1,5,E01031786,0,1
2024471465738,2024,471465738,1,9,0,-1,9,1,7,-1,0,6,0,0,0,0,3,1,-1,6,2,55,8,-1,-1,-1,-1,8,E01021081,0,1
2024010497853,2024,010497853,1,1,9,99,99,9,9,99,99,9,9,99,9,99,2,1,2,2,1,45,7,-1,-1,-1,-1,9,E01030299,0,3
2024201459007,2024,201459007,2,-1,0,-1,19,5,1,-1,9,0,0,0,0,0,3,1,-1,6,1,16,4,-1,-1,-1,-1,1,E01034938,1,1
2024010516267,2024,010516267,1,9,0,-1,-1,7,3,0,0,1,0,0,0,0,1,1,6,6,3,-1,-1,-1,-1,-1,-1,-1,-1,0,-1
2024421432170,2024,421432170,2,1,0,-1,19,4,1,-1,0,3,0,0,0,0,4,1,-1,9,1,55,8,-1,-1,-1,-1,10,E01021935,0,2
2024041444912,2024,041444912,1,1,0,-1,5,7,7,-1,0,1,0,0,0,0,1,1,-1,6,1,13,3,-1,-1,-1,-1,3,E01025311,0,1
2024221394586,2024,221394586,1,9,0,-1,19,5,8,-1,0,0,0,0,0,0,4,9,-1,6,1,56,9,-1,-1,-1,-1,10,E01028964,0,1
2024010501251,2024,010501251,1,19,0,-1,-1,5,1,0,0,1,0,8,0,0,1,1,6,6,1,18,4,-1,-1,-1,-1,3,E01004332,0,2
2024430441279,2024,430441279,1,9,0,9,9,8,4,0,0,8,0,0,0,0,1,1,6,6,2,37,7,-1,-1,-1,-1,8,E01033514,0,1
202460Q015469,2024,60Q015469,1,5,0,17,19,5,1,0,0,0,0,10,2,0,4,1,6,6,1,39,7,-1,-1,-1,-1,-1,-1,0,-1
2024991421567,2024,991421567,1,1,0,-1,19,5,1,-1,0,1,0,0,0,0,3,1,-1,6,1,24,5,-1,-1,-1,-1,1,-1,0,1
2024010540326,2024,010540326,2,9,0,99,99,9,9,99,99,9,9,99,9,99,9,9,6,6,3,-1,-1,-1,-1,-1,-1,-1,-1,0,-1
2024461426330,2024,461426330,2,9,0,-1,19,2,6,-1,0,1,0,0,0,0,1,1,-1,1,1,47,8,-1,-1,-1,-1,2,E01024126,0,4
2024141469419,2024,141469419,1,11,0,-1,19,8,4,-1,0,0,0,0,0,0,1,1,-1,1,1,33,6,-1,-1,-1,-1,1,E01007734,0,3
2024201485854,2024,201485854,1,9,0,-1,19,6,2,-1,0,3,0,0,0,0,1,9,-1,6,3,-1,-1,-1,-1,-1,-1,-1,-1,0,-1
2024052401567,2024,052401567,2,1,0,18,19,8,4,0,0,1,0,0,0,0,1,1,6,6,1,-1,-1,-1,-1,-1,-1,1,E01007274,0,1
2024131474009,2024,131474009,2,1,0,-1,19,7,3,-1,0,1,0,0,0,0,4,1,-1,6,1,43,7,-1,-1,-1,-1,9,E01011272,0,1
2024161416668,2024,161416668,1,1,0,-1,19,3,6,-1,4,2,1,0,0,0,4,1,-1,2,2,23,5,-1,-1,-1,-1,1,E01012805,0,2
2024141519682,2024,141519682,1,9,0,-1,19,1,1,-1,0,2,1,7,0,0,1,1,-1,2,1,49,8,-1,-1,-1,-1,9,E01011189,0,3
2024351470679,2024,351470679,2,9,-1,-1,-1,3,7,-1,-1,0,-1,-1,-1,0,-1,9,-1,6,3,-1,-1,-1,-1,-1,-1,-1,-1,0,-1
2024010490053,2024,010490053,2,9,0,99,99,9,9,99,99,6,9,99,9,99,1,9,6,6,3,-1,-1,-1,-1,-1,-1,-1,-1,0,-1
2024481566749,2024,481566749,2,1,0,-1,19,5,1,-1,0,8,0,0,0,0,4,1,-1,9,1,76,11,-1,-1,-1,-1,-1,-1,0,-1
2024201476095,2024,201476095,1,9,0,-1,13,8,4,-1,0,1,0,0,0,0,3,9,-1,9,3,-1,-1,-1,-1,-1,-1,-1,-1,0,-1
2024041400187,2024,041400187,1,9,0,-1,4,3,3,-1,0,0,1,4,0,0,1,1,-1,6,1,25,5,-1,-1,-1,-1,4,E01024930,0,1
2024440021150,2024,440021150,2,9,0,18,19,3,7,0,0,1,0,0,0,0,1,1,6,6,1,20,4,-1,-1,-1,-1,6,E01002497,0,4
2024010529526,2024,010529526,1,23,0,18,19,3,7,0,0,1,0,0,0,0,1,1,6,6,3,-1,-1,-1,-1,-1,-1,-1,-1,0,-1
2024010505158,2024,010505158,2,1,0,18,19,7,3,0,0,6,2,0,0,0,1,1,4,7,1,13,3,-1,-1,-1,-1,5,E01004439,0,1
2024161417727,2024,161417727,2,1,0,-1,19,3,7,-1,0,8,0,0,0,0,1,1,-1,9,2,31,6,-1,-1,-1,-1,1,E01012798,0,1
2024631505783,2024,631505783,2,9,0,-1,13,1,5,-1,0,0,0,0,0,0,4,1,-1,9,1,45,7,-1,-1,-1,-1,5,W01000509,0,4
2024010491894,2024,010491894,1,9,9,99,99,9,9,99,99,9,9,99,9,99,1,9,6,6,2,35,6,-1,-1,-1,-1,2,E01004301,0,1
2024430277314,2024,430277314,2,1,0,18,19,5,3,0,0,2,1,4,0,0,4,1,4,7,2,36,7,-1,-1,-1,-1,9,E01028788,0,2
2024201439795,2024,201439795,2,1,0,-1,5,1,5,-1,0,0,0,0,0,0,1,1,-1,6,1,13,3,-1,-1,-1,-1,1,E01009007,0,1
2024201503677,2024,201503677,2,1,0,-1,19,7,2,-1,0,8,0,0,0,0,1,1,-1,6,1,64,9,-1,-1,-1,-1,5,E01009843,0,1
2024010492378,2024,010492378,2,20,0,1,1,9,9,99,99,9,9,99,9,99,2,9,6,6,1,29,6,-1,-1,-1,-1,3,E01000184,0,1
2024411533948,2024,411533948,2,1,-1,-1,-1,-1,-1,-1,-1,-1,-1,-1,-1,0,-1,1,-1,2,1,56,9,-1,-1,-1,-1,10,E01023749,0,2
2024010512725,2024,010512725,1,1,9,99,99,9,9,99,99,9,9,99,9,99,9,1,6,6,1,23,5,-1,-1,-1,-1,4,E01004342,0,1
2024552401278,2024,552401278,2,9,0,18,19,1,5,0,0,0,0,0,0,0,0,1,6,6,2,53,8,-1,-1,-1,-1,10,E01015295,0,3
2024052402148,2024,052402148,2,1,0,18,19,1,5,0,0,1,0,0,0,0,2,1,6,6,1,36,7,-1,-1,-1,-1,2,E01006710,0,1
2024440076920,2024,440076920,1,9,0,18,19,4,8,0,0,0,0,0,0,0,1,1,6,6,1,-1,-1,-1,-1,-1,-1,-1,-1,0,-1
2024010505216,2024,010505216,3,9,0,18,19,7,3,0,0,0,0,0,0,0,1,1,6,6,1,38,7,-1,-1,-1,-1,7,E01030851,0,2
2024052401383,2024,052401383,1,9,0,5,5,1,5,0,0,1,0,0,0,0,4,1,6,6,3,-1,-1,-1,-1,-1,-1,-1,-1,0,-1
2024311394054,2024,311394054,2,9,0,-1,4,6,2,-1,0,0,0,0,0,0,1,1,-1,2,1,22,5,-1,-1,-1,-1,4,E01027963,0,1
2024481569958,2024,481569958,1,1,0,-1,19,5,1,-1,5,2,0,0,0,0,1,1,-1,6,1,30,6,-1,-1,-1,-1,-1,-1,0,-1
2024010513456,2024,010513456,2,9,0,99,99,9,9,99,99,9,9,99,9,99,9,9,6,6,3,-1,-1,-1,-1,-1,-1,-1,-1,0,-1
2024010530559,2024,010530559,2,1,9,99,99,9,9,99,99,9,9,99,9,99,9,1,6,6,3,-1,-1,-1,-1,-1,-1,-1,-1,0,-1
2024131438986,2024,131438986,1,1,0,-1,19,1,5,-1,0,8,0,0,0,0,1,1,-1,9,1,16,4,-1,-1,-1,-1,7,E01010587,0,1
2024131472333,2024,131472333,1,1,0,-1,12,6,2,-1,0,0,0,11,0,0,1,1,-1,6,1,-1,-1,-1,-1,-1,-1,-1,-1,0,-1
2024361538565,2024,361538565,2,9,0,-1,10,7,5,-1,0,1,0,0,0,0,2,1,-1,6,-1,-1,-1,-1,-1,-1,-1,-1,-1,0,-1
2024311461416,2024,311461416,1,-1,0,-1,19,2,3,-1,0,8,1,0,0,0,3,1,-1,9,1,30,6,-1,-1,-1,-1,3,E01033398,1,1
2024010530425,2024,010530425,1,19,0,18,19,4,8,0,0,0,0,0,0,0,4,1,6,6,3,-1,-1,-1,-1,-1,-1,-1,-1,0,-1
2024010488160,2024,010488160,1,3,0,99,99,9,9,99,99,9,9,99,9,99,9,1,1,1,1,43,7,-1,-1,-1,-1,1,E01001425,0,2
2024440071239,2024,440071239,1,9,0,18,19,8,4,0,0,0,5,0,1,10,1,1,6,6,1,18,4,-1,-1,-1,-1,2,E01022900,0,4
2024111487113,2024,111487113,1,9,0,-1,1,6,2,-1,0,0,0,0,0,0,2,9,-1,6,3,30,6,-1,-1,-1,-1,-1,-1,0,-1
2024302400041,2024,302400041,2,17,0,2,2,0,0,0,0,0,0,0,0,0,2,1,6,6,3,-1,-1,-1,-1,-1,-1,-1,-1,0,-1
2024340NN0322,2024,340NN0322,1,9,0,-1,19,7,3,-1,0,6,0,0,0,0,3,1,-1,1,2,-1,-1,-1,-1,-1,-1,-1,-1,0,-1
2024430044980,2024,430044980,1,1,0,18,19,4,8,0,0,0,0,0,0,0,1,1,6,6,1,-1,-1,-1,-1,-1,-1,-1,-1,0,-1
2024622400123,2024,622400123,1,9,0,9,9,2,8,0,0,8,0,0,0,0,1,2,6,6,2,66,10,-1,-1,-1,-1,10,W01001779,0,1
2024161467793,2024,161467793,2,1,0,-1,19,1,5,-1,0,2,0,0,0,0,9,1,-1,6,1,85,11,-1,-1,-1,-1,6,E01012961,0,1
2024332400299,2024,332400299,1,19,0,-1,19,5,1,-1,0,0,0,0,0,0,1,1,-1,6,1,-1,-1,-1,-1,-1,-1,-1,-1,0,-1
2024161488728,2024,161488728,2,9,0,-1,19,8,4,-1,0,0,1,0,0,0,4,1,-1,9,1,26,6,-1,-1,-1,-1,5,E01012829,0,1
2024010500020,2024,010500020,2,1,0,18,19,3,7,0,0,1,0,0,0,0,1,1,6,6,2,16,4,-1,-1,-1,-1,8,E01000910,0,1
2024101414708,2024,101414708,2,1,0,-1,19,5,1,-1,0,0,0,0,0,0,1,1,-1,2,2,33,6,-1,-1,-1,-1,4,E01008513,0,1
2024010488624,2024,010488624,1,9,0,9,9,5,4,0,0,8,0,0,0,0,1,1,2,2,1,42,7,-1,-1,-1,-1,7,E01003232,0,1
2024221510486,2024,221510486,2,21,0,-1,19,5,1,-1,0,8,0,0,0,0,3,1,-1,1,1,47,8,-1,-1,-1,-1,4,W01000167,0,4
2024461518478,2024,461518478,1,97,0,-1,19,1,5,-1,0,0,0,0,0,0,1,1,-1,6,3,-1,-1,-1,-1,-1,-1,-1,-1,0,-1
2024430386339,2024,430386339,2,9,0,18,19,5,1,0,0,8,0,0,0,0,3,1,6,6,2,58,9,-1,-1,-1,-1,9,E01033953,0,1
2024010538891,2024,010538891,1,-1,0,4,4,3,7,0,0,1,0,0,0,0,0,1,6,6,1,45,7,-1,-1,-1,-1,2,E01003487,1,1
2024041522712,2024,041522712,1,9,0,-1,19,1,5,-1,0,0,0,0,0,0,1,1,-1,2,1,59,9,-1,-1,-1,-1,8,E01024923,0,2
2024141441355,2024,141441355,1,9,0,-1,7,1,5,-1,0,2,0,0,0,0,1,1,-1,6,2,82,11,-1,-1,-1,-1,3,E01007572,0,1
2024010496807,2024,010496807,1,3,0,99,99,9,9,99,99,9,9,99,9,99,9,1,1,1,1,30,6,-1,-1,-1,-1,3,E01000638,0,1
2024061426199,2024,061426199,2,9,0,-1,19,-1,-1,-1,0,4,0,0,0,0,1,1,-1,6,3,-1,-1,-1,-1,-1,-1,-1,-1,0,-1
2024361507725,2024,361507725,1,9,0,-1,2,0,0,-1,0,1,0,0,0,0,1,1,-1,9,3,-1,-1,-1,-1,-1,-1,-1,-1,0,-1
2024010489223,2024,010489223,2,9,0,99,99,9,9,99,99,9,9,99,9,99,9,9,6,6,3,-1,-1,-1,-1,-1,-1,-1,-1,0,-1
2024010489275,2024,010489275,1,19,0,5,5,1,5,0,0,1,0,0,0,0,1,1,1,1,2,41,7,-1,-1,-1,-1,4,E01001756,0,1
2024543540524,2024,543540524,2,21,0,3,3,8,4,0,0,1,0,0,0,0,1,1,1,1,1,28,6,-1,-1,-1,-1,3,-1,0,5
2024302400432,2024,302400432,1,9,0,4,4,4,2,0,0,1,0,0,0,0,1,1,6,6,2,-1,-1,-1,-1,-1,-1,9,E01019841,0,1
2024430369353,2024,430369353,2,5,0,18,19,5,1,0,0,8,0,0,0,0,1,1,6,6,2,29,6,-1,-1,-1,-1,2,E01003159,0,4
2024010491589,2024,010491589,1,9,0,18,19,1,5,0,0,0,0,0,0,0,1,1,6,6,3,-1,-1,-1,-1,-1,-1,-1,-1,0,-1
2024440284686,2024,440284686,1,9,0,18,19,4,8,9,9,0,0,0,7,0,1,1,6,6,1,79,11,-1,-1,-1,-1,8,E01023234,0,1
2024010545002,2024,010545002,1,1,9,99,99,9,9,99,99,9,9,99,9,99,9,1,6,6,1,29,6,-1,-1,-1,-1,4,E01003091,0,1
2024221462195,2024,221462195,1,5,0,-1,19,1,5,-1,0,1,0,0,0,0,1,1,-1,9,1,74,10,-1,-1,-1,-1,8,E01032220,0,4
2024010486821,2024,010486821,3,9,9,99,99,9,9,99,99,9,9,99,9,99,9,9,6,6,1,50,8,-1,-1,-1,-1,9,E01001417,0,1
2024401507954,2024,401507954,2,1,0,-1,5,1,4,-1,0,1,0,0,0,0,3,1,-1,6,2,16,4,-1,-1,-1,-1,4,E01017555,0,1
2024320120599,2024,320120599,1,9,0,9,9,6,4,0,0,6,0,0,0,0,1,1,6,6,3,-1,-1,-1,-1,-1,-1,-1,-1,0,-1
2024440451409,2024,440451409,2,9,0,18,19,2,6,0,0,0,0,0,1,0,1,1,2,2,1,55,8,-1,-1,-1,-1,6,E01022764,0,4
2024201438103,2024,201438103,2,1,0,-1,19,8,2,-1,0,8,0,0,0,0,1,1,-1,6,2,31,6,-1,-1,-1,-1,10,E01009436,0,1
2024361454151,2024,361454151,1,5,0,-1,19,7,3,-1,0,0,0,0,0,0,0,1,-1,9,1,33,6,-1,-1,-1,-1,8,E01026938,0,3
2024520401093,2024,520401093,2,19,0,18,19,7,3,0,0,0,0,0,0,0,1,1,6,6,1,43,7,-1,-1,-1,-1,4,E01029041,0,1
2024471505064,2024,471505064,1,9,0,-1,9,1,7,-1,0,8,0,0,0,0,1,1,-1,1,1,29,6,-1,-1,-1,-1,9,E01031623,0,3
2024010518683,2024,010518683,1,1,9,99,99,9,9,99,99,0,9,99,9,99,9,1,6,6,1,-1,-1,-1,-1,-1,-1,-1,-1,0,-1
2024141405881,2024,141405881,2,19,-1,-1,11,-1,-1,-1,0,8,0,0,0,0,0,9,-1,6,3,-1,-1,-1,-1,-1,-1,-1,-1,0,-1
2024531481696,2024,531481696,1,9,0,-1,19,4,8,-1,0,0,0,0,0,0,3,9,-1,6,1,-1,-1,-1,-1,-1,-1,-1,-1,0,-1
2024991434552,2024,991434552,1,9,0,-1,4,7,3,-1,9,0,0,0,0,0,1,1,-1,6,2,63,9,-1,-1,-1,-1,10,-1,0,1
2024440352005,2024,440352005,1,9,0,18,19,5,1,0,0,8,0,0,0,0,0,1,6,6,1,17,4,-1,-1,-1,-1,-1,-1,0,-1
2024010528075,2024,010528075,2,9,0,18,19,4,8,0,0,8,0,0,0,0,1,1,6,6,3,-1,-1,-1,-1,-1,-1,-1,-1,0,-1
2024991429280,2024,991429280,2,1,0,-1,5,2,6,-1,0,1,0,0,0,0,3,1,-1,6,2,39,7,-1,-1,-1,-1,1,-1,0,1
2024440343035,2024,440343035,1,9,0,18,19,3,7,0,0,2,0,0,0,0,4,1,6,6,3,27,6,-1,-1,-1,-1,-1,-1,0,-1
2024430027976,2024,430027976,2,9,0,18,19,9,9,0,0,1,0,0,0,0,1,1,6,6,2,45,7,-1,-1,-1,-1,-1,-1,0,-1
2024010487832,2024,010487832,4,9,0,2,2,0,0,0,0,0,0,0,0,0,1,1,6,6,3,-1,-1,-1,-1,-1,-1,-1,-1,0,-1
2024461488902,2024,461488902,1,1,0,-1,19,-1,-1,-1,9,0,2,0,0,0,1,1,-1,6,1,-1,-1,-1,-1,-1,-1,-1,-1,0,-1
2024201490885,2024,201490885,1,8,0,-1,1,1,5,-1,0,8,0,0,0,0,2,1,-1,1,1,45,7,-1,-1,-1,-1,-1,-1,0,-1
2024052400422,2024,052400422,1,9,0,9,9,7,5,0,0,1,0,0,0,0,1,1,2,2,1,56,9,-1,-1,-1,-1,3,E01006855,0,1
2024522401908,2024,522401908,4,9,0,18,19,2,6,0,0,0,0,0,0,0,1,1,6,6,1,65,9,-1,-1,-1,-1,10,E01014377,0,3
2024302400103,2024,302400103,2,3,0,18,19,6,2,0,0,8,0,0,0,0,1,1,6,6,1,20,4,-1,-1,-1,-1,1,E01019578,0,1
2024010506485,2024,010506485,1,1,9,18,19,1,5,4,4,8,9,0,0,0,1,1,6,6,1,-1,-1,-1,-1,-1,-1,3,E01001784,0,1
2024010527330,2024,010527330,2,1,0,14,14,7,3,0,0,1,5,0,0,0,4,1,6,6,1,66,10,-1,-1,-1,-1,5,E01001863,0,1
2024522403110,2024,522403110,2,-1,0,16,19,4,6,0,0,0,0,0,0,0,1,1,6,6,1,16,4,-1,-1,-1,-1,3,E01014690,1,1
2024371438220,2024,371438220,2,9,0,-1,19,4,6,-1,0,1,0,0,0,0,4,1,-1,9,1,52,8,-1,-1,-1,-1,3,E01021977,0,4
202460Q074837,2024,60Q074837,2,1,0,18,19,6,2,0,0,1,0,0,0,0,1,1,6,6,1,27,6,-1,-1,-1,-1,-1,-1,0,-1
2024141399218,2024,141399218,2,-1,0,-1,19,1,5,-1,0,6,0,0,0,0,1,1,-1,9,1,14,3,-1,-1,-1,-1,5,E01008058,1,1
2024041459967,2024,041459967,1,9,0,-1,19,-1,-1,-1,0,0,0,0,0,0,2,9,-1,6,3,-1,-1,-1,-1,-1,-1,-1,-1,0,-1
2024201529612,2024,201529612,2,99,0,-1,19,7,3,-1,0,1,0,0,0,0,3,1,-1,6,3,30,6,-1,-1,-1,-1,-1,-1,0,-1
2024501466072,2024,501466072,2,19,0,-1,19,8,4,-1,0,1,0,0,0,0,1,1,-1,6,3,-1,-1,-1,-1,-1,-1,-1,-1,0,-1
2024522402023,2024,522402023,1,19,0,1,1,2,6,0,0,0,0,0,0,0,2,1,6,6,3,-1,-1,-1,-1,-1,-1,-1,-1,0,-1
2024430256172,2024,430256172,2,5,0,18,19,4,8,0,0,1,0,0,0,0,1,1,6,6,1,23,5,-1,-1,-1,-1,7,E01028612,0,1
2024010512616,2024,010512616,1,1,9,99,99,9,9,99,99,9,9,99,9,99,1,1,6,6,1,39,7,-1,-1,-1,-1,4,E01001724,0,1
2024052401158,2024,052401158,1,1,0,18,19,4,8,0,0,6,0,0,0,0,3,1,6,6,1,20,4,-1,-1,-1,-1,2,E01006722,0,1
2024010487128,2024,010487128,1,9,0,9,9,1,6,0,0,8,0,0,0,0,4,1,6,6,1,22,5,-1,-1,-1,-1,6,E01004621,0,1
2024201399723,2024,201399723,1,19,0,-1,19,5,4,-1,0,3,0,0,0,0,1,9,-1,6,1,33,6,-1,-1,-1,-1,1,E01009733,0,1
2024161528560,2024,161528560,2,9,0,-1,7,8,2,-1,0,5,0,0,0,0,4,9,-1,6,3,-1,-1,-1,-1,-1,-1,-1,-1,0,-1
2024010487555,2024,010487555,3,9,0,2,2,0,0,0,0,8,0,4,0,0,2,1,6,6,3,-1,-1,-1,-1,-1,-1,-1,-1,0,-1
2024010549149,2024,010549149,2,1,9,99,99,9,9,99,99,1,9,99,9,99,1,1,2,2,1,51,8,-1,-1,-1,-1,6,E01021058,0,4