collision_index,collision_year,collision_ref_no,vehicle_reference,vehicle_type,towing_and_articulation,vehicle_manoeuvre_historic,vehicle_manoeuvre,vehicle_direction_from,vehicle_direction_to,vehicle_location_restricted_lane_historic,vehicle_location_restricted_lane,junction_location,skidding_and_overturning,hit_object_in_carriageway,vehicle_leaving_carriageway,hit_object_off_carriageway,first_point_of_impact,vehicle_left_hand_drive,journey_purpose_of_driver_historic,journey_purpose_of_driver,sex_of_driver,age_of_driver,age_band_of_driver,engine_capacity_cc,propulsion_code,age_of_vehicle,generic_make_model,driver_imd_decile,lsoa_of_driver,escooter_flag,driver_distance_banding
2024320020370,2024,320020370,1,9,0,9,9,7,5,0,0,8,0,0,0,0,3,1,-1,-1,1,18,4,-1,-1,-1,-1,6,E01026315,0,1
2024201482943,2024,201482943,1,9,0,-1,15,7,3,-1,0,0,0,0,0,0,4,9,-1,6,3,20,4,-1,-1,-1,-1,-1,-1,0,-1
2024320711287,2024,320711287,2,1,0,-1,-1,4,2,0,0,8,0,0,0,0,1,1,6,6,1,38,7,-1,-1,-1,-1,3,E01026042,0,2
2024010549271,2024,010549271,1,9,0,5,5,1,5,0,0,0,0,0,0,0,1,1,6,6,2,24,5,-1,-1,-1,-1,-1,-1,0,-1
2024041432834,2024,041432834,1,9,0,-1,19,4,2,-1,0,1,0,0,0,0,1,1,-1,6,1,21,5,-1,-1,-1,-1,3,E01025192,0,1
2024430553587,2024,430553587,2,9,0,13,13,5,1,0,0,1,0,0,0,0,4,1,6,6,3,-1,-1,-1,-1,-1,-1,-1,-1,0,-1
2024010541085,2024,010541085,2,3,4,99,99,9,9,99,99,9,9,99,9,99,1,1,6,6,1,20,4,-1,-1,-1,-1,5,E01003721,0,4
2024461402845,2024,461402845,1,9,0,-1,19,7,3,-1,0,1,0,0,0,0,1,9,-1,6,3,-1,-1,-1,-1,-1,-1,-1,-1,0,-1
2024351567910,2024,351567910,4,9,0,-1,3,5,1,-1,0,0,0,0,0,0,2,1,-1,6,1,66,10,-1,-1,-1,-1,6,E01018111,0,4
2024371493310,2024,371493310,1,9,0,-1,4,3,7,-1,0,0,0,4,0,0,1,1,-1,1,1,75,10,-1,-1,-1,-1,3,E01026008,0,5
2024131425033,2024,131425033,2,1,0,-1,19,5,1,-1,4,0,0,0,0,0,0,1,-1,9,1,67,10,-1,-1,-1,-1,10,E01011455,0,1
2024311431262,2024,311431262,1,9,0,-1,19,5,1,-1,0,0,0,0,0,0,1,1,-1,6,1,30,6,-1,-1,-1,-1,-1,-1,0,-1
2024522402631,2024,522402631,1,1,0,18,19,2,6,0,0,0,0,8,0,0,1,1,6,6,1,46,8,-1,-1,-1,-1,7,E01014945,0,2
2024010491892,2024,010491892,1,3,0,18,19,5,1,0,0,8,0,0,0,0,1,1,6,6,1,26,6,-1,-1,-1,-1,1,E01000524,0,2
2024010547792,2024,010547792,2,9,0,18,19,7,3,0,0,0,0,0,0,0,2,1,2,2,1,34,6,-1,-1,-1,-1,3,E01003656,0,2
2024041430191,2024,041430191,1,9,0,-1,6,1,8,-1,0,0,0,0,0,0,1,1,-1,9,1,80,11,-1,-1,-1,-1,6,E01025585,0,3
2024351531120,2024,351531120,2,1,0,-1,19,2,6,-1,9,1,0,0,0,0,3,1,-1,6,2,46,8,-1,-1,-1,-1,10,E01017955,0,1
2024311398015,2024,311398015,1,9,0,-1,19,3,7,-1,0,0,0,0,0,0,1,1,-1,6,2,-1,-1,-1,-1,-1,-1,-1,-1,0,-1
2024010509049,2024,010509049,1,1,0,18,19,1,5,0,0,8,0,0,0,0,3,1,6,6,2,25,5,-1,-1,-1,-1,3,E01000972,0,1
2024361407465,2024,361407465,2,9,0,-1,19,2,6,-1,0,8,0,0,7,0,4,9,-1,2,1,61,9,-1,-1,-1,-1,7,E01026545,0,1
2024010550938,2024,010550938,1,1,9,18,19,1,5,0,0,8,9,99,9,99,9,1,1,1,1,44,7,-1,-1,-1,-1,-1,-1,0,-1
202454B096324,2024,54B096324,1,90,0,18,19,2,6,0,0,4,0,0,0,0,1,1,6,6,1,17,4,-1,-1,-1,-1,2,E01015539,0,1
2024221495454,2024,221495454,2,23,0,-1,19,7,3,-1,0,8,0,0,0,0,1,1,-1,6,1,19,4,-1,-1,-1,-1,5,E01032159,0,1
2024010503958,2024,010503958,4,9,0,18,19,5,1,0,0,8,0,0,0,0,2,1,6,6,1,32,6,-1,-1,-1,-1,-1,-1,0,-1
2024010494401,2024,010494401,2,9,0,14,14,1,5,0,0,0,0,0,0,0,1,1,6,6,3,-1,-1,-1,-1,-1,-1,-1,-1,0,-1
2024010519410,2024,010519410,1,1,0,4,4,1,5,0,0,1,0,0,0,0,2,1,6,6,1,12,3,-1,-1,-1,-1,2,E01002041,0,1
2024991458477,2024,991458477,2,9,0,-1,4,5,1,-1,0,2,0,0,0,0,2,1,-1,6,1,33,6,-1,-1,-1,-1,9,-1,0,1
2024010516839,2024,010516839,2,1,9,99,99,9,9,99,99,9,9,99,9,99,1,1,2,2,2,36,7,-1,-1,-1,-1,5,E01000494,0,1
2024010491955,2024,010491955,2,9,0,99,99,9,9,99,99,9,9,99,9,99,9,9,6,6,3,22,5,-1,-1,-1,-1,3,E01004434,0,2
2024010491820,2024,010491820,2,1,0,18,19,1,5,0,0,8,5,0,0,0,1,1,2,2,2,43,7,-1,-1,-1,-1,6,E01004052,0,1
2024371530457,2024,371530457,1,9,0,-1,19,-1,-1,-1,0,4,1,0,0,0,1,1,-1,6,3,-1,-1,-1,-1,-1,-1,-1,-1,0,-1
2024141516357,2024,141516357,1,1,0,-1,-1,-1,-1,-1,-1,0,-1,-1,-1,0,-1,1,-1,6,2,-1,-1,-1,-1,-1,-1,-1,-1,0,-1
2024010487270,2024,010487270,1,1,9,99,99,9,9,99,99,0,9,99,9,99,9,1,1,1,2,34,6,-1,-1,-1,-1,4,E01001836,0,2
2024010528194,2024,010528194,2,9,0,5,5,5,1,0,0,6,0,0,0,0,1,1,6,6,3,-1,-1,-1,-1,-1,-1,-1,-1,0,-1
2024041514404,2024,041514404,1,1,0,-1,19,-1,-1,-1,0,1,0,0,0,0,-1,1,-1,6,1,10,2,-1,-1,-1,-1,1,E01025082,0,1
2024411452401,2024,411452401,1,9,-1,-1,-1,-1,-1,-1,-1,-1,-1,-1,-1,0,-1,9,-1,6,3,-1,-1,-1,-1,-1,-1,-1,-1,0,-1
2024010549694,2024,010549694,2,9,0,99,99,9,9,99,99,9,9,99,9,99,9,9,6,6,2,70,10,-1,-1,-1,-1,3,E01000558,0,1
2024231496700,2024,231496700,2,1,0,-1,19,6,2,-1,0,4,0,0,0,0,3,1,-1,6,1,21,5,-1,-1,-1,-1,1,E01034748,0,1
202417M103624,2024,17M103624,1,97,0,18,19,5,1,0,0,1,0,0,0,0,1,1,6,6,1,-1,-1,-1,-1,-1,-1,-1,-1,0,-1
2024010511002,2024,010511002,1,9,9,18,19,1,5,0,0,9,9,99,9,99,9,9,6,6,1,-1,-1,-1,-1,-1,-1,-1,-1,0,-1
2024302401621,2024,302401621,2,1,0,18,19,3,7,5,5,8,0,0,0,0,3,1,6,6,2,63,9,-1,-1,-1,-1,2,E01013585,0,1
2024010502665,2024,010502665,1,9,0,18,19,7,3,0,0,6,0,0,3,0,3,1,6,6,3,-1,-1,-1,-1,-1,-1,-1,-1,0,-1
2024421438843,2024,421438843,3,9,0,-1,19,2,6,-1,0,0,0,0,0,0,2,1,-1,9,1,42,7,-1,-1,-1,-1,7,E01030171,0,4
2024361402420,2024,361402420,2,8,0,-1,19,5,2,-1,0,0,1,0,0,0,3,1,-1,1,1,58,9,-1,-1,-1,-1,-1,-1,0,-1
2024010488681,2024,010488681,2,1,0,5,5,1,5,0,0,2,5,0,0,0,3,1,6,6,2,25,5,-1,-1,-1,-1,5,E01003186,0,1
2024430589316,2024,430589316,1,-1,0,18,19,8,4,9,9,2,0,0,0,0,1,1,6,6,1,-1,-1,-1,-1,-1,-1,-1,-1,1,-1
2024010487295,2024,010487295,2,9,0,18,19,7,3,0,0,1,9,99,9,10,1,9,6,6,3,-1,-1,-1,-1,-1,-1,-1,-1,0,-1
2024552401467,2024,552401467,1,9,0,9,9,5,3,0,0,6,0,0,0,0,4,1,6,6,3,-1,-1,-1,-1,-1,-1,-1,-1,0,-1
2024122500429,2024,122500429,3,9,0,10,10,1,5,0,0,1,0,0,0,0,1,1,6,6,2,58,9,-1,-1,-1,-1,7,E01027647,0,1
2024010552135,2024,010552135,2,9,0,99,99,9,9,99,99,9,9,99,9,99,9,9,6,6,3,-1,-1,-1,-1,-1,-1,-1,-1,0,-1
2024411446061,2024,411446061,1,9,-1,-1,-1,-1,-1,-1,-1,0,-1,-1,-1,0,-1,9,-1,6,3,-1,-1,-1,-1,-1,-1,-1,-1,0,-1
2024071014528,2024,071014528,1,-1,9,-1,19,7,1,-1,0,8,9,99,9,99,9,-1,-1,-1,3,-1,-1,-1,-1,-1,-1,-1,-1,0,-1
2024522401478,2024,522401478,2,1,0,18,19,9,9,0,0,8,0,0,0,0,9,1,6,6,3,-1,-1,-1,-1,-1,-1,-1,-1,0,-1
2024010539727,2024,010539727,1,1,0,18,19,5,1,0,0,8,0,0,0,0,3,1,6,6,1,29,6,-1,-1,-1,-1,3,E01002131,0,1
2024111427125,2024,111427125,1,9,0,-1,19,6,2,-1,0,1,0,0,0,0,1,1,-1,6,3,30,6,-1,-1,-1,-1,-1,-1,0,-1
2024010537396,2024,010537396,2,9,0,99,99,9,9,99,99,9,9,99,9,99,1,9,6,6,3,-1,-1,-1,-1,-1,-1,7,E01003867,0,2
2024131505613,2024,131505613,1,9,0,-1,9,3,1,-1,0,6,0,0,0,0,1,1,-1,6,2,27,6,-1,-1,-1,-1,8,E01011893,0,1
2024052402512,2024,052402512,1,9,0,18,19,4,8,0,0,1,0,0,0,0,4,1,6,6,3,-1,-1,-1,-1,-1,-1,-1,-1,0,-1
2024311441613,2024,311441613,1,97,0,-1,8,3,7,-1,0,1,0,0,0,0,2,1,-1,6,1,61,9,-1,-1,-1,-1,-1,-1,0,-1
2024371443647,2024,371443647,2,9,0,-1,19,5,1,-1,0,1,0,0,0,0,2,1,-1,2,2,54,8,-1,-1,-1,-1,6,E01030020,0,1
2024010493629,2024,010493629,1,1,9,99,99,4,8,99,99,9,9,99,9,99,1,1,6,6,3,-1,-1,-1,-1,-1,-1,6,E01003946,0,2
2024544345624,2024,544345624,1,1,0,18,19,1,5,0,0,0,0,0,0,0,1,1,6,6,1,65,9,-1,-1,-1,-1,9,E01033847,0,2
2024320188980,2024,320188980,1,2,0,-1,-1,2,6,9,9,0,0,0,0,0,1,1,6,6,1,-1,-1,-1,-1,-1,-1,-1,-1,0,-1
2024070417616,2024,070417616,1,5,0,18,19,6,2,0,0,4,5,9,3,0,1,1,2,2,1,43,7,-1,-1,-1,-1,2,E01006866,0,4
2024101449677,2024,101449677,1,23,0,-1,9,2,7,-1,0,8,0,0,0,0,1,1,-1,6,1,17,4,-1,-1,-1,-1,-1,-1,0,-1
2024010525657,2024,010525657,1,9,0,9,9,2,7,0,0,8,0,0,0,0,1,1,2,2,1,37,7,-1,-1,-1,-1,6,E01003033,0,1
2024010515336,2024,010515336,2,98,9,99,99,9,9,99,99,9,9,99,9,99,9,9,6,6,3,-1,-1,-1,-1,-1,-1,-1,-1,0,-1
2024311425952,2024,311425952,1,1,0,-1,3,7,3,-1,0,1,0,0,0,0,2,1,-1,6,1,31,6,-1,-1,-1,-1,-1,-1,0,-1
2024070028378,2024,070028378,1,9,0,5,5,1,7,0,0,6,0,0,0,11,1,1,2,2,2,37,7,-1,-1,-1,-1,-1,-1,0,-1
2024041529515,2024,041529515,1,9,0,-1,9,4,8,-1,0,1,0,0,0,0,1,9,-1,6,3,-1,-1,-1,-1,-1,-1,-1,-1,0,-1
2024411470662,2024,411470662,2,1,0,-1,19,7,3,-1,9,1,2,0,0,0,0,1,-1,2,1,58,9,-1,-1,-1,-1,10,E01023878,0,1
2024231405486,2024,231405486,2,9,0,-1,19,8,4,-1,0,0,0,0,0,0,2,1,-1,6,1,23,5,-1,-1,-1,-1,2,E01009662,0,2
2024201393684,2024,201393684,1,9,0,-1,19,2,6,-1,0,0,0,0,0,0,1,1,-1,6,1,-1,-1,-1,-1,-1,-1,-1,-1,0,-1
202460Q162400,2024,60Q162400,2,1,0,18,19,1,5,0,0,0,0,0,0,0,1,1,6,6,1,38,7,-1,-1,-1,-1,-1,-1,0,-1
2024531403564,2024,531403564,1,9,0,-1,7,7,1,-1,5,0,0,0,2,0,1,1,-1,9,1,65,9,-1,-1,-1,-1,7,E01034807,0,1
2024010490881,2024,010490881,1,3,0,99,99,9,9,99,99,9,9,99,9,99,2,1,1,1,1,23,5,-1,-1,-1,-1,4,E01001459,0,2
2024010498502,2024,010498502,1,9,0,9,9,5,2,0,0,8,0,0,0,0,1,1,6,6,2,54,8,-1,-1,-1,-1,2,E01001603,0,1
2024131477026,2024,131477026,2,1,0,-1,12,3,7,-1,0,2,5,0,0,0,3,1,-1,6,1,73,10,-1,-1,-1,-1,3,E01011776,0,1
2024320338732,2024,320338732,1,9,0,-1,-1,5,1,0,0,1,0,0,2,2,4,1,6,6,1,74,10,-1,-1,-1,-1,8,E01026202,0,3
2024411425285,2024,411425285,3,9,0,-1,19,5,1,-1,0,0,0,0,1,2,2,1,-1,9,2,38,7,-1,-1,-1,-1,8,E01018254,0,4
2024501424576,2024,501424576,2,1,0,-1,12,7,5,-1,0,1,5,0,0,0,3,1,-1,2,1,51,8,-1,-1,-1,-1,2,E01020014,0,1
2024231462259,2024,231462259,2,1,0,-1,19,4,7,-1,0,8,0,0,0,0,1,1,-1,9,2,38,7,-1,-1,-1,-1,5,E01031327,0,2
2024201467712,2024,201467712,1,9,0,-1,19,2,6,-1,0,0,0,0,0,0,1,1,-1,6,-1,-1,-1,-1,-1,-1,-1,-1,-1,0,-1
2024010492592,2024,010492592,2,9,0,99,99,9,9,99,99,9,9,99,9,99,1,9,6,6,3,-1,-1,-1,-1,-1,-1,-1,-1,0,-1
2024440532993,2024,440532993,2,9,0,18,19,4,8,0,0,1,0,0,0,0,1,1,6,6,1,27,6,-1,-1,-1,-1,7,E01022673,0,1
2024991501294,2024,991501294,2,9,0,-1,19,1,5,-1,0,0,0,0,0,0,2,1,-1,6,1,37,7,-1,-1,-1,-1,-1,-1,0,-1
2024440105912,2024,440105912,1,19,0,18,19,1,5,0,0,1,0,0,0,0,4,1,6,6,3,-1,-1,-1,-1,-1,-1,-1,-1,0,-1
2024201482897,2024,201482897,2,9,0,-1,2,0,0,-1,0,0,0,0,0,0,2,9,-1,7,2,40,7,-1,-1,-1,-1,1,E01033646,0,1
2024371455147,2024,371455147,2,1,0,-1,-1,-1,-1,-1,-1,0,-1,-1,-1,0,1,1,-1,6,1,55,8,-1,-1,-1,-1,10,E01030204,0,1
2024401498320,2024,401498320,1,98,-1,-1,-1,-1,-1,-1,-1,0,-1,-1,-1,0,-1,9,-1,6,3,-1,-1,-1,-1,-1,-1,-1,-1,0,-1
2024061459137,2024,061459137,2,9,0,-1,3,6,2,-1,0,0,0,0,0,0,2,1,-1,9,1,32,6,-1,-1,-1,-1,5,E01004934,0,2
2024471496951,2024,471496951,3,9,0,-1,19,6,2,-1,0,0,0,0,0,0,1,2,-1,9,2,32,6,-1,-1,-1,-1,-1,-1,0,-1
2024131492136,2024,131492136,1,23,0,-1,-1,-1,-1,-1,9,1,-1,-1,-1,-1,-1,1,-1,6,3,-1,-1,-1,-1,-1,-1,-1,-1,0,-1
2024501496702,2024,501496702,1,-1,0,-1,19,3,7,-1,9,1,0,0,0,0,2,1,-1,6,3,-1,-1,-1,-1,-1,-1,-1,-1,1,-1
2024461471484,2024,461471484,1,9,0,-1,19,7,3,-1,0,1,0,0,0,0,0,9,-1,6,2,-1,-1,-1,-1,-1,-1,-1,-1,0,-1
2024010491773,2024,010491773,1,9,0,99,99,9,9,99,99,9,9,99,9,99,2,9,6,6,1,44,7,-1,-1,-1,-1,5,E01002492,0,1
2024201437103,2024,201437103,1,1,0,-1,19,6,2,-1,9,0,0,0,0,0,1,1,-1,9,1,15,3,-1,-1,-1,-1,1,E01009130,0,1
2024430571003,2024,430571003,1,9,0,18,19,4,8,0,0,0,1,0,1,4,1,1,6,6,1,78,11,-1,-1,-1,-1,8,E01028666,0,2
2024010521464,2024,010521464,2,1,0,18,19,5,1,0,0,1,0,0,0,0,2,1,1,1,1,25,5,-1,-1,-1,-1,3,E01003563,0,1
2024010489010,2024,010489010,3,9,0,18,19,1,5,0,0,1,0,0,0,0,1,1,6,6,2,58,9,-1,-1,-1,-1,3,E01004125,0,1
2024161474256,2024,161474256,1,9,0,-1,1,5,1,-1,9,0,0,0,0,0,2,9,-1,6,2,-1,-1,-1,-1,-1,-1,-1,-1,0,-1
2024010517736,2024,010517736,2,9,0,7,7,1,3,0,0,8,0,0,0,0,1,1,6,6,3,23,5,-1,-1,-1,-1,-1,-1,0,-1
2024320091977,2024,320091977,1,9,0,-1,-1,4,8,0,0,8,0,0,0,0,1,1,1,1,2,35,6,-1,-1,-1,-1,9,E01026370,0,4
2024010487832,2024,010487832,3,9,0,2,2,0,0,0,0,0,0,0,0,0,1,1,6,6,3,-1,-1,-1,-1,-1,-1,-1,-1,0,-1
2024311435353,2024,311435353,1,9,0,-1,1,3,7,-1,0,0,0,0,0,0,2,1,-1,2,3,41,7,-1,-1,-1,-1,6,E01028003,0,1
2024411455376,2024,411455376,1,1,0,-1,19,6,2,-1,0,4,0,0,0,0,1,1,-1,6,1,73,10,-1,-1,-1,-1,4,E01023930,0,1
2024471464037,2024,471464037,2,1,0,-1,19,7,3,-1,0,8,0,0,0,0,3,1,-1,6,1,36,7,-1,-1,-1,-1,7,E01031837,0,2
2024501503169,2024,501503169,1,9,0,-1,2,0,0,-1,4,0,0,0,0,0,2,1,-1,6,-1,-1,-1,-1,-1,-1,-1,-1,-1,0,-1
2024010491847,2024,010491847,1,9,0,99,99,9,9,99,99,9,9,99,9,99,9,9,6,6,2,34,6,-1,-1,-1,-1,8,E01000236,0,1
2024111529140,2024,111529140,2,9,0,-1,15,5,1,-1,0,8,5,0,0,0,1,1,-1,6,1,31,6,-1,-1,-1,-1,5,E01033543,0,4
2024010489318,2024,010489318,2,9,0,18,19,7,3,0,0,0,0,12,0,0,1,1,6,6,2,53,8,-1,-1,-1,-1,8,E01001027,0,1
2024010517395,2024,010517395,2,-1,0,18,19,5,1,0,0,8,0,0,0,0,1,1,6,6,1,27,6,-1,-1,-1,-1,7,E01032767,1,1
2024010538175,2024,010538175,1,1,9,99,99,9,9,99,99,9,9,99,9,99,9,1,2,2,1,39,7,-1,-1,-1,-1,2,E01004286,0,1
2024520002880,2024,520002880,2,1,0,18,19,-1,-1,0,0,8,0,0,0,0,1,1,6,6,1,35,6,-1,-1,-1,-1,4,E01014448,0,1
2024320078331,2024,320078331,2,9,0,-1,-1,4,8,0,0,1,0,0,0,0,2,1,-1,-1,2,38,7,-1,-1,-1,-1,3,E01026060,0,3
2024010517615,2024,010517615,1,19,0,2,2,7,3,0,0,0,0,0,7,0,0,1,6,6,2,59,9,-1,-1,-1,-1,2,E01004236,0,1
2024361440909,2024,361440909,1,19,0,-1,5,6,3,-1,0,7,0,0,0,0,3,1,-1,9,1,60,9,-1,-1,-1,-1,5,E01026879,0,3
2024010530716,2024,010530716,1,1,0,99,99,9,9,0,0,9,0,0,0,0,9,1,2,2,1,62,9,-1,-1,-1,-1,7,E01002334,0,1
2024010488596,2024,010488596,1,9,0,99,99,9,9,99,99,9,9,99,9,99,2,9,2,2,1,68,10,-1,-1,-1,-1,5,E01004644,0,1
2024010492258,2024,010492258,1,3,0,99,99,9,9,99,99,0,9,99,9,99,2,1,1,1,1,22,5,-1,-1,-1,-1,3,E01003594,0,2
2024010495839,2024,010495839,2,19,0,99,99,9,9,99,99,0,9,99,9,99,2,9,6,6,3,36,7,-1,-1,-1,-1,3,E01034483,0,1
2024302400487,2024,302400487,2,9,0,2,2,0,0,0,0,1,0,0,0,0,2,1,6,6,3,-1,-1,-1,-1,-1,-1,-1,-1,0,-1
2024321516211,2024,321516211,1,9,0,-1,19,8,4,-1,0,0,1,0,2,11,1,1,-1,2,2,19,4,-1,-1,-1,-1,9,E01032683,0,1
2024231479078,2024,231479078,1,9,0,-1,11,8,4,-1,0,0,0,0,0,0,0,9,-1,6,3,38,7,-1,-1,-1,-1,-1,-1,0,-1
2024010488013,2024,010488013,1,1,9,99,99,9,9,99,99,0,9,99,9,99,9,1,6,6,1,39,7,-1,-1,-1,-1,3,E01004467,0,1
2024320045077,2024,320045077,1,9,0,13,13,6,2,0,0,0,5,0,1,0,2,1,-1,-1,1,59,9,-1,-1,-1,-1,-1,-1,0,-1
2024010515709,2024,010515709,1,-1,0,18,19,7,3,0,0,8,0,0,0,0,1,1,6,6,3,-1,-1,-1,-1,-1,-1,-1,-1,1,-1
2024070360458,2024,070360458,1,9,0,9,9,5,3,0,0,8,0,0,0,0,1,1,6,6,2,52,8,-1,-1,-1,-1,9,E01012448,0,2
2024010487863,2024,010487863,3,19,9,99,99,9,9,99,99,9,9,99,0,0,9,9,6,6,3,-1,-1,-1,-1,-1,-1,-1,-1,0,-1
202460Q153726,2024,60Q153726,2,9,0,5,5,1,6,0,0,4,0,0,0,0,4,1,6,6,1,32,6,-1,-1,-1,-1,-1,-1,0,-1
2024440160271,2024,440160271,2,19,0,9,9,1,7,0,0,8,0,0,0,0,4,1,6,6,3,-1,-1,-1,-1,-1,-1,-1,-1,0,-1
2024440260999,2024,440260999,2,19,0,17,19,6,3,0,0,0,0,0,0,0,1,1,2,2,1,19,4,-1,-1,-1,-1,10,E01023180,0,1
2024070397596,2024,070397596,1,9,0,2,2,3,7,0,0,1,0,4,0,0,1,1,6,6,1,65,9,-1,-1,-1,-1,-1,-1,0,-1
2024010489194,2024,010489194,1,3,0,99,99,9,9,99,99,9,9,99,9,99,2,1,6,6,1,43,7,-1,-1,-1,-1,2,E01000603,0,1
2024052400369,2024,052400369,2,1,0,18,19,1,5,0,0,1,0,0,0,0,1,1,6,6,1,28,6,-1,-1,-1,-1,5,E01033762,0,1
2024010545499,2024,010545499,2,9,0,99,99,9,9,99,99,9,9,99,9,99,1,9,6,6,3,-1,-1,-1,-1,-1,-1,-1,-1,0,-1
2024010490611,2024,010490611,1,11,0,5,5,3,7,0,0,1,0,0,0,0,1,1,1,1,1,65,9,-1,-1,-1,-1,3,E01001864,0,1
2024052400630,2024,052400630,2,-1,0,18,19,8,4,0,0,1,0,0,0,0,3,1,6,6,1,14,3,-1,-1,-1,-1,3,E01006717,1,1
2024070771641,2024,070771641,1,9,0,-1,19,5,1,-1,0,1,0,0,1,4,4,1,-1,6,2,-1,-1,-1,-1,-1,-1,-1,-1,0,-1
2024122400496,2024,122400496,1,9,0,13,13,2,6,0,0,1,0,0,0,0,3,1,6,6,3,-1,-1,-1,-1,-1,-1,-1,-1,0,-1
2024010521864,2024,010521864,1,9,0,18,19,7,3,0,0,5,0,0,0,0,0,1,6,6,1,39,7,-1,-1,-1,-1,4,E01000472,0,2
2024122400999,2024,122400999,1,1,0,18,19,8,4,0,0,1,0,0,0,0,1,1,6,6,3,-1,-1,-1,-1,-1,-1,-1,-1,0,-1
2024010488583,2024,010488583,2,9,0,9,9,5,2,0,0,6,0,0,0,0,1,1,1,1,1,38,7,-1,-1,-1,-1,7,E01002412,0,1
2024131504558,2024,131504558,2,1,0,-1,4,6,2,-1,0,1,0,0,0,0,2,1,-1,2,1,25,5,-1,-1,-1,-1,1,E01010828,0,1
2024010543054,2024,010543054,2,1,0,9,9,4,3,0,0,1,0,0,0,0,1,1,1,1,1,34,6,-1,-1,-1,-1,5,E01003666,0,3
2024340WN1382,2024,340WN1382,2,1,0,-1,19,8,4,-1,0,3,0,0,0,0,4,1,-1,9,1,27,6,-1,-1,-1,-1,2,E01027214,0,1
2024101450567,2024,101450567,1,9,0,-1,19,3,7,-1,0,1,0,0,0,0,1,9,-1,6,1,-1,-1,-1,-1,-1,-1,-1,-1,0,-1
2024501535671,2024,501535671,1,5,0,-1,19,7,3,-1,0,1,1,0,0,0,1,1,-1,9,1,38,7,-1,-1,-1,-1,6,E01034627,0,1
2024010491017,2024,010491017,1,9,0,4,4,3,7,0,0,0,0,0,0,0,1,1,3,7,1,46,8,-1,-1,-1,-1,3,E01004323,0,1
2024430163744,2024,430163744,1,9,0,16,19,5,8,0,0,0,1,0,0,0,4,1,6,6,1,33,6,-1,-1,-1,-1,3,E01015510,0,4
2024371466194,2024,371466194,2,1,0,-1,19,6,2,-1,0,1,0,0,0,0,1,1,-1,1,1,31,6,-1,-1,-1,-1,3,E01030123,0,1
2024010516734,2024,010516734,1,19,0,7,7,3,5,0,0,8,0,0,0,0,0,1,6,6,1,-1,-1,-1,-1,-1,-1,-1,-1,0,-1
2024010515717,2024,010515717,2,9,0,99,99,9,9,99,99,9,9,99,9,99,1,9,6,6,3,34,6,-1,-1,-1,-1,-1,-1,0,-1
2024010523525,2024,010523525,2,1,9,99,99,9,9,99,99,1,9,99,9,99,9,1,2,2,1,33,6,-1,-1,-1,-1,5,E01001275,0,2
2024401521539,2024,401521539,2,1,-1,-1,-1,-1,-1,-1,-1,0,-1,-1,-1,0,-1,1,-1,9,1,22,5,-1,-1,-1,-1,2,E01015774,0,1
2024340NN2152,2024,340NN2152,1,9,0,-1,19,5,1,-1,0,1,0,0,0,0,4,1,-1,6,1,-1,-1,-1,-1,-1,-1,-1,-1,0,-1
2024622400699,2024,622400699,1,9,0,18,19,2,6,0,0,8,0,0,0,0,1,1,2,2,1,46,8,-1,-1,-1,-1,9,W01001135,0,2
2024631459430,2024,631459430,1,9,0,-1,19,4,8,-1,0,1,0,0,0,0,1,1,-1,6,3,-1,-1,-1,-1,-1,-1,-1,-1,0,-1
2024010534261,2024,010534261,2,1,0,18,19,5,1,0,0,1,0,0,0,0,1,1,6,6,1,51,8,-1,-1,-1,-1,-1,-1,0,-1
2024141490620,2024,141490620,2,1,0,-1,19,7,3,-1,0,8,0,0,0,0,3,1,-1,6,1,53,8,-1,-1,-1,-1,5,E01007696,0,3
2024010527547,2024,010527547,2,9,0,9,9,5,2,0,0,1,0,0,0,0,4,1,6,6,1,-1,-1,-1,-1,-1,-1,-1,-1,0,-1
2024061532875,2024,061532875,2,90,0,-1,2,0,0,-1,9,0,0,0,0,0,3,1,-1,1,1,33,6,-1,-1,-1,-1,1,E01006016,0,2
2024430464132,2024,430464132,2,1,0,18,19,2,6,0,0,6,0,0,0,0,1,1,4,7,1,13,3,-1,-1,-1,-1,8,E01017660,0,1
202454B178124,2024,54B178124,2,1,0,18,19,6,2,0,0,0,0,0,0,0,3,1,6,6,1,15,3,-1,-1,-1,-1,3,E01031956,0,1
2024461521940,2024,461521940,2,22,0,-1,19,5,1,-1,0,0,2,0,0,0,2,1,-1,6,2,96,11,-1,-1,-1,-1,-1,-1,0,-1
2024010513034,2024,010513034,2,98,9,99,99,9,9,99,99,9,9,99,9,99,9,9,6,6,3,-1,-1,-1,-1,-1,-1,-1,-1,0,-1
2024421404141,2024,421404141,1,9,0,-1,19,5,1,-1,0,3,0,0,0,0,4,9,-1,6,3,-1,-1,-1,-1,-1,-1,-1,-1,0,-1
2024010491641,2024,010491641,2,9,0,99,99,9,9,99,99,9,9,99,9,99,9,9,6,6,3,-1,-1,-1,-1,-1,-1,-1,-1,0,-1
2024351502091,2024,351502091,1,98,-1,-1,-1,-1,-1,-1,-1,-1,-1,-1,-1,0,-1,9,-1,6,3,-1,-1,-1,-1,-1,-1,-1,-1,0,-1
2024010519286,2024,010519286,1,1,9,99,99,9,9,99,99,9,9,99,9,99,2,1,6,6,2,53,8,-1,-1,-1,-1,3,E01034140,0,1
2024546207924,2024,546207924,1,1,0,10,10,4,8,0,0,0,0,0,0,0,3,1,6,6,1,41,7,-1,-1,-1,-1,5,E01032048,0,1
2024361505496,2024,361505496,2,9,0,-1,13,4,3,-1,0,0,0,0,0,0,1,1,-1,1,1,59,9,-1,-1,-1,-1,8,E01030293,0,4
2024201536127,2024,201536127,3,9,0,-1,2,0,0,-1,0,2,0,0,0,0,4,1,-1,2,2,51,8,-1,-1,-1,-1,4,E01028847,0,4
2024010495634,2024,010495634,1,19,0,99,99,9,9,99,99,9,9,99,9,99,9,9,1,1,1,34,6,-1,-1,-1,-1,4,E01003405,0,1
2024122400184,2024,122400184,2,9,0,18,19,1,5,0,0,0,0,0,0,0,2,1,6,6,2,51,8,-1,-1,-1,-1,8,E01034967,0,3