collision_index,collision_year,collision_ref_no,vehicle_reference,vehicle_type,towing_and_articulation,vehicle_manoeuvre_historic,vehicle_manoeuvre,vehicle_direction_from,vehicle_direction_to,vehicle_location_restricted_lane_historic,vehicle_location_restricted_lane,junction_location,skidding_and_overturning,hit_object_in_carriageway,vehicle_leaving_carriageway,hit_object_off_carriageway,first_point_of_impact,vehicle_left_hand_drive,journey_purpose_of_driver_historic,journey_purpose_of_driver,sex_of_driver,age_of_driver,age_band_of_driver,engine_capacity_cc,propulsion_code,age_of_vehicle,generic_make_model,driver_imd_decile,lsoa_of_driver,escooter_flag,driver_distance_banding
2024010507099,2024,010507099,2,23,0,18,19,7,3,0,0,1,0,0,0,0,2,1,1,1,1,31,6,-1,-1,-1,-1,2,E01001161,0,1
2024501492150,2024,501492150,2,9,0,-1,19,7,3,-1,0,0,1,0,7,0,4,9,-1,6,1,24,5,-1,-1,-1,-1,2,E01015242,0,3
2024041481031,2024,041481031,2,1,0,-1,19,3,7,-1,0,0,0,0,0,0,4,1,-1,6,1,6,2,-1,-1,-1,-1,1,E01024908,0,1
2024320654355,2024,320654355,2,9,0,-1,-1,6,2,0,0,1,0,10,1,0,2,1,-1,-1,1,49,8,-1,-1,-1,-1,-1,-1,0,-1
2024421410335,2024,421410335,2,1,0,-1,19,8,3,-1,9,0,0,0,0,0,0,1,-1,9,2,7,2,-1,-1,-1,-1,8,E01035159,0,1
2024471469805,2024,471469805,2,9,0,-1,19,7,3,-1,0,0,0,0,0,0,1,1,-1,2,1,38,7,-1,-1,-1,-1,8,E01031840,0,4
2024010528410,2024,010528410,1,1,5,99,99,9,9,0,0,9,9,0,0,0,9,1,6,6,3,29,6,-1,-1,-1,-1,8,E01004514,0,1
2024031450722,2024,031450722,1,1,0,-1,19,8,5,-1,0,0,1,0,0,0,1,1,-1,9,1,35,6,-1,-1,-1,-1,-1,-1,0,-1
2024211527971,2024,211527971,1,9,4,-1,19,7,3,-1,-1,0,0,0,0,0,3,1,-1,6,1,68,10,-1,-1,-1,-1,5,E01019611,0,3
2024340NN4482,2024,340NN4482,2,9,0,-1,9,5,3,-1,0,3,0,0,0,0,4,1,-1,6,1,43,7,-1,-1,-1,-1,6,E01027090,0,2
2024010522940,2024,010522940,2,9,0,99,99,9,9,99,99,5,9,99,9,99,1,9,6,6,3,-1,-1,-1,-1,-1,-1,2,E01001263,0,1
2024111438299,2024,111438299,2,9,0,-1,19,4,8,-1,0,1,0,0,0,0,1,9,-1,6,1,30,6,-1,-1,-1,-1,-1,-1,0,-1
2024010490383,2024,010490383,1,9,0,99,99,9,9,99,99,9,9,99,9,99,9,9,6,6,2,44,7,-1,-1,-1,-1,6,E01003223,0,1
2024010516297,2024,010516297,1,1,0,7,7,3,5,0,0,1,0,0,0,0,2,1,6,6,1,52,8,-1,-1,-1,-1,2,E01033148,0,1
2024440291150,2024,440291150,1,1,0,18,19,2,6,0,0,8,0,0,0,0,3,1,2,2,1,19,4,-1,-1,-1,-1,6,E01034717,0,1
2024201494529,2024,201494529,1,9,0,-1,9,1,7,-1,0,6,0,0,0,0,1,9,-1,6,1,35,6,-1,-1,-1,-1,-1,-1,0,-1
2024131470130,2024,131470130,1,1,0,-1,19,7,3,-1,0,0,0,0,0,0,1,1,-1,6,3,-1,-1,-1,-1,-1,-1,-1,-1,0,-1
2024332400121,2024,332400121,1,9,0,-1,19,3,8,-1,0,0,2,0,1,4,1,1,-1,9,2,30,6,-1,-1,-1,-1,6,E01025897,0,4
2024010509196,2024,010509196,2,1,0,18,19,1,5,0,0,0,0,8,0,0,1,1,2,2,1,44,7,-1,-1,-1,-1,8,E01027297,0,4
2024440503224,2024,440503224,1,9,0,3,3,7,3,0,0,1,0,0,0,0,2,1,1,1,1,27,6,-1,-1,-1,-1,3,E01032738,0,1
2024430279383,2024,430279383,1,1,0,13,13,4,8,0,0,8,0,0,0,0,1,1,1,1,1,17,4,-1,-1,-1,-1,-1,-1,0,-1
2024351416645,2024,351416645,1,9,0,-1,-1,-1,-1,-1,-1,-1,-1,-1,-1,0,-1,9,-1,6,3,-1,-1,-1,-1,-1,-1,-1,-1,0,-1
2024010508307,2024,010508307,1,9,0,7,7,7,1,0,0,6,0,0,0,0,4,1,6,6,1,32,6,-1,-1,-1,-1,7,E01002171,0,3
2024010509144,2024,010509144,1,98,0,99,99,9,9,99,99,9,9,99,9,99,2,9,6,6,1,29,6,-1,-1,-1,-1,3,E01003068,0,3
2024141418985,2024,141418985,1,9,0,-1,19,1,5,-1,0,0,0,0,0,0,0,9,-1,6,3,-1,-1,-1,-1,-1,-1,-1,-1,0,-1
2024122401184,2024,122401184,2,9,0,17,19,7,3,0,0,0,0,0,0,0,3,1,6,6,1,75,10,-1,-1,-1,-1,6,E01011738,0,4
2024622400587,2024,622400587,2,1,0,16,19,6,8,0,0,1,0,0,0,0,1,1,6,6,2,38,7,-1,-1,-1,-1,8,W01000892,0,3
2024430512167,2024,430512167,2,1,0,18,19,5,1,0,0,8,0,0,0,0,1,1,6,6,2,34,6,-1,-1,-1,-1,10,E01016604,0,2
2024401432669,2024,401432669,2,1,0,-1,-1,-1,-1,-1,-1,-1,-1,-1,-1,0,2,1,-1,2,1,28,6,-1,-1,-1,-1,5,E01017557,0,1
2024041420760,2024,041420760,1,9,0,-1,1,1,5,-1,0,0,0,0,0,0,2,9,-1,6,-1,-1,-1,-1,-1,-1,-1,-1,-1,0,-1
2024461453695,2024,461453695,2,1,0,-1,19,-1,-1,-1,0,1,0,0,0,0,1,1,-1,7,1,15,3,-1,-1,-1,-1,9,E01032813,0,1
2024070889799,2024,070889799,1,9,0,-1,13,5,1,-1,0,0,0,2,0,-1,4,9,-1,6,3,-1,-1,-1,-1,-1,-1,-1,-1,0,-1
2024131457540,2024,131457540,2,1,0,-1,19,7,3,-1,0,8,5,0,0,0,4,1,-1,6,1,14,3,-1,-1,-1,-1,1,E01010722,0,1
2024131416692,2024,131416692,1,9,0,-1,-1,-1,-1,-1,-1,0,-1,-1,-1,0,-1,1,-1,6,3,-1,-1,-1,-1,-1,-1,-1,-1,0,-1
2024401525872,2024,401525872,1,9,0,-1,9,5,3,-1,0,0,5,0,0,0,1,1,-1,6,2,68,10,-1,-1,-1,-1,10,E01017419,0,1
2024010524615,2024,010524615,2,1,0,18,19,3,7,0,0,2,0,0,0,0,1,1,6,6,1,52,8,-1,-1,-1,-1,2,E01001961,0,1
2024471413644,2024,471413644,2,9,0,-1,14,-1,-1,-1,99,0,1,0,0,0,3,1,-1,6,2,-1,-1,-1,-1,-1,-1,-1,-1,0,-1
2024461522059,2024,461522059,1,99,0,-1,19,7,3,-1,0,0,0,0,0,0,1,9,-1,6,1,43,7,-1,-1,-1,-1,1,E01024597,0,1
2024010495054,2024,010495054,2,9,0,99,99,9,9,99,99,0,9,99,9,99,1,9,6,6,1,-1,-1,-1,-1,-1,-1,6,E01000400,0,1
2024010528369,2024,010528369,1,9,0,7,7,4,7,0,0,1,0,0,1,0,4,1,6,6,3,-1,-1,-1,-1,-1,-1,-1,-1,0,-1
2024010494422,2024,010494422,1,9,0,18,19,1,5,0,0,0,0,0,0,0,1,1,6,6,1,50,8,-1,-1,-1,-1,6,E01001214,0,1
2024010532059,2024,010532059,1,1,9,99,99,9,9,99,99,9,9,99,9,99,9,1,2,2,2,30,6,-1,-1,-1,-1,8,E01004545,0,1
2024320650722,2024,320650722,1,9,0,-1,-1,2,6,0,0,3,0,0,0,0,1,1,6,6,3,-1,-1,-1,-1,-1,-1,-1,-1,0,-1
2024201499993,2024,201499993,1,9,0,-1,4,4,1,-1,0,2,0,0,0,0,1,1,-1,6,1,18,4,-1,-1,-1,-1,1,E01009152,0,1
2024010516709,2024,010516709,2,1,0,17,19,3,7,0,0,8,0,0,0,0,4,1,2,2,1,37,7,-1,-1,-1,-1,2,E01001206,0,1
2024161485992,2024,161485992,2,9,0,-1,19,3,7,-1,0,1,0,0,0,0,1,1,-1,6,3,-1,-1,-1,-1,-1,-1,-1,-1,0,-1
2024201417604,2024,201417604,2,9,0,-1,19,2,6,-1,0,8,0,0,0,0,1,1,-1,9,3,40,7,-1,-1,-1,-1,-1,-1,0,-1
2024451403932,2024,451403932,1,98,0,-1,19,7,3,-1,0,0,0,0,0,0,4,9,-1,6,3,45,7,-1,-1,-1,-1,-1,-1,0,-1
2024131400112,2024,131400112,1,9,0,-1,-1,-1,-1,-1,-1,0,-1,-1,-1,-1,-1,1,-1,6,3,-1,-1,-1,-1,-1,-1,-1,-1,0,-1
2024201489702,2024,201489702,2,9,0,-1,19,3,7,-1,0,8,0,0,0,0,1,9,-1,6,3,-1,-1,-1,-1,-1,-1,-1,-1,0,-1
2024010524336,2024,010524336,2,1,0,15,15,7,3,0,0,1,0,0,0,0,3,1,1,1,1,21,5,-1,-1,-1,-1,3,E01019497,0,5
2024141544753,2024,141544753,2,9,0,-1,19,3,7,-1,0,0,0,0,0,0,1,9,-1,6,3,-1,-1,-1,-1,-1,-1,-1,-1,0,-1
2024010544930,2024,010544930,1,20,0,5,5,5,1,0,0,8,0,0,0,0,4,1,6,6,3,-1,-1,-1,-1,-1,-1,-1,-1,0,-1
2024461463136,2024,461463136,3,9,0,-1,8,4,8,-1,0,1,0,0,0,0,3,1,-1,6,2,50,8,-1,-1,-1,-1,9,E01024791,0,1
2024010536139,2024,010536139,2,1,9,99,99,9,9,99,99,9,9,99,9,99,1,1,6,6,3,-1,-1,-1,-1,-1,-1,-1,-1,0,-1
2024302401192,2024,302401192,1,9,0,7,7,8,2,0,0,8,0,0,0,0,0,1,6,6,3,-1,-1,-1,-1,-1,-1,5,E01019456,0,3
2024421501102,2024,421501102,1,98,1,-1,19,8,4,-1,0,0,0,0,0,0,1,2,-1,6,1,-1,-1,-1,-1,-1,-1,-1,-1,0,-1
2024340WN0922,2024,340WN0922,1,9,0,-1,9,5,1,-1,0,6,0,0,3,10,1,1,-1,9,2,51,8,-1,-1,-1,-1,2,E01027242,0,1
2024061426720,2024,061426720,1,1,0,-1,19,-1,-1,-1,0,1,0,0,0,0,1,1,-1,2,2,44,7,-1,-1,-1,-1,2,E01005122,0,1
2024201467408,2024,201467408,1,9,0,-1,19,2,6,-1,9,0,1,7,0,0,1,1,-1,6,1,20,4,-1,-1,-1,-1,2,E01011157,0,5
2024231501606,2024,231501606,1,19,0,-1,19,4,8,-1,0,0,0,0,0,0,1,9,-1,2,1,27,6,-1,-1,-1,-1,3,E01009947,0,4
2024101472442,2024,101472442,3,9,0,-1,12,4,8,-1,0,0,0,0,0,0,3,1,-1,6,3,16,4,-1,-1,-1,-1,-1,-1,0,-1
2024052402027,2024,052402027,1,9,0,18,19,2,7,0,0,1,0,0,0,0,1,1,6,6,3,-1,-1,-1,-1,-1,-1,-1,-1,0,-1
2024361529513,2024,361529513,2,9,0,-1,2,0,0,-1,0,0,0,0,0,0,2,1,-1,6,-1,-1,-1,-1,-1,-1,-1,-1,-1,0,-1
2024061458227,2024,061458227,3,9,0,-1,19,7,3,-1,0,2,0,0,0,0,1,1,-1,9,2,54,8,-1,-1,-1,-1,8,E01005575,0,1
2024161474193,2024,161474193,1,-1,0,-1,19,1,5,-1,0,0,0,0,0,0,4,9,-1,6,2,17,4,-1,-1,-1,-1,1,E01012877,1,1
2024010494781,2024,010494781,2,9,0,18,19,7,3,0,0,1,0,0,0,0,1,1,2,2,1,43,7,-1,-1,-1,-1,2,E01024306,0,4
2024010495842,2024,010495842,2,9,0,99,99,9,9,99,99,9,9,99,9,99,9,9,6,6,3,-1,-1,-1,-1,-1,-1,-1,-1,0,-1
2024440287900,2024,440287900,2,-1,0,8,8,3,7,0,0,1,0,0,0,0,1,1,1,1,1,26,6,-1,-1,-1,-1,10,E01022741,1,1
2024010493724,2024,010493724,2,1,0,18,19,4,8,0,0,0,0,0,1,0,2,1,2,2,1,35,6,-1,-1,-1,-1,2,E01002545,0,2
2024141458795,2024,141458795,2,9,0,-1,4,6,2,-1,0,4,0,0,0,0,1,1,-1,9,1,28,6,-1,-1,-1,-1,1,E01027976,0,4
2024430407415,2024,430407415,1,9,0,18,19,8,4,0,0,7,1,0,0,0,1,1,2,2,1,26,6,-1,-1,-1,-1,6,E01016467,0,1
2024991435737,2024,991435737,2,1,0,-1,19,7,3,-1,0,8,5,0,0,0,1,1,-1,1,1,58,9,-1,-1,-1,-1,6,-1,0,2
2024440189125,2024,440189125,2,1,0,18,19,1,5,9,9,1,0,0,0,0,1,1,6,6,1,16,4,-1,-1,-1,-1,4,E01017090,0,1
2024552401031,2024,552401031,2,1,0,18,19,4,8,0,0,8,0,0,0,0,3,1,6,6,1,43,7,-1,-1,-1,-1,9,E01015325,0,1
2024010551071,2024,010551071,2,1,9,99,99,9,9,99,99,9,9,99,9,99,1,1,6,6,3,-1,-1,-1,-1,-1,-1,9,E01003834,0,1
2024131525193,2024,131525193,2,1,0,-1,19,5,1,-1,0,1,0,0,0,0,1,1,-1,1,1,27,6,-1,-1,-1,-1,-1,-1,0,-1
2024052401927,2024,052401927,3,9,0,2,2,0,0,0,0,8,0,0,0,0,1,1,6,6,3,-1,-1,-1,-1,-1,-1,-1,-1,0,-1
2024231521537,2024,231521537,2,9,0,-1,19,2,5,-1,0,3,0,0,0,0,4,1,-1,9,1,40,7,-1,-1,-1,-1,7,E01031041,0,2
2024201427051,2024,201427051,1,9,0,-1,10,3,1,-1,0,1,0,0,0,0,1,1,-1,6,1,-1,-1,-1,-1,-1,-1,-1,-1,0,-1
2024991396280,2024,991396280,2,9,0,-1,19,2,7,-1,0,0,0,0,0,0,4,1,-1,9,2,40,7,-1,-1,-1,-1,-1,-1,0,-1
2024201441527,2024,201441527,1,1,0,-1,19,1,5,-1,0,8,0,0,0,0,1,1,-1,6,1,30,6,-1,-1,-1,-1,-1,-1,0,-1
2024111456865,2024,111456865,1,19,0,-1,19,4,8,-1,0,0,0,0,0,0,1,1,-1,6,3,-1,-1,-1,-1,-1,-1,-1,-1,0,-1
2024070164354,2024,070164354,1,9,0,18,19,7,3,0,0,0,0,0,0,0,3,1,2,2,1,40,7,-1,-1,-1,-1,2,E01012482,0,1
2024161482491,2024,161482491,2,9,0,-1,9,2,8,-1,0,0,0,0,0,0,1,1,-1,1,1,25,5,-1,-1,-1,-1,10,E01013088,0,3
2024161402804,2024,161402804,2,1,0,-1,19,5,1,-1,0,8,0,0,0,0,1,1,-1,6,2,41,7,-1,-1,-1,-1,1,E01013312,0,1
2024010527699,2024,010527699,1,9,0,18,19,4,8,0,0,6,0,0,0,0,4,1,6,6,1,38,7,-1,-1,-1,-1,9,E01001107,0,1
2024451432299,2024,451432299,2,9,0,-1,4,1,5,-1,0,8,0,0,0,0,1,1,-1,9,2,27,6,-1,-1,-1,-1,9,E01031730,0,1
2024421504294,2024,421504294,3,9,0,-1,-1,-1,-1,-1,-1,0,-1,-1,-1,0,-1,9,-1,6,3,-1,-1,-1,-1,-1,-1,-1,-1,0,-1
2024101431344,2024,101431344,1,9,0,-1,9,5,3,-1,0,1,0,0,0,0,4,1,-1,9,2,20,4,-1,-1,-1,-1,1,E01008590,0,1
2024010531916,2024,010531916,1,1,0,13,13,1,5,0,0,0,0,0,0,0,4,1,6,6,1,31,6,-1,-1,-1,-1,4,E01000900,0,2
2024430436133,2024,430436133,2,11,0,3,3,3,4,0,0,0,0,0,0,0,0,1,1,1,3,-1,-1,-1,-1,-1,-1,-1,-1,0,-1
2024010510321,2024,010510321,2,9,0,99,99,9,9,99,99,9,9,99,9,99,9,9,6,6,3,-1,-1,-1,-1,-1,-1,-1,-1,0,-1
2024041428670,2024,041428670,1,9,0,-1,5,6,2,-1,0,1,0,0,0,0,1,1,-1,9,2,60,9,-1,-1,-1,-1,4,E01025394,0,2
2024991422567,2024,991422567,1,11,0,-1,19,5,1,-1,0,0,0,0,0,0,4,2,-1,1,1,49,8,-1,-1,-1,-1,-1,-1,0,-1
2024320385980,2024,320385980,2,20,0,-1,-1,5,1,0,0,8,0,0,0,0,4,1,-1,-1,1,82,11,-1,-1,-1,-1,7,E01026236,0,4
2024010493545,2024,010493545,2,97,9,99,99,9,9,99,99,9,9,99,9,99,9,1,6,6,3,-1,-1,-1,-1,-1,-1,-1,-1,0,-1
2024320340987,2024,320340987,2,9,0,-1,-1,8,4,0,0,0,0,0,0,0,1,1,6,6,1,77,11,-1,-1,-1,-1,7,E01011591,0,5
2024546603724,2024,546603724,2,1,0,18,19,4,8,0,0,8,0,0,0,0,4,1,6,6,1,45,7,-1,-1,-1,-1,9,E01032034,0,2
2024010543262,2024,010543262,3,19,0,3,3,5,1,0,0,1,0,0,0,0,2,1,2,2,1,36,7,-1,-1,-1,-1,-1,-1,0,-1
2024161403453,2024,161403453,2,1,0,-1,19,2,6,-1,0,4,0,0,0,0,1,1,-1,6,1,42,7,-1,-1,-1,-1,-1,-1,0,-1
2024010526882,2024,010526882,2,1,0,4,4,7,3,5,5,1,0,0,0,0,1,1,2,2,1,25,5,-1,-1,-1,-1,9,E01002960,0,1
2024041422930,2024,041422930,1,1,0,-1,19,3,7,-1,0,1,0,0,0,0,1,1,-1,6,1,28,6,-1,-1,-1,-1,2,E01012623,0,1
2024161474341,2024,161474341,2,19,0,-1,2,0,0,-1,0,0,0,0,0,0,3,1,-1,6,-1,-1,-1,-1,-1,-1,-1,-1,-1,0,-1
2024010488636,2024,010488636,1,9,0,4,4,1,5,0,0,0,0,0,0,0,1,1,6,6,2,71,10,-1,-1,-1,-1,9,E01002417,0,1
2024361479971,2024,361479971,2,1,0,-1,19,5,4,-1,0,3,0,0,0,0,3,1,-1,2,2,25,5,-1,-1,-1,-1,1,E01026800,0,1
2024991410867,2024,991410867,1,9,0,-1,19,5,1,-1,0,0,0,0,0,0,1,1,-1,6,1,20,4,-1,-1,-1,-1,6,-1,0,3
202460Q068831,2024,60Q068831,2,1,0,18,19,3,7,0,0,0,0,0,1,11,3,1,6,6,1,73,10,-1,-1,-1,-1,-1,-1,0,-1
2024010549958,2024,010549958,1,9,0,99,99,9,9,99,99,9,9,99,9,99,9,9,6,6,1,23,5,-1,-1,-1,-1,3,E01001365,0,1
2024010523631,2024,010523631,2,1,0,9,9,1,7,0,0,8,0,0,0,0,4,1,2,2,1,35,6,-1,-1,-1,-1,2,E01004311,0,1
2024340WN7332,2024,340WN7332,1,9,0,-1,19,5,1,-1,0,2,0,0,0,0,1,1,-1,6,1,32,6,-1,-1,-1,-1,-1,-1,0,-1
2024991513979,2024,991513979,1,9,0,-1,2,0,0,-1,0,2,0,0,0,0,2,2,-1,1,1,36,7,-1,-1,-1,-1,8,-1,0,1
2024161428833,2024,161428833,2,9,0,-1,5,3,7,-1,0,6,0,0,0,0,4,1,-1,6,3,34,6,-1,-1,-1,-1,-1,-1,0,-1
2024411534332,2024,411534332,1,9,0,-1,4,1,1,-1,0,1,0,0,0,0,1,1,-1,9,2,-1,-1,-1,-1,-1,-1,3,E01023573,0,2
2024991413428,2024,991413428,2,1,0,-1,19,7,3,-1,0,0,0,0,0,0,3,1,-1,6,1,49,8,-1,-1,-1,-1,-1,-1,0,-1
2024471506230,2024,471506230,2,9,0,-1,2,0,0,-1,0,0,0,0,0,0,2,1,-1,6,-1,-1,-1,-1,-1,-1,-1,-1,-1,0,-1
2024010550845,2024,010550845,1,9,0,99,99,9,9,99,99,9,9,99,9,99,1,9,6,6,3,-1,-1,-1,-1,-1,-1,-1,-1,0,-1
2024041454088,2024,041454088,2,1,0,-1,9,1,7,-1,0,1,0,0,0,0,2,1,-1,6,1,11,3,-1,-1,-1,-1,6,E01025144,0,1
2024461528234,2024,461528234,1,9,0,-1,19,7,3,-1,0,0,0,0,0,0,1,9,-1,1,3,-1,-1,-1,-1,-1,-1,-1,-1,0,-1
2024401419375,2024,401419375,2,9,0,-1,5,1,7,-1,0,8,0,0,0,0,3,1,-1,9,1,35,6,-1,-1,-1,-1,2,E01015754,0,1
2024010509796,2024,010509796,2,1,0,18,19,5,1,0,0,0,0,0,0,0,1,1,6,6,2,46,8,-1,-1,-1,-1,8,E01003860,0,2
2024010487752,2024,010487752,1,11,0,99,99,9,9,99,99,9,9,99,9,99,9,9,6,6,3,-1,-1,-1,-1,-1,-1,-1,-1,0,-1
2024010493901,2024,010493901,1,9,0,17,19,1,5,0,0,8,0,0,0,0,1,1,6,6,2,31,6,-1,-1,-1,-1,5,E01021443,0,1
2024010487445,2024,010487445,2,9,0,3,3,2,6,0,0,1,0,0,0,0,2,1,6,6,1,21,5,-1,-1,-1,-1,9,E01003901,0,1
2024461467715,2024,461467715,1,9,0,-1,9,1,3,-1,0,8,0,0,0,0,1,1,-1,9,2,37,7,-1,-1,-1,-1,2,E01023974,0,1
2024520401951,2024,520401951,2,1,0,18,19,2,1,0,0,8,0,0,0,0,1,1,6,6,1,12,3,-1,-1,-1,-1,6,E01029218,0,1
2024552400354,2024,552400354,1,9,0,18,19,8,4,0,0,0,0,0,0,0,1,1,6,6,2,30,6,-1,-1,-1,-1,9,E01020369,0,1
2024010549514,2024,010549514,2,9,0,99,99,9,9,99,99,9,9,99,9,99,1,9,6,6,3,-1,-1,-1,-1,-1,-1,-1,-1,0,-1
202417L206224,2024,17L206224,1,1,0,-1,19,4,8,-1,0,8,0,0,0,0,3,1,-1,9,1,50,8,-1,-1,-1,-1,-1,-1,0,-1
2024411430107,2024,411430107,2,1,0,-1,19,8,4,-1,0,1,0,0,0,0,2,1,-1,9,1,33,6,-1,-1,-1,-1,6,E01035564,0,2
2024552400359,2024,552400359,1,9,0,9,9,5,3,0,0,5,0,0,0,0,1,1,6,6,1,75,10,-1,-1,-1,-1,3,E01020502,0,1
2024311475286,2024,311475286,2,1,0,-1,19,3,1,-1,0,8,0,0,0,0,2,1,-1,6,1,69,10,-1,-1,-1,-1,4,E01013534,0,3
202460Q095342,2024,60Q095342,2,9,0,9,9,1,7,0,0,2,0,0,0,0,1,1,6,6,1,74,10,-1,-1,-1,-1,-1,-1,0,-1
2024010513314,2024,010513314,1,1,9,99,99,9,9,99,99,0,9,99,9,99,9,1,2,2,3,30,6,-1,-1,-1,-1,7,E01004512,0,2
2024991530808,2024,991530808,2,97,0,-1,19,7,7,-1,0,6,0,0,0,0,1,1,-1,6,1,34,6,-1,-1,-1,-1,10,-1,0,3
2024070809942,2024,070809942,2,21,1,-1,19,5,1,-1,0,0,0,0,0,0,3,2,-1,1,1,55,8,-1,-1,-1,-1,-1,-1,0,-1
2024010526375,2024,010526375,1,9,0,4,4,1,5,0,0,1,0,0,0,0,2,1,6,6,1,67,10,-1,-1,-1,-1,10,E01017801,0,4
2024531416392,2024,531416392,2,1,0,-1,3,1,5,-1,0,0,0,0,0,0,4,1,-1,6,2,35,6,-1,-1,-1,-1,6,E01022400,0,1
2024361518814,2024,361518814,2,1,0,-1,19,-1,-1,-1,99,0,0,99,0,0,2,1,-1,2,1,29,6,-1,-1,-1,-1,2,E01026791,0,1
2024522402816,2024,522402816,1,1,0,18,19,7,3,0,0,8,0,10,7,1,3,1,6,6,1,23,5,-1,-1,-1,-1,7,E01014907,0,1
2024010537040,2024,010537040,1,9,3,18,19,7,3,9,9,2,1,10,1,4,3,1,6,6,1,34,6,-1,-1,-1,-1,-1,-1,0,-1
2024430252322,2024,430252322,3,9,0,2,2,0,0,0,0,2,0,0,0,0,2,1,6,6,1,59,9,-1,-1,-1,-1,10,E01033966,0,1
2024010496103,2024,010496103,2,98,0,99,99,9,9,99,99,9,9,99,9,99,9,9,6,6,3,43,7,-1,-1,-1,-1,4,E01000957,0,1
2024421534841,2024,421534841,1,9,0,-1,19,1,5,-1,0,0,0,0,0,0,4,1,-1,6,3,-1,-1,-1,-1,-1,-1,-1,-1,0,-1
2024141529487,2024,141529487,2,98,0,-1,19,5,4,-1,0,0,0,0,0,0,1,9,-1,6,3,-1,-1,-1,-1,-1,-1,-1,-1,0,-1
2024010488602,2024,010488602,1,3,0,99,99,9,9,99,99,9,9,99,9,99,9,1,1,1,1,43,7,-1,-1,-1,-1,3,E01001969,0,1
2024010543271,2024,010543271,2,9,0,99,99,9,9,99,99,0,9,99,9,99,1,9,6,6,3,-1,-1,-1,-1,-1,-1,-1,-1,0,-1
2024131394929,2024,131394929,1,9,0,-1,19,5,1,-1,0,1,0,0,0,0,1,1,-1,1,1,30,6,-1,-1,-1,-1,3,E01011037,0,2
2024201482413,2024,201482413,2,8,0,-1,19,4,8,-1,0,8,0,0,0,0,1,1,-1,6,3,-1,-1,-1,-1,-1,-1,-1,-1,0,-1
2024010487478,2024,010487478,2,19,9,99,99,9,9,99,99,9,9,99,9,99,9,1,6,6,1,28,6,-1,-1,-1,-1,3,E01002502,0,1
2024010497598,2024,010497598,1,1,9,99,99,9,9,99,99,9,9,99,9,99,9,1,2,2,1,58,9,-1,-1,-1,-1,7,E01003643,0,2
2024010502984,2024,010502984,1,9,9,1,1,5,1,0,0,2,9,99,9,99,9,1,6,6,2,47,8,-1,-1,-1,-1,8,E01001224,0,1
2024041478539,2024,041478539,3,1,0,-1,19,1,5,-1,0,0,2,0,0,0,2,1,-1,9,1,21,5,-1,-1,-1,-1,5,E01004936,0,2
2024430069025,2024,430069025,2,9,0,3,3,4,8,0,0,1,0,0,0,0,2,1,1,1,2,37,7,-1,-1,-1,-1,6,E01016719,0,1
2024052401208,2024,052401208,2,1,0,18,19,2,6,0,0,1,0,0,0,0,3,1,6,6,1,56,9,-1,-1,-1,-1,8,E01006928,0,1
2024221529954,2024,221529954,1,1,0,-1,19,8,4,-1,9,0,0,0,0,0,1,1,-1,6,1,49,8,-1,-1,-1,-1,6,E01014088,0,1
2024010548067,2024,010548067,1,9,0,99,99,9,9,99,99,0,9,99,9,99,1,9,6,6,3,-1,-1,-1,-1,-1,-1,-1,-1,0,-1
2024052400215,2024,052400215,1,9,0,18,19,7,3,0,0,3,1,0,0,0,4,1,6,6,1,66,10,-1,-1,-1,-1,6,E01007062,0,1
2024010491207,2024,010491207,1,9,0,18,19,1,5,0,0,0,0,0,0,0,1,1,6,6,1,31,6,-1,-1,-1,-1,2,E01001554,0,1
2024161397847,2024,161397847,2,1,0,-1,19,7,3,-1,0,1,0,0,0,0,1,1,-1,2,1,25,5,-1,-1,-1,-1,-1,-1,0,-1
2024010504041,2024,010504041,1,1,9,99,99,9,9,99,99,9,9,99,9,99,2,1,6,6,1,61,9,-1,-1,-1,-1,7,E01000198,0,1
2024610050524,2024,610050524,1,1,0,18,19,7,3,0,0,8,0,0,0,0,1,1,6,6,1,56,9,-1,-1,-1,-1,6,W01001593,0,1
2024010535085,2024,010535085,1,9,0,99,99,9,9,99,99,9,9,99,9,99,9,9,6,6,3,-1,-1,-1,-1,-1,-1,-1,-1,0,-1
2024101533911,2024,101533911,2,9,0,-1,19,8,4,-1,0,0,0,0,0,0,1,1,-1,6,1,57,9,-1,-1,-1,-1,7,-1,0,1
2024622400831,2024,622400831,2,8,0,18,19,3,6,0,0,0,1,1,0,0,1,1,1,1,1,40,7,-1,-1,-1,-1,9,W01001745,0,4
2024501477000,2024,501477000,2,1,0,-1,19,5,1,-1,0,2,5,0,0,0,3,1,-1,6,1,61,9,-1,-1,-1,-1,4,E01020134,0,1
2024201441538,2024,201441538,2,1,0,-1,19,7,3,-1,0,1,0,0,0,0,1,1,-1,6,1,18,4,-1,-1,-1,-1,9,E01009912,0,1
2024501529777,2024,501529777,1,9,0,-1,19,8,5,-1,0,0,0,0,0,0,1,1,-1,6,2,34,6,-1,-1,-1,-1,1,E01018997,0,3
2024440198443,2024,440198443,2,9,0,9,9,6,4,0,0,1,0,0,0,0,3,1,6,6,1,41,7,-1,-1,-1,-1,7,E01022758,0,3
2024201438370,2024,201438370,1,23,0,-1,13,8,4,-1,0,8,0,0,0,0,2,1,-1,1,1,34,6,-1,-1,-1,-1,-1,-1,0,-1
2024041400801,2024,041400801,1,9,0,-1,-1,-1,-1,-1,-1,0,-1,-1,-1,0,-1,9,-1,6,2,-1,-1,-1,-1,-1,-1,-1,-1,0,-1
2024131411767,2024,131411767,2,1,0,-1,19,7,3,-1,0,8,0,0,0,0,1,1,-1,9,1,51,8,-1,-1,-1,-1,3,E01011779,0,1
2024471529155,2024,471529155,1,9,0,-1,19,8,3,-1,0,0,0,0,0,0,1,9,-1,6,3,-1,-1,-1,-1,-1,-1,-1,-1,0,-1
2024411411444,2024,411411444,1,9,0,-1,19,2,6,-1,0,4,0,0,0,0,4,9,-1,6,3,-1,-1,-1,-1,-1,-1,-1,-1,0,-1
202454F313924,2024,54F313924,2,19,0,18,19,1,5,0,0,0,0,0,0,0,1,1,6,6,1,44,7,-1,-1,-1,-1,8,E01031957,0,1
2024522403424,2024,522403424,2,9,0,18,19,7,3,0,0,1,0,4,0,0,1,1,6,6,3,-1,-1,-1,-1,-1,-1,-1,-1,0,-1