collision_index,collision_year,collision_ref_no,vehicle_reference,vehicle_type,towing_and_articulation,vehicle_manoeuvre_historic,vehicle_manoeuvre,vehicle_direction_from,vehicle_direction_to,vehicle_location_restricted_lane_historic,vehicle_location_restricted_lane,junction_location,skidding_and_overturning,hit_object_in_carriageway,vehicle_leaving_carriageway,hit_object_off_carriageway,first_point_of_impact,vehicle_left_hand_drive,journey_purpose_of_driver_historic,journey_purpose_of_driver,sex_of_driver,age_of_driver,age_band_of_driver,engine_capacity_cc,propulsion_code,age_of_vehicle,generic_make_model,driver_imd_decile,lsoa_of_driver,escooter_flag,driver_distance_banding
2024122400352,2024,122400352,2,1,0,18,19,1,5,0,0,0,0,0,0,0,2,1,6,6,1,12,3,-1,-1,-1,-1,6,E01013384,0,1
202454C548224,2024,54C548224,1,90,0,18,19,2,6,0,0,0,0,0,0,0,4,1,6,6,3,-1,-1,-1,-1,-1,-1,-1,-1,0,-1
2024411489059,2024,411489059,1,5,0,-1,19,3,7,-1,0,0,2,0,1,0,1,1,-1,6,1,29,6,-1,-1,-1,-1,6,E01033311,0,4
2024010503105,2024,010503105,2,1,9,99,99,9,9,99,99,0,9,99,9,99,9,1,6,6,3,-1,-1,-1,-1,-1,-1,2,E01034488,0,1
2024010535360,2024,010535360,3,9,4,18,19,3,7,0,0,1,0,0,0,0,2,1,6,6,3,-1,-1,-1,-1,-1,-1,-1,-1,0,-1
2024520500299,2024,520500299,2,90,0,18,19,2,6,0,0,8,0,0,0,0,3,1,6,6,3,-1,-1,-1,-1,-1,-1,-1,-1,0,-1
2024451430178,2024,451430178,2,9,0,-1,19,1,5,-1,0,0,0,0,0,0,4,1,-1,1,1,32,6,-1,-1,-1,-1,8,E01023124,0,3
2024991404842,2024,991404842,2,90,0,-1,2,0,0,-1,0,0,0,0,0,0,2,1,-1,6,-1,-1,-1,-1,-1,-1,-1,-1,-1,0,-1
2024010493481,2024,010493481,3,9,9,99,99,9,9,99,99,9,9,99,9,99,9,9,6,6,3,-1,-1,-1,-1,-1,-1,-1,-1,0,-1
2024520000099,2024,520000099,1,1,0,18,19,3,7,0,0,0,0,0,0,0,2,1,6,6,2,42,7,-1,-1,-1,-1,4,E01014448,0,1
2024010529094,2024,010529094,2,1,0,3,3,1,5,0,0,2,0,0,0,0,0,1,6,6,1,76,11,-1,-1,-1,-1,4,E01004747,0,1
2024101508475,2024,101508475,2,1,-1,-1,19,5,8,-1,0,1,0,0,0,0,2,1,-1,2,1,12,3,-1,-1,-1,-1,-1,-1,0,-1
2024070771123,2024,070771123,1,9,0,-1,19,3,7,-1,0,0,0,0,1,3,1,1,-1,6,1,22,5,-1,-1,-1,-1,5,E01018741,0,3
2024361513552,2024,361513552,1,1,0,-1,3,7,7,-1,0,1,0,0,0,0,2,1,-1,6,1,18,4,-1,-1,-1,-1,3,E01034769,0,1
2024430054904,2024,430054904,2,4,0,18,19,1,5,0,0,1,0,0,0,0,2,1,6,6,1,35,6,-1,-1,-1,-1,7,E01028501,0,4
2024010527338,2024,010527338,2,-1,0,17,19,5,4,0,0,8,0,0,0,0,2,1,2,2,1,22,5,-1,-1,-1,-1,3,E01001109,1,1
2024010487420,2024,010487420,2,2,0,18,19,3,7,0,0,8,0,0,0,0,1,1,6,6,1,25,5,-1,-1,-1,-1,2,E01003267,0,1
2024471489139,2024,471489139,2,9,0,-1,4,8,4,-1,0,4,0,0,0,0,1,9,-1,6,3,-1,-1,-1,-1,-1,-1,-1,-1,0,-1
2024010536072,2024,010536072,1,1,9,99,99,9,9,99,99,0,9,99,9,99,1,1,6,6,1,19,4,-1,-1,-1,-1,6,E01004049,0,1
2024991488760,2024,991488760,1,9,0,-1,19,8,4,-1,0,0,0,0,0,0,1,2,-1,9,1,30,6,-1,-1,-1,-1,-1,-1,0,-1
2024010542622,2024,010542622,2,1,0,18,19,5,1,0,0,0,5,0,0,0,4,1,6,6,1,26,6,-1,-1,-1,-1,6,E01001951,0,1
2024010538412,2024,010538412,2,3,0,3,3,1,5,0,0,1,0,0,0,0,2,1,6,6,1,52,8,-1,-1,-1,-1,6,E01000581,0,1
2024201523085,2024,201523085,1,9,0,-1,19,6,2,-1,0,1,0,0,0,0,3,9,-1,6,3,-1,-1,-1,-1,-1,-1,-1,-1,0,-1
2024451504527,2024,451504527,2,1,0,-1,14,1,5,-1,0,1,0,0,0,0,1,1,-1,2,1,73,10,-1,-1,-1,-1,9,E01030485,0,1
2024440165406,2024,440165406,2,1,0,18,19,3,7,0,0,8,0,0,0,0,3,1,6,6,1,69,10,-1,-1,-1,-1,10,E01022837,0,1
2024010489302,2024,010489302,1,1,9,99,99,9,9,99,99,9,9,99,9,99,1,1,2,2,1,21,5,-1,-1,-1,-1,7,E01004216,0,1
2024010534915,2024,010534915,1,19,0,18,19,1,5,0,0,8,0,0,0,0,1,1,6,6,3,-1,-1,-1,-1,-1,-1,-1,-1,0,-1
2024340NN2672,2024,340NN2672,1,9,0,-1,19,3,7,-1,0,1,0,0,0,0,3,1,-1,2,1,60,9,-1,-1,-1,-1,3,E01026984,0,1
2024320626813,2024,320626813,1,1,0,12,12,4,8,0,0,0,5,0,0,0,2,1,1,1,1,46,8,-1,-1,-1,-1,2,E01026175,0,1
2024041412623,2024,041412623,2,22,0,-1,19,6,2,-1,0,0,0,0,0,0,3,1,-1,9,2,62,9,-1,-1,-1,-1,2,E01033223,0,1
2024010539654,2024,010539654,1,1,9,99,99,9,9,99,99,1,9,99,9,99,9,1,6,6,2,32,6,-1,-1,-1,-1,5,E01003228,0,1
2024141403107,2024,141403107,2,9,0,-1,19,1,5,-1,0,0,0,0,0,0,1,1,-1,9,2,20,4,-1,-1,-1,-1,4,E01007611,0,1
2024010512269,2024,010512269,2,11,0,17,19,7,3,0,0,0,0,0,0,0,1,2,1,1,1,-1,-1,-1,-1,-1,-1,-1,-1,0,-1
2024302400710,2024,302400710,2,9,0,3,3,7,4,0,0,2,0,0,0,0,0,1,6,6,3,-1,-1,-1,-1,-1,-1,5,E01019456,0,4
2024010505340,2024,010505340,2,1,0,5,5,3,7,0,0,8,0,0,0,0,1,1,2,2,1,39,7,-1,-1,-1,-1,3,E01003299,0,3
2024481561456,2024,481561456,1,1,0,-1,19,3,7,-1,5,0,0,0,0,0,1,1,-1,2,1,21,5,-1,-1,-1,-1,-1,-1,0,-1
2024351457033,2024,351457033,1,9,5,-1,19,5,7,-1,0,0,0,0,0,0,1,1,-1,9,1,42,7,-1,-1,-1,-1,10,E01026305,0,1
2024552400396,2024,552400396,1,3,0,18,19,4,8,0,0,0,0,0,7,10,1,1,6,6,1,25,5,-1,-1,-1,-1,10,E01020395,0,2
2024061413775,2024,061413775,1,9,0,-1,19,1,5,-1,0,0,0,0,0,0,1,1,-1,2,1,45,7,-1,-1,-1,-1,2,E01033982,0,3
2024010535464,2024,010535464,1,9,0,7,7,1,3,0,0,8,0,0,0,0,1,1,6,6,1,64,9,-1,-1,-1,-1,9,E01004135,0,1
2024041423001,2024,041423001,3,9,0,-1,19,3,7,-1,0,0,0,0,0,0,2,1,-1,9,1,54,8,-1,-1,-1,-1,1,E01025006,0,4
2024221453979,2024,221453979,2,1,0,-1,19,4,8,-1,0,3,0,0,0,0,4,1,-1,6,1,47,8,-1,-1,-1,-1,3,E01014073,0,1
2024041536070,2024,041536070,1,-1,0,-1,5,3,7,-1,9,0,0,0,0,0,1,1,-1,9,1,78,11,-1,-1,-1,-1,4,E01025427,1,1
2024461398137,2024,461398137,1,9,0,-1,19,3,3,-1,0,0,0,0,8,7,3,9,-1,2,1,33,6,-1,-1,-1,-1,8,E01033088,0,2
2024131423055,2024,131423055,2,1,0,-1,19,7,3,-1,0,2,0,0,0,0,2,1,-1,6,1,58,9,-1,-1,-1,-1,6,E01011155,0,1
2024430039094,2024,430039094,1,9,0,18,19,3,7,0,0,0,0,0,0,0,4,1,6,6,3,-1,-1,-1,-1,-1,-1,-1,-1,0,-1
2024010547884,2024,010547884,2,9,0,99,99,9,9,99,99,9,9,99,9,99,1,9,6,6,3,-1,-1,-1,-1,-1,-1,2,E01001414,0,1
2024991506180,2024,991506180,3,9,0,-1,4,5,7,-1,0,1,0,0,0,0,1,1,-1,1,1,60,9,-1,-1,-1,-1,-1,-1,0,-1
2024531438979,2024,531438979,1,9,0,-1,9,4,2,-1,0,8,0,0,0,0,3,1,-1,2,2,47,8,-1,-1,-1,-1,6,E01022260,0,2
2024131536433,2024,131536433,2,9,0,-1,19,6,2,-1,0,8,0,0,0,0,1,1,-1,1,1,31,6,-1,-1,-1,-1,5,E01011178,0,2
2024461458266,2024,461458266,2,1,0,-1,19,5,1,-1,0,0,0,0,0,0,0,1,-1,6,1,19,4,-1,-1,-1,-1,6,E01024425,0,1
202417H105724,2024,17H105724,1,9,0,-1,4,6,2,-1,0,0,0,0,0,0,2,1,-1,9,1,69,10,-1,-1,-1,-1,9,E01011983,0,2
2024031481318,2024,031481318,1,9,0,-1,7,6,6,-1,0,1,0,0,0,0,1,9,-1,6,1,60,9,-1,-1,-1,-1,-1,-1,0,-1
2024501448430,2024,501448430,1,9,0,-1,3,6,2,-1,0,0,0,0,0,0,2,1,-1,9,1,60,9,-1,-1,-1,-1,2,E01009757,0,5
2024010529464,2024,010529464,2,1,0,18,19,4,8,0,0,8,0,0,0,0,3,1,2,2,1,52,8,-1,-1,-1,-1,6,E01002801,0,1
2024161422235,2024,161422235,3,1,0,-1,19,4,8,-1,0,1,1,4,0,0,1,1,-1,6,2,29,6,-1,-1,-1,-1,3,E01013164,0,1
2024141494826,2024,141494826,1,9,0,-1,19,6,2,-1,0,1,0,0,0,0,1,9,-1,1,2,21,5,-1,-1,-1,-1,2,E01005163,0,4
2024010506188,2024,010506188,2,1,9,99,99,9,9,99,99,9,9,99,9,99,2,1,6,6,3,-1,-1,-1,-1,-1,-1,-1,-1,0,-1
2024461506877,2024,461506877,1,1,0,-1,19,2,4,-1,0,0,0,0,0,0,1,1,-1,6,1,16,4,-1,-1,-1,-1,6,E01024540,0,1
2024061423715,2024,061423715,1,9,0,-1,19,-1,-1,-1,0,0,0,0,0,0,4,1,-1,2,2,34,6,-1,-1,-1,-1,6,E01005623,0,1
2024451453196,2024,451453196,1,9,0,-1,19,1,5,-1,0,0,2,0,0,0,1,1,-1,9,2,77,11,-1,-1,-1,-1,7,E01030872,0,2
2024440520877,2024,440520877,1,9,0,9,9,6,4,0,0,6,0,0,0,0,3,1,6,6,1,53,8,-1,-1,-1,-1,10,E01023211,0,2
2024430092510,2024,430092510,1,9,0,18,19,5,1,0,0,0,0,0,0,0,1,1,6,6,1,-1,-1,-1,-1,-1,-1,-1,-1,0,-1
2024552400630,2024,552400630,1,9,0,7,7,2,4,0,0,5,0,0,0,0,3,1,6,6,3,-1,-1,-1,-1,-1,-1,-1,-1,0,-1
2024461513909,2024,461513909,1,11,0,-1,12,7,3,-1,0,0,0,0,0,0,2,9,-1,6,1,-1,-1,-1,-1,-1,-1,-1,-1,0,-1
2024010540360,2024,010540360,1,1,9,99,99,9,9,99,99,9,9,99,9,99,9,1,2,2,2,39,7,-1,-1,-1,-1,10,E01003423,0,1
2024451431184,2024,451431184,2,9,0,-1,19,1,3,-1,0,8,0,0,0,0,2,9,-1,6,3,30,6,-1,-1,-1,-1,-1,-1,0,-1
2024010522939,2024,010522939,1,1,0,18,19,7,3,5,5,0,0,0,0,0,1,1,6,6,2,19,4,-1,-1,-1,-1,4,E01002858,0,1
2024010489725,2024,010489725,2,1,0,9,9,4,1,0,0,1,0,0,0,0,3,1,6,6,1,37,7,-1,-1,-1,-1,3,E01004203,0,1
2024010488432,2024,010488432,2,9,0,18,19,7,3,0,0,8,0,0,0,0,1,1,2,2,2,23,5,-1,-1,-1,-1,3,E01034191,0,1
2024421502718,2024,421502718,1,1,0,-1,19,3,7,-1,0,8,0,0,0,0,4,1,-1,1,1,54,8,-1,-1,-1,-1,2,E01015840,0,1
2024211512815,2024,211512815,1,9,0,-1,19,1,4,-1,0,0,0,0,0,0,1,1,-1,6,1,46,8,-1,-1,-1,-1,2,E01014279,0,1
2024522401605,2024,522401605,2,9,0,18,19,4,7,0,0,8,0,0,0,0,1,1,6,6,1,-1,-1,-1,-1,-1,-1,2,E01035215,0,1
2024320363656,2024,320363656,1,9,0,-1,-1,4,8,0,0,0,0,0,0,0,1,1,-1,-1,2,42,7,-1,-1,-1,-1,6,E01026047,0,4
2024471515977,2024,471515977,1,1,0,-1,19,1,3,-1,0,1,9,0,1,0,3,1,-1,9,2,33,6,-1,-1,-1,-1,5,E01016991,0,1
2024010492788,2024,010492788,1,1,9,99,99,9,9,99,99,9,9,99,9,99,1,1,6,6,1,20,4,-1,-1,-1,-1,2,E01000374,0,1
2024548829624,2024,548829624,1,9,0,9,9,4,2,0,0,5,0,0,0,0,4,1,6,6,1,66,10,-1,-1,-1,-1,7,E01032015,0,1
2024010489235,2024,010489235,1,9,0,99,99,9,9,99,99,9,9,99,9,99,9,9,2,2,1,41,7,-1,-1,-1,-1,5,E01000417,0,2
2024010536236,2024,010536236,2,9,0,99,99,9,9,99,99,9,9,99,9,99,1,9,6,6,3,-1,-1,-1,-1,-1,-1,-1,-1,0,-1
2024991471030,2024,991471030,2,9,0,-1,19,4,8,-1,0,8,0,0,0,0,1,1,-1,9,2,33,6,-1,-1,-1,-1,4,-1,0,2
2024131489706,2024,131489706,2,1,0,-1,19,3,7,-1,4,1,0,0,0,0,1,1,-1,6,2,31,6,-1,-1,-1,-1,7,E01011351,0,1
2024010488443,2024,010488443,2,9,9,99,99,9,9,99,99,9,9,99,9,99,9,9,6,6,3,-1,-1,-1,-1,-1,-1,-1,-1,0,-1
2024221433488,2024,221433488,1,4,0,-1,13,4,8,-1,0,8,0,0,0,0,1,1,-1,6,1,19,4,-1,-1,-1,-1,-1,-1,0,-1
2024531501166,2024,531501166,1,9,0,-1,19,7,3,-1,0,0,0,0,0,0,1,1,-1,6,2,31,6,-1,-1,-1,-1,6,E01022263,0,2
2024451467906,2024,451467906,2,1,0,-1,19,1,4,-1,0,0,0,0,0,0,1,1,-1,6,1,13,3,-1,-1,-1,-1,7,E01030755,0,1
2024371484489,2024,371484489,1,9,0,-1,19,8,2,-1,0,8,0,0,0,0,3,1,-1,9,1,18,4,-1,-1,-1,-1,9,E01033445,0,1
2024010488978,2024,010488978,2,9,0,10,10,5,2,0,0,1,0,0,0,0,3,1,6,6,1,41,7,-1,-1,-1,-1,6,E01002182,0,1
2024520001646,2024,520001646,1,1,0,18,19,2,6,0,0,0,0,0,0,0,1,1,6,6,1,50,8,-1,-1,-1,-1,10,E01014411,0,1
2024430505484,2024,430505484,1,9,0,18,19,1,5,0,0,8,0,0,0,0,1,1,6,6,1,-1,-1,-1,-1,-1,-1,-1,-1,0,-1
2024371467878,2024,371467878,3,9,0,-1,19,7,3,-1,0,0,0,0,0,0,0,1,-1,1,1,47,8,-1,-1,-1,-1,2,E01030031,0,1
2024430456712,2024,430456712,1,9,0,18,19,1,5,0,0,0,0,0,0,0,4,1,6,6,3,-1,-1,-1,-1,-1,-1,-1,-1,0,-1
2024501407842,2024,501407842,2,1,0,-1,19,7,3,-1,5,0,0,0,0,0,1,1,-1,6,1,55,8,-1,-1,-1,-1,5,E01020030,0,1
2024010491583,2024,010491583,1,9,9,99,99,9,9,99,99,9,9,99,9,99,9,9,6,6,3,-1,-1,-1,-1,-1,-1,-1,-1,0,-1
2024311502520,2024,311502520,1,1,0,-1,19,2,6,-1,1,0,0,0,0,0,0,1,-1,9,1,54,8,-1,-1,-1,-1,3,E01027927,0,2
2024501517955,2024,501517955,1,11,0,-1,19,8,4,-1,0,2,0,0,0,0,4,1,-1,1,1,40,7,-1,-1,-1,-1,7,E01018789,0,4
2024302401180,2024,302401180,3,9,0,18,19,1,5,0,0,0,0,0,0,0,1,1,6,6,1,71,10,-1,-1,-1,-1,9,E01025211,0,4
2024311473058,2024,311473058,1,1,0,-1,9,3,7,-1,0,8,1,0,0,0,2,1,-1,9,1,53,8,-1,-1,-1,-1,-1,-1,0,-1
2024440371852,2024,440371852,2,9,0,16,19,3,7,0,0,0,0,0,0,0,1,1,2,2,1,29,6,-1,-1,-1,-1,3,E01032738,0,1
2024361518592,2024,361518592,1,9,0,-1,4,7,3,-1,0,0,1,0,0,0,1,1,-1,1,1,29,6,-1,-1,-1,-1,5,E01026770,0,3
2024340WN5492,2024,340WN5492,1,9,0,-1,19,3,7,-1,0,2,0,0,0,0,1,1,-1,9,1,47,8,-1,-1,-1,-1,5,E01027136,0,1
2024010493325,2024,010493325,3,9,0,2,2,0,0,0,0,1,0,0,0,0,3,1,6,6,3,-1,-1,-1,-1,-1,-1,-1,-1,0,-1
2024421509590,2024,421509590,2,19,0,-1,3,7,3,-1,0,1,0,0,0,0,3,1,-1,6,1,52,8,-1,-1,-1,-1,7,E01021361,0,2
2024010503026,2024,010503026,1,1,0,18,19,3,7,1,1,8,0,0,0,0,1,1,2,2,1,49,8,-1,-1,-1,-1,6,E01035702,0,1
2024440345305,2024,440345305,1,1,0,18,19,6,2,0,0,0,0,0,0,0,0,1,6,6,2,58,9,-1,-1,-1,-1,7,E01022628,0,1
2024501494953,2024,501494953,1,21,1,-1,19,5,1,-1,0,0,0,0,0,0,9,1,-1,6,3,-1,-1,-1,-1,-1,-1,-1,-1,0,-1
2024010498601,2024,010498601,1,1,9,99,99,9,9,99,99,9,9,99,9,99,9,1,2,2,2,31,6,-1,-1,-1,-1,4,E01004342,0,1
2024991525672,2024,991525672,1,9,0,-1,11,5,1,-1,0,0,0,0,0,0,1,1,-1,6,1,23,5,-1,-1,-1,-1,7,-1,0,1
2024010530703,2024,010530703,1,9,9,99,99,9,9,99,99,9,9,99,9,99,9,9,6,6,3,-1,-1,-1,-1,-1,-1,-1,-1,0,-1
2024010529179,2024,010529179,2,1,9,99,99,9,9,99,99,0,9,99,9,99,9,1,6,6,1,-1,-1,-1,-1,-1,-1,4,E01001153,0,3
2024302400092,2024,302400092,2,9,0,18,19,4,8,0,0,0,0,0,0,0,1,1,6,6,1,24,5,-1,-1,-1,-1,8,E01025926,0,3
2024010545947,2024,010545947,1,1,9,99,99,9,9,99,99,1,9,12,9,99,9,1,2,2,3,29,6,-1,-1,-1,-1,8,E01004051,0,1
2024440051340,2024,440051340,1,9,0,9,9,8,4,0,0,6,0,0,0,0,0,1,6,6,1,48,8,-1,-1,-1,-1,10,E01017062,0,4
2024122400632,2024,122400632,2,1,0,18,19,4,8,0,0,0,0,0,1,0,2,1,6,6,2,33,6,-1,-1,-1,-1,9,E01013362,0,4
2024340NN4082,2024,340NN4082,2,9,0,-1,9,5,3,-1,0,3,0,0,0,0,1,1,-1,2,1,41,7,-1,-1,-1,-1,10,E01035407,0,1
2024440186612,2024,440186612,2,1,0,18,19,4,8,0,0,8,0,0,0,0,4,1,6,6,1,34,6,-1,-1,-1,-1,10,E01022974,0,1
202417H103524,2024,17H103524,1,1,0,-1,19,5,1,-1,0,1,0,0,0,0,3,1,-1,9,1,22,5,-1,-1,-1,-1,1,E01011999,0,1
2024440405949,2024,440405949,2,9,0,18,19,2,6,0,0,8,0,0,0,0,3,1,6,6,1,-1,-1,-1,-1,-1,-1,-1,-1,0,-1
2024440539482,2024,440539482,2,9,0,18,19,8,4,0,0,8,0,0,0,0,4,1,2,2,1,17,4,-1,-1,-1,-1,7,E01022880,0,2
2024141522153,2024,141522153,2,98,0,-1,-1,-1,-1,-1,-1,0,-1,-1,-1,0,-1,9,-1,6,3,-1,-1,-1,-1,-1,-1,-1,-1,0,-1
2024131403595,2024,131403595,1,9,0,-1,19,5,1,-1,0,0,2,0,0,0,1,1,-1,6,1,20,4,-1,-1,-1,-1,10,E01027698,0,4
2024010561076,2024,010561076,2,90,0,99,99,9,9,99,99,9,9,99,9,99,0,9,6,6,3,-1,-1,-1,-1,-1,-1,-1,-1,0,-1
202460Q070730,2024,60Q070730,2,1,0,18,19,3,6,0,0,0,0,0,0,0,2,1,6,6,1,30,6,-1,-1,-1,-1,-1,-1,0,-1
2024991495510,2024,991495510,1,5,0,-1,19,6,2,-1,5,0,0,11,0,0,1,1,-1,6,1,23,5,-1,-1,-1,-1,-1,-1,0,-1
2024010538598,2024,010538598,1,9,0,99,99,9,9,99,99,9,9,99,9,99,2,9,2,2,1,35,6,-1,-1,-1,-1,2,E01015840,0,4
2024451451927,2024,451451927,1,1,0,-1,19,3,7,-1,4,0,0,0,0,0,3,1,-1,2,2,44,7,-1,-1,-1,-1,10,E01030489,0,1
2024991513230,2024,991513230,1,90,1,-1,19,7,3,-1,0,0,5,0,7,0,3,1,-1,1,1,24,5,-1,-1,-1,-1,3,E01027388,0,4
2024131505360,2024,131505360,3,9,0,-1,2,1,5,-1,0,8,0,0,0,0,1,1,-1,6,1,56,9,-1,-1,-1,-1,3,E01010867,0,3
2024361449262,2024,361449262,1,11,0,-1,19,1,5,-1,0,1,0,0,0,0,3,9,-1,1,3,-1,-1,-1,-1,-1,-1,-1,-1,0,-1
2024221460935,2024,221460935,1,23,0,-1,19,2,7,-1,0,4,0,10,0,0,4,1,-1,6,1,28,6,-1,-1,-1,-1,1,E01032332,0,1
2024340WN5752,2024,340WN5752,1,9,0,-1,19,2,6,-1,0,0,0,0,0,0,1,1,-1,6,2,-1,-1,-1,-1,-1,-1,-1,-1,0,-1
2024122400503,2024,122400503,2,1,0,18,19,3,7,0,0,8,0,0,0,0,2,1,6,6,2,45,7,-1,-1,-1,-1,7,E01013396,0,1
2024991493146,2024,991493146,2,1,0,-1,12,7,5,-1,0,6,0,0,0,0,1,1,-1,2,1,63,9,-1,-1,-1,-1,1,-1,0,2
2024010486964,2024,010486964,2,5,0,3,3,5,1,0,0,1,0,0,0,0,2,1,2,2,1,35,6,-1,-1,-1,-1,-1,-1,0,-1
2024531409694,2024,531409694,2,1,0,-1,19,6,2,-1,0,8,0,0,0,0,2,1,-1,2,1,62,9,-1,-1,-1,-1,9,E01022101,0,1
2024430162882,2024,430162882,2,1,0,18,19,4,8,0,0,8,0,0,0,0,4,1,6,6,1,38,7,-1,-1,-1,-1,-1,-1,0,-1
2024332400983,2024,332400983,2,1,0,-1,19,1,5,-1,0,8,0,0,7,0,1,1,-1,1,1,25,5,-1,-1,-1,-1,8,E01025795,0,1
2024430157596,2024,430157596,1,9,0,18,19,5,1,0,0,0,0,0,0,0,3,1,6,6,1,37,7,-1,-1,-1,-1,4,E01017905,0,1
2024010487437,2024,010487437,1,9,0,9,9,1,7,0,0,8,0,0,0,0,1,1,6,6,2,71,10,-1,-1,-1,-1,4,E01000312,0,1
2024010520016,2024,010520016,1,9,0,99,99,9,9,99,99,9,9,99,9,99,1,9,6,6,3,-1,-1,-1,-1,-1,-1,-1,-1,0,-1
2024041458651,2024,041458651,2,1,0,-1,19,1,1,-1,5,0,0,0,0,0,2,1,-1,9,1,13,3,-1,-1,-1,-1,1,E01025236,0,1
2024361430833,2024,361430833,2,9,0,-1,2,0,0,-1,0,0,0,0,0,0,2,9,-1,6,1,59,9,-1,-1,-1,-1,10,E01002387,0,5
2024430574673,2024,430574673,2,3,0,4,4,3,7,0,0,0,0,0,0,0,2,1,6,6,1,23,5,-1,-1,-1,-1,10,E01016700,0,2
2024531400888,2024,531400888,1,9,0,-1,19,5,1,-1,0,0,0,0,0,0,1,1,-1,9,1,21,5,-1,-1,-1,-1,6,E01032216,0,3
2024430602267,2024,430602267,1,1,0,18,19,1,5,9,9,9,0,0,0,0,3,1,6,6,1,17,4,-1,-1,-1,-1,5,E01016832,0,1
202460Q167337,2024,60Q167337,1,9,0,18,19,4,8,0,0,2,0,0,0,0,4,1,6,6,2,53,8,-1,-1,-1,-1,-1,-1,0,-1
2024201455238,2024,201455238,1,11,0,-1,19,8,4,-1,0,0,0,0,0,0,0,9,-1,1,1,40,7,-1,-1,-1,-1,-1,-1,0,-1
2024302401785,2024,302401785,2,9,0,-1,3,2,6,-1,0,0,0,0,0,0,2,1,-1,9,1,35,6,-1,-1,-1,-1,7,E01025952,0,2
2024320618248,2024,320618248,1,20,0,-1,-1,4,8,0,0,0,0,0,0,0,0,1,1,1,3,-1,-1,-1,-1,-1,-1,-1,-1,0,-1
2024501449503,2024,501449503,2,4,0,-1,19,3,1,-1,0,0,0,0,0,0,0,1,-1,6,1,48,8,-1,-1,-1,-1,4,E01014478,0,4
2024302401259,2024,302401259,1,9,0,18,19,5,1,0,0,2,0,0,0,0,1,1,6,6,1,35,6,-1,-1,-1,-1,4,E01019458,0,1
2024010541613,2024,010541613,1,1,9,99,99,9,9,99,99,9,9,99,9,99,0,1,6,6,2,22,5,-1,-1,-1,-1,10,E01023568,0,4
2024361412735,2024,361412735,1,9,-1,-1,-1,3,7,-1,-1,0,-1,-1,-1,0,-1,1,-1,6,3,-1,-1,-1,-1,-1,-1,-1,-1,0,-1
2024122400314,2024,122400314,2,1,0,5,5,1,3,0,0,4,0,0,0,0,1,1,6,6,2,46,8,-1,-1,-1,-1,9,E01027845,0,1
2024010487656,2024,010487656,1,4,0,9,9,3,1,0,0,8,0,0,0,0,4,1,6,6,1,23,5,-1,-1,-1,-1,5,E01002361,0,1
2024010510064,2024,010510064,2,1,0,14,14,6,2,0,0,8,0,0,0,0,1,1,6,6,1,26,6,-1,-1,-1,-1,-1,-1,0,-1
2024211402933,2024,211402933,2,1,0,-1,19,3,7,-1,0,1,0,0,0,0,1,1,-1,9,1,34,6,-1,-1,-1,-1,1,E01014287,0,1
2024010510694,2024,010510694,1,5,0,99,99,9,9,99,99,9,9,99,9,99,1,1,2,2,1,41,7,-1,-1,-1,-1,4,E01023766,0,4
2024520400349,2024,520400349,1,19,0,18,19,1,5,0,0,6,0,0,0,0,3,1,6,6,1,37,7,-1,-1,-1,-1,1,E01029293,0,2
2024010489811,2024,010489811,2,1,0,18,19,5,1,0,0,0,0,4,0,0,1,1,6,6,1,52,8,-1,-1,-1,-1,5,E01004641,0,2
2024141525463,2024,141525463,2,98,0,-1,13,6,2,-1,0,1,0,0,0,0,4,9,-1,6,3,-1,-1,-1,-1,-1,-1,-1,-1,0,-1
2024010489904,2024,010489904,2,4,0,9,9,5,3,0,0,1,0,0,0,0,1,1,6,6,1,18,4,-1,-1,-1,-1,3,E01001287,0,1
2024010522084,2024,010522084,1,9,0,99,99,9,9,99,99,9,9,99,9,99,1,9,6,6,3,-1,-1,-1,-1,-1,-1,-1,-1,0,-1
2024010509374,2024,010509374,2,1,0,12,12,3,7,0,0,1,0,0,0,0,1,1,4,7,1,16,4,-1,-1,-1,-1,3,E01003097,0,1
2024371512593,2024,371512593,1,1,0,-1,19,5,1,-1,0,8,0,0,0,0,1,1,-1,6,-1,40,7,-1,-1,-1,-1,2,E01029969,0,1
2024471406020,2024,471406020,2,1,0,-1,19,5,1,-1,0,3,0,0,0,0,1,1,-1,9,1,51,8,-1,-1,-1,-1,7,E01031825,0,1
2024361535985,2024,361535985,1,9,-1,-1,19,2,8,-1,0,2,0,0,0,0,-1,9,-1,6,3,-1,-1,-1,-1,-1,-1,-1,-1,0,-1
2024010487849,2024,010487849,2,1,0,7,7,5,6,0,0,1,0,0,0,0,3,1,6,6,1,67,10,-1,-1,-1,-1,8,E01002819,0,2
2024552400818,2024,552400818,1,1,0,7,7,1,4,0,0,6,0,0,0,0,1,1,6,6,1,36,7,-1,-1,-1,-1,3,E01015386,0,1
2024161501555,2024,161501555,1,9,0,-1,19,1,5,-1,0,8,0,4,0,0,3,1,-1,9,2,28,6,-1,-1,-1,-1,4,E01012772,0,1
2024010520195,2024,010520195,2,1,0,18,19,7,3,0,0,8,0,0,0,0,4,1,2,2,1,46,8,-1,-1,-1,-1,3,E01001733,0,1
202417S102724,2024,17S102724,2,1,0,18,19,6,2,0,0,8,0,0,0,0,1,1,6,6,1,80,11,-1,-1,-1,-1,8,E01012225,0,1
2024101491026,2024,101491026,1,9,0,-1,7,6,1,-1,0,3,0,0,0,0,4,1,-1,6,2,-1,-1,-1,-1,-1,-1,-1,-1,0,-1
2024010494206,2024,010494206,1,11,0,99,99,9,9,99,99,9,9,99,9,99,9,9,6,6,3,-1,-1,-1,-1,-1,-1,-1,-1,0,-1
2024991436416,2024,991436416,2,9,0,-1,19,3,7,-1,0,0,0,0,0,0,2,1,-1,6,1,57,9,-1,-1,-1,-1,3,-1,0,2
2024010529546,2024,010529546,2,1,0,99,99,9,9,0,0,0,0,0,0,0,1,1,2,2,1,44,7,-1,-1,-1,-1,9,E01003897,0,3