collision_index,collision_year,collision_ref_no,vehicle_reference,vehicle_type,towing_and_articulation,vehicle_manoeuvre_historic,vehicle_manoeuvre,vehicle_direction_from,vehicle_direction_to,vehicle_location_restricted_lane_historic,vehicle_location_restricted_lane,junction_location,skidding_and_overturning,hit_object_in_carriageway,vehicle_leaving_carriageway,hit_object_off_carriageway,first_point_of_impact,vehicle_left_hand_drive,journey_purpose_of_driver_historic,journey_purpose_of_driver,sex_of_driver,age_of_driver,age_band_of_driver,engine_capacity_cc,propulsion_code,age_of_vehicle,generic_make_model,driver_imd_decile,lsoa_of_driver,escooter_flag,driver_distance_banding
2024201395560,2024,201395560,2,1,0,-1,19,3,7,-1,0,8,0,0,0,0,3,1,-1,2,1,62,9,-1,-1,-1,-1,3,E01010496,0,1
2024991502657,2024,991502657,1,9,0,-1,19,5,2,-1,0,1,0,0,1,11,1,1,-1,9,1,80,11,-1,-1,-1,-1,10,-1,0,2
2024440405016,2024,440405016,2,1,0,18,19,8,4,0,0,0,0,0,0,0,4,1,6,6,1,6,2,-1,-1,-1,-1,-1,-1,0,-1
2024061534008,2024,061534008,1,1,0,-1,19,-1,-1,-1,0,8,0,0,0,0,1,1,-1,6,1,26,6,-1,-1,-1,-1,2,E01005274,0,1
2024320130454,2024,320130454,2,9,0,-1,-1,6,2,0,0,0,0,0,0,0,1,1,-1,-1,1,22,5,-1,-1,-1,-1,-1,-1,0,-1
2024010548953,2024,010548953,1,1,0,18,19,1,5,0,0,2,5,0,0,0,4,1,2,2,2,49,8,-1,-1,-1,-1,3,E01000935,0,1
2024070525269,2024,070525269,1,9,0,18,19,4,7,0,0,7,0,0,0,0,1,1,6,6,1,23,5,-1,-1,-1,-1,10,W01000302,0,4
2024501509967,2024,501509967,3,19,0,-1,2,6,2,-1,0,0,0,0,0,0,3,9,-1,9,3,-1,-1,-1,-1,-1,-1,-1,-1,0,-1
2024070463357,2024,070463357,1,9,0,4,4,8,4,0,0,0,1,0,0,0,1,1,2,2,2,64,9,-1,-1,-1,-1,-1,-1,0,-1
2024010496859,2024,010496859,1,1,9,99,99,9,9,99,99,9,9,99,9,99,9,1,2,2,2,25,5,-1,-1,-1,-1,4,E01004202,0,1
2024401465689,2024,401465689,2,1,0,-1,19,-1,-1,-1,0,8,0,0,0,0,3,1,-1,1,1,29,6,-1,-1,-1,-1,2,E01017472,0,1
2024302400061,2024,302400061,2,9,0,3,3,1,4,0,0,1,0,0,0,0,2,1,6,6,2,43,7,-1,-1,-1,-1,10,E01033532,0,1
2024010543591,2024,010543591,1,1,9,99,99,9,9,99,99,9,9,99,9,99,9,1,6,6,2,44,7,-1,-1,-1,-1,3,E01001731,0,1
2024201406788,2024,201406788,1,90,0,-1,15,8,4,-1,0,1,0,0,0,0,1,1,-1,6,1,58,9,-1,-1,-1,-1,-1,-1,0,-1
2024461523375,2024,461523375,2,9,0,-1,19,6,6,-1,0,1,0,0,0,0,1,1,-1,2,1,60,9,-1,-1,-1,-1,7,E01024224,0,4
202454A586824,2024,54A586824,1,9,0,6,6,5,5,0,0,6,0,0,0,0,3,1,6,6,2,56,9,-1,-1,-1,-1,9,E01034856,0,5
2024991419525,2024,991419525,1,23,0,-1,19,1,5,-1,0,8,1,0,0,0,1,1,-1,6,1,14,3,-1,-1,-1,-1,3,-1,0,1
2024421394227,2024,421394227,1,9,0,-1,4,5,1,-1,0,1,0,0,0,0,1,1,-1,9,1,26,6,-1,-1,-1,-1,8,E01034365,0,1
2024302400161,2024,302400161,1,9,0,18,19,7,3,0,0,1,0,0,0,0,1,1,6,6,3,-1,-1,-1,-1,-1,-1,5,E01019456,0,3
2024501404828,2024,501404828,2,1,0,-1,5,3,5,-1,0,0,0,0,0,0,4,1,-1,9,2,15,3,-1,-1,-1,-1,6,E01020243,0,1
2024010523180,2024,010523180,1,9,0,18,19,1,5,0,0,1,0,11,0,0,1,1,6,6,2,59,9,-1,-1,-1,-1,3,E01034392,0,1
2024610017424,2024,610017424,2,9,0,18,19,1,5,0,0,1,1,0,0,0,4,1,6,6,1,17,4,-1,-1,-1,-1,4,W01001445,0,2
2024010488020,2024,010488020,2,11,0,18,19,3,7,0,0,1,0,0,0,0,1,1,1,1,1,60,9,-1,-1,-1,-1,6,E01030524,0,3
2024351415294,2024,351415294,1,23,0,-1,19,1,5,-1,5,0,0,0,1,9,1,1,-1,6,1,-1,-1,-1,-1,-1,-1,-1,-1,0,-1
2024211445692,2024,211445692,2,19,0,-1,4,8,6,-1,0,0,0,0,0,0,2,1,-1,6,3,50,8,-1,-1,-1,-1,-1,-1,0,-1
2024061521301,2024,061521301,1,1,0,-1,19,-1,-1,-1,0,1,0,0,0,0,1,1,-1,6,1,59,9,-1,-1,-1,-1,5,E01005591,0,2
2024421507111,2024,421507111,2,1,0,-1,19,6,2,-1,0,1,2,0,0,0,1,1,-1,9,1,45,7,-1,-1,-1,-1,10,E01021483,0,1
2024991543644,2024,991543644,2,9,0,-1,4,5,2,-1,0,0,0,0,0,0,2,1,-1,6,1,64,9,-1,-1,-1,-1,6,-1,0,4
2024010513732,2024,010513732,2,1,0,-1,-1,7,3,0,0,0,5,10,0,0,2,1,6,6,2,33,6,-1,-1,-1,-1,4,E01032764,0,1
2024131414304,2024,131414304,1,9,0,-1,9,5,3,-1,0,2,0,0,0,0,-1,1,-1,6,3,-1,-1,-1,-1,-1,-1,-1,-1,0,-1
2024522401759,2024,522401759,2,9,0,7,7,7,1,0,0,5,0,0,0,0,4,1,6,6,3,-1,-1,-1,-1,-1,-1,-1,-1,0,-1
2024161460947,2024,161460947,1,1,9,-1,19,2,6,-1,0,0,0,0,0,0,9,1,-1,6,1,25,5,-1,-1,-1,-1,3,E01013164,0,1
2024010503667,2024,010503667,1,9,0,18,19,1,5,0,0,8,0,0,0,0,1,1,6,6,1,67,10,-1,-1,-1,-1,4,E01002629,0,2
2024111502841,2024,111502841,1,1,0,-1,19,7,3,-1,0,0,0,0,0,0,4,1,-1,9,2,10,2,-1,-1,-1,-1,-1,-1,0,-1
2024131459925,2024,131459925,1,1,0,-1,19,3,7,-1,0,1,0,0,0,0,1,1,-1,9,1,22,5,-1,-1,-1,-1,8,E01011520,0,1
2024010490725,2024,010490725,1,19,0,9,9,1,6,0,0,5,0,0,0,0,1,1,1,1,1,40,7,-1,-1,-1,-1,7,E01001269,0,4
2024010490651,2024,010490651,1,1,9,99,99,9,9,99,99,9,9,99,9,99,9,1,2,2,2,60,9,-1,-1,-1,-1,10,E01000896,0,1
2024501420585,2024,501420585,2,1,0,-1,3,3,7,-1,0,1,0,0,0,0,1,1,-1,2,1,34,6,-1,-1,-1,-1,6,E01020007,0,1
2024141519796,2024,141519796,1,9,0,-1,19,5,5,-1,0,0,0,0,1,1,1,1,-1,7,2,35,6,-1,-1,-1,-1,6,E01007400,0,1
2024552401059,2024,552401059,1,1,0,18,19,3,7,0,0,6,0,0,0,0,1,1,6,6,1,59,9,-1,-1,-1,-1,6,E01015361,0,1
2024010520528,2024,010520528,1,9,0,5,5,3,7,0,0,1,0,0,0,0,0,1,6,6,1,28,6,-1,-1,-1,-1,2,E01002879,0,1
2024010519930,2024,010519930,1,1,0,99,99,9,9,0,0,8,0,0,0,0,1,1,2,2,1,25,5,-1,-1,-1,-1,7,E01002121,0,1
2024201437778,2024,201437778,1,9,0,-1,1,3,7,-1,9,0,0,0,0,0,2,1,-1,6,2,30,6,-1,-1,-1,-1,-1,-1,0,-1
2024061473352,2024,061473352,2,9,0,-1,8,-1,-1,-1,0,1,0,0,0,0,2,1,-1,6,3,-1,-1,-1,-1,-1,-1,-1,-1,0,-1
2024991483202,2024,991483202,2,9,0,-1,19,3,7,-1,0,8,0,0,0,0,1,1,-1,9,2,54,8,-1,-1,-1,-1,5,-1,0,1
2024201535725,2024,201535725,2,1,0,-1,19,6,2,-1,0,0,0,0,0,0,2,1,-1,6,1,28,6,-1,-1,-1,-1,2,E01010279,0,1
2024010506473,2024,010506473,2,9,0,99,99,9,9,99,99,9,9,99,9,99,1,9,6,6,3,-1,-1,-1,-1,-1,-1,-1,-1,0,-1
2024461472473,2024,461472473,1,97,0,-1,19,3,7,-1,0,1,0,0,0,0,0,1,-1,9,1,61,9,-1,-1,-1,-1,2,E01024717,0,1
2024161533926,2024,161533926,2,9,0,-1,19,5,1,-1,0,8,0,0,0,0,1,9,-1,6,3,-1,-1,-1,-1,-1,-1,-1,-1,0,-1
2024201403769,2024,201403769,1,9,0,-1,6,3,3,-1,0,2,0,0,0,0,4,9,-1,9,1,25,5,-1,-1,-1,-1,1,E01012217,0,5
2024131438028,2024,131438028,2,1,0,-1,19,7,3,-1,0,8,0,0,0,0,1,1,-1,6,1,30,6,-1,-1,-1,-1,1,E01011354,0,1
2024201431622,2024,201431622,1,9,0,-1,1,4,2,-1,0,8,0,0,0,0,2,9,-1,1,1,51,8,-1,-1,-1,-1,8,E01034097,0,3
2024211496985,2024,211496985,2,1,0,-1,19,5,1,-1,0,2,0,0,0,0,1,1,-1,9,1,13,3,-1,-1,-1,-1,9,E01029631,0,1
2024010536608,2024,010536608,2,90,9,99,99,9,9,99,99,9,9,99,9,99,9,1,6,6,2,-1,-1,-1,-1,-1,-1,3,E01001830,0,1
2024010512497,2024,010512497,1,1,9,99,99,9,9,99,99,9,9,99,9,99,1,1,6,6,3,-1,-1,-1,-1,-1,-1,5,E01003142,0,1
2024061495500,2024,061495500,2,1,0,-1,19,5,1,-1,0,0,0,0,0,0,4,1,-1,6,1,19,4,-1,-1,-1,-1,-1,-1,0,-1
2024141440969,2024,141440969,1,97,0,-1,19,5,1,-1,0,1,0,0,0,0,1,1,-1,9,1,16,4,-1,-1,-1,-1,2,E01007635,0,1
2024440518531,2024,440518531,2,1,0,18,19,7,3,0,0,2,0,0,0,0,3,1,6,6,1,22,5,-1,-1,-1,-1,8,E01023048,0,1
2024461464750,2024,461464750,1,19,0,-1,19,1,5,-1,0,0,0,0,0,0,1,9,-1,6,3,-1,-1,-1,-1,-1,-1,-1,-1,0,-1
2024161443389,2024,161443389,2,1,0,-1,19,5,1,-1,9,0,0,0,0,0,1,1,-1,6,2,56,9,-1,-1,-1,-1,2,E01012777,0,1
2024401494924,2024,401494924,2,-1,0,-1,19,8,4,-1,0,2,0,0,0,0,4,1,-1,7,1,17,4,-1,-1,-1,-1,8,E01015805,1,1
2024010491357,2024,010491357,3,9,0,3,3,5,1,0,0,1,0,0,0,0,2,1,6,6,1,59,9,-1,-1,-1,-1,9,E01025669,0,5
2024201404838,2024,201404838,1,9,0,-1,15,3,7,-1,0,0,0,0,0,0,1,9,-1,6,3,-1,-1,-1,-1,-1,-1,-1,-1,0,-1
2024471450736,2024,471450736,1,9,0,-1,19,5,1,-1,0,6,0,0,0,0,1,1,-1,9,1,61,9,-1,-1,-1,-1,9,E01000358,0,4
2024141459602,2024,141459602,1,9,0,-1,19,8,6,-1,0,0,0,0,0,0,1,1,-1,9,1,21,5,-1,-1,-1,-1,2,E01004969,0,4
2024131497875,2024,131497875,2,9,0,-1,2,0,0,-1,9,8,0,0,0,0,2,1,-1,6,-1,-1,-1,-1,-1,-1,-1,-1,-1,0,-1
2024010534237,2024,010534237,2,9,0,99,99,9,9,99,99,9,9,99,9,99,2,9,6,6,3,-1,-1,-1,-1,-1,-1,-1,-1,0,-1
2024101396303,2024,101396303,1,9,0,-1,7,1,3,-1,0,8,0,0,0,0,1,9,-1,6,2,-1,-1,-1,-1,-1,-1,-1,-1,0,-1
2024131482062,2024,131482062,2,1,0,-1,19,1,5,-1,0,0,0,0,0,0,1,1,-1,9,1,18,4,-1,-1,-1,-1,3,E01011105,0,1
2024411409730,2024,411409730,1,9,0,-1,13,6,1,-1,0,0,1,0,1,0,1,1,-1,9,1,36,7,-1,-1,-1,-1,9,E01023619,0,1
2024010527609,2024,010527609,1,9,0,9,9,1,6,0,0,6,0,0,1,0,1,1,6,6,3,-1,-1,-1,-1,-1,-1,-1,-1,0,-1
2024430512177,2024,430512177,2,-1,0,18,19,1,5,0,0,1,0,0,0,0,3,1,6,6,1,18,4,-1,-1,-1,-1,-1,-1,1,-1
2024131422196,2024,131422196,2,-1,0,-1,19,6,2,-1,0,8,5,0,0,0,1,1,-1,6,1,43,7,-1,-1,-1,-1,7,E01011277,1,1
2024201476220,2024,201476220,1,9,0,-1,7,3,7,-1,0,3,0,0,0,0,1,9,-1,6,3,39,7,-1,-1,-1,-1,-1,-1,0,-1
2024610015624,2024,610015624,2,9,0,18,19,2,6,0,0,1,0,0,0,0,1,1,1,1,1,42,7,-1,-1,-1,-1,5,W01001611,0,2
2024010498707,2024,010498707,2,9,0,99,99,9,9,99,99,9,9,99,9,99,0,9,6,6,3,-1,-1,-1,-1,-1,-1,-1,-1,0,-1
2024010494855,2024,010494855,2,9,0,99,99,9,9,99,99,9,9,99,9,99,9,9,6,6,3,-1,-1,-1,-1,-1,-1,4,E01002055,0,1
2024430119931,2024,430119931,2,-1,0,18,19,4,8,0,0,8,0,0,0,0,1,1,6,6,1,14,3,-1,-1,-1,-1,-1,-1,1,-1
2024010494111,2024,010494111,2,9,0,99,99,9,9,99,99,9,9,99,9,99,9,9,6,6,1,31,6,-1,-1,-1,-1,4,E01003169,0,1
2024010540066,2024,010540066,2,9,0,18,19,4,8,0,0,2,0,0,0,0,1,1,6,6,3,-1,-1,-1,-1,-1,-1,-1,-1,0,-1
2024010545790,2024,010545790,2,4,0,99,99,9,9,99,99,9,9,99,9,99,1,1,6,6,3,-1,-1,-1,-1,-1,-1,-1,-1,0,-1
2024501504762,2024,501504762,1,1,0,-1,19,1,5,-1,0,0,0,0,0,0,1,1,-1,6,1,53,8,-1,-1,-1,-1,5,E01018904,0,1
2024010500798,2024,010500798,1,1,9,99,99,9,9,99,99,9,9,99,9,99,9,1,2,2,1,42,7,-1,-1,-1,-1,2,E01033702,0,2
2024010512390,2024,010512390,2,1,0,18,19,5,1,4,4,1,0,0,0,0,1,1,2,2,1,48,8,-1,-1,-1,-1,3,E01001650,0,2
2024201527498,2024,201527498,1,9,0,-1,9,2,8,-1,0,6,0,0,0,0,1,1,-1,6,1,79,11,-1,-1,-1,-1,4,E01009882,0,1
2024010550172,2024,010550172,2,9,0,99,99,9,9,99,99,9,9,99,9,99,9,9,6,6,3,-1,-1,-1,-1,-1,-1,-1,-1,0,-1
2024311419151,2024,311419151,2,9,0,-1,19,6,2,-1,0,0,0,0,0,0,4,1,-1,6,2,67,10,-1,-1,-1,-1,1,E01028261,0,1
2024991413223,2024,991413223,1,9,0,-1,5,8,6,-1,0,2,0,0,0,0,1,1,-1,6,2,31,6,-1,-1,-1,-1,6,-1,0,1
2024302401010,2024,302401010,1,9,0,5,5,8,4,0,0,4,0,0,0,0,1,1,6,6,2,27,6,-1,-1,-1,-1,9,E01034653,0,1
2024430186075,2024,430186075,1,9,0,16,19,5,7,0,0,0,0,0,0,0,1,1,6,6,2,87,11,-1,-1,-1,-1,9,E01017722,0,2
2024440486657,2024,440486657,1,9,0,18,19,3,7,0,0,0,0,0,0,0,4,1,6,6,1,57,9,-1,-1,-1,-1,6,E01031533,0,4
2024010530269,2024,010530269,2,9,0,9,9,3,1,0,0,1,0,0,0,0,1,1,6,6,3,-1,-1,-1,-1,-1,-1,-1,-1,0,-1
2024440188990,2024,440188990,1,9,0,17,19,4,8,0,0,0,2,0,8,4,1,1,1,1,1,22,5,-1,-1,-1,-1,2,E01017169,0,4
2024552500147,2024,552500147,2,1,0,9,9,3,1,0,0,8,0,0,0,0,4,1,6,6,1,58,9,-1,-1,-1,-1,5,E01015334,0,2
2024451474660,2024,451474660,1,1,0,-1,5,7,3,-1,0,1,5,0,0,0,3,1,-1,6,1,30,6,-1,-1,-1,-1,7,E01004491,0,4
2024010546782,2024,010546782,1,19,0,1,1,9,9,99,99,0,9,99,9,99,2,9,6,6,3,-1,-1,-1,-1,-1,-1,-1,-1,0,-1
2024340WN4652,2024,340WN4652,1,3,0,-1,19,7,3,-1,0,8,0,0,0,0,1,1,-1,9,1,22,5,-1,-1,-1,-1,4,E01027142,0,1
2024622400624,2024,622400624,2,9,0,18,19,2,6,0,0,1,0,0,0,0,1,1,6,6,1,16,4,-1,-1,-1,-1,4,W01000809,0,2
2024501463976,2024,501463976,1,19,0,-1,19,7,3,-1,0,0,0,0,0,0,4,1,-1,6,3,-1,-1,-1,-1,-1,-1,-1,-1,0,-1
2024430176573,2024,430176573,2,9,0,8,8,6,8,0,0,1,0,0,0,0,2,1,6,6,2,21,5,-1,-1,-1,-1,-1,-1,0,-1
2024101455730,2024,101455730,1,9,0,-1,1,3,7,-1,0,0,0,0,0,0,2,9,-1,6,1,-1,-1,-1,-1,-1,-1,-1,-1,0,-1
2024531498964,2024,531498964,1,9,0,-1,19,5,1,-1,0,0,0,0,0,0,1,9,-1,6,1,26,6,-1,-1,-1,-1,6,E01022400,0,3
2024430623797,2024,430623797,2,9,0,16,19,5,8,0,0,0,0,0,0,0,3,1,6,6,1,20,4,-1,-1,-1,-1,10,E01016533,0,1
2024131397838,2024,131397838,2,1,0,-1,19,3,7,-1,0,1,0,0,0,0,4,1,-1,6,1,46,8,-1,-1,-1,-1,1,E01010720,0,1
2024552400498,2024,552400498,2,90,0,18,19,8,4,0,0,0,0,0,0,0,2,1,6,6,1,31,6,-1,-1,-1,-1,10,E01020380,0,1
2024531474041,2024,531474041,2,1,0,-1,19,6,2,-1,0,1,0,0,0,0,3,1,-1,2,2,38,7,-1,-1,-1,-1,3,E01022121,0,1
202454A154424,2024,54A154424,1,9,0,18,19,3,7,0,0,1,0,0,0,0,1,1,6,6,3,-1,-1,-1,-1,-1,-1,-1,-1,0,-1
2024221482326,2024,221482326,1,1,0,-1,14,7,2,-1,0,0,0,0,0,0,1,1,-1,6,1,30,6,-1,-1,-1,-1,8,E01032366,0,4
2024401493985,2024,401493985,2,9,0,-1,3,1,5,-1,0,8,0,0,0,0,0,1,-1,9,1,56,9,-1,-1,-1,-1,6,E01015790,0,1
2024010515875,2024,010515875,2,1,0,18,19,9,9,0,0,4,5,0,0,0,1,1,2,2,1,26,6,-1,-1,-1,-1,2,E01000052,0,1
2024161445054,2024,161445054,1,1,0,-1,19,6,2,-1,4,8,0,0,0,0,1,1,-1,6,1,16,4,-1,-1,-1,-1,4,E01012772,0,1
2024010511315,2024,010511315,2,1,0,18,19,7,3,0,0,1,0,0,0,0,1,1,6,6,1,17,4,-1,-1,-1,-1,8,E01001965,0,1
2024332400688,2024,332400688,1,9,0,-1,19,1,5,-1,0,4,0,0,1,4,1,1,-1,9,2,43,7,-1,-1,-1,-1,5,E01013616,0,1
2024520401934,2024,520401934,1,9,0,1,1,9,9,0,0,0,0,0,0,0,2,1,6,6,3,-1,-1,-1,-1,-1,-1,-1,-1,0,-1
2024010492601,2024,010492601,2,19,0,99,99,9,9,99,99,0,9,99,9,99,1,9,6,6,3,-1,-1,-1,-1,-1,-1,-1,-1,0,-1
2024161401377,2024,161401377,1,9,0,-1,8,5,1,-1,0,1,0,0,0,0,2,1,-1,6,2,47,8,-1,-1,-1,-1,6,E01012923,0,3
2024361421229,2024,361421229,1,9,0,-1,19,3,7,-1,0,0,0,0,7,4,1,1,-1,9,1,40,7,-1,-1,-1,-1,-1,-1,0,-1
2024010487272,2024,010487272,1,9,0,4,4,3,7,0,0,1,0,0,0,0,1,1,6,6,1,47,8,-1,-1,-1,-1,4,E01003389,0,2
2024070741448,2024,070741448,2,1,0,-1,19,5,1,-1,0,8,0,0,0,0,1,1,-1,9,1,63,9,-1,-1,-1,-1,6,E01018617,0,1
2024111471910,2024,111471910,1,1,0,-1,5,4,8,-1,0,4,0,0,0,0,1,1,-1,6,1,33,6,-1,-1,-1,-1,4,E01034491,0,1
2024552401483,2024,552401483,2,1,0,18,19,4,8,0,0,0,0,0,0,0,2,1,6,6,1,74,10,-1,-1,-1,-1,5,E01015274,0,1
2024522401701,2024,522401701,2,9,0,13,13,1,5,0,0,1,0,0,0,0,4,1,6,6,3,-1,-1,-1,-1,-1,-1,-1,-1,0,-1
2024010525429,2024,010525429,2,9,0,99,99,9,9,99,99,9,9,99,9,99,0,9,6,6,3,-1,-1,-1,-1,-1,-1,-1,-1,0,-1
2024451452090,2024,451452090,2,98,-1,-1,19,-1,-1,-1,0,0,0,0,0,0,-1,9,-1,6,1,-1,-1,-1,-1,-1,-1,-1,-1,0,-1
2024552500116,2024,552500116,2,1,0,18,19,5,1,0,0,8,0,0,0,0,4,1,4,7,1,11,3,-1,-1,-1,-1,5,E01020562,0,1
2024351506444,2024,351506444,2,9,0,-1,3,-1,-1,-1,0,0,0,0,0,0,1,9,-1,9,1,49,8,-1,-1,-1,-1,5,E01018079,0,1
2024211519509,2024,211519509,1,99,0,-1,19,5,1,-1,0,0,0,0,0,0,4,1,-1,6,3,21,5,-1,-1,-1,-1,-1,-1,0,-1
2024361458696,2024,361458696,1,1,0,-1,14,6,2,-1,0,1,0,0,0,0,1,1,-1,9,1,21,5,-1,-1,-1,-1,4,-1,0,5
2024131433392,2024,131433392,1,9,0,-1,-1,-1,-1,-1,-1,-1,-1,-1,-1,0,-1,1,-1,6,3,-1,-1,-1,-1,-1,-1,-1,-1,0,-1
2024010502973,2024,010502973,2,1,0,18,19,3,7,0,0,1,0,0,0,0,1,1,1,1,1,25,5,-1,-1,-1,-1,2,E01000049,0,1
2024122400964,2024,122400964,2,1,0,18,19,3,7,0,0,8,0,0,0,0,4,1,6,6,1,34,6,-1,-1,-1,-1,2,E01027812,0,1
2024122400248,2024,122400248,3,1,0,18,19,3,7,0,0,8,0,0,0,0,1,1,2,2,2,44,7,-1,-1,-1,-1,3,E01027906,0,1
2024430017174,2024,430017174,1,9,0,18,19,6,2,0,0,6,0,0,0,0,1,1,1,1,1,40,7,-1,-1,-1,-1,-1,-1,0,-1
2024371516158,2024,371516158,1,9,0,-1,4,3,7,-1,0,0,0,0,0,0,2,1,-1,6,1,25,5,-1,-1,-1,-1,6,E01030221,0,2
2024332400569,2024,332400569,1,4,0,-1,19,2,6,-1,0,0,0,0,0,0,1,1,-1,2,1,26,6,-1,-1,-1,-1,10,E01025651,0,3
2024440122811,2024,440122811,2,22,0,18,19,3,7,0,0,8,0,0,0,0,3,1,6,6,1,45,7,-1,-1,-1,-1,2,E01034730,0,1
2024101471226,2024,101471226,1,20,0,-1,19,2,6,-1,0,0,0,0,0,0,1,1,-1,6,1,30,6,-1,-1,-1,-1,1,E01008651,0,2
2024041495701,2024,041495701,1,9,0,-1,19,1,5,-1,0,0,0,0,0,0,1,9,-1,6,3,-1,-1,-1,-1,-1,-1,-1,-1,0,-1
2024201511431,2024,201511431,2,98,0,-1,19,7,3,-1,0,0,0,0,0,0,4,1,-1,1,1,64,9,-1,-1,-1,-1,6,E01031130,0,3
2024371479260,2024,371479260,2,1,0,-1,19,3,7,-1,0,8,5,0,0,0,1,1,-1,2,1,55,8,-1,-1,-1,-1,6,E01030002,0,1
2024461518051,2024,461518051,1,9,0,-1,19,2,6,-1,0,0,0,0,0,0,1,9,-1,6,3,-1,-1,-1,-1,-1,-1,-1,-1,0,-1
2024320040377,2024,320040377,2,1,0,-1,-1,1,5,0,0,0,0,0,0,0,3,1,-1,-1,1,45,7,-1,-1,-1,-1,4,E01026245,0,1
2024141491411,2024,141491411,1,9,0,-1,19,6,2,-1,0,0,0,0,0,0,1,1,-1,1,2,28,6,-1,-1,-1,-1,8,E01026394,0,4
2024010491349,2024,010491349,2,1,0,18,19,4,8,0,0,6,0,8,0,0,1,1,6,6,1,31,6,-1,-1,-1,-1,4,E01002620,0,3
2024430277939,2024,430277939,1,1,0,18,19,3,7,5,5,8,0,0,0,0,3,1,1,1,2,51,8,-1,-1,-1,-1,6,E01016472,0,1
2024552400634,2024,552400634,1,9,0,5,5,1,5,9,9,6,0,0,0,0,3,1,6,6,2,26,6,-1,-1,-1,-1,2,E01015273,0,1
2024311425843,2024,311425843,1,9,0,-1,4,4,8,-1,0,0,0,0,0,0,2,1,-1,6,1,30,6,-1,-1,-1,-1,-1,-1,0,-1
2024070344722,2024,070344722,4,9,0,4,4,7,3,0,0,0,0,0,0,0,1,1,2,2,1,-1,-1,-1,-1,-1,-1,6,E01018722,0,1
2024991483038,2024,991483038,2,1,0,-1,19,4,1,-1,0,0,1,0,0,0,1,1,-1,9,2,15,3,-1,-1,-1,-1,5,-1,0,1
2024991400759,2024,991400759,1,9,0,-1,19,7,3,-1,0,1,0,0,7,1,3,1,-1,9,1,25,5,-1,-1,-1,-1,5,-1,0,1
2024131528384,2024,131528384,2,9,0,-1,19,3,7,-1,0,4,0,0,0,0,3,1,-1,6,2,53,8,-1,-1,-1,-1,5,E01011836,0,2
2024430556210,2024,430556210,2,-1,-1,-1,-1,-1,-1,-1,-1,-1,-1,-1,-1,-1,-1,-1,6,6,1,-1,-1,-1,-1,-1,-1,-1,-1,0,-1
2024552500212,2024,552500212,2,9,0,18,19,8,4,0,0,8,0,0,0,0,1,1,6,6,2,50,8,-1,-1,-1,-1,4,E01015409,0,1
2024201464756,2024,201464756,1,9,0,-1,5,6,2,-1,0,0,0,0,0,0,4,9,-1,1,1,-1,-1,-1,-1,-1,-1,-1,-1,0,-1
2024101443504,2024,101443504,1,-1,0,-1,19,8,4,-1,9,0,5,8,0,0,1,1,-1,6,1,19,4,-1,-1,-1,-1,-1,-1,1,-1
2024010497246,2024,010497246,2,10,0,99,99,9,9,99,99,0,9,99,9,99,9,9,6,6,3,-1,-1,-1,-1,-1,-1,-1,-1,0,-1
2024440371983,2024,440371983,1,1,0,18,19,6,2,0,0,0,0,0,0,0,0,1,6,6,1,28,6,-1,-1,-1,-1,1,E01017205,0,1
2024141539375,2024,141539375,2,9,0,-1,19,1,5,-1,0,0,0,0,0,0,4,9,-1,6,3,-1,-1,-1,-1,-1,-1,-1,-1,0,-1
2024411406792,2024,411406792,1,98,-1,-1,-1,-1,-1,-1,-1,1,-1,-1,-1,0,-1,9,-1,6,3,-1,-1,-1,-1,-1,-1,-1,-1,0,-1
2024010493173,2024,010493173,2,8,0,18,19,5,1,0,0,2,0,0,0,0,3,1,6,6,1,49,8,-1,-1,-1,-1,3,E01034205,0,2
2024481564463,2024,481564463,3,1,0,-1,5,5,1,-1,0,1,0,0,0,0,2,1,-1,6,1,29,6,-1,-1,-1,-1,-1,-1,0,-1
2024131456411,2024,131456411,1,9,0,-1,12,5,1,-1,0,0,1,0,0,0,1,1,-1,6,3,-1,-1,-1,-1,-1,-1,-1,-1,0,-1
2024421405944,2024,421405944,1,9,0,-1,7,3,7,-1,0,1,0,0,0,0,1,1,-1,6,2,83,11,-1,-1,-1,-1,8,E01015984,0,1
2024471413657,2024,471413657,3,9,-1,-1,9,1,3,-1,0,8,0,0,0,0,0,9,-1,6,3,-1,-1,-1,-1,-1,-1,-1,-1,0,-1
2024010549447,2024,010549447,1,-1,9,99,99,9,9,99,99,9,9,99,9,99,9,9,6,6,3,-1,-1,-1,-1,-1,-1,-1,-1,1,-1
2024991444500,2024,991444500,1,9,0,-1,5,6,2,-1,0,4,0,0,0,0,1,2,-1,6,1,25,5,-1,-1,-1,-1,-1,-1,0,-1
2024622400023,2024,622400023,2,1,0,18,19,8,4,0,0,2,0,0,0,0,1,1,6,6,1,31,6,-1,-1,-1,-1,3,W01001869,0,1
2024451534735,2024,451534735,2,1,0,-1,19,7,3,-1,0,4,0,0,0,0,2,1,-1,6,1,58,9,-1,-1,-1,-1,10,E01002951,0,3
2024451430116,2024,451430116,2,1,0,-1,19,0,0,-1,0,1,2,0,0,0,1,1,-1,9,1,38,7,-1,-1,-1,-1,10,E01030439,0,1
2024010526063,2024,010526063,4,9,0,2,2,0,0,0,0,1,0,0,0,0,1,1,6,6,3,-1,-1,-1,-1,-1,-1,-1,-1,0,-1
2024061501434,2024,061501434,2,18,-1,-1,4,3,3,-1,1,0,0,0,0,0,1,1,-1,1,1,50,8,-1,-1,-1,-1,-1,-1,0,-1
2024010489329,2024,010489329,2,9,0,4,4,3,7,0,0,1,0,0,0,0,2,1,1,1,1,33,6,-1,-1,-1,-1,4,E01000472,0,3
2024010500643,2024,010500643,1,1,9,99,99,9,9,99,99,9,9,99,9,99,2,1,2,2,1,32,6,-1,-1,-1,-1,4,E01001243,0,1
2024010491262,2024,010491262,1,9,0,18,19,7,3,0,0,1,0,0,0,0,4,1,6,6,1,29,6,-1,-1,-1,-1,-1,-1,0,-1
2024041519430,2024,041519430,2,9,0,-1,19,6,2,-1,0,8,0,0,0,0,4,1,-1,2,1,48,8,-1,-1,-1,-1,8,E01025005,0,2
2024430325674,2024,430325674,2,9,0,16,19,6,1,0,0,0,0,0,0,0,1,1,2,2,2,20,4,-1,-1,-1,-1,7,E01017753,0,1