collision_index,collision_year,collision_ref_no,vehicle_reference,vehicle_type,towing_and_articulation,vehicle_manoeuvre_historic,vehicle_manoeuvre,vehicle_direction_from,vehicle_direction_to,vehicle_location_restricted_lane_historic,vehicle_location_restricted_lane,junction_location,skidding_and_overturning,hit_object_in_carriageway,vehicle_leaving_carriageway,hit_object_off_carriageway,first_point_of_impact,vehicle_left_hand_drive,journey_purpose_of_driver_historic,journey_purpose_of_driver,sex_of_driver,age_of_driver,age_band_of_driver,engine_capacity_cc,propulsion_code,age_of_vehicle,generic_make_model,driver_imd_decile,lsoa_of_driver,escooter_flag,driver_distance_banding
2024010490324,2024,010490324,1,9,0,99,99,9,9,99,99,9,9,99,9,99,9,9,6,6,1,37,7,-1,-1,-1,-1,1,E01000782,0,1
2024010496456,2024,010496456,1,9,0,10,10,8,7,0,0,2,0,0,0,0,3,1,1,1,1,51,8,-1,-1,-1,-1,2,E01000045,0,3
2024540443724,2024,540443724,1,9,0,13,13,3,6,0,0,8,0,0,0,0,1,1,6,6,1,19,4,-1,-1,-1,-1,9,E01031883,0,3
2024520402529,2024,520402529,2,9,0,1,1,7,3,0,0,1,0,0,0,0,2,1,6,6,3,-1,-1,-1,-1,-1,-1,-1,-1,0,-1
2024501451694,2024,501451694,1,9,0,-1,5,6,4,-1,0,6,0,0,1,0,3,1,-1,9,1,87,11,-1,-1,-1,-1,4,E01018781,0,3
2024010516505,2024,010516505,1,-1,0,18,19,6,2,0,0,1,0,10,0,0,4,2,6,6,2,25,5,-1,-1,-1,-1,3,E01034592,1,1
2024320011532,2024,320011532,2,9,0,12,12,6,2,0,0,0,1,0,0,0,2,1,6,6,1,86,11,-1,-1,-1,-1,3,E01026104,0,4
2024351469190,2024,351469190,2,1,0,-1,19,8,4,-1,0,0,0,0,0,0,1,1,-1,6,1,10,2,-1,-1,-1,-1,6,E01017962,0,1
2024430315098,2024,430315098,1,-1,0,15,15,7,3,0,0,0,0,10,1,10,1,1,1,1,1,20,4,-1,-1,-1,-1,-1,-1,1,-1
2024361488345,2024,361488345,1,9,0,-1,1,5,1,-1,0,8,0,0,0,0,2,1,-1,6,2,-1,-1,-1,-1,-1,-1,-1,-1,0,-1
2024461500592,2024,461500592,1,9,0,-1,5,3,7,-1,0,4,0,0,0,0,3,1,-1,9,1,74,10,-1,-1,-1,-1,1,E01024666,0,1
2024010522902,2024,010522902,2,1,0,14,14,1,5,0,0,0,0,0,0,0,3,1,6,6,2,47,8,-1,-1,-1,-1,2,E01001842,0,1
2024421436194,2024,421436194,1,9,0,-1,19,6,2,-1,0,0,0,0,0,0,1,1,-1,2,1,65,9,-1,-1,-1,-1,8,E01026519,0,5
2024010505561,2024,010505561,2,-1,9,99,99,9,9,99,99,9,9,99,9,99,9,9,6,6,2,-1,-1,-1,-1,-1,-1,-1,-1,1,-1
2024552401251,2024,552401251,1,22,0,18,19,1,5,9,9,0,0,0,0,0,1,1,6,6,2,79,11,-1,-1,-1,-1,1,E01020554,0,1
2024522402521,2024,522402521,1,9,0,18,19,4,8,0,0,0,0,0,0,0,1,1,6,6,3,-1,-1,-1,-1,-1,-1,-1,-1,0,-1
2024520401194,2024,520401194,1,9,0,18,19,8,4,0,0,0,0,0,0,0,1,1,6,6,2,54,8,-1,-1,-1,-1,2,E01029098,0,1
2024010496282,2024,010496282,1,9,0,9,9,5,3,0,0,1,0,0,0,0,1,1,6,6,1,20,4,-1,-1,-1,-1,4,E01001646,0,4
2024311453125,2024,311453125,4,9,0,-1,19,7,3,-1,0,0,0,0,0,0,2,1,-1,6,1,54,8,-1,-1,-1,-1,-1,-1,0,-1
2024631475360,2024,631475360,1,90,0,-1,19,8,4,-1,0,1,0,0,0,0,4,2,-1,9,1,35,6,-1,-1,-1,-1,-1,-1,0,-1
2024010497308,2024,010497308,1,3,0,99,99,9,9,99,99,9,9,99,9,99,9,1,1,1,1,21,5,-1,-1,-1,-1,7,E01017835,0,4
2024522401891,2024,522401891,1,1,0,18,19,2,6,5,5,0,0,0,0,0,9,1,6,6,3,15,3,-1,-1,-1,-1,-1,-1,0,-1
2024010488013,2024,010488013,2,19,0,99,99,9,9,99,99,0,9,99,9,99,9,9,6,6,3,20,4,-1,-1,-1,-1,3,E01033388,0,5
2024131426804,2024,131426804,1,3,0,-1,19,3,7,-1,0,0,5,0,0,0,1,1,-1,9,1,29,6,-1,-1,-1,-1,3,E01011322,0,1
2024010491467,2024,010491467,4,9,0,3,3,3,7,0,0,0,0,0,0,0,2,1,6,6,2,54,8,-1,-1,-1,-1,6,E01002533,0,2
2024430574020,2024,430574020,2,19,0,18,19,7,3,0,0,3,0,0,0,0,4,1,6,6,1,-1,-1,-1,-1,-1,-1,-1,-1,0,-1
2024440428104,2024,440428104,2,97,0,17,19,6,4,0,0,8,0,0,0,0,1,1,6,6,1,18,4,-1,-1,-1,-1,10,E01022851,0,1
2024320472066,2024,320472066,1,9,0,-1,-1,6,2,0,0,8,0,0,0,0,3,2,-1,-1,1,41,7,-1,-1,-1,-1,-1,-1,0,-1
2024161517433,2024,161517433,2,1,0,-1,19,7,3,-1,0,2,2,0,0,0,1,1,-1,6,1,11,3,-1,-1,-1,-1,4,E01012883,0,1
2024041524873,2024,041524873,1,1,0,-1,19,3,7,-1,0,1,0,0,0,0,1,1,-1,9,1,29,6,-1,-1,-1,-1,1,E01012735,0,1
2024010521109,2024,010521109,2,1,0,18,19,1,5,0,0,8,0,0,0,0,1,1,6,6,1,37,7,-1,-1,-1,-1,3,E01003960,0,1
2024522401633,2024,522401633,1,1,0,18,19,9,9,0,0,8,0,0,0,0,9,1,6,6,3,-1,-1,-1,-1,-1,-1,-1,-1,0,-1
2024451470531,2024,451470531,2,1,0,-1,19,5,1,-1,0,0,0,0,0,0,3,1,-1,9,1,13,3,-1,-1,-1,-1,5,E01030971,0,1
2024451422601,2024,451422601,2,9,0,-1,19,7,3,-1,0,0,0,0,1,6,4,1,-1,1,1,44,7,-1,-1,-1,-1,6,E01016817,0,5
2024010492532,2024,010492532,2,9,9,99,99,9,9,99,99,6,9,99,9,99,9,9,6,6,3,-1,-1,-1,-1,-1,-1,-1,-1,0,-1
2024991462339,2024,991462339,1,9,0,-1,19,5,1,-1,0,0,0,0,0,0,1,1,-1,9,1,43,7,-1,-1,-1,-1,2,-1,0,1
2024332400752,2024,332400752,2,19,0,-1,19,9,9,-1,0,5,0,0,0,0,0,1,-1,6,3,-1,-1,-1,-1,-1,-1,-1,-1,0,-1
2024211471994,2024,211471994,2,17,5,-1,11,5,5,-1,0,0,0,0,0,0,1,1,-1,1,1,29,6,-1,-1,-1,-1,-1,-1,0,-1
2024061492007,2024,061492007,1,1,0,-1,19,-1,-1,-1,0,8,5,0,2,0,1,1,-1,9,1,38,7,-1,-1,-1,-1,8,E01005169,0,1
2024471430893,2024,471430893,2,9,0,-1,19,6,2,-1,0,0,0,0,0,0,1,1,-1,9,1,40,7,-1,-1,-1,-1,8,E01031393,0,1
2024332401115,2024,332401115,1,9,0,-1,19,1,5,-1,0,0,0,0,0,0,2,1,-1,1,1,45,7,-1,-1,-1,-1,7,E01022713,0,5
2024430302634,2024,430302634,2,9,0,18,19,3,7,0,0,8,0,0,0,0,4,1,6,6,3,-1,-1,-1,-1,-1,-1,-1,-1,0,-1
2024351479538,2024,351479538,1,90,0,-1,-1,-1,-1,-1,-1,-1,-1,-1,-1,0,1,1,-1,6,1,19,4,-1,-1,-1,-1,10,E01018301,0,2
2024041497126,2024,041497126,2,9,0,-1,2,0,0,-1,0,0,0,0,0,0,4,1,-1,6,-1,-1,-1,-1,-1,-1,-1,-1,-1,0,-1
2024101436895,2024,101436895,1,23,0,-1,19,3,7,-1,0,1,0,4,0,0,1,1,-1,6,1,-1,-1,-1,-1,-1,-1,-1,-1,0,-1
2024522402916,2024,522402916,2,1,0,18,19,9,9,9,9,8,0,8,0,0,1,1,6,6,1,12,3,-1,-1,-1,-1,-1,-1,0,-1
2024340WN0032,2024,340WN0032,2,9,0,-1,19,4,8,-1,0,0,0,0,0,0,1,1,-1,9,1,28,6,-1,-1,-1,-1,9,E01027144,0,1
2024010491465,2024,010491465,2,1,0,9,9,2,7,9,9,2,0,0,0,0,4,1,6,6,1,17,4,-1,-1,-1,-1,3,E01000129,0,1
2024010532346,2024,010532346,3,9,0,16,19,5,1,0,0,0,0,0,0,0,0,1,6,6,1,24,5,-1,-1,-1,-1,3,E01001970,0,3
2024161412271,2024,161412271,2,1,0,-1,5,5,3,-1,0,2,0,0,0,0,1,1,-1,6,1,10,2,-1,-1,-1,-1,1,E01012893,0,1
2024320189701,2024,320189701,2,1,0,-1,-1,2,6,0,0,8,0,0,0,0,2,1,6,6,1,30,6,-1,-1,-1,-1,8,E01026155,0,1
2024010515417,2024,010515417,1,1,9,99,99,9,9,99,99,9,9,99,9,99,9,1,6,6,2,26,6,-1,-1,-1,-1,3,E01001970,0,1
2024501443186,2024,501443186,2,1,0,-1,19,2,5,-1,0,0,0,0,0,0,1,1,-1,6,1,58,9,-1,-1,-1,-1,2,E01034161,0,3
2024052401511,2024,052401511,2,1,0,18,19,3,7,0,0,0,0,0,0,0,2,1,6,6,1,17,4,-1,-1,-1,-1,1,E01006546,0,1
2024340WN0082,2024,340WN0082,1,9,0,-1,19,3,7,-1,0,0,0,0,0,0,1,1,-1,6,1,19,4,-1,-1,-1,-1,7,E01023961,0,4
2024052400133,2024,052400133,3,9,0,2,2,0,0,0,0,0,0,0,0,0,4,1,6,6,3,-1,-1,-1,-1,-1,-1,-1,-1,0,-1
2024010491280,2024,010491280,1,11,9,99,99,9,9,99,99,0,9,99,9,99,9,1,6,6,3,-1,-1,-1,-1,-1,-1,-1,-1,0,-1
2024201465081,2024,201465081,2,90,0,-1,5,6,2,-1,0,8,0,0,0,0,3,9,-1,6,1,26,6,-1,-1,-1,-1,1,E01008887,0,1
2024101535370,2024,101535370,2,1,-1,-1,-1,4,8,-1,-1,-1,-1,-1,-1,0,-1,1,-1,6,1,13,3,-1,-1,-1,-1,1,E01008651,0,2
2024991437188,2024,991437188,1,9,0,-1,19,6,3,-1,-1,6,1,0,1,4,1,1,-1,2,1,24,5,-1,-1,-1,-1,3,-1,0,2
2024010512749,2024,010512749,1,1,0,99,99,9,9,0,0,1,0,99,9,99,9,1,6,6,2,28,6,-1,-1,-1,-1,9,E01004511,0,1
2024471469459,2024,471469459,2,1,0,-1,3,2,6,-1,4,0,0,0,0,0,2,1,-1,6,1,54,8,-1,-1,-1,-1,9,E01016985,0,1
2024010496752,2024,010496752,1,9,9,3,3,7,3,0,0,4,9,0,0,0,2,9,6,6,1,48,8,-1,-1,-1,-1,9,E01002242,0,1
2024440087544,2024,440087544,2,1,0,18,19,2,6,0,0,8,0,0,0,0,3,1,2,2,1,35,6,-1,-1,-1,-1,8,E01017069,0,1
2024041529889,2024,041529889,1,1,0,-1,13,7,3,-1,0,1,0,0,0,0,1,1,-1,6,1,14,3,-1,-1,-1,-1,2,E01024881,0,1
2024041499450,2024,041499450,1,9,0,-1,19,3,7,-1,0,3,0,0,0,0,1,1,-1,9,2,72,10,-1,-1,-1,-1,7,E01025028,0,1
2024201510247,2024,201510247,1,23,0,-1,13,8,4,-1,0,8,0,10,7,5,1,1,-1,6,1,19,4,-1,-1,-1,-1,1,E01009957,0,1
2024451394604,2024,451394604,2,9,0,-1,5,6,2,-1,0,1,0,0,0,0,4,1,-1,6,1,30,6,-1,-1,-1,-1,-1,-1,0,-1
2024010506215,2024,010506215,1,1,0,18,19,3,7,9,9,0,0,0,0,0,1,1,6,6,3,34,6,-1,-1,-1,-1,-1,-1,0,-1
2024440331747,2024,440331747,3,9,0,2,2,0,0,0,0,1,0,0,0,0,4,1,6,6,3,-1,-1,-1,-1,-1,-1,-1,-1,0,-1
2024052400867,2024,052400867,1,9,0,7,7,5,7,0,0,1,0,0,0,0,1,1,6,6,3,-1,-1,-1,-1,-1,-1,-1,-1,0,-1
2024010519516,2024,010519516,1,1,9,99,99,9,9,99,99,9,9,99,9,99,2,1,6,6,1,28,6,-1,-1,-1,-1,7,E01003853,0,3
2024430401380,2024,430401380,2,1,0,18,19,8,4,0,0,1,0,0,0,0,2,1,6,6,1,26,6,-1,-1,-1,-1,4,E01016519,0,1
2024101523911,2024,101523911,2,-1,0,-1,5,3,7,-1,0,6,0,0,7,0,1,1,-1,9,1,9,2,-1,-1,-1,-1,2,E01008692,1,1
2024531485249,2024,531485249,1,9,0,-1,9,7,5,-1,0,8,0,0,0,0,1,1,-1,9,2,22,5,-1,-1,-1,-1,7,E01028776,0,1
2024141517802,2024,141517802,2,9,0,-1,19,2,6,-1,0,8,0,0,0,0,1,1,-1,1,1,32,6,-1,-1,-1,-1,3,E01019400,0,4
2024010530774,2024,010530774,1,1,0,18,19,3,7,0,0,0,0,0,0,0,1,1,1,1,1,20,4,-1,-1,-1,-1,3,E01004226,0,1
2024010549406,2024,010549406,2,1,9,18,19,9,9,99,99,9,9,99,9,99,1,1,2,2,1,22,5,-1,-1,-1,-1,7,E01001228,0,1
2024141421001,2024,141421001,3,9,0,-1,19,5,1,-1,0,0,0,0,0,0,1,1,-1,6,1,63,9,-1,-1,-1,-1,3,E01028028,0,3
2024161495118,2024,161495118,2,1,0,-1,19,3,7,-1,0,1,0,0,0,0,1,1,-1,6,1,16,4,-1,-1,-1,-1,-1,-1,0,-1
2024010546060,2024,010546060,2,9,0,-1,-1,5,1,0,0,1,0,0,0,0,1,1,6,6,1,43,7,-1,-1,-1,-1,3,E01002404,0,1
2024122401053,2024,122401053,1,23,0,18,19,7,3,0,0,0,1,0,0,0,0,1,6,6,1,40,7,-1,-1,-1,-1,4,E01034981,0,1
2024131510485,2024,131510485,2,1,0,-1,19,5,1,-1,0,0,0,0,0,0,1,1,-1,6,1,27,6,-1,-1,-1,-1,1,E01010674,0,1
2024440355754,2024,440355754,2,22,0,18,19,6,2,0,0,2,0,0,0,0,4,1,6,6,1,67,10,-1,-1,-1,-1,1,E01017032,0,1
2024201514947,2024,201514947,1,9,0,-1,19,8,4,-1,0,0,0,0,0,0,1,1,-1,6,3,-1,-1,-1,-1,-1,-1,-1,-1,0,-1
2024552401293,2024,552401293,2,1,0,17,19,6,4,0,0,8,0,0,0,0,1,1,6,6,2,55,8,-1,-1,-1,-1,2,E01033200,0,1
2024421447857,2024,421447857,1,9,0,-1,19,2,6,-1,0,1,0,0,0,0,1,1,-1,2,1,37,7,-1,-1,-1,-1,6,E01000332,0,4
2024461469239,2024,461469239,2,97,0,-1,19,1,5,-1,0,1,0,0,0,0,1,1,-1,6,1,53,8,-1,-1,-1,-1,4,E01035303,0,3
2024010522604,2024,010522604,2,1,9,99,99,9,9,99,99,0,9,99,9,99,1,1,6,6,3,-1,-1,-1,-1,-1,-1,3,E01004710,0,1
2024010535915,2024,010535915,1,9,0,99,99,9,9,99,99,9,9,99,9,99,1,9,6,6,3,-1,-1,-1,-1,-1,-1,-1,-1,0,-1
2024421419821,2024,421419821,1,9,-1,-1,12,7,3,-1,0,0,0,0,0,0,4,1,-1,6,3,-1,-1,-1,-1,-1,-1,-1,-1,0,-1
2024461515769,2024,461515769,2,9,0,-1,19,6,2,-1,0,1,1,11,0,0,1,1,-1,1,1,36,7,-1,-1,-1,-1,4,E01024222,0,3
2024361509536,2024,361509536,2,99,-1,-1,-1,-1,-1,-1,-1,-1,-1,-1,-1,0,-1,9,-1,6,3,-1,-1,-1,-1,-1,-1,-1,-1,0,-1
2024010542250,2024,010542250,2,1,9,99,99,9,9,99,99,9,9,99,9,99,9,1,2,2,2,54,8,-1,-1,-1,-1,4,E01003043,0,1
2024320315141,2024,320315141,1,9,0,-1,-1,6,2,0,0,0,5,0,0,0,3,1,6,6,2,26,6,-1,-1,-1,-1,4,E01026140,0,2
2024141498764,2024,141498764,1,9,0,-1,9,4,2,-1,0,1,0,0,0,0,1,1,-1,1,1,64,9,-1,-1,-1,-1,5,E01011390,0,4
2024101501468,2024,101501468,1,9,0,-1,2,1,5,-1,0,0,0,0,0,0,3,1,-1,9,2,65,9,-1,-1,-1,-1,-1,-1,0,-1
2024201509420,2024,201509420,1,9,0,-1,1,2,6,-1,0,0,0,0,0,0,2,1,-1,6,1,63,9,-1,-1,-1,-1,8,E01009823,0,3
2024161435613,2024,161435613,1,9,0,-1,12,3,7,-1,0,0,0,0,0,0,1,1,-1,6,1,18,4,-1,-1,-1,-1,4,E01013082,0,4
2024201464856,2024,201464856,1,9,0,-1,5,1,3,-1,9,8,0,0,0,0,1,1,-1,6,2,-1,-1,-1,-1,-1,-1,-1,-1,0,-1
2024010542033,2024,010542033,1,1,0,9,9,3,2,9,9,1,0,0,0,0,1,1,6,6,1,24,5,-1,-1,-1,-1,-1,-1,0,-1
2024991512892,2024,991512892,1,9,0,-1,19,5,8,-1,0,4,0,0,0,0,4,1,-1,9,2,59,9,-1,-1,-1,-1,10,-1,0,1
2024010540470,2024,010540470,1,1,9,99,99,9,9,99,99,9,9,99,9,99,0,1,2,2,1,31,6,-1,-1,-1,-1,5,E01000699,0,2
2024440223280,2024,440223280,1,1,0,18,19,7,3,0,0,1,0,0,0,0,1,1,6,6,1,30,6,-1,-1,-1,-1,10,E01017063,0,1
2024010525385,2024,010525385,2,9,0,99,99,9,9,99,99,9,9,99,9,99,1,9,6,6,3,-1,-1,-1,-1,-1,-1,-1,-1,0,-1
2024991522393,2024,991522393,1,9,0,-1,1,4,8,-1,0,1,0,0,0,0,2,1,-1,6,3,30,6,-1,-1,-1,-1,-1,-1,0,-1
2024231529737,2024,231529737,2,9,0,-1,5,1,4,-1,0,4,0,0,0,0,2,9,-1,6,2,81,11,-1,-1,-1,-1,10,E01031139,0,1
2024010492253,2024,010492253,1,3,0,99,99,9,9,99,99,9,9,99,9,99,9,1,2,2,3,21,5,-1,-1,-1,-1,3,E01003430,0,1
2024991417062,2024,991417062,1,1,0,-1,19,6,2,-1,0,0,2,7,0,0,1,1,-1,9,1,23,5,-1,-1,-1,-1,-1,-1,0,-1
2024041469514,2024,041469514,1,9,0,-1,9,1,5,-1,0,1,0,0,0,0,0,1,-1,6,3,-1,-1,-1,-1,-1,-1,-1,-1,0,-1
2024201484150,2024,201484150,1,98,0,-1,19,1,5,-1,0,1,0,0,0,0,3,9,-1,6,3,16,4,-1,-1,-1,-1,-1,-1,0,-1
2024430585255,2024,430585255,1,1,0,9,9,2,6,4,4,8,0,0,0,0,1,1,1,1,1,-1,-1,-1,-1,-1,-1,-1,-1,0,-1
2024471406897,2024,471406897,1,9,0,-1,13,7,3,-1,0,0,0,0,0,0,1,1,-1,1,1,56,9,-1,-1,-1,-1,9,E01031497,0,3
2024430337985,2024,430337985,2,90,0,18,19,7,3,0,0,0,0,0,0,0,1,1,1,1,1,35,6,-1,-1,-1,-1,-1,-1,0,-1
2024161530596,2024,161530596,1,1,0,-1,9,6,4,-1,5,0,0,0,0,0,1,1,-1,9,1,40,7,-1,-1,-1,-1,9,E01013123,0,1
2024201529526,2024,201529526,1,9,0,-1,1,2,6,-1,0,4,0,0,0,0,2,9,-1,6,3,30,6,-1,-1,-1,-1,-1,-1,0,-1
2024211400898,2024,211400898,2,9,-1,-1,5,-1,-1,-1,-1,-1,-1,-1,-1,0,-1,9,-1,6,3,-1,-1,-1,-1,-1,-1,-1,-1,0,-1
2024010490796,2024,010490796,2,1,0,4,4,3,7,0,0,4,0,9,0,0,1,1,6,6,1,43,7,-1,-1,-1,-1,3,E01001938,0,1
2024501397773,2024,501397773,1,9,0,-1,12,5,1,-1,0,1,1,0,0,0,1,1,-1,6,1,22,5,-1,-1,-1,-1,5,E01032657,0,1
2024430086157,2024,430086157,1,9,0,18,19,2,6,0,0,0,0,0,0,0,1,1,1,1,1,74,10,-1,-1,-1,-1,10,E01028624,0,3
2024010515098,2024,010515098,1,1,9,99,99,9,9,99,99,9,9,99,9,99,9,1,6,6,1,38,7,-1,-1,-1,-1,3,E01004266,0,2
2024010531708,2024,010531708,1,9,9,99,99,9,9,99,99,9,9,99,9,99,9,9,6,6,3,-1,-1,-1,-1,-1,-1,-1,-1,0,-1
2024421445962,2024,421445962,1,19,0,-1,3,7,3,-1,0,0,0,0,0,0,4,9,-1,6,3,-1,-1,-1,-1,-1,-1,-1,-1,0,-1
2024430580216,2024,430580216,1,97,0,18,19,6,8,0,0,6,0,0,0,0,1,1,6,6,1,-1,-1,-1,-1,-1,-1,-1,-1,0,-1
2024070135694,2024,070135694,1,9,0,7,7,7,3,0,0,1,1,7,7,1,1,1,6,6,1,24,5,-1,-1,-1,-1,2,E01018477,0,1
2024320048312,2024,320048312,1,1,0,-1,-1,1,5,0,0,6,5,0,1,0,3,1,-1,-1,1,13,3,-1,-1,-1,-1,8,E01026322,0,1
2024010529599,2024,010529599,2,9,0,99,99,9,9,99,99,0,9,99,9,99,1,9,6,6,3,20,4,-1,-1,-1,-1,4,E01001015,0,2
2024041397296,2024,041397296,1,1,0,-1,19,3,7,-1,0,1,5,0,0,0,1,1,-1,9,1,40,7,-1,-1,-1,-1,3,E01024866,0,1
2024211536409,2024,211536409,1,9,-1,-1,19,1,1,-1,0,0,0,0,0,0,-1,9,-1,9,3,-1,-1,-1,-1,-1,-1,-1,-1,0,-1
2024440513410,2024,440513410,2,90,0,2,2,0,0,0,0,0,0,0,0,0,1,1,1,1,3,-1,-1,-1,-1,-1,-1,-1,-1,0,-1
2024010551555,2024,010551555,2,9,0,1,1,5,1,0,0,0,0,0,0,0,2,1,6,6,3,-1,-1,-1,-1,-1,-1,-1,-1,0,-1
2024010493074,2024,010493074,1,2,0,99,99,9,9,99,99,1,9,99,9,99,9,1,2,2,3,31,6,-1,-1,-1,-1,1,E01000524,0,2
2024161493847,2024,161493847,2,-1,0,-1,19,3,7,-1,0,0,0,0,0,0,1,9,-1,6,3,-1,-1,-1,-1,-1,-1,-1,-1,1,-1
2024440378199,2024,440378199,1,1,0,9,9,1,3,0,0,8,0,0,0,0,0,1,6,6,1,17,4,-1,-1,-1,-1,5,E01017159,0,1
2024531502564,2024,531502564,1,9,0,-1,7,5,7,-1,0,6,0,0,0,0,3,9,-1,6,2,-1,-1,-1,-1,-1,-1,-1,-1,0,-1
2024141428294,2024,141428294,3,9,0,-1,19,5,1,-1,0,3,0,0,0,0,1,1,-1,6,2,-1,-1,-1,-1,-1,-1,-1,-1,0,-1
2024061514839,2024,061514839,2,9,0,-1,3,-1,-1,-1,0,0,0,0,0,0,1,1,-1,6,3,-1,-1,-1,-1,-1,-1,-1,-1,0,-1
2024622400774,2024,622400774,2,1,0,9,9,8,6,0,0,0,0,0,0,0,2,1,6,6,1,17,4,-1,-1,-1,-1,2,W01001942,0,1
2024440269368,2024,440269368,1,9,0,17,19,2,4,0,0,0,1,0,1,1,4,1,6,6,1,65,9,-1,-1,-1,-1,10,E01022869,0,1
2024552400270,2024,552400270,1,9,0,18,19,1,5,0,0,3,0,0,0,0,1,1,6,6,3,-1,-1,-1,-1,-1,-1,-1,-1,0,-1
2024221521414,2024,221521414,1,9,0,-1,7,1,3,-1,0,6,0,0,0,0,1,9,-1,9,1,80,11,-1,-1,-1,-1,5,E01028832,0,2
2024302401673,2024,302401673,1,21,2,-1,19,6,1,-1,0,8,0,0,0,0,4,1,-1,1,1,42,7,-1,-1,-1,-1,3,E01007991,0,4
2024010501609,2024,010501609,1,3,0,99,99,9,9,99,99,9,9,99,9,99,2,1,1,1,1,-1,-1,-1,-1,-1,-1,6,E01034485,0,1
2024111429830,2024,111429830,1,1,0,-1,19,7,3,-1,9,0,2,7,0,0,1,1,-1,9,1,15,3,-1,-1,-1,-1,1,E01020724,0,1
2024061409341,2024,061409341,2,1,0,-1,-1,-1,-1,-1,-1,0,-1,-1,-1,0,1,1,-1,2,2,32,6,-1,-1,-1,-1,4,E01005035,0,1
2024010519197,2024,010519197,2,9,0,99,99,9,9,99,99,9,9,99,9,99,9,9,6,6,3,-1,-1,-1,-1,-1,-1,-1,-1,0,-1
2024141460645,2024,141460645,2,1,0,-1,12,6,2,-1,0,0,0,0,0,0,3,1,-1,6,1,50,8,-1,-1,-1,-1,-1,-1,0,-1
202454C152724,2024,54C152724,1,17,0,18,19,2,6,0,0,0,1,0,0,0,1,1,1,1,1,63,9,-1,-1,-1,-1,3,E01031854,0,3
2024991579213,2024,991579213,2,9,0,-1,7,7,6,-1,0,2,0,0,1,0,3,1,-1,9,2,68,10,-1,-1,-1,-1,7,-1,0,2
2024411496651,2024,411496651,1,9,0,-1,19,3,7,-1,0,0,0,0,0,0,2,1,-1,6,1,36,7,-1,-1,-1,-1,3,E01023866,0,1
2024991505914,2024,991505914,2,1,0,-1,19,8,4,-1,0,3,0,0,0,0,4,1,-1,9,1,59,9,-1,-1,-1,-1,10,-1,0,4
2024332400567,2024,332400567,1,9,0,-1,12,1,5,-1,0,0,0,0,0,0,1,1,-1,9,2,36,7,-1,-1,-1,-1,7,E01025960,0,1
2024010547304,2024,010547304,1,1,9,-1,-1,5,1,99,99,9,9,99,9,99,1,1,6,6,3,-1,-1,-1,-1,-1,-1,-1,-1,0,-1
2024141430208,2024,141430208,1,9,0,-1,7,6,2,-1,0,1,0,0,0,0,2,1,-1,6,1,50,8,-1,-1,-1,-1,6,E01007833,0,1
2024010508904,2024,010508904,2,1,0,18,19,1,5,9,9,1,0,0,0,0,1,1,6,6,1,36,7,-1,-1,-1,-1,3,E01003915,0,1
2024052402395,2024,052402395,1,9,9,99,99,9,9,0,0,9,9,99,9,99,9,9,6,6,3,-1,-1,-1,-1,-1,-1,-1,-1,0,-1
2024010542259,2024,010542259,3,9,0,99,99,9,9,99,99,9,9,99,9,99,9,9,6,6,3,-1,-1,-1,-1,-1,-1,10,E01016603,0,4
2024052402584,2024,052402584,1,19,0,18,19,1,5,0,0,1,0,0,0,0,1,1,6,6,3,-1,-1,-1,-1,-1,-1,-1,-1,0,-1
2024461500895,2024,461500895,2,22,0,-1,19,3,7,-1,0,8,0,0,0,0,3,1,-1,9,2,72,10,-1,-1,-1,-1,7,E01024813,0,1
2024520401360,2024,520401360,2,9,0,18,19,3,7,0,0,8,0,0,1,3,1,1,6,6,2,71,10,-1,-1,-1,-1,4,E01029336,0,1
2024332400116,2024,332400116,1,9,0,-1,19,7,3,-1,0,0,0,0,1,0,1,1,-1,6,1,56,9,-1,-1,-1,-1,9,E01025870,0,2
2024010548402,2024,010548402,2,19,0,99,99,9,9,99,99,9,9,99,9,99,9,9,6,6,3,-1,-1,-1,-1,-1,-1,-1,-1,0,-1
2024231424949,2024,231424949,1,99,0,-1,19,7,3,-1,0,1,0,0,0,0,1,9,-1,6,3,40,7,-1,-1,-1,-1,-1,-1,0,-1
2024545254624,2024,545254624,2,9,0,4,4,1,5,0,0,1,0,0,0,0,2,1,1,1,2,48,8,-1,-1,-1,-1,10,E01031966,0,3
2024061509200,2024,061509200,1,19,0,-1,4,3,7,-1,0,0,0,4,0,0,1,9,-1,6,3,-1,-1,-1,-1,-1,-1,-1,-1,0,-1
2024211447763,2024,211447763,1,21,1,-1,13,8,4,-1,0,0,1,0,0,0,3,9,-1,1,1,-1,-1,-1,-1,-1,-1,-1,-1,0,-1
2024010509950,2024,010509950,4,9,0,15,15,5,1,2,2,1,0,0,0,0,1,1,6,6,3,-1,-1,-1,-1,-1,-1,-1,-1,0,-1
2024430476550,2024,430476550,2,9,0,18,19,6,2,0,0,1,0,0,0,0,1,1,6,6,1,-1,-1,-1,-1,-1,-1,-1,-1,0,-1
2024070371488,2024,070371488,4,9,0,2,2,0,0,0,0,0,0,0,0,0,0,1,6,6,1,-1,-1,-1,-1,-1,-1,-1,-1,0,-1
2024320290197,2024,320290197,1,17,0,-1,-1,4,8,0,0,2,0,0,0,0,1,1,6,6,1,65,9,-1,-1,-1,-1,6,E01026265,0,4
2024201444326,2024,201444326,1,9,0,-1,19,2,6,-1,0,8,0,0,0,0,4,9,-1,6,3,-1,-1,-1,-1,-1,-1,-1,-1,0,-1
2024451444205,2024,451444205,2,1,0,-1,19,4,8,-1,0,0,0,0,1,0,3,1,-1,6,1,45,7,-1,-1,-1,-1,-1,-1,0,-1
2024201485825,2024,201485825,1,9,0,-1,14,4,8,-1,0,0,0,0,0,0,1,1,-1,9,1,29,6,-1,-1,-1,-1,5,E01010109,0,1
2024131511314,2024,131511314,2,1,0,-1,19,3,7,-1,0,0,1,0,0,0,1,1,-1,6,1,31,6,-1,-1,-1,-1,3,E01011328,0,2
2024131463916,2024,131463916,2,9,0,-1,7,8,4,-1,0,1,0,0,0,0,4,1,-1,6,2,58,9,-1,-1,-1,-1,10,E01010580,0,1