collision_index,collision_year,collision_ref_no,vehicle_reference,vehicle_type,towing_and_articulation,vehicle_manoeuvre_historic,vehicle_manoeuvre,vehicle_direction_from,vehicle_direction_to,vehicle_location_restricted_lane_historic,vehicle_location_restricted_lane,junction_location,skidding_and_overturning,hit_object_in_carriageway,vehicle_leaving_carriageway,hit_object_off_carriageway,first_point_of_impact,vehicle_left_hand_drive,journey_purpose_of_driver_historic,journey_purpose_of_driver,sex_of_driver,age_of_driver,age_band_of_driver,engine_capacity_cc,propulsion_code,age_of_vehicle,generic_make_model,driver_imd_decile,lsoa_of_driver,escooter_flag,driver_distance_banding
2024131461029,2024,131461029,2,1,0,-1,19,1,1,-1,0,0,0,0,0,0,1,1,-1,2,1,43,7,-1,-1,-1,-1,9,E01011381,0,1
2024440140309,2024,440140309,2,1,0,18,19,6,2,0,0,8,0,0,0,0,0,1,6,6,2,64,9,-1,-1,-1,-1,10,E01022974,0,1
2024461474272,2024,461474272,1,20,1,-1,19,1,4,-1,0,0,0,0,0,0,0,2,-1,1,1,60,9,-1,-1,-1,-1,-1,-1,0,-1
2024010495995,2024,010495995,2,4,0,-1,-1,5,1,0,0,0,0,0,0,0,1,1,1,1,1,30,6,-1,-1,-1,-1,5,E01032785,0,1
2024351420920,2024,351420920,1,9,0,-1,13,1,5,-1,0,0,0,99,0,0,4,9,-1,6,3,-1,-1,-1,-1,-1,-1,-1,-1,0,-1
2024991414183,2024,991414183,1,9,0,-1,19,7,4,-1,0,8,0,4,0,0,1,1,-1,6,1,27,6,-1,-1,-1,-1,10,-1,0,1
2024010487795,2024,010487795,2,2,0,18,19,7,3,0,0,0,0,0,0,0,1,1,6,6,1,20,4,-1,-1,-1,-1,7,E01004159,0,3
2024061503302,2024,061503302,1,8,-1,-1,-1,-1,-1,-1,-1,0,-1,-1,-1,0,-1,9,-1,6,3,-1,-1,-1,-1,-1,-1,-1,-1,0,-1
2024010492898,2024,010492898,1,9,0,4,4,2,6,0,0,2,0,0,0,0,2,1,6,6,2,38,7,-1,-1,-1,-1,8,E01000538,0,1
2024451431974,2024,451431974,3,9,0,-1,3,7,3,-1,0,0,0,0,0,0,1,1,-1,2,1,31,6,-1,-1,-1,-1,7,E01031541,0,4
2024461426243,2024,461426243,3,9,0,-1,2,0,0,-1,0,0,0,0,0,0,4,1,-1,6,-1,-1,-1,-1,-1,-1,-1,-1,-1,0,-1
2024221461301,2024,221461301,2,1,0,-1,19,6,2,-1,0,2,0,0,0,0,3,1,-1,6,2,75,10,-1,-1,-1,-1,4,E01028958,0,1
2024302401454,2024,302401454,2,9,0,3,3,6,2,0,0,0,0,0,0,0,0,1,6,6,3,-1,-1,-1,-1,-1,-1,5,E01019456,0,2
2024351417194,2024,351417194,1,9,0,-1,19,8,4,-1,0,0,0,0,0,0,1,1,-1,6,1,72,10,-1,-1,-1,-1,4,E01015591,0,4
2024411445466,2024,411445466,2,1,0,-1,19,2,6,-1,0,4,0,0,0,0,1,1,-1,9,1,59,9,-1,-1,-1,-1,10,E01023826,0,1
2024520401358,2024,520401358,2,9,0,3,3,7,3,0,0,0,0,0,0,0,2,1,6,6,1,52,8,-1,-1,-1,-1,10,E01032045,0,4
2024010512303,2024,010512303,2,1,0,9,9,5,3,0,0,6,0,0,0,0,1,1,6,6,1,30,6,-1,-1,-1,-1,2,E01002782,0,1
2024430518712,2024,430518712,1,19,0,4,4,4,8,9,9,0,0,0,1,0,4,1,1,1,1,35,6,-1,-1,-1,-1,9,E01028667,0,1
2024332401217,2024,332401217,2,9,0,-1,7,3,5,-1,0,5,0,0,0,0,1,1,-1,6,1,34,6,-1,-1,-1,-1,-1,-1,0,-1
2024131461833,2024,131461833,1,1,0,-1,19,5,1,-1,9,0,0,0,0,0,1,1,-1,9,1,13,3,-1,-1,-1,-1,-1,-1,0,-1
2024010503361,2024,010503361,2,1,0,18,19,3,7,0,0,1,0,0,0,0,1,1,1,1,1,33,6,-1,-1,-1,-1,4,E01003014,0,1
2024141561942,2024,141561942,2,1,0,-1,19,7,3,-1,0,0,0,0,0,0,1,1,-1,6,1,12,3,-1,-1,-1,-1,3,E01007774,0,1
2024010520457,2024,010520457,1,9,0,99,99,9,9,99,99,0,9,99,9,99,2,9,6,6,2,27,6,-1,-1,-1,-1,7,E01015969,0,3
2024201426672,2024,201426672,2,1,0,-1,7,1,2,-1,0,3,0,0,0,0,2,1,-1,6,1,22,5,-1,-1,-1,-1,1,E01009477,0,1
2024010489737,2024,010489737,2,3,0,13,13,5,1,0,0,1,0,0,0,0,4,1,6,6,1,31,6,-1,-1,-1,-1,3,E01003525,0,1
2024622400294,2024,622400294,2,1,0,9,9,6,3,0,0,6,0,0,0,0,1,1,6,6,1,13,3,-1,-1,-1,-1,1,W01001880,0,1
2024451482084,2024,451482084,2,1,0,-1,19,3,7,-1,0,3,0,0,0,0,4,1,-1,9,1,55,8,-1,-1,-1,-1,9,E01030992,0,1
2024430219100,2024,430219100,2,1,0,5,5,5,1,0,0,8,0,0,0,0,3,1,6,6,1,36,7,-1,-1,-1,-1,6,E01035743,0,2
2024010501747,2024,010501747,1,1,0,9,9,5,2,4,4,0,0,0,0,0,1,1,2,2,1,29,6,-1,-1,-1,-1,6,E01002834,0,1
2024010528825,2024,010528825,2,1,0,18,19,3,7,9,9,1,0,0,0,0,1,1,6,6,1,23,5,-1,-1,-1,-1,4,E01033942,0,1
2024131520345,2024,131520345,1,9,0,-1,-1,-1,-1,-1,-1,0,-1,-1,-1,0,-1,1,-1,6,3,-1,-1,-1,-1,-1,-1,-1,-1,0,-1
2024522500116,2024,522500116,3,9,0,18,19,2,6,0,0,2,0,0,0,0,3,1,6,6,3,-1,-1,-1,-1,-1,-1,-1,-1,0,-1
2024010505934,2024,010505934,1,9,0,18,19,3,7,0,0,0,1,0,0,0,1,1,2,2,1,27,6,-1,-1,-1,-1,7,E01004192,0,1
2024010488743,2024,010488743,1,1,9,99,99,9,9,99,99,9,9,99,9,99,9,1,1,1,2,31,6,-1,-1,-1,-1,6,E01000960,0,1
2024201506711,2024,201506711,2,9,0,-1,13,1,8,-1,0,1,1,0,3,0,1,1,-1,6,1,35,6,-1,-1,-1,-1,-1,-1,0,-1
2024991407521,2024,991407521,1,9,0,-1,19,2,6,-1,0,0,1,0,0,0,0,9,-1,6,3,30,6,-1,-1,-1,-1,-1,-1,0,-1
2024122500206,2024,122500206,1,9,0,7,7,7,3,0,0,1,0,0,0,0,1,1,6,6,2,52,8,-1,-1,-1,-1,5,E01027564,0,1
2024141411650,2024,141411650,2,9,0,-1,19,1,5,-1,0,8,0,0,0,0,1,9,-1,6,3,-1,-1,-1,-1,-1,-1,-1,-1,0,-1
2024440155792,2024,440155792,1,1,0,18,19,6,2,0,0,0,0,0,0,0,4,1,6,6,1,66,10,-1,-1,-1,-1,9,E01022774,0,2
2024501420899,2024,501420899,1,9,0,-1,19,5,1,-1,0,0,5,0,7,4,1,1,-1,9,1,70,10,-1,-1,-1,-1,4,E01018943,0,2
2024010508998,2024,010508998,2,1,0,13,13,7,3,0,0,5,0,0,0,0,4,1,6,6,1,59,9,-1,-1,-1,-1,3,E01001860,0,1
2024061531814,2024,061531814,1,1,0,-1,-1,-1,-1,-1,-1,0,-1,-1,-1,0,-1,1,-1,1,1,35,6,-1,-1,-1,-1,3,E01033680,0,1
2024010492339,2024,010492339,2,9,0,99,99,9,9,99,99,9,9,99,9,99,9,9,6,6,1,39,7,-1,-1,-1,-1,3,E01001449,0,1
2024430435385,2024,430435385,2,1,0,18,19,6,2,2,2,1,0,0,0,0,3,1,2,2,1,40,7,-1,-1,-1,-1,10,E01028710,0,1
2024522500436,2024,522500436,1,9,0,18,19,5,1,0,0,0,0,0,0,0,4,1,6,6,3,-1,-1,-1,-1,-1,-1,-1,-1,0,-1
2024010495991,2024,010495991,2,97,0,99,99,9,9,99,99,9,9,99,9,99,1,1,6,6,3,-1,-1,-1,-1,-1,-1,9,E01004073,0,1
2024311523160,2024,311523160,2,99,0,-1,19,3,7,-1,0,0,0,0,0,0,2,1,-1,6,1,20,4,-1,-1,-1,-1,-1,-1,0,-1
2024010488649,2024,010488649,1,9,0,18,19,1,5,1,1,2,0,0,0,0,1,1,6,6,1,56,9,-1,-1,-1,-1,8,E01000991,0,1
2024061474040,2024,061474040,1,23,0,-1,19,2,6,-1,0,1,0,0,0,0,1,1,-1,6,3,18,4,-1,-1,-1,-1,-1,-1,0,-1
2024010488843,2024,010488843,1,9,0,5,5,3,7,0,0,1,0,1,0,0,3,1,6,6,1,27,6,-1,-1,-1,-1,-1,-1,0,-1
2024552400236,2024,552400236,2,1,0,18,19,3,7,0,0,8,0,0,0,0,4,1,2,2,1,45,7,-1,-1,-1,-1,9,E01015431,0,1
2024161498749,2024,161498749,1,1,0,-1,3,1,5,-1,0,0,0,0,0,0,2,1,-1,7,3,-1,-1,-1,-1,-1,-1,-1,-1,0,-1
2024361430876,2024,361430876,1,1,-1,-1,-1,-1,-1,-1,-1,-1,-1,-1,-1,0,-1,1,-1,2,1,-1,-1,-1,-1,-1,-1,-1,-1,0,-1
2024411451602,2024,411451602,1,11,0,-1,7,1,2,-1,0,1,0,0,0,0,4,1,-1,1,-1,26,6,-1,-1,-1,-1,2,E01033151,0,4
2024010493821,2024,010493821,2,9,0,99,99,9,9,99,99,0,9,99,9,99,1,9,6,6,3,-1,-1,-1,-1,-1,-1,6,E01002628,0,1
2024311532095,2024,311532095,2,1,0,-1,5,2,1,-1,0,1,0,0,0,0,3,1,-1,7,1,20,4,-1,-1,-1,-1,-1,-1,0,-1
2024311432463,2024,311432463,2,11,-1,-1,19,2,6,-1,0,3,0,0,0,0,3,9,-1,1,3,-1,-1,-1,-1,-1,-1,-1,-1,0,-1
2024471518692,2024,471518692,1,1,0,-1,15,-1,-1,-1,0,0,5,8,0,0,4,1,-1,6,1,72,10,-1,-1,-1,-1,2,E01016949,0,1
2024010543465,2024,010543465,1,9,0,12,12,3,7,0,0,0,0,0,0,0,2,1,6,6,1,58,9,-1,-1,-1,-1,6,E01003693,0,1
2024031492620,2024,031492620,1,9,-1,-1,19,-1,-1,-1,-1,0,-1,-1,-1,0,-1,9,-1,6,1,-1,-1,-1,-1,-1,-1,-1,-1,0,-1
2024541336224,2024,541336224,1,9,0,9,9,6,5,0,0,5,0,0,0,0,1,1,6,6,3,-1,-1,-1,-1,-1,-1,-1,-1,0,-1
2024522500294,2024,522500294,2,1,0,5,5,5,1,0,0,6,0,0,0,0,1,1,6,6,3,-1,-1,-1,-1,-1,-1,-1,-1,0,-1
2024991414289,2024,991414289,1,21,0,-1,11,2,7,-1,0,0,0,0,0,0,4,1,-1,1,1,26,6,-1,-1,-1,-1,-1,-1,0,-1
2024451523213,2024,451523213,1,98,0,-1,19,1,6,-1,0,0,0,0,0,0,1,9,-1,6,3,45,7,-1,-1,-1,-1,-1,-1,0,-1
2024010543772,2024,010543772,3,9,0,99,99,9,9,99,99,9,9,99,9,99,2,9,6,6,3,-1,-1,-1,-1,-1,-1,-1,-1,0,-1
2024010531934,2024,010531934,2,1,0,3,3,1,5,0,0,2,0,4,0,0,1,1,2,2,2,31,6,-1,-1,-1,-1,9,E01003158,0,1
2024131449146,2024,131449146,1,9,0,-1,13,7,3,-1,0,0,2,0,7,0,1,1,-1,9,1,32,6,-1,-1,-1,-1,1,E01011764,0,1
2024461461644,2024,461461644,1,9,0,-1,9,3,2,-1,0,0,0,0,1,10,1,1,-1,9,1,30,6,-1,-1,-1,-1,5,E01016178,0,1
2024122401307,2024,122401307,1,1,0,18,19,6,2,0,0,1,0,0,0,0,1,1,6,6,3,-1,-1,-1,-1,-1,-1,-1,-1,0,-1
2024010534167,2024,010534167,2,9,0,99,99,9,9,99,99,9,9,99,9,99,9,9,6,6,3,-1,-1,-1,-1,-1,-1,-1,-1,0,-1
2024411503966,2024,411503966,2,1,0,-1,19,2,6,-1,0,0,0,0,0,0,2,1,-1,6,2,55,8,-1,-1,-1,-1,9,E01023676,0,1
2024221507573,2024,221507573,2,1,0,-1,19,7,3,-1,0,0,0,0,0,0,3,1,-1,7,1,15,3,-1,-1,-1,-1,9,E01032347,0,1
2024010512016,2024,010512016,2,1,0,15,15,7,3,0,0,1,5,0,0,0,3,1,2,2,1,44,7,-1,-1,-1,-1,5,E01001720,0,1
2024101493881,2024,101493881,2,11,0,-1,19,4,8,-1,0,8,0,0,0,0,4,1,-1,1,3,40,7,-1,-1,-1,-1,-1,-1,0,-1
2024010490585,2024,010490585,2,1,0,18,19,4,8,0,0,0,2,0,0,0,1,1,6,6,1,18,4,-1,-1,-1,-1,6,E01000159,0,1
2024440150219,2024,440150219,1,1,0,18,19,8,4,0,0,1,0,0,0,0,1,1,2,2,1,39,7,-1,-1,-1,-1,8,E01023051,0,1
2024141411221,2024,141411221,2,9,0,-1,19,4,7,-1,0,0,0,0,0,0,1,9,-1,6,3,-1,-1,-1,-1,-1,-1,-1,-1,0,-1
2024122401194,2024,122401194,1,9,0,18,19,1,5,0,0,0,0,0,0,0,1,1,6,6,1,40,7,-1,-1,-1,-1,10,E01013057,0,3
2024340WN1862,2024,340WN1862,1,9,0,-1,19,3,7,-1,0,4,0,0,0,0,1,1,-1,9,2,69,10,-1,-1,-1,-1,10,E01027307,0,3
2024421414423,2024,421414423,2,9,0,-1,4,2,6,-1,0,1,0,0,0,0,2,1,-1,9,1,30,6,-1,-1,-1,-1,10,E01021458,0,2
2024421425224,2024,421425224,1,21,1,-1,19,1,5,-1,0,0,0,0,0,0,3,9,-1,6,3,-1,-1,-1,-1,-1,-1,-1,-1,0,-1
2024010520510,2024,010520510,1,9,0,18,19,7,3,0,0,1,0,0,0,0,0,1,6,6,2,50,8,-1,-1,-1,-1,5,E01002525,0,1
2024430187911,2024,430187911,2,9,0,9,9,4,2,0,0,6,0,0,0,0,1,1,6,6,2,30,6,-1,-1,-1,-1,4,E01017904,0,1
2024161468482,2024,161468482,1,10,0,-1,9,8,6,-1,0,1,0,0,0,0,4,1,-1,7,2,62,9,-1,-1,-1,-1,2,E01012795,0,1
2024131453463,2024,131453463,2,1,0,-1,19,5,1,-1,0,6,0,0,0,0,1,1,-1,7,1,11,3,-1,-1,-1,-1,2,E01011224,0,1
2024201455643,2024,201455643,1,9,0,-1,19,2,6,-1,0,3,0,0,0,0,1,9,-1,6,1,35,6,-1,-1,-1,-1,-1,-1,0,-1
2024471466400,2024,471466400,1,9,0,-1,19,6,2,-1,0,0,1,0,0,0,3,1,-1,2,1,31,6,-1,-1,-1,-1,7,E01031516,0,3
2024531513324,2024,531513324,2,1,0,-1,19,4,7,-1,0,0,0,0,0,0,3,1,-1,2,1,45,7,-1,-1,-1,-1,10,E01022168,0,1
2024332400173,2024,332400173,1,1,0,-1,19,4,8,-1,0,6,0,0,0,0,1,1,-1,6,1,30,6,-1,-1,-1,-1,8,E01013643,0,1
2024010496388,2024,010496388,1,9,0,13,13,5,1,0,0,0,5,4,0,0,3,1,6,6,1,21,5,-1,-1,-1,-1,4,E01015933,0,4
2024520500057,2024,520500057,1,9,0,16,19,4,8,0,0,0,0,0,7,4,1,1,6,6,1,45,7,-1,-1,-1,-1,-1,-1,0,-1
2024320277703,2024,320277703,1,22,0,-1,-1,7,3,9,9,0,5,0,0,0,3,1,-1,-1,2,88,11,-1,-1,-1,-1,2,E01026095,0,1
2024061443380,2024,061443380,1,1,0,-1,15,-1,-1,-1,0,0,5,99,1,99,1,1,-1,2,1,46,8,-1,-1,-1,-1,1,E01032920,0,1
2024131491901,2024,131491901,2,1,0,-1,19,5,1,-1,0,0,0,0,0,0,2,1,-1,1,1,59,9,-1,-1,-1,-1,6,E01027923,0,3
2024991491077,2024,991491077,1,5,0,-1,19,1,5,-1,0,0,0,0,0,0,1,1,-1,9,1,67,10,-1,-1,-1,-1,8,E01007713,0,5
2024010494389,2024,010494389,2,9,0,99,99,9,9,99,99,9,9,99,9,99,2,9,6,6,1,48,8,-1,-1,-1,-1,5,E01004363,0,2
2024430393463,2024,430393463,2,1,0,18,19,3,7,0,0,8,0,0,0,0,4,1,6,6,1,59,9,-1,-1,-1,-1,-1,-1,0,-1
2024451530128,2024,451530128,1,9,0,-1,9,5,1,-1,0,1,0,0,0,0,3,1,-1,9,1,39,7,-1,-1,-1,-1,10,E01030789,0,1
2024471452677,2024,471452677,2,1,0,-1,19,1,5,-1,0,1,0,0,0,0,1,1,-1,6,1,-1,-1,-1,-1,-1,-1,-1,-1,0,-1
2024351457571,2024,351457571,1,98,0,-1,4,3,7,-1,0,1,0,0,0,0,2,9,-1,6,1,41,7,-1,-1,-1,-1,8,E01018152,0,2
2024070642567,2024,070642567,2,19,0,18,19,3,6,0,0,3,0,0,0,0,4,1,6,6,2,34,6,-1,-1,-1,-1,2,E01018463,0,1
2024010498145,2024,010498145,1,1,9,99,99,9,9,99,99,0,9,99,9,99,2,1,2,2,1,41,7,-1,-1,-1,-1,2,E01004721,0,1
2024471456584,2024,471456584,1,9,0,-1,19,2,6,-1,0,0,1,0,7,0,4,1,-1,6,1,57,9,-1,-1,-1,-1,6,E01021022,0,2
2024340NN1292,2024,340NN1292,1,97,0,-1,19,5,1,-1,0,1,0,0,0,0,0,1,-1,6,1,26,6,-1,-1,-1,-1,-1,-1,0,-1
2024430592457,2024,430592457,1,19,0,9,9,7,5,0,0,6,0,0,0,0,1,1,6,6,3,-1,-1,-1,-1,-1,-1,-1,-1,0,-1
2024461442614,2024,461442614,1,9,0,-1,19,7,3,-1,0,8,0,0,0,0,1,9,-1,9,2,-1,-1,-1,-1,-1,-1,-1,-1,0,-1
2024440274711,2024,440274711,1,1,0,18,19,7,3,0,0,0,0,10,0,0,4,1,6,6,1,53,8,-1,-1,-1,-1,3,E01034064,0,2
2024010495078,2024,010495078,2,3,0,18,19,2,6,0,0,1,0,0,0,0,1,1,1,1,1,20,4,-1,-1,-1,-1,4,E01002104,0,1
2024481567014,2024,481567014,2,1,0,-1,19,3,7,-1,0,8,0,0,0,0,1,1,-1,2,1,29,6,-1,-1,-1,-1,-1,-1,0,-1
2024622400455,2024,622400455,2,9,0,18,19,6,2,0,0,0,0,0,0,0,4,1,6,6,2,43,7,-1,-1,-1,-1,10,W01001777,0,1
2024471415949,2024,471415949,2,9,0,-1,3,6,2,-1,0,0,0,0,0,0,2,1,-1,1,2,56,9,-1,-1,-1,-1,7,E01031566,0,1
2024010486825,2024,010486825,1,3,0,3,3,1,5,0,0,1,0,0,0,0,1,1,6,6,1,33,6,-1,-1,-1,-1,2,E01001687,0,1
2024320612549,2024,320612549,1,9,0,9,9,7,5,0,0,6,0,0,0,0,3,1,-1,-1,1,49,8,-1,-1,-1,-1,8,E01026202,0,2
2024430304916,2024,430304916,1,9,0,18,19,6,1,0,0,0,0,0,7,4,1,1,6,6,1,58,9,-1,-1,-1,-1,2,E01015539,0,4
2024010496827,2024,010496827,1,9,0,8,8,2,3,0,0,1,0,0,0,0,3,1,6,6,1,55,8,-1,-1,-1,-1,3,E01015923,0,3
2024041444144,2024,041444144,1,1,0,-1,19,7,3,-1,0,0,0,0,0,0,1,1,-1,9,1,9,2,-1,-1,-1,-1,10,E01025015,0,1
2024131397611,2024,131397611,1,9,0,-1,11,2,6,-1,0,0,0,0,0,0,1,1,-1,6,3,-1,-1,-1,-1,-1,-1,-1,-1,0,-1
2024411451602,2024,411451602,2,1,0,-1,7,3,4,-1,0,1,0,0,0,0,1,1,-1,6,1,45,7,-1,-1,-1,-1,7,E01023832,0,1
2024461463331,2024,461463331,2,9,0,-1,19,6,2,-1,0,1,1,0,0,0,1,1,-1,9,1,34,6,-1,-1,-1,-1,5,E01010948,0,5
2024061482997,2024,061482997,1,1,0,-1,19,-1,-1,-1,4,0,2,0,0,0,4,1,-1,2,1,27,6,-1,-1,-1,-1,2,E01034001,0,1
2024201482177,2024,201482177,1,9,9,-1,99,-1,-1,-1,99,9,9,99,9,0,9,9,-1,6,3,-1,-1,-1,-1,-1,-1,-1,-1,0,-1
2024430430769,2024,430430769,3,1,0,18,19,6,2,0,0,8,0,0,0,0,0,1,6,6,3,-1,-1,-1,-1,-1,-1,-1,-1,0,-1
2024440430731,2024,440430731,1,9,0,5,5,3,7,0,0,0,0,0,0,0,1,1,6,6,1,75,10,-1,-1,-1,-1,10,E01023218,0,1
2024052401447,2024,052401447,1,1,0,18,19,8,4,0,0,0,0,0,0,0,1,1,6,6,1,-1,-1,-1,-1,-1,-1,8,E01006889,0,1
2024430343808,2024,430343808,2,1,0,18,19,4,8,0,0,0,0,0,0,0,1,1,6,6,1,58,9,-1,-1,-1,-1,9,E01035263,0,2
2024311431500,2024,311431500,2,1,0,-1,5,5,1,-1,0,1,0,0,0,0,1,1,-1,6,1,53,8,-1,-1,-1,-1,7,E01013977,0,1
2024061535916,2024,061535916,1,1,0,-1,19,3,7,-1,0,1,0,99,0,0,2,1,-1,6,1,27,6,-1,-1,-1,-1,1,E01034137,0,1
2024010501108,2024,010501108,2,1,9,5,5,9,9,4,4,0,9,99,9,99,1,1,6,6,2,-1,-1,-1,-1,-1,-1,-1,-1,0,-1
2024010537686,2024,010537686,2,97,0,99,99,9,9,99,99,0,9,99,9,99,9,1,6,6,3,-1,-1,-1,-1,-1,-1,-1,-1,0,-1
2024122500071,2024,122500071,2,9,0,18,19,3,7,0,0,0,0,0,0,0,0,1,6,6,3,-1,-1,-1,-1,-1,-1,-1,-1,0,-1
2024302400309,2024,302400309,2,9,0,18,19,3,7,0,0,8,0,0,0,0,2,1,2,2,1,50,8,-1,-1,-1,-1,1,E01028276,0,3
2024010505616,2024,010505616,1,1,0,18,19,5,1,0,0,0,0,0,0,0,1,1,1,1,1,38,7,-1,-1,-1,-1,7,E01004108,0,2
2024031460744,2024,031460744,2,1,0,-1,19,4,8,-1,0,1,0,0,0,0,1,1,-1,6,2,30,6,-1,-1,-1,-1,2,E01019175,0,1
2024351519870,2024,351519870,2,1,-1,-1,-1,-1,-1,-1,-1,-1,-1,-1,-1,0,-1,1,-1,9,1,32,6,-1,-1,-1,-1,3,E01015624,0,1
2024010534025,2024,010534025,1,1,9,18,19,9,9,99,99,0,5,99,9,99,3,1,2,2,3,36,7,-1,-1,-1,-1,5,E01003116,0,1
2024461505904,2024,461505904,1,9,0,-1,19,8,4,-1,0,1,1,0,0,0,1,2,-1,9,1,63,9,-1,-1,-1,-1,-1,-1,0,-1
2024440306308,2024,440306308,2,9,0,7,7,6,8,0,0,6,0,0,0,0,1,1,1,1,1,55,8,-1,-1,-1,-1,8,E01023245,0,3
2024131526591,2024,131526591,2,1,0,-1,19,7,3,-1,0,8,0,0,0,0,1,1,-1,9,1,54,8,-1,-1,-1,-1,5,E01010991,0,4
2024520401579,2024,520401579,1,19,0,9,9,2,8,0,0,4,0,0,0,0,4,1,6,6,1,63,9,-1,-1,-1,-1,6,E01019902,0,4
2024131441178,2024,131441178,1,20,0,-1,-1,-1,-1,-1,-1,0,-1,-1,-1,-1,-1,1,-1,6,3,-1,-1,-1,-1,-1,-1,-1,-1,0,-1
2024061403082,2024,061403082,1,9,0,-1,19,3,7,-1,0,2,0,0,0,0,0,9,-1,6,-1,-1,-1,-1,-1,-1,-1,-1,-1,0,-1
2024991429746,2024,991429746,1,21,1,-1,19,5,1,-1,0,0,5,0,1,0,4,1,-1,1,1,64,9,-1,-1,-1,-1,2,-1,0,4
2024161529038,2024,161529038,2,19,0,-1,19,5,1,-1,0,0,0,0,0,0,0,1,-1,6,3,-1,-1,-1,-1,-1,-1,-1,-1,0,-1
2024991534777,2024,991534777,1,9,0,-1,19,3,7,-1,0,0,0,0,0,0,4,1,-1,6,3,-1,-1,-1,-1,-1,-1,-1,-1,0,-1
2024411479126,2024,411479126,2,1,0,-1,19,5,1,-1,0,0,0,0,7,0,3,1,-1,9,2,57,9,-1,-1,-1,-1,7,E01023682,0,2
2024430289705,2024,430289705,1,9,0,18,19,5,1,0,0,1,0,0,0,0,3,1,6,6,1,-1,-1,-1,-1,-1,-1,-1,-1,0,-1
2024501453028,2024,501453028,2,1,0,-1,19,-1,-1,-1,9,0,5,0,0,0,4,1,-1,2,1,25,5,-1,-1,-1,-1,4,E01015173,0,1
2024010547635,2024,010547635,2,9,0,5,5,5,1,0,0,4,0,0,0,0,1,1,6,6,3,-1,-1,-1,-1,-1,-1,-1,-1,0,-1
2024070668965,2024,070668965,1,9,0,18,19,2,6,0,0,0,0,0,0,0,1,1,6,6,1,40,7,-1,-1,-1,-1,-1,-1,0,-1
2024430011715,2024,430011715,2,9,0,9,9,8,6,0,0,6,0,0,0,0,3,1,6,6,2,-1,-1,-1,-1,-1,-1,-1,-1,0,-1
2024201454799,2024,201454799,2,9,0,-1,3,5,1,-1,0,1,0,0,0,0,1,1,-1,2,2,33,6,-1,-1,-1,-1,1,E01009079,0,1
2024531501212,2024,531501212,1,98,4,-1,19,1,5,-1,0,0,0,0,0,0,1,1,-1,1,1,34,6,-1,-1,-1,-1,10,E01015014,0,4
2024131481570,2024,131481570,1,9,0,-1,19,7,3,-1,0,8,0,0,0,0,4,1,-1,9,1,69,10,-1,-1,-1,-1,8,E01011773,0,1
2024340WN2372,2024,340WN2372,1,9,0,-1,13,5,3,-1,0,1,0,0,0,0,4,1,-1,6,2,31,6,-1,-1,-1,-1,8,E01034461,0,4
2024211524013,2024,211524013,2,9,0,-1,19,2,5,-1,0,0,0,0,0,0,1,1,-1,9,1,36,7,-1,-1,-1,-1,9,E01029791,0,3
2024111429037,2024,111429037,2,-1,0,-1,19,4,8,-1,0,2,5,0,0,0,2,9,-1,6,1,12,3,-1,-1,-1,-1,2,E01020751,1,1
2024311475286,2024,311475286,1,9,0,-1,19,7,3,-1,0,8,0,0,0,0,2,1,-1,6,1,59,9,-1,-1,-1,-1,10,E01028390,0,1
2024061491328,2024,061491328,1,9,0,-1,99,-1,-1,-1,99,0,9,99,0,0,2,1,-1,9,1,49,8,-1,-1,-1,-1,1,E01005664,0,1
2024311526709,2024,311526709,1,9,0,-1,19,3,8,-1,0,0,0,0,0,0,0,1,-1,1,1,41,7,-1,-1,-1,-1,-1,-1,0,-1
2024010495343,2024,010495343,2,9,0,99,99,9,9,99,99,9,9,99,9,99,9,9,6,6,3,-1,-1,-1,-1,-1,-1,-1,-1,0,-1
2024340NN2542,2024,340NN2542,1,19,0,-1,7,1,3,-1,0,8,0,0,0,0,3,1,-1,6,1,26,6,-1,-1,-1,-1,6,E01002111,0,4
2024010492881,2024,010492881,1,9,0,8,8,5,7,0,0,6,0,0,0,0,3,1,1,1,1,23,5,-1,-1,-1,-1,7,E01030402,0,2
2024471465527,2024,471465527,2,9,0,-1,4,1,5,-1,0,0,0,0,0,0,2,1,-1,1,1,35,6,-1,-1,-1,-1,6,E01035330,0,2
2024010544798,2024,010544798,1,1,0,18,19,3,7,4,4,1,0,0,0,0,1,1,6,6,1,43,7,-1,-1,-1,-1,7,E01003792,0,1
2024302400868,2024,302400868,2,1,0,18,19,3,7,0,0,8,0,0,0,0,4,1,1,1,1,20,4,-1,-1,-1,-1,1,E01013480,0,1
2024010489707,2024,010489707,1,1,9,99,99,9,9,99,99,9,9,99,9,99,9,1,2,2,1,31,6,-1,-1,-1,-1,10,E01017610,0,4
2024141439610,2024,141439610,2,9,0,-1,19,6,8,-1,0,2,0,0,3,0,1,1,-1,9,1,54,8,-1,-1,-1,-1,3,E01007515,0,1
2024361482723,2024,361482723,1,16,-1,-1,-1,3,7,-1,-1,-1,-1,-1,-1,0,-1,1,-1,6,1,73,10,-1,-1,-1,-1,6,E01029926,0,1
2024010500352,2024,010500352,2,1,0,18,19,1,5,0,0,5,0,0,0,0,1,1,6,6,3,23,5,-1,-1,-1,-1,-1,-1,0,-1
2024052402833,2024,052402833,1,9,0,18,19,5,1,0,0,8,0,0,0,0,4,1,6,6,3,-1,-1,-1,-1,-1,-1,-1,-1,0,-1
2024991490838,2024,991490838,2,20,0,-1,13,7,2,-1,0,0,0,0,0,0,0,9,-1,6,3,21,5,-1,-1,-1,-1,-1,-1,0,-1
2024010537010,2024,010537010,1,1,9,99,99,9,9,99,99,9,9,99,9,99,9,1,2,2,2,34,6,-1,-1,-1,-1,9,E01035520,0,4
2024991451012,2024,991451012,1,98,0,-1,19,3,7,-1,0,0,0,4,0,0,4,9,-1,6,3,-1,-1,-1,-1,-1,-1,-1,-1,0,-1
2024010536738,2024,010536738,1,9,0,99,99,9,9,99,99,9,9,99,9,99,2,9,1,1,1,36,7,-1,-1,-1,-1,3,E01002809,0,2
2024430278606,2024,430278606,2,5,0,3,3,3,7,0,0,1,0,0,0,0,2,1,6,6,1,30,6,-1,-1,-1,-1,8,E01016339,0,1