collision_index,collision_year,collision_ref_no,vehicle_reference,vehicle_type,towing_and_articulation,vehicle_manoeuvre_historic,vehicle_manoeuvre,vehicle_direction_from,vehicle_direction_to,vehicle_location_restricted_lane_historic,vehicle_location_restricted_lane,junction_location,skidding_and_overturning,hit_object_in_carriageway,vehicle_leaving_carriageway,hit_object_off_carriageway,first_point_of_impact,vehicle_left_hand_drive,journey_purpose_of_driver_historic,journey_purpose_of_driver,sex_of_driver,age_of_driver,age_band_of_driver,engine_capacity_cc,propulsion_code,age_of_vehicle,generic_make_model,driver_imd_decile,lsoa_of_driver,escooter_flag,driver_distance_banding
2024471426256,2024,471426256,1,9,0,-1,19,7,3,-1,0,1,0,0,0,0,3,9,-1,6,3,-1,-1,-1,-1,-1,-1,-1,-1,0,-1
2024440458487,2024,440458487,2,1,0,18,19,8,4,0,0,2,0,0,0,0,2,1,2,2,1,26,6,-1,-1,-1,-1,4,E01017058,0,1
2024201448706,2024,201448706,1,9,0,-1,19,4,8,-1,0,0,0,0,0,0,1,9,-1,6,3,40,7,-1,-1,-1,-1,-1,-1,0,-1
2024471413803,2024,471413803,2,9,0,-1,2,0,0,-1,0,0,0,0,0,0,3,9,-1,6,-1,-1,-1,-1,-1,-1,-1,-1,-1,0,-1
2024041531055,2024,041531055,1,9,0,-1,19,-1,-1,-1,0,1,0,0,0,0,-1,9,-1,6,3,-1,-1,-1,-1,-1,-1,-1,-1,0,-1
2024161403706,2024,161403706,2,1,0,-1,10,7,5,-1,0,1,0,0,0,0,1,1,-1,6,2,60,9,-1,-1,-1,-1,1,E01013203,0,1
2024440146170,2024,440146170,1,1,0,18,19,8,4,0,0,0,1,0,0,0,3,1,6,6,1,14,3,-1,-1,-1,-1,6,E01035451,0,1
2024411531292,2024,411531292,1,9,0,-1,19,4,8,-1,0,1,9,99,0,0,1,1,-1,6,1,-1,-1,-1,-1,-1,-1,-1,-1,0,-1
2024421422261,2024,421422261,1,9,0,-1,19,7,3,-1,0,1,0,0,0,0,1,1,-1,6,1,-1,-1,-1,-1,-1,-1,-1,-1,0,-1
2024991408506,2024,991408506,1,9,0,-1,9,6,5,-1,0,5,0,0,0,0,1,1,-1,2,1,34,6,-1,-1,-1,-1,5,-1,0,1
2024131416841,2024,131416841,1,9,0,-1,-1,-1,-1,-1,-1,-1,-1,-1,-1,-1,-1,1,-1,6,3,-1,-1,-1,-1,-1,-1,-1,-1,0,-1
2024501510602,2024,501510602,2,1,0,-1,19,1,5,-1,0,1,0,0,2,10,2,1,-1,9,1,62,9,-1,-1,-1,-1,5,E01020148,0,1
2024991460156,2024,991460156,2,1,0,-1,19,3,7,-1,0,8,0,0,0,0,1,1,-1,9,1,54,8,-1,-1,-1,-1,6,-1,0,1
2024522401201,2024,522401201,2,9,0,5,5,6,4,0,0,8,0,0,0,0,1,1,6,6,2,20,4,-1,-1,-1,-1,8,E01014956,0,2
2024122500111,2024,122500111,2,9,0,3,3,5,1,0,0,0,0,0,0,0,2,1,6,6,2,54,8,-1,-1,-1,-1,6,E01027705,0,3
2024501534465,2024,501534465,3,10,0,-1,19,1,6,-1,0,1,0,0,0,0,0,1,-1,1,1,45,7,-1,-1,-1,-1,5,E01015029,0,1
2024501440063,2024,501440063,1,9,0,-1,3,1,5,-1,0,0,0,0,0,0,2,1,-1,9,1,37,7,-1,-1,-1,-1,7,E01020154,0,2
2024010510744,2024,010510744,1,1,9,99,99,9,9,99,99,9,9,99,9,99,1,1,6,6,2,26,6,-1,-1,-1,-1,4,E01003096,0,1
2024411402093,2024,411402093,2,9,0,-1,7,8,4,-1,0,1,0,0,0,0,3,1,-1,6,2,53,8,-1,-1,-1,-1,9,E01023644,0,1
2024522402667,2024,522402667,2,1,0,16,19,6,1,0,0,2,0,0,0,0,1,1,6,6,1,20,4,-1,-1,-1,-1,4,E01014946,0,3
2024010500807,2024,010500807,1,2,0,99,99,9,9,0,0,9,0,99,9,0,9,1,6,6,3,-1,-1,-1,-1,-1,-1,-1,-1,0,-1
2024010534167,2024,010534167,1,1,9,99,99,9,9,99,99,9,9,99,9,99,9,1,2,2,2,30,6,-1,-1,-1,-1,3,E01000889,0,1
2024161535907,2024,161535907,3,22,0,-1,19,4,8,-1,0,0,0,0,0,0,0,1,-1,6,3,-1,-1,-1,-1,-1,-1,7,E01013269,0,1
2024010536581,2024,010536581,1,8,0,18,19,5,1,0,0,1,0,0,0,0,2,1,6,6,3,-1,-1,-1,-1,-1,-1,-1,-1,0,-1
2024061495749,2024,061495749,2,9,0,-1,19,5,1,-1,0,1,0,0,0,0,1,1,-1,9,1,28,6,-1,-1,-1,-1,4,E01005298,0,1
2024320150083,2024,320150083,1,9,0,-1,-1,2,6,0,0,2,0,0,0,0,4,1,6,6,3,-1,-1,-1,-1,-1,-1,-1,-1,0,-1
2024010489354,2024,010489354,2,19,0,99,99,9,9,99,99,9,9,99,9,99,1,9,6,6,3,32,6,-1,-1,-1,-1,-1,-1,0,-1
2024201525933,2024,201525933,2,98,1,-1,5,5,1,-1,0,0,0,0,0,0,1,9,-1,9,3,-1,-1,-1,-1,-1,-1,-1,-1,0,-1
2024545279624,2024,545279624,1,1,0,18,19,7,3,0,0,0,0,0,0,0,4,1,6,6,1,16,4,-1,-1,-1,-1,3,E01015527,0,1
2024052401428,2024,052401428,1,1,0,18,19,5,1,0,0,0,0,0,0,0,3,1,6,6,1,45,7,-1,-1,-1,-1,1,E01006678,0,1
2024411467927,2024,411467927,2,1,0,-1,19,6,2,-1,0,0,0,0,1,0,1,1,-1,6,1,11,3,-1,-1,-1,-1,7,E01023519,0,1
2024991468076,2024,991468076,1,9,0,-1,19,3,7,-1,0,0,0,0,0,0,3,1,-1,9,1,18,4,-1,-1,-1,-1,9,-1,0,1
2024061419406,2024,061419406,1,9,0,-1,19,4,8,-1,0,1,0,0,0,0,2,1,-1,6,3,-1,-1,-1,-1,-1,-1,-1,-1,0,-1
2024201495791,2024,201495791,1,1,0,-1,19,5,8,-1,0,2,0,0,0,0,3,1,-1,6,1,-1,-1,-1,-1,-1,-1,-1,-1,0,-1
2024201531712,2024,201531712,1,9,0,-1,19,1,1,-1,0,0,0,0,0,0,1,9,-1,6,3,30,6,-1,-1,-1,-1,-1,-1,0,-1
2024010505784,2024,010505784,2,1,0,5,5,1,5,5,5,7,0,0,0,0,3,1,1,1,2,25,5,-1,-1,-1,-1,5,E01002169,0,1
2024161495118,2024,161495118,3,1,0,-1,19,3,7,-1,0,1,0,0,0,0,1,1,-1,6,1,16,4,-1,-1,-1,-1,-1,-1,0,-1
2024440545711,2024,440545711,2,9,0,18,19,1,5,0,0,1,0,0,0,0,1,1,6,6,1,65,9,-1,-1,-1,-1,10,E01022714,0,1
2024302401607,2024,302401607,2,-1,0,18,19,7,3,0,0,0,0,0,0,0,1,1,6,6,1,41,7,-1,-1,-1,-1,4,E01028036,1,4
2024451430645,2024,451430645,2,1,0,-1,10,1,6,-1,0,3,0,0,0,0,2,1,-1,9,1,56,9,-1,-1,-1,-1,6,E01030729,0,1
2024061482997,2024,061482997,2,9,0,-1,19,-1,-1,-1,0,0,0,0,0,0,1,1,-1,6,3,-1,-1,-1,-1,-1,-1,-1,-1,0,-1
2024071091924,2024,071091924,1,21,1,-1,19,5,1,-1,0,0,2,0,1,6,4,2,-1,1,1,25,5,-1,-1,-1,-1,-1,-1,0,-1
2024211395503,2024,211395503,2,9,0,-1,19,2,6,-1,0,0,0,4,0,0,1,1,-1,6,1,51,8,-1,-1,-1,-1,6,E01028323,0,4
2024451492137,2024,451492137,1,1,0,-1,19,3,7,-1,0,8,5,99,0,0,9,1,-1,2,1,70,10,-1,-1,-1,-1,8,E01030471,0,3
2024401502039,2024,401502039,2,1,-1,-1,-1,-1,-1,-1,-1,0,-1,-1,-1,0,-1,1,-1,6,1,27,6,-1,-1,-1,-1,6,E01017508,0,1
2024548569924,2024,548569924,2,1,0,5,5,7,3,0,0,3,0,0,0,0,4,1,6,6,1,38,7,-1,-1,-1,-1,8,E01031910,0,1
2024421403081,2024,421403081,1,-1,0,-1,9,5,7,-1,4,0,0,0,0,0,3,1,-1,2,2,21,5,-1,-1,-1,-1,8,E01021513,1,3
2024010496461,2024,010496461,1,9,0,9,9,5,3,0,0,5,0,0,1,0,1,1,2,2,2,67,10,-1,-1,-1,-1,4,E01000571,0,1
2024010526662,2024,010526662,1,1,0,18,19,1,5,0,0,8,2,0,0,0,0,1,6,6,1,48,8,-1,-1,-1,-1,8,E01001985,0,1
2024010494504,2024,010494504,1,9,0,7,7,3,5,0,0,1,0,0,0,0,1,1,6,6,2,18,4,-1,-1,-1,-1,8,E01003225,0,1
2024531404850,2024,531404850,1,9,0,-1,9,1,7,-1,0,6,0,0,0,0,4,9,-1,6,3,-1,-1,-1,-1,-1,-1,-1,-1,0,-1
2024052400699,2024,052400699,1,19,0,7,7,7,3,0,0,4,0,0,0,0,1,1,6,6,3,-1,-1,-1,-1,-1,-1,-1,-1,0,-1
2024311483668,2024,311483668,2,9,0,-1,19,1,5,-1,0,0,0,0,0,0,0,1,-1,6,3,-1,-1,-1,-1,-1,-1,-1,-1,0,-1
2024010511897,2024,010511897,1,19,0,18,19,1,5,0,0,0,0,0,0,0,0,1,6,6,3,-1,-1,-1,-1,-1,-1,-1,-1,0,-1
2024351490041,2024,351490041,2,1,-1,-1,-1,-1,-1,-1,-1,-1,-1,-1,-1,0,-1,1,-1,9,1,9,2,-1,-1,-1,-1,7,E01018000,0,1
2024461399910,2024,461399910,1,9,0,-1,19,4,8,-1,0,0,0,0,0,0,4,9,-1,6,3,-1,-1,-1,-1,-1,-1,-1,-1,0,-1
2024010536917,2024,010536917,1,23,0,18,19,5,1,0,0,1,0,0,0,0,1,1,6,6,1,19,4,-1,-1,-1,-1,7,E01004193,0,3
2024622400096,2024,622400096,2,9,0,2,2,0,0,0,0,0,0,0,0,0,4,1,6,6,3,-1,-1,-1,-1,-1,-1,-1,-1,0,-1
2024548562724,2024,548562724,1,8,0,18,19,5,7,0,0,1,0,0,0,0,1,1,6,6,1,-1,-1,-1,-1,-1,-1,7,E01032002,0,1
2024332400030,2024,332400030,1,19,0,-1,9,5,3,-1,0,5,0,0,0,0,1,1,-1,6,3,-1,-1,-1,-1,-1,-1,-1,-1,0,-1
2024544541024,2024,544541024,1,9,0,7,7,5,7,0,0,8,0,0,1,10,4,1,6,6,1,44,7,-1,-1,-1,-1,3,E01014445,0,3
2024501445760,2024,501445760,2,9,0,-1,19,7,3,-1,0,1,1,0,7,0,1,1,-1,9,2,49,8,-1,-1,-1,-1,3,E01020297,0,2
2024010548062,2024,010548062,2,9,0,99,99,9,9,99,99,9,9,99,9,99,1,9,6,6,3,-1,-1,-1,-1,-1,-1,-1,-1,0,-1
2024201548260,2024,201548260,1,9,0,-1,19,8,5,-1,0,0,0,0,0,0,1,1,-1,6,1,49,8,-1,-1,-1,-1,4,E01010303,0,1
2024991501440,2024,991501440,1,9,0,-1,19,1,5,-1,0,1,0,0,0,0,1,1,-1,6,2,30,6,-1,-1,-1,-1,9,-1,0,2
2024031533445,2024,031533445,1,9,0,-1,19,2,7,-1,0,2,0,0,0,0,1,1,-1,2,1,18,4,-1,-1,-1,-1,1,E01019193,0,1
2024161489701,2024,161489701,1,4,0,-1,19,3,7,-1,0,0,5,0,0,0,1,1,-1,9,1,68,10,-1,-1,-1,-1,9,E01012956,0,1
2024010492761,2024,010492761,2,8,0,99,99,9,9,99,99,9,9,99,9,99,1,9,6,6,3,-1,-1,-1,-1,-1,-1,6,E01001342,0,3
2024302401619,2024,302401619,2,1,0,9,9,8,6,0,0,8,0,0,0,0,3,1,6,6,1,55,8,-1,-1,-1,-1,6,E01019654,0,1
2024201558859,2024,201558859,2,-1,0,-1,5,4,8,-1,0,0,0,0,0,0,2,9,-1,6,1,10,2,-1,-1,-1,-1,1,E01009341,1,1
2024411482205,2024,411482205,1,98,1,-1,-1,-1,-1,-1,-1,0,-1,-1,-1,0,1,9,-1,1,1,39,7,-1,-1,-1,-1,-1,-1,0,-1
2024010511613,2024,010511613,1,1,9,99,99,9,9,99,99,9,9,99,9,99,9,1,2,2,1,45,7,-1,-1,-1,-1,10,E01032623,0,1
2024161526607,2024,161526607,1,9,0,-1,7,2,5,-1,0,4,0,0,0,0,1,9,-1,6,2,56,9,-1,-1,-1,-1,7,E01013185,0,1
2024010518273,2024,010518273,1,1,0,9,9,7,4,0,0,4,0,0,0,0,2,1,6,6,1,34,6,-1,-1,-1,-1,2,E01004464,0,2
2024471491317,2024,471491317,2,9,0,-1,7,2,5,-1,0,1,0,0,0,0,3,1,-1,6,3,-1,-1,-1,-1,-1,-1,-1,-1,0,-1
2024061443750,2024,061443750,2,99,-1,-1,-1,-1,-1,-1,-1,-1,-1,-1,-1,0,-1,9,-1,6,3,-1,-1,-1,-1,-1,-1,-1,-1,0,-1
2024141555179,2024,141555179,2,9,0,-1,19,1,5,-1,0,0,0,0,0,0,2,1,-1,6,3,-1,-1,-1,-1,-1,-1,-1,-1,0,-1
2024061402764,2024,061402764,2,1,0,-1,19,5,8,-1,0,0,5,0,0,0,1,1,-1,6,1,40,7,-1,-1,-1,-1,1,E01005097,0,1
2024010544345,2024,010544345,3,9,9,99,99,9,9,99,99,9,9,99,9,99,9,9,6,6,1,-1,-1,-1,-1,-1,-1,-1,-1,0,-1
2024332401196,2024,332401196,1,9,0,-1,19,8,4,-1,0,8,0,0,0,0,3,1,-1,9,2,34,6,-1,-1,-1,-1,7,E01013669,0,1
2024010545276,2024,010545276,3,9,0,4,4,7,3,0,0,0,0,0,0,0,2,1,1,1,1,52,8,-1,-1,-1,-1,4,E01004326,0,1
2024010527403,2024,010527403,1,1,9,99,99,9,9,99,99,9,9,99,9,99,9,1,2,2,2,46,8,-1,-1,-1,-1,6,E01001214,0,1
2024361442023,2024,361442023,2,9,0,-1,19,2,6,-1,0,0,0,0,1,0,1,1,-1,6,1,46,8,-1,-1,-1,-1,3,E01033038,0,1
2024231477724,2024,231477724,1,9,0,-1,9,5,3,-1,0,6,0,0,0,0,1,1,-1,6,2,55,8,-1,-1,-1,-1,7,E01031029,0,1
2024141404551,2024,141404551,1,90,0,-1,19,7,3,-1,0,8,0,0,0,0,3,9,-1,1,1,31,6,-1,-1,-1,-1,1,E01007714,0,1
2024332401027,2024,332401027,1,1,0,-1,19,5,1,-1,0,8,0,0,0,0,1,1,-1,2,1,19,4,-1,-1,-1,-1,2,E01032873,0,1
2024522402333,2024,522402333,1,1,0,18,19,9,9,0,0,0,0,0,0,0,9,1,6,6,2,32,6,-1,-1,-1,-1,5,E01014927,0,2
2024010521811,2024,010521811,1,1,9,99,99,9,9,99,99,9,9,99,9,99,1,1,6,6,1,-1,-1,-1,-1,-1,-1,-1,-1,0,-1
2024161444228,2024,161444228,2,1,0,-1,19,7,3,-1,0,0,0,0,0,0,3,1,-1,6,1,35,6,-1,-1,-1,-1,1,E01012865,0,1
2024041494413,2024,041494413,2,9,0,-1,19,4,8,-1,0,1,0,0,0,0,4,1,-1,9,1,56,9,-1,-1,-1,-1,5,E01006951,0,3
2024010529510,2024,010529510,2,9,0,99,99,9,9,99,99,0,9,99,9,99,1,9,6,6,1,34,6,-1,-1,-1,-1,4,E01000608,0,2
2024451439390,2024,451439390,2,9,0,-1,19,2,6,-1,0,0,0,0,0,0,0,9,-1,6,3,-1,-1,-1,-1,-1,-1,-1,-1,0,-1
2024332400118,2024,332400118,1,1,0,-1,14,1,5,-1,0,0,1,0,0,0,1,1,-1,6,1,16,4,-1,-1,-1,-1,3,E01013698,0,1
2024610051524,2024,610051524,1,9,0,4,4,3,7,0,0,0,0,0,0,0,2,1,2,2,1,67,10,-1,-1,-1,-1,4,W01001405,0,1
2024061426228,2024,061426228,1,19,0,-1,19,-1,-1,-1,0,8,0,0,0,0,2,1,-1,9,2,46,8,-1,-1,-1,-1,3,E01006061,0,1
2024430530357,2024,430530357,2,9,0,9,9,4,1,0,0,5,0,0,0,0,1,1,6,6,1,-1,-1,-1,-1,-1,-1,-1,-1,0,-1
2024440364772,2024,440364772,2,9,0,5,5,1,5,0,0,1,0,0,0,0,4,1,6,6,1,28,6,-1,-1,-1,-1,7,E01002538,0,4
2024461506322,2024,461506322,1,1,0,-1,19,3,7,-1,0,0,0,0,0,0,0,1,-1,2,1,-1,-1,-1,-1,-1,-1,-1,-1,0,-1
2024440326928,2024,440326928,1,1,0,18,19,5,1,0,0,8,0,0,0,0,4,1,1,1,1,43,7,-1,-1,-1,-1,5,E01017018,0,1
2024631440447,2024,631440447,2,9,0,-1,19,3,7,-1,0,8,0,0,0,0,1,1,-1,6,1,40,7,-1,-1,-1,-1,6,W01000643,0,2
2024010548805,2024,010548805,2,1,0,99,99,9,9,0,0,9,9,0,9,0,9,1,6,6,3,-1,-1,-1,-1,-1,-1,-1,-1,0,-1
2024501503723,2024,501503723,1,-1,0,-1,19,5,1,-1,0,6,5,0,0,0,1,1,-1,6,1,12,3,-1,-1,-1,-1,8,E01015230,1,1
2024311417211,2024,311417211,1,9,0,-1,9,5,4,-1,0,6,0,0,0,0,1,1,-1,2,1,74,10,-1,-1,-1,-1,10,E01028346,0,2
2024010513411,2024,010513411,1,1,9,99,99,9,9,99,99,9,9,99,9,99,1,1,2,2,1,25,5,-1,-1,-1,-1,5,E01002632,0,1
2024201431840,2024,201431840,2,9,0,-1,19,2,7,-1,0,8,0,10,1,0,1,9,-1,9,1,58,9,-1,-1,-1,-1,7,E01009976,0,1
2024451455505,2024,451455505,1,1,0,-1,4,3,7,-1,99,6,0,0,0,0,3,1,-1,2,1,18,4,-1,-1,-1,-1,4,E01030702,0,1
2024231532681,2024,231532681,1,9,0,-1,19,2,6,-1,0,0,0,0,0,0,1,9,-1,6,1,35,6,-1,-1,-1,-1,-1,-1,0,-1
2024010496956,2024,010496956,1,9,0,4,4,8,4,0,0,1,0,0,0,0,0,1,6,6,2,40,7,-1,-1,-1,-1,3,E01000558,0,1
2024430193192,2024,430193192,2,1,0,18,19,3,7,0,0,1,0,0,1,0,3,1,2,2,1,25,5,-1,-1,-1,-1,7,E01028521,0,4
2024010548837,2024,010548837,1,1,9,99,99,9,9,99,99,9,9,99,9,99,9,1,2,2,1,25,5,-1,-1,-1,-1,4,E01003129,0,1
2024430112166,2024,430112166,2,1,0,18,19,8,4,0,0,8,0,0,0,0,4,1,6,6,2,59,9,-1,-1,-1,-1,8,E01017931,0,1
2024311464017,2024,311464017,1,9,0,-1,19,2,6,-1,0,0,0,0,0,0,1,1,-1,6,2,41,7,-1,-1,-1,-1,8,E01028172,0,1
2024201471130,2024,201471130,1,9,0,-1,9,7,5,-1,0,5,0,0,0,0,1,1,-1,6,1,25,5,-1,-1,-1,-1,-1,-1,0,-1
2024031519440,2024,031519440,2,9,0,-1,3,6,2,-1,0,1,0,0,0,0,2,1,-1,6,1,-1,-1,-1,-1,-1,-1,-1,-1,0,-1
2024010495752,2024,010495752,1,9,0,18,19,1,5,0,0,0,0,0,0,0,1,1,3,7,1,44,7,-1,-1,-1,-1,10,E01003899,0,1
2024351515741,2024,351515741,2,3,-1,-1,-1,-1,-1,-1,-1,0,-1,-1,-1,0,-1,1,-1,6,1,18,4,-1,-1,-1,-1,-1,-1,0,-1
2024501473608,2024,501473608,2,9,0,-1,4,7,3,-1,0,0,0,0,0,0,2,1,-1,9,1,29,6,-1,-1,-1,-1,5,E01019938,0,4
2024991475797,2024,991475797,1,9,0,-1,19,2,7,-1,0,0,0,0,0,0,1,2,-1,9,1,60,9,-1,-1,-1,-1,-1,-1,0,-1
2024010531899,2024,010531899,1,9,0,18,19,4,8,0,0,8,0,0,0,0,4,1,6,6,3,-1,-1,-1,-1,-1,-1,-1,-1,0,-1
2024332400633,2024,332400633,1,-1,0,-1,19,3,7,-1,0,0,0,0,0,0,1,1,-1,6,1,-1,-1,-1,-1,-1,-1,-1,-1,1,-1
2024501409911,2024,501409911,1,9,0,-1,19,5,4,-1,0,8,1,0,0,0,1,9,-1,6,2,-1,-1,-1,-1,-1,-1,-1,-1,0,-1
2024520401502,2024,520401502,1,9,0,17,19,5,1,0,0,0,2,0,7,0,1,1,6,6,2,22,5,-1,-1,-1,-1,10,E01029308,0,2
2024131493932,2024,131493932,2,1,0,-1,19,7,3,-1,0,0,0,0,0,0,1,1,-1,9,2,11,3,-1,-1,-1,-1,3,E01010825,0,1
2024010551658,2024,010551658,2,1,0,5,5,1,5,0,0,8,0,4,0,0,1,1,2,2,1,25,5,-1,-1,-1,-1,5,E01003449,0,1
2024111539486,2024,111539486,1,9,0,-1,19,6,2,-1,0,8,0,0,0,0,4,1,-1,9,1,23,5,-1,-1,-1,-1,2,E01020895,0,4
2024010534220,2024,010534220,1,1,9,18,19,6,2,2,2,9,9,99,9,99,1,1,2,2,3,49,8,-1,-1,-1,-1,10,E01030508,0,3
202460Q088213,2024,60Q088213,1,97,0,18,19,8,4,0,0,0,5,0,1,11,4,1,6,6,1,35,6,-1,-1,-1,-1,-1,-1,0,-1
2024010521954,2024,010521954,2,1,0,15,15,1,5,0,0,8,0,0,0,0,3,1,6,6,2,35,6,-1,-1,-1,-1,6,E01003952,0,1
2024010541747,2024,010541747,1,9,0,7,7,3,5,0,0,5,0,0,1,0,4,1,6,6,3,-1,-1,-1,-1,-1,-1,-1,-1,0,-1
2024201427256,2024,201427256,2,9,0,-1,5,3,2,-1,0,6,0,0,0,0,3,9,-1,6,3,-1,-1,-1,-1,-1,-1,-1,-1,0,-1
2024010500724,2024,010500724,1,3,0,13,13,1,5,0,0,0,0,0,0,0,1,1,2,2,1,26,6,-1,-1,-1,-1,3,E01002799,0,2
2024031501249,2024,031501249,2,19,0,-1,19,7,3,-1,0,0,0,0,0,0,1,1,-1,1,1,64,9,-1,-1,-1,-1,7,E01019323,0,4
2024311407301,2024,311407301,2,1,0,-1,9,7,3,-1,0,5,0,0,0,0,3,1,-1,9,1,57,9,-1,-1,-1,-1,2,E01026382,0,2
2024010528333,2024,010528333,2,-1,0,18,19,1,5,9,9,1,0,10,0,0,1,1,2,2,1,22,5,-1,-1,-1,-1,2,E01001828,1,1
2024010505357,2024,010505357,2,9,0,99,99,9,9,99,99,9,9,99,9,99,9,9,6,6,3,-1,-1,-1,-1,-1,-1,9,E01001377,0,1
2024461528490,2024,461528490,1,9,0,-1,19,1,5,-1,0,0,0,0,0,0,3,1,-1,9,1,27,6,-1,-1,-1,-1,4,E01024226,0,2
2024201440486,2024,201440486,1,90,0,-1,19,2,6,-1,0,1,0,0,0,0,3,9,-1,9,1,29,6,-1,-1,-1,-1,1,E01009182,0,1
2024461443809,2024,461443809,2,1,0,-1,19,5,6,-1,0,8,0,0,0,0,3,1,-1,9,2,51,8,-1,-1,-1,-1,10,E01024468,0,1
2024311511479,2024,311511479,2,23,0,-1,19,6,2,-1,0,8,0,0,0,0,4,1,-1,6,1,16,4,-1,-1,-1,-1,4,E01035507,0,1
2024010489711,2024,010489711,1,1,9,99,99,9,9,99,99,9,9,99,9,99,1,1,6,6,1,28,6,-1,-1,-1,-1,5,E01000932,0,1
2024302401008,2024,302401008,1,9,0,1,1,1,5,0,0,8,0,0,0,0,2,1,6,6,3,-1,-1,-1,-1,-1,-1,5,E01019456,0,3
2024010507091,2024,010507091,1,1,9,99,99,9,9,99,99,9,9,99,9,99,1,1,6,6,1,33,6,-1,-1,-1,-1,2,E01034042,0,1
2024520402428,2024,520402428,1,-1,0,17,19,5,1,0,0,0,0,10,1,0,3,1,6,6,2,48,8,-1,-1,-1,-1,-1,-1,1,-1
2024010495455,2024,010495455,1,9,0,18,19,1,5,0,0,1,0,0,0,0,4,1,6,6,3,-1,-1,-1,-1,-1,-1,-1,-1,0,-1
2024531523675,2024,531523675,1,1,0,-1,19,5,1,-1,0,1,2,0,0,0,0,1,-1,9,1,15,3,-1,-1,-1,-1,10,E01014987,0,3
2024991497991,2024,991497991,2,1,0,-1,19,5,1,-1,0,3,0,0,1,0,2,1,-1,2,1,32,6,-1,-1,-1,-1,2,-1,0,2
2024361503943,2024,361503943,1,1,0,-1,19,3,7,-1,0,0,0,0,0,0,1,1,-1,6,1,9,2,-1,-1,-1,-1,2,E01026689,0,1
2024010489258,2024,010489258,2,9,9,99,99,9,9,99,99,9,9,99,9,99,9,9,6,6,3,-1,-1,-1,-1,-1,-1,-1,-1,0,-1
2024430180370,2024,430180370,2,1,0,18,19,4,8,0,0,0,0,0,0,0,1,1,6,6,1,11,3,-1,-1,-1,-1,-1,-1,0,-1
2024231481348,2024,231481348,2,-1,0,-1,19,6,2,-1,0,6,0,0,0,0,1,1,-1,9,2,7,2,-1,-1,-1,-1,10,E01031214,1,1
2024201517437,2024,201517437,1,9,0,-1,19,5,1,-1,0,0,0,0,0,0,1,1,-1,1,1,22,5,-1,-1,-1,-1,-1,-1,0,-1
2024371480331,2024,371480331,2,16,0,-1,3,7,5,-1,-1,0,0,0,0,0,2,1,-1,9,2,15,3,-1,-1,-1,-1,7,E01033454,0,1
2024010489726,2024,010489726,1,9,0,99,99,9,9,99,99,9,9,99,9,99,2,9,6,6,1,36,7,-1,-1,-1,-1,6,E01001309,0,1
2024010496659,2024,010496659,2,9,0,99,99,9,9,99,99,9,9,99,9,99,9,9,6,6,3,-1,-1,-1,-1,-1,-1,-1,-1,0,-1
2024548766824,2024,548766824,2,22,0,18,19,5,1,9,9,1,0,0,0,0,3,1,6,6,2,35,6,-1,-1,-1,-1,5,E01015519,0,1
2024010535659,2024,010535659,2,1,9,99,99,9,9,99,99,9,9,99,9,99,9,1,6,6,1,47,8,-1,-1,-1,-1,7,E01033571,0,1
2024201426657,2024,201426657,2,1,0,-1,19,8,4,-1,0,1,0,0,0,0,2,1,-1,6,1,53,8,-1,-1,-1,-1,-1,-1,0,-1
2024101479028,2024,101479028,1,9,0,-1,1,6,2,-1,0,8,0,0,0,0,2,9,-1,6,1,-1,-1,-1,-1,-1,-1,-1,-1,0,-1
2024430596802,2024,430596802,1,9,0,18,19,7,3,0,0,2,0,0,0,0,1,1,6,6,3,-1,-1,-1,-1,-1,-1,-1,-1,0,-1
2024010529267,2024,010529267,2,1,9,99,99,9,9,99,99,9,9,99,9,99,0,1,6,6,2,22,5,-1,-1,-1,-1,3,E01001492,0,1
2024440356031,2024,440356031,2,-1,0,18,19,1,5,0,0,6,0,0,0,0,4,1,6,6,1,18,4,-1,-1,-1,-1,1,E01017037,1,1
2024010508861,2024,010508861,1,1,9,99,99,9,9,99,99,9,9,99,9,99,9,1,2,2,1,53,8,-1,-1,-1,-1,8,E01004352,0,3
2024471521543,2024,471521543,2,1,0,-1,19,2,7,-1,0,8,0,0,0,0,4,1,-1,1,1,58,9,-1,-1,-1,-1,6,E01021204,0,4
2024461420956,2024,461420956,1,21,1,-1,19,1,5,-1,0,4,0,0,0,0,3,9,-1,1,1,31,6,-1,-1,-1,-1,-1,-1,0,-1
2024061487802,2024,061487802,2,9,0,-1,4,4,7,-1,0,5,0,0,0,0,2,1,-1,9,2,29,6,-1,-1,-1,-1,4,E01002589,0,5
2024610004524,2024,610004524,1,9,0,17,19,6,3,0,0,0,5,0,0,0,1,1,6,6,1,53,8,-1,-1,-1,-1,8,W01001897,0,4
2024548755324,2024,548755324,2,5,0,13,13,4,8,0,0,1,0,0,0,0,1,1,6,6,1,49,8,-1,-1,-1,-1,6,E01015489,0,3
2024010542268,2024,010542268,1,9,0,99,99,9,9,99,99,9,9,99,9,99,9,9,1,1,3,24,5,-1,-1,-1,-1,2,E01001509,0,1
2024320136310,2024,320136310,1,1,0,-1,-1,6,8,9,9,6,0,0,0,0,1,1,-1,-1,1,15,3,-1,-1,-1,-1,2,E01026142,0,1
2024122401157,2024,122401157,2,1,0,18,19,4,8,0,0,2,0,0,0,0,2,1,6,6,2,39,7,-1,-1,-1,-1,7,E01013345,0,1
2024471491093,2024,471491093,1,9,0,-1,9,7,5,-1,0,8,0,0,0,0,1,9,-1,6,2,23,5,-1,-1,-1,-1,7,E01024810,0,1
2024991486607,2024,991486607,1,19,0,-1,19,8,4,-1,0,1,0,0,0,0,1,1,-1,9,2,48,8,-1,-1,-1,-1,5,-1,0,2
2024010510891,2024,010510891,2,1,0,5,5,7,3,0,0,1,0,0,0,0,1,1,6,6,1,28,6,-1,-1,-1,-1,6,E01003149,0,2
202454C392624,2024,54C392624,1,1,0,18,19,5,1,0,0,1,0,0,0,0,4,1,6,6,1,18,4,-1,-1,-1,-1,1,E01015541,0,1
2024010536269,2024,010536269,1,1,9,99,99,9,9,99,99,9,9,99,9,99,9,1,2,2,1,37,7,-1,-1,-1,-1,8,E01001985,0,1