collision_index,collision_year,collision_ref_no,vehicle_reference,vehicle_type,towing_and_articulation,vehicle_manoeuvre_historic,vehicle_manoeuvre,vehicle_direction_from,vehicle_direction_to,vehicle_location_restricted_lane_historic,vehicle_location_restricted_lane,junction_location,skidding_and_overturning,hit_object_in_carriageway,vehicle_leaving_carriageway,hit_object_off_carriageway,first_point_of_impact,vehicle_left_hand_drive,journey_purpose_of_driver_historic,journey_purpose_of_driver,sex_of_driver,age_of_driver,age_band_of_driver,engine_capacity_cc,propulsion_code,age_of_vehicle,generic_make_model,driver_imd_decile,lsoa_of_driver,escooter_flag,driver_distance_banding
2024010533657,2024,010533657,2,9,0,3,3,7,3,0,0,1,0,0,0,0,2,1,6,6,2,60,9,-1,-1,-1,-1,8,E01001967,0,1
2024531474554,2024,531474554,1,97,0,-1,19,3,7,-1,0,0,0,0,7,0,1,1,-1,9,2,42,7,-1,-1,-1,-1,1,E01015558,0,3
2024010524189,2024,010524189,1,11,0,4,4,7,3,0,0,1,0,0,0,0,0,1,1,1,1,33,6,-1,-1,-1,-1,5,E01002186,0,3
2024010505795,2024,010505795,2,9,0,99,99,9,9,99,99,9,9,99,9,99,9,9,6,6,3,-1,-1,-1,-1,-1,-1,-1,-1,0,-1
2024010492677,2024,010492677,1,3,0,18,19,7,3,0,0,8,1,0,0,0,1,1,2,2,1,28,6,-1,-1,-1,-1,3,E01034204,0,2
2024302401336,2024,302401336,2,1,0,18,19,3,7,0,0,8,0,0,0,0,4,1,6,6,2,13,3,-1,-1,-1,-1,8,E01019652,0,1
2024061393759,2024,061393759,2,1,0,-1,19,4,8,-1,0,8,0,0,0,0,3,1,-1,9,1,51,8,-1,-1,-1,-1,1,E01005721,0,1
2024302400027,2024,302400027,2,9,0,13,13,6,2,0,0,8,0,0,7,11,3,1,2,2,1,45,7,-1,-1,-1,-1,-1,-1,0,-1
2024010515821,2024,010515821,1,1,0,18,19,3,7,0,0,6,0,0,0,0,1,1,1,1,2,55,8,-1,-1,-1,-1,4,E01000922,0,1
2024010492746,2024,010492746,1,9,0,4,4,8,4,0,0,1,0,0,0,0,2,1,6,6,1,49,8,-1,-1,-1,-1,6,E01033812,0,4
2024440519966,2024,440519966,1,1,0,18,19,7,3,0,0,1,0,0,0,0,3,1,6,6,1,42,7,-1,-1,-1,-1,2,E01022900,0,2
2024440419512,2024,440419512,2,9,0,18,19,6,2,0,0,8,0,0,0,0,1,1,6,6,2,-1,-1,-1,-1,-1,-1,-1,-1,0,-1
2024061433777,2024,061433777,4,9,0,-1,19,4,7,-1,0,0,0,0,0,0,3,1,-1,9,1,50,8,-1,-1,-1,-1,3,E01012429,0,4
2024070826713,2024,070826713,2,4,0,-1,19,2,3,-1,0,8,0,0,0,0,1,1,-1,7,1,21,5,-1,-1,-1,-1,5,E01018547,0,1
2024052401908,2024,052401908,1,19,0,15,15,3,7,0,0,0,0,0,0,0,4,1,6,6,3,-1,-1,-1,-1,-1,-1,-1,-1,0,-1
2024010512136,2024,010512136,2,1,0,9,9,7,6,0,0,8,0,0,0,0,1,1,6,6,1,30,6,-1,-1,-1,-1,4,E01003532,0,1
2024201527498,2024,201527498,2,9,0,-1,19,8,4,-1,0,8,0,0,0,0,1,1,-1,6,1,20,4,-1,-1,-1,-1,3,E01009856,0,2
2024451427470,2024,451427470,2,9,0,-1,19,1,5,-1,0,0,0,0,0,0,1,1,-1,1,1,68,10,-1,-1,-1,-1,9,E01030644,0,3
2024052400225,2024,052400225,2,1,0,18,19,7,3,0,0,1,0,0,0,0,3,1,6,6,1,57,9,-1,-1,-1,-1,4,E01007160,0,1
2024440057304,2024,440057304,2,98,0,18,19,2,6,0,0,4,0,0,0,0,3,1,1,1,3,-1,-1,-1,-1,-1,-1,-1,-1,0,-1
2024010519405,2024,010519405,2,97,0,99,99,9,9,99,99,9,9,99,9,99,0,9,6,6,3,-1,-1,-1,-1,-1,-1,-1,-1,0,-1
2024501532779,2024,501532779,1,1,0,-1,19,7,3,-1,0,1,0,0,0,0,3,1,-1,2,2,54,8,-1,-1,-1,-1,8,E01018810,0,1
2024430478583,2024,430478583,1,19,0,5,5,2,6,0,0,1,0,0,0,0,1,1,6,6,1,50,8,-1,-1,-1,-1,7,E01017577,0,3
2024010487926,2024,010487926,1,9,0,18,19,1,5,0,0,8,0,0,0,0,1,1,6,6,1,50,8,-1,-1,-1,-1,3,E01002284,0,2
2024010542259,2024,010542259,1,1,9,99,99,9,9,99,99,9,9,99,9,99,9,1,2,2,1,28,6,-1,-1,-1,-1,7,E01004476,0,2
2024131494417,2024,131494417,2,1,0,-1,19,7,3,-1,0,4,0,0,0,0,1,1,-1,6,-1,-1,-1,-1,-1,-1,-1,-1,-1,0,-1
2024010488980,2024,010488980,2,9,0,99,99,9,9,99,99,9,9,99,9,99,1,9,6,6,3,-1,-1,-1,-1,-1,-1,-1,-1,0,-1
2024010532095,2024,010532095,1,19,0,18,19,1,5,0,0,2,0,0,0,0,4,1,6,6,3,-1,-1,-1,-1,-1,-1,-1,-1,0,-1
2024371467790,2024,371467790,1,1,0,-1,19,-1,-1,-1,0,0,1,0,0,0,3,1,-1,9,1,57,9,-1,-1,-1,-1,7,E01021737,0,3
2024141505642,2024,141505642,1,9,0,-1,19,6,2,-1,0,1,0,0,0,0,1,1,-1,9,1,53,8,-1,-1,-1,-1,7,E01007671,0,2
2024010517637,2024,010517637,2,10,0,2,2,0,0,0,0,1,0,4,0,0,2,1,6,6,3,-1,-1,-1,-1,-1,-1,-1,-1,0,-1
2024122400842,2024,122400842,1,9,0,18,19,2,7,0,0,0,0,0,0,0,1,2,6,6,3,54,8,-1,-1,-1,-1,9,E01027737,0,2
2024070287726,2024,070287726,1,-1,0,18,19,3,7,0,0,1,0,0,0,0,1,1,6,6,3,-1,-1,-1,-1,-1,-1,-1,-1,1,-1
2024461465036,2024,461465036,1,9,0,-1,3,5,1,-1,0,1,0,0,0,0,1,1,-1,9,2,37,7,-1,-1,-1,-1,8,E01024816,0,1
2024411515805,2024,411515805,2,9,0,-1,19,5,1,-1,0,2,0,0,0,0,2,9,-1,6,3,25,5,-1,-1,-1,-1,-1,-1,0,-1
2024451520110,2024,451520110,1,1,0,-1,5,1,5,-1,4,0,1,0,0,0,2,1,-1,2,1,21,5,-1,-1,-1,-1,3,E01030952,0,2
2024451487178,2024,451487178,2,9,0,-1,2,6,2,-1,0,0,0,0,0,0,4,9,-1,1,1,32,6,-1,-1,-1,-1,-1,-1,0,-1
2024471461870,2024,471461870,3,3,0,-1,19,6,2,-1,0,8,1,0,0,0,1,1,-1,9,1,70,10,-1,-1,-1,-1,3,E01031409,0,4
2024010490325,2024,010490325,1,1,9,99,99,9,9,99,99,9,9,99,9,99,1,1,6,6,1,28,6,-1,-1,-1,-1,7,E01002812,0,1
2024610057824,2024,610057824,1,9,0,2,2,0,0,0,0,0,0,0,0,0,1,1,6,6,1,46,8,-1,-1,-1,-1,5,W01001391,0,1
2024440426185,2024,440426185,1,-1,0,18,19,6,2,0,0,8,0,0,0,0,4,1,6,6,1,29,6,-1,-1,-1,-1,7,E01017026,1,1
2024351438260,2024,351438260,1,9,-1,-1,10,3,5,-1,0,6,0,0,0,0,1,9,-1,6,3,-1,-1,-1,-1,-1,-1,-1,-1,0,-1
2024010536990,2024,010536990,1,9,9,99,99,9,9,99,99,9,9,99,9,99,9,9,6,6,3,-1,-1,-1,-1,-1,-1,-1,-1,0,-1
2024010526383,2024,010526383,1,9,0,12,12,1,5,0,0,0,0,0,0,0,3,1,2,2,2,19,4,-1,-1,-1,-1,3,E01001423,0,1
2024201498485,2024,201498485,1,99,0,-1,19,3,7,-1,0,0,0,0,0,0,1,9,-1,6,3,-1,-1,-1,-1,-1,-1,-1,-1,0,-1
2024991487328,2024,991487328,1,8,0,-1,19,2,6,-1,0,1,0,0,0,0,4,9,-1,1,1,48,8,-1,-1,-1,-1,10,-1,0,1
2024552500004,2024,552500004,1,1,0,18,19,4,8,0,0,0,0,0,0,0,1,1,6,6,1,34,6,-1,-1,-1,-1,5,E01015329,0,1
2024520401584,2024,520401584,2,9,0,18,19,8,4,0,0,1,0,0,0,0,1,1,6,6,2,56,9,-1,-1,-1,-1,5,E01029123,0,1
2024052401958,2024,052401958,1,9,0,18,19,4,1,0,0,8,0,0,0,0,1,1,1,1,1,43,7,-1,-1,-1,-1,1,E01006741,0,2
2024010525478,2024,010525478,1,-1,0,18,19,5,1,0,0,1,0,0,0,0,1,1,6,6,1,32,6,-1,-1,-1,-1,4,E01002447,1,1
2024421475368,2024,421475368,2,9,0,-1,2,0,0,-1,0,2,0,0,0,0,2,1,-1,6,1,-1,-1,-1,-1,-1,-1,6,E01022096,0,2
2024201484222,2024,201484222,2,9,0,-1,19,2,6,-1,0,8,0,0,0,0,3,9,-1,6,1,22,5,-1,-1,-1,-1,1,E01009985,0,1
2024010505975,2024,010505975,1,8,0,18,19,5,1,0,0,8,0,0,0,0,1,1,1,1,1,64,9,-1,-1,-1,-1,2,E01015851,0,4
2024010539801,2024,010539801,1,1,9,99,99,9,9,99,99,9,9,99,9,99,9,1,2,2,1,58,9,-1,-1,-1,-1,9,E01030421,0,4
2024141503746,2024,141503746,2,-1,0,-1,19,7,3,-1,0,1,2,0,0,0,1,9,-1,6,1,19,4,-1,-1,-1,-1,3,E01007337,1,2
2024201395146,2024,201395146,1,9,0,-1,19,8,4,-1,0,1,0,0,0,0,1,9,-1,6,1,40,7,-1,-1,-1,-1,-1,-1,0,-1
2024010489897,2024,010489897,1,3,0,99,99,9,9,99,99,0,9,99,9,99,9,1,2,2,1,21,5,-1,-1,-1,-1,3,E01004567,0,1
2024010488599,2024,010488599,2,9,0,99,99,9,9,99,99,9,9,99,9,99,9,9,6,6,3,-1,-1,-1,-1,-1,-1,-1,-1,0,-1
2024302400821,2024,302400821,1,9,0,9,9,6,4,0,0,8,0,0,0,0,1,1,6,6,2,46,8,-1,-1,-1,-1,7,E01025963,0,2
2024991438412,2024,991438412,3,98,0,-1,19,6,2,-1,0,0,0,0,0,0,2,1,-1,6,3,30,6,-1,-1,-1,-1,-1,-1,0,-1
202454A841824,2024,54A841824,2,9,0,4,4,7,3,0,0,1,0,0,0,0,2,1,6,6,2,40,7,-1,-1,-1,-1,5,E01031845,0,3
2024631515147,2024,631515147,1,98,0,-1,19,6,2,-1,0,0,0,0,0,0,4,1,-1,6,3,-1,-1,-1,-1,-1,-1,-1,-1,0,-1
2024141431012,2024,141431012,1,9,0,-1,9,7,3,-1,0,2,0,0,0,0,1,9,-1,6,3,-1,-1,-1,-1,-1,-1,-1,-1,0,-1
2024411541655,2024,411541655,2,9,0,-1,7,3,5,-1,0,0,0,0,0,0,1,1,-1,6,1,47,8,-1,-1,-1,-1,4,E01023738,0,3
2024991410158,2024,991410158,1,9,0,-1,7,2,4,-1,0,1,0,0,0,0,4,9,-1,6,3,-1,-1,-1,-1,-1,-1,-1,-1,0,-1
2024351404432,2024,351404432,2,90,0,-1,19,1,5,-1,0,8,0,0,0,0,4,9,-1,9,1,25,5,-1,-1,-1,-1,10,E01018256,0,1
2024461494711,2024,461494711,1,9,0,-1,1,7,3,-1,0,0,0,0,0,0,2,9,-1,6,3,-1,-1,-1,-1,-1,-1,-1,-1,0,-1
2024010494975,2024,010494975,3,9,0,2,2,0,0,0,0,1,0,0,0,0,3,1,6,6,3,-1,-1,-1,-1,-1,-1,-1,-1,0,-1
2024461470786,2024,461470786,2,9,0,-1,19,7,4,-1,9,2,0,0,0,0,1,1,-1,1,1,28,6,-1,-1,-1,-1,7,E01024433,0,1
2024010513106,2024,010513106,2,9,0,99,99,9,9,99,99,0,9,99,9,99,1,9,6,6,3,-1,-1,-1,-1,-1,-1,-1,-1,0,-1
2024161510633,2024,161510633,2,1,0,-1,9,3,1,-1,0,0,5,0,0,0,3,1,-1,9,1,13,3,-1,-1,-1,-1,10,E01034758,0,1
2024010491155,2024,010491155,2,19,0,99,99,9,9,99,99,0,9,99,9,99,9,9,6,6,3,-1,-1,-1,-1,-1,-1,-1,-1,0,-1
2024471402555,2024,471402555,2,11,-1,-1,4,1,5,-1,0,1,0,0,0,0,-1,9,-1,2,3,-1,-1,-1,-1,-1,-1,-1,-1,0,-1
2024332400476,2024,332400476,2,9,0,-1,5,9,9,-1,0,0,0,0,0,0,1,1,-1,6,1,-1,-1,-1,-1,-1,-1,-1,-1,0,-1
2024501504682,2024,501504682,1,9,0,-1,19,5,1,-1,0,0,1,0,2,11,4,1,-1,6,1,44,7,-1,-1,-1,-1,6,E01015191,0,2
2024010535678,2024,010535678,1,9,0,9,9,4,2,0,0,1,0,0,0,0,1,1,6,6,3,-1,-1,-1,-1,-1,-1,-1,-1,0,-1
2024061509639,2024,061509639,2,9,0,-1,19,3,7,-1,0,1,0,0,0,0,1,1,-1,6,2,48,8,-1,-1,-1,-1,2,E01006034,0,1
2024501455449,2024,501455449,2,1,0,-1,7,5,3,-1,0,3,0,0,0,0,4,1,-1,2,1,43,7,-1,-1,-1,-1,6,E01019048,0,4
2024201465258,2024,201465258,1,9,0,-1,7,4,2,-1,0,1,0,0,0,0,1,9,-1,6,3,18,4,-1,-1,-1,-1,-1,-1,0,-1
2024010530761,2024,010530761,1,1,0,18,19,3,7,0,0,8,0,0,0,0,1,1,2,2,1,18,4,-1,-1,-1,-1,2,E01001765,0,1
2024411460743,2024,411460743,2,22,0,-1,5,2,6,-1,0,0,0,0,0,0,3,1,-1,6,1,79,11,-1,-1,-1,-1,3,E01023348,0,1
2024201527681,2024,201527681,2,9,0,-1,2,0,0,-1,0,1,0,0,0,0,3,1,-1,6,3,-1,-1,-1,-1,-1,-1,-1,-1,0,-1
2024440056018,2024,440056018,1,1,0,18,19,8,4,0,0,0,0,0,0,0,3,1,2,2,1,40,7,-1,-1,-1,-1,1,E01022903,0,2
2024010487556,2024,010487556,1,3,0,18,19,1,5,0,0,8,0,0,0,0,9,1,1,1,2,19,4,-1,-1,-1,-1,7,E01001495,0,2
2024542091124,2024,542091124,1,1,0,18,19,8,4,0,0,8,0,0,0,0,1,1,6,6,1,19,4,-1,-1,-1,-1,4,E01032019,0,1
2024010528684,2024,010528684,3,9,0,13,13,2,6,0,0,1,0,7,0,0,1,1,6,6,3,-1,-1,-1,-1,-1,-1,-1,-1,0,-1
2024332401099,2024,332401099,2,9,0,-1,19,5,1,-1,0,6,0,0,3,0,1,1,-1,6,3,-1,-1,-1,-1,-1,-1,-1,-1,0,-1
2024311402206,2024,311402206,1,9,0,-1,19,3,1,-1,0,0,0,0,0,0,3,1,-1,1,1,37,7,-1,-1,-1,-1,1,E01009127,0,4
2024101456019,2024,101456019,1,9,0,-1,13,2,6,-1,0,8,0,0,0,0,0,9,-1,6,3,-1,-1,-1,-1,-1,-1,-1,-1,0,-1
2024161457346,2024,161457346,1,97,0,-1,19,5,2,-1,0,1,0,4,0,0,1,1,-1,6,2,29,6,-1,-1,-1,-1,1,E01012849,0,1
2024201402173,2024,201402173,1,9,0,-1,19,7,3,-1,0,8,0,0,0,0,1,1,-1,6,1,-1,-1,-1,-1,-1,-1,-1,-1,0,-1
2024010496609,2024,010496609,1,9,0,3,3,6,2,0,0,1,0,0,0,0,1,1,6,6,2,48,8,-1,-1,-1,-1,5,E01002815,0,1
2024010491298,2024,010491298,2,4,0,7,7,1,4,0,0,1,0,0,0,0,3,1,6,6,1,29,6,-1,-1,-1,-1,8,E01004110,0,1
2024010547789,2024,010547789,2,9,0,99,99,9,9,99,99,9,9,99,9,99,0,9,6,6,3,-1,-1,-1,-1,-1,-1,-1,-1,0,-1
2024010496466,2024,010496466,1,20,0,99,99,9,9,99,99,9,9,99,9,99,9,9,1,1,1,44,7,-1,-1,-1,-1,2,E01001550,0,3
2024231535090,2024,231535090,1,19,0,-1,19,8,4,-1,0,0,0,4,0,0,1,1,-1,1,1,51,8,-1,-1,-1,-1,3,E01031012,0,1
2024430334371,2024,430334371,1,9,0,18,19,4,8,0,0,0,0,0,0,0,1,1,2,2,1,47,8,-1,-1,-1,-1,2,E01016295,0,1
2024201494878,2024,201494878,1,9,0,-1,9,4,2,-1,0,6,0,0,0,0,1,9,-1,6,1,30,6,-1,-1,-1,-1,2,E01009782,0,1
2024302401273,2024,302401273,1,9,0,16,19,1,4,0,0,2,0,0,0,0,0,1,6,6,3,-1,-1,-1,-1,-1,-1,5,E01019456,0,3
2024311412794,2024,311412794,3,9,0,-1,19,5,1,-1,0,8,0,0,0,0,0,1,-1,6,1,-1,-1,-1,-1,-1,-1,-1,-1,0,-1
202454E409424,2024,54E409424,1,9,0,4,4,7,3,0,0,1,0,0,0,0,1,1,2,2,1,41,7,-1,-1,-1,-1,4,E01031917,0,4
2024540364224,2024,540364224,1,9,0,5,5,7,3,0,0,1,0,0,0,0,1,1,6,6,1,19,4,-1,-1,-1,-1,4,E01032115,0,2
202417S204224,2024,17S204224,1,9,0,18,19,8,4,0,0,0,0,0,0,0,3,1,6,6,2,51,8,-1,-1,-1,-1,1,E01012198,0,1
2024201517745,2024,201517745,2,1,0,-1,19,7,3,-1,0,8,2,0,0,0,3,1,-1,6,1,13,3,-1,-1,-1,-1,1,E01009270,0,1
2024471461902,2024,471461902,1,9,0,-1,6,3,3,-1,0,0,0,0,1,0,3,1,-1,9,1,83,11,-1,-1,-1,-1,9,E01031458,0,2
2024010493996,2024,010493996,1,1,9,99,99,9,9,99,99,0,9,99,9,99,9,1,6,6,2,29,6,-1,-1,-1,-1,10,E01003874,0,1
2024481566771,2024,481566771,1,1,0,-1,19,7,3,-1,5,0,0,0,0,0,1,1,-1,2,1,37,7,-1,-1,-1,-1,-1,-1,0,-1
2024122400877,2024,122400877,1,1,0,18,19,2,5,0,0,1,0,0,0,0,1,1,6,6,1,62,9,-1,-1,-1,-1,7,E01030137,0,5
2024061421954,2024,061421954,1,8,-1,-1,19,-1,-1,-1,0,0,0,0,0,0,1,9,-1,6,1,-1,-1,-1,-1,-1,-1,-1,-1,0,-1
2024070604055,2024,070604055,2,1,0,4,4,1,5,0,0,1,0,0,0,0,1,1,2,2,1,50,8,-1,-1,-1,-1,2,E01034669,0,1
2024131444978,2024,131444978,1,9,0,-1,-1,-1,-1,-1,-1,0,-1,-1,-1,0,-1,1,-1,6,3,-1,-1,-1,-1,-1,-1,-1,-1,0,-1
2024101422514,2024,101422514,2,9,0,-1,19,7,3,-1,0,1,1,0,3,0,1,1,-1,9,2,67,10,-1,-1,-1,-1,-1,-1,0,-1
2024332400734,2024,332400734,2,9,0,-1,19,6,2,-1,0,8,1,0,0,0,1,1,-1,9,2,31,6,-1,-1,-1,-1,10,E01013797,0,1
2024520401157,2024,520401157,2,9,0,9,9,6,4,0,0,8,0,0,0,0,4,1,6,6,1,48,8,-1,-1,-1,-1,8,E01029142,0,1
2024141526675,2024,141526675,2,9,0,-1,19,3,7,-1,0,2,0,0,0,0,1,9,-1,6,1,-1,-1,-1,-1,-1,-1,-1,-1,0,-1
2024010489956,2024,010489956,1,3,0,11,11,1,5,0,0,1,0,0,0,0,2,1,1,1,1,30,6,-1,-1,-1,-1,-1,-1,0,-1
2024361462899,2024,361462899,2,1,0,-1,19,-1,-1,-1,9,1,0,0,0,0,1,1,-1,6,1,-1,-1,-1,-1,-1,-1,9,E01026544,0,1
2024991492612,2024,991492612,1,9,0,-1,14,3,7,-1,0,6,0,0,0,0,4,1,-1,2,1,37,7,-1,-1,-1,-1,4,-1,0,3
2024421403799,2024,421403799,2,1,0,-1,19,7,3,-1,0,4,0,0,0,0,4,1,-1,6,1,36,7,-1,-1,-1,-1,2,E01021268,0,2
2024010535224,2024,010535224,1,1,9,99,99,9,9,99,99,9,9,99,9,99,1,1,6,6,1,27,6,-1,-1,-1,-1,5,E01001853,0,1
2024351516322,2024,351516322,1,9,0,-1,7,3,5,-1,0,2,0,0,0,0,1,1,-1,6,2,-1,-1,-1,-1,-1,-1,-1,-1,0,-1
2024544353224,2024,544353224,1,9,0,9,9,5,2,0,0,1,0,0,0,0,4,1,1,1,1,39,7,-1,-1,-1,-1,9,E01034526,0,1
2024122401228,2024,122401228,2,1,0,3,3,7,3,0,0,8,0,0,0,0,1,1,6,6,1,13,3,-1,-1,-1,-1,9,E01013414,0,1
2024201451388,2024,201451388,2,9,0,-1,19,8,4,-1,0,0,0,0,0,0,4,1,-1,6,1,33,6,-1,-1,-1,-1,8,E01009464,0,3
2024010494481,2024,010494481,1,11,0,5,5,3,7,0,0,1,0,0,0,0,0,1,1,1,1,42,7,-1,-1,-1,-1,4,E01034224,0,2
2024471499817,2024,471499817,1,9,0,-1,19,1,5,-1,9,0,0,0,0,0,4,9,-1,6,3,-1,-1,-1,-1,-1,-1,-1,-1,0,-1
2024010534554,2024,010534554,2,-1,0,18,19,7,3,0,0,8,0,0,0,0,0,1,2,2,1,24,5,-1,-1,-1,-1,4,E01001816,1,4
2024010499193,2024,010499193,1,11,0,5,5,7,3,0,0,0,0,0,0,0,0,1,1,1,1,53,8,-1,-1,-1,-1,9,E01003812,0,1
2024501501604,2024,501501604,1,1,0,-1,19,7,3,-1,0,0,2,4,0,0,1,1,-1,6,1,42,7,-1,-1,-1,-1,4,E01015031,0,1
2024010532924,2024,010532924,1,21,0,18,19,7,3,0,0,0,0,8,0,0,4,2,1,1,1,48,8,-1,-1,-1,-1,-1,-1,0,-1
2024131452605,2024,131452605,1,90,0,-1,19,6,2,-1,0,1,0,0,0,0,2,1,-1,6,3,-1,-1,-1,-1,-1,-1,-1,-1,0,-1
2024371397694,2024,371397694,1,9,0,-1,2,1,5,-1,-1,0,0,0,0,0,4,1,-1,9,1,78,11,-1,-1,-1,-1,5,E01030229,0,2
2024010488353,2024,010488353,2,9,9,99,99,9,9,99,99,9,9,99,9,99,9,9,6,6,3,-1,-1,-1,-1,-1,-1,-1,-1,0,-1
2024371419219,2024,371419219,1,1,0,-1,19,2,5,-1,0,0,0,0,0,0,4,1,-1,7,1,12,3,-1,-1,-1,-1,9,E01029999,0,1
2024440524211,2024,440524211,2,1,0,18,19,5,1,9,9,1,0,0,0,0,1,1,2,2,1,25,5,-1,-1,-1,-1,6,E01035443,0,1
2024061513223,2024,061513223,1,1,0,-1,19,6,2,-1,0,8,0,0,0,0,1,1,-1,1,1,32,6,-1,-1,-1,-1,1,E01034124,0,1
2024010493026,2024,010493026,4,9,0,18,19,7,3,0,0,0,5,0,0,0,1,1,6,6,2,32,6,-1,-1,-1,-1,-1,-1,0,-1
2024201450895,2024,201450895,1,9,0,-1,5,6,2,-1,0,6,0,0,0,0,4,1,-1,6,1,-1,-1,-1,-1,-1,-1,-1,-1,0,-1
2024010494331,2024,010494331,1,1,9,99,99,9,9,99,99,9,9,99,9,99,1,1,2,2,1,25,5,-1,-1,-1,-1,5,E01001381,0,1
2024471482370,2024,471482370,1,97,0,-1,19,2,6,-1,0,1,0,0,0,0,1,1,-1,6,3,-1,-1,-1,-1,-1,-1,-1,-1,0,-1
2024010533248,2024,010533248,2,1,0,18,19,4,8,0,0,2,0,0,0,0,1,1,2,2,1,21,5,-1,-1,-1,-1,6,E01000369,0,1
2024552401164,2024,552401164,2,9,0,2,2,0,0,0,0,0,0,0,0,0,1,1,6,6,3,-1,-1,-1,-1,-1,-1,-1,-1,0,-1
2024991529569,2024,991529569,1,1,0,-1,5,1,4,-1,0,1,1,0,1,11,1,1,-1,6,1,28,6,-1,-1,-1,-1,3,-1,0,1
2024522500395,2024,522500395,1,1,0,18,19,7,3,0,0,8,0,0,0,0,4,1,6,6,1,20,4,-1,-1,-1,-1,4,E01014904,0,1
2024041433977,2024,041433977,2,1,0,-1,19,6,2,-1,0,8,0,0,0,0,3,1,-1,2,1,50,8,-1,-1,-1,-1,4,E01012712,0,1
2024131427645,2024,131427645,1,8,0,-1,2,0,0,-1,0,5,0,0,0,0,4,1,-1,6,3,-1,-1,-1,-1,-1,-1,-1,-1,0,-1
2024161481709,2024,161481709,1,97,0,-1,19,6,2,-1,0,8,1,0,0,0,0,1,-1,6,1,24,5,-1,-1,-1,-1,2,E01035481,0,2
2024010509037,2024,010509037,2,9,0,99,99,9,9,99,99,9,9,99,9,99,9,9,6,6,3,-1,-1,-1,-1,-1,-1,-1,-1,0,-1
2024010489404,2024,010489404,1,9,0,18,19,1,5,0,0,8,0,0,0,0,1,1,6,6,1,62,9,-1,-1,-1,-1,6,E01000530,0,1
2024010493714,2024,010493714,2,8,0,99,99,9,9,99,99,9,9,99,9,99,2,9,6,6,1,65,9,-1,-1,-1,-1,2,E01003499,0,1
2024010506734,2024,010506734,1,-1,9,99,99,9,9,99,99,9,9,99,9,99,9,9,6,6,3,-1,-1,-1,-1,-1,-1,-1,-1,1,-1
2024430541366,2024,430541366,1,19,0,18,19,6,2,0,0,1,0,0,0,0,1,1,2,2,1,55,8,-1,-1,-1,-1,6,E01017791,0,3
2024052401508,2024,052401508,2,1,0,5,5,6,1,0,0,0,0,0,0,0,3,1,2,2,1,54,8,-1,-1,-1,-1,1,E01006495,0,1
2024221418113,2024,221418113,2,1,0,-1,19,7,3,-1,0,0,0,0,0,0,3,1,-1,9,1,52,8,-1,-1,-1,-1,5,E01014070,0,1
2024501491521,2024,501491521,2,22,0,-1,5,7,3,-1,0,0,0,0,0,0,1,1,-1,9,2,62,9,-1,-1,-1,-1,7,E01020281,0,1
2024351538870,2024,351538870,1,98,0,-1,5,2,5,-1,0,0,0,0,0,0,1,1,-1,1,1,31,6,-1,-1,-1,-1,2,E01015673,0,1
2024131416380,2024,131416380,1,9,0,-1,19,3,7,-1,0,1,0,0,0,0,1,1,-1,9,1,64,9,-1,-1,-1,-1,2,E01011002,0,1
2024010543897,2024,010543897,1,9,0,17,19,1,5,0,0,8,0,0,0,0,1,1,6,6,1,69,10,-1,-1,-1,-1,7,E01033493,0,1
2024201428047,2024,201428047,1,9,0,-1,5,3,7,-1,0,2,0,0,0,0,1,1,-1,6,1,30,6,-1,-1,-1,-1,-1,-1,0,-1
2024010495687,2024,010495687,1,3,0,13,13,3,7,0,0,0,0,11,0,0,1,1,1,1,1,24,5,-1,-1,-1,-1,6,E01002170,0,3
2024122400696,2024,122400696,1,19,0,1,1,1,5,0,0,1,0,0,0,0,2,1,6,6,1,75,10,-1,-1,-1,-1,8,E01027839,0,1
2024041395918,2024,041395918,2,9,0,-1,19,8,8,-1,0,4,0,0,0,0,3,1,-1,9,1,47,8,-1,-1,-1,-1,8,E01024956,0,3
2024430224584,2024,430224584,2,1,4,18,19,7,3,0,0,8,0,0,0,0,1,1,6,6,2,32,6,-1,-1,-1,-1,7,E01028493,0,1
2024991458603,2024,991458603,1,21,4,-1,19,6,1,-1,0,0,0,0,0,0,2,9,-1,6,1,25,5,-1,-1,-1,-1,-1,-1,0,-1
2024010488248,2024,010488248,1,9,9,99,99,9,9,99,99,0,9,99,9,99,9,9,6,6,3,-1,-1,-1,-1,-1,-1,-1,-1,0,-1
2024231482680,2024,231482680,1,9,0,-1,19,4,8,-1,0,1,0,0,0,0,1,9,-1,6,1,38,7,-1,-1,-1,-1,-1,-1,0,-1
2024111398182,2024,111398182,1,9,0,-1,19,5,1,-1,0,0,0,0,0,0,4,1,-1,9,1,33,6,-1,-1,-1,-1,1,E01020727,0,4
2024991460199,2024,991460199,1,9,0,-1,19,5,1,-1,0,0,2,0,1,0,1,1,-1,9,1,19,4,-1,-1,-1,-1,-1,-1,0,-1
2024010539383,2024,010539383,2,1,0,9,9,5,2,0,0,1,0,0,0,0,4,1,6,6,1,19,4,-1,-1,-1,-1,4,E01000507,0,2
2024010528020,2024,010528020,1,-1,0,18,19,1,5,0,0,0,0,0,0,0,1,1,6,6,3,-1,-1,-1,-1,-1,-1,-1,-1,1,-1
2024070300974,2024,070300974,1,9,0,18,19,1,5,0,0,1,0,0,0,0,1,1,6,6,3,-1,-1,-1,-1,-1,-1,-1,-1,0,-1
2024161510571,2024,161510571,2,1,0,-1,99,7,3,-1,99,0,1,0,0,0,1,1,-1,6,3,17,4,-1,-1,-1,-1,-1,-1,0,-1
2024471520724,2024,471520724,1,9,0,-1,19,8,4,-1,0,0,0,11,0,0,1,1,-1,9,1,60,9,-1,-1,-1,-1,5,E01021113,0,4
2024430034961,2024,430034961,2,9,0,12,12,2,6,0,0,8,0,0,0,0,3,1,6,6,3,-1,-1,-1,-1,-1,-1,-1,-1,0,-1
2024070377576,2024,070377576,2,9,0,18,19,1,5,0,0,1,0,0,0,0,1,1,6,6,1,57,9,-1,-1,-1,-1,4,E01012468,0,1
2024522401824,2024,522401824,3,9,0,3,3,2,6,0,0,1,0,0,0,0,2,1,6,6,2,62,9,-1,-1,-1,-1,8,E01014797,0,1