collision_index,collision_year,collision_ref_no,vehicle_reference,vehicle_type,towing_and_articulation,vehicle_manoeuvre_historic,vehicle_manoeuvre,vehicle_direction_from,vehicle_direction_to,vehicle_location_restricted_lane_historic,vehicle_location_restricted_lane,junction_location,skidding_and_overturning,hit_object_in_carriageway,vehicle_leaving_carriageway,hit_object_off_carriageway,first_point_of_impact,vehicle_left_hand_drive,journey_purpose_of_driver_historic,journey_purpose_of_driver,sex_of_driver,age_of_driver,age_band_of_driver,engine_capacity_cc,propulsion_code,age_of_vehicle,generic_make_model,driver_imd_decile,lsoa_of_driver,escooter_flag,driver_distance_banding
2024520401092,2024,520401092,1,9,0,18,19,3,7,0,0,8,0,0,0,0,4,1,6,6,1,58,9,-1,-1,-1,-1,5,E01029071,0,1
2024221434661,2024,221434661,2,1,0,-1,9,1,6,-1,0,8,0,0,0,0,4,1,-1,6,1,59,9,-1,-1,-1,-1,-1,-1,0,-1
2024010500485,2024,010500485,2,1,0,18,19,5,1,0,0,1,0,0,0,0,1,1,6,6,1,58,9,-1,-1,-1,-1,10,E01003671,0,1
2024332400219,2024,332400219,1,9,0,-1,19,5,1,-1,0,0,0,0,4,6,1,1,-1,9,1,52,8,-1,-1,-1,-1,2,E01025700,0,3
2024421414478,2024,421414478,2,9,0,-1,4,6,2,-1,0,1,0,0,0,0,2,1,-1,6,1,37,7,-1,-1,-1,-1,4,E01021842,0,1
2024010512197,2024,010512197,2,1,0,3,3,1,5,9,9,0,0,0,0,0,4,1,6,6,1,32,6,-1,-1,-1,-1,2,E01001076,0,1
202454D993824,2024,54D993824,1,9,0,18,19,5,1,0,0,0,0,0,0,0,1,1,6,6,2,33,6,-1,-1,-1,-1,8,E01015534,0,1
2024141428311,2024,141428311,2,1,0,-1,19,5,1,-1,0,1,5,0,1,0,4,1,-1,6,1,23,5,-1,-1,-1,-1,9,E01008050,0,1
2024010536202,2024,010536202,1,1,9,99,99,9,9,99,99,9,9,99,9,99,9,1,6,6,2,59,9,-1,-1,-1,-1,4,E01000489,0,1
2024430009724,2024,430009724,8,9,0,18,19,8,4,0,0,0,0,0,0,0,1,1,6,6,2,31,6,-1,-1,-1,-1,5,E01032516,0,4
2024010488341,2024,010488341,1,3,0,99,99,9,9,99,99,0,9,99,9,99,9,1,1,1,1,42,7,-1,-1,-1,-1,2,E01001977,0,3
2024010530270,2024,010530270,1,19,0,8,8,7,1,0,0,5,0,0,0,0,1,1,2,2,1,23,5,-1,-1,-1,-1,3,E01003431,0,2
2024522402432,2024,522402432,1,1,0,18,19,4,8,0,0,8,0,0,0,0,1,1,6,6,1,11,3,-1,-1,-1,-1,-1,-1,0,-1
2024131486883,2024,131486883,1,98,0,-1,-1,-1,-1,-1,0,0,-1,-1,-1,0,2,1,-1,6,3,-1,-1,-1,-1,-1,-1,-1,-1,0,-1
2024010535910,2024,010535910,1,1,9,99,99,9,9,99,99,9,9,99,9,99,1,1,2,2,1,50,8,-1,-1,-1,-1,6,E01003345,0,1
2024549494324,2024,549494324,1,9,0,9,9,6,4,0,0,8,0,0,0,0,1,1,2,2,1,32,6,-1,-1,-1,-1,8,E01022298,0,4
2024141524719,2024,141524719,1,9,0,-1,2,0,0,-1,0,0,0,0,0,0,1,1,-1,9,2,43,7,-1,-1,-1,-1,2,E01007717,0,1
2024610017024,2024,610017024,4,9,0,2,2,0,0,0,0,0,0,0,0,0,1,1,6,6,3,-1,-1,-1,-1,-1,-1,-1,-1,0,-1
2024471527892,2024,471527892,1,9,0,-1,19,6,2,-1,0,1,0,0,0,0,3,1,-1,6,3,-1,-1,-1,-1,-1,-1,-1,-1,0,-1
2024010550220,2024,010550220,1,1,0,18,19,2,6,0,0,1,5,0,0,0,2,1,6,6,1,35,6,-1,-1,-1,-1,6,E01002742,0,1
2024010493985,2024,010493985,2,8,0,99,99,9,9,99,99,9,9,99,9,99,1,9,6,6,3,45,7,-1,-1,-1,-1,4,E01003177,0,1
2024991499660,2024,991499660,1,-1,0,-1,19,1,5,-1,0,0,0,0,1,0,1,1,-1,6,2,17,4,-1,-1,-1,-1,1,-1,1,1
2024411430107,2024,411430107,1,9,0,-1,9,4,8,-1,0,1,0,0,0,0,3,1,-1,9,2,76,11,-1,-1,-1,-1,10,E01023362,0,1
2024622400749,2024,622400749,2,1,0,18,19,2,6,0,0,1,0,0,0,0,1,1,6,6,1,51,8,-1,-1,-1,-1,10,W01001892,0,3
2024161502162,2024,161502162,1,9,0,-1,12,4,8,-1,0,2,0,0,0,0,1,1,-1,9,1,63,9,-1,-1,-1,-1,9,E01013216,0,1
2024010515947,2024,010515947,2,19,0,99,99,9,9,99,99,9,9,99,9,99,1,9,6,6,3,-1,-1,-1,-1,-1,-1,-1,-1,0,-1
2024010488198,2024,010488198,1,9,0,14,14,1,5,0,0,2,0,4,1,11,1,1,6,6,2,78,11,-1,-1,-1,-1,7,E01001401,0,1
2024010495407,2024,010495407,1,9,0,11,11,5,1,0,0,0,0,0,0,0,1,1,6,6,3,-1,-1,-1,-1,-1,-1,-1,-1,0,-1
2024010540771,2024,010540771,2,9,0,99,99,9,9,99,99,9,9,99,9,99,2,9,6,6,3,-1,-1,-1,-1,-1,-1,-1,-1,0,-1
2024010538753,2024,010538753,1,9,9,99,99,9,9,99,99,9,9,99,9,99,9,1,6,6,3,-1,-1,-1,-1,-1,-1,-1,-1,0,-1
2024010488444,2024,010488444,2,9,0,3,3,7,3,0,0,1,0,0,0,0,2,1,2,2,2,48,8,-1,-1,-1,-1,7,E01003853,0,1
2024010490858,2024,010490858,2,8,0,99,99,9,9,99,99,0,9,99,9,99,1,9,6,6,3,-1,-1,-1,-1,-1,-1,5,E01000375,0,4
2024010501798,2024,010501798,1,1,9,99,99,9,9,99,99,0,9,8,9,99,1,1,2,2,1,55,8,-1,-1,-1,-1,4,E01003062,0,3
2024461409756,2024,461409756,2,21,1,-1,4,3,7,-1,0,0,0,0,0,0,2,2,-1,1,1,41,7,-1,-1,-1,-1,-1,-1,0,-1
2024052400335,2024,052400335,2,1,0,5,5,7,3,0,0,1,0,0,0,0,3,1,4,7,2,12,3,-1,-1,-1,-1,1,E01007293,0,1
2024361397560,2024,361397560,1,9,0,-1,3,2,4,-1,0,0,0,0,0,0,3,1,-1,6,2,34,6,-1,-1,-1,-1,2,E01026477,0,1
2024361502011,2024,361502011,2,1,-1,-1,19,-1,-1,-1,0,0,0,0,0,0,-1,1,-1,6,1,40,7,-1,-1,-1,-1,7,E01026885,0,2
2024101398126,2024,101398126,2,1,0,-1,19,5,1,-1,0,1,0,0,0,0,1,1,-1,9,1,48,8,-1,-1,-1,-1,2,E01008221,0,1
2024340NN3152,2024,340NN3152,1,9,0,-1,19,2,6,-1,0,0,0,0,0,0,1,1,-1,6,1,-1,-1,-1,-1,-1,-1,-1,-1,0,-1
2024010492544,2024,010492544,2,9,0,99,99,9,9,99,99,9,9,99,9,99,1,9,6,6,3,-1,-1,-1,-1,-1,-1,-1,-1,0,-1
2024010496774,2024,010496774,1,5,0,99,99,9,9,99,99,9,9,99,9,99,9,1,1,1,3,37,7,-1,-1,-1,-1,3,E01001858,0,1
2024141500789,2024,141500789,2,1,0,-1,19,1,5,-1,0,0,1,0,0,0,1,1,-1,6,1,45,7,-1,-1,-1,-1,3,E01033268,0,1
2024440492597,2024,440492597,2,-1,0,7,7,5,7,0,0,1,0,0,0,0,1,1,6,6,1,44,7,-1,-1,-1,-1,1,E01017077,1,1
2024332400738,2024,332400738,1,22,0,-1,19,4,8,-1,9,0,0,0,0,0,1,1,-1,9,1,94,11,-1,-1,-1,-1,7,E01025682,0,1
2024131536447,2024,131536447,1,9,0,-1,19,3,7,-1,0,2,0,0,0,0,4,1,-1,9,1,24,5,-1,-1,-1,-1,2,E01011237,0,2
2024421490095,2024,421490095,2,1,0,-1,19,7,1,-1,0,1,0,0,0,0,3,1,-1,6,1,30,6,-1,-1,-1,-1,5,E01030105,0,2
2024471444714,2024,471444714,2,90,0,-1,19,3,7,-1,4,1,0,0,0,0,3,1,-1,6,1,40,7,-1,-1,-1,-1,7,E01016916,0,2
2024991516971,2024,991516971,1,9,0,-1,19,8,4,-1,0,2,0,0,0,0,3,1,-1,9,1,25,5,-1,-1,-1,-1,5,-1,0,1
2024461419162,2024,461419162,2,1,0,-1,19,2,6,-1,0,2,0,0,0,0,4,1,-1,6,2,48,8,-1,-1,-1,-1,4,E01024841,0,1
2024010544396,2024,010544396,2,1,9,99,99,9,9,99,99,9,9,99,9,99,1,1,2,2,1,45,7,-1,-1,-1,-1,8,E01004074,0,1
2024141418753,2024,141418753,2,9,0,-1,13,1,5,-1,0,1,0,0,0,0,1,1,-1,6,1,76,11,-1,-1,-1,-1,10,E01007861,0,1
2024010537891,2024,010537891,1,9,0,99,99,9,9,0,0,9,0,99,0,0,0,9,6,6,1,-1,-1,-1,-1,-1,-1,-1,-1,0,-1
2024340WN2712,2024,340WN2712,2,9,0,-1,19,5,1,-1,0,0,0,0,0,0,2,1,-1,9,2,49,8,-1,-1,-1,-1,5,E01027114,0,2
2024010516748,2024,010516748,2,9,0,18,19,3,7,0,0,0,0,0,0,0,1,1,6,6,3,-1,-1,-1,-1,-1,-1,-1,-1,0,-1
2024610012424,2024,610012424,1,9,0,10,10,1,5,0,0,2,0,0,0,0,2,1,6,6,2,78,11,-1,-1,-1,-1,5,W01001980,0,1
2024481471137,2024,481471137,1,11,0,-1,4,1,5,-1,0,0,0,0,0,0,0,1,-1,1,1,45,7,-1,-1,-1,-1,-1,-1,0,-1
202417M107524,2024,17M107524,2,9,0,-1,3,6,2,-1,0,7,0,0,0,0,2,1,-1,9,1,43,7,-1,-1,-1,-1,8,E01012067,0,1
2024052402295,2024,052402295,1,9,0,18,19,6,2,0,0,1,0,0,0,0,0,1,1,1,3,-1,-1,-1,-1,-1,-1,-1,-1,0,-1
2024522401848,2024,522401848,2,9,0,18,19,4,8,0,0,8,0,0,0,0,1,1,6,6,3,-1,-1,-1,-1,-1,-1,-1,-1,0,-1
2024010488216,2024,010488216,2,9,9,99,99,9,9,99,99,9,9,99,9,99,9,9,6,6,3,-1,-1,-1,-1,-1,-1,-1,-1,0,-1
2024041427889,2024,041427889,1,97,0,-1,19,-1,-1,-1,9,0,0,10,1,0,1,1,-1,6,3,-1,-1,-1,-1,-1,-1,-1,-1,0,-1
2024010491937,2024,010491937,1,3,0,18,19,6,2,0,0,1,0,0,7,0,2,1,6,6,2,27,6,-1,-1,-1,-1,2,E01000743,0,1
2024471437500,2024,471437500,1,9,0,-1,-1,-1,-1,-1,0,1,0,0,0,0,-1,9,-1,6,3,-1,-1,-1,-1,-1,-1,-1,-1,0,-1
2024010508541,2024,010508541,2,9,0,99,99,9,9,99,99,9,9,99,9,99,9,9,6,6,3,-1,-1,-1,-1,-1,-1,-1,-1,0,-1
2024010489909,2024,010489909,1,9,0,9,9,5,2,0,0,8,0,0,0,0,1,1,6,6,1,20,4,-1,-1,-1,-1,3,E01034142,0,1
2024131416006,2024,131416006,1,90,0,-1,1,1,5,-1,0,0,0,0,0,0,2,1,-1,6,-1,-1,-1,-1,-1,-1,-1,-1,-1,0,-1
2024451520502,2024,451520502,2,21,1,-1,12,7,3,-1,0,0,0,0,1,99,3,2,-1,6,1,25,5,-1,-1,-1,-1,-1,-1,0,-1
2024340WN3452,2024,340WN3452,3,9,0,-1,19,3,7,-1,0,0,0,0,0,0,3,1,-1,9,1,38,7,-1,-1,-1,-1,2,E01027351,0,4
2024991520275,2024,991520275,2,1,0,-1,19,1,5,-1,0,1,0,0,1,11,1,1,-1,6,1,28,6,-1,-1,-1,-1,8,-1,0,1
2024010494975,2024,010494975,1,9,0,18,19,3,7,0,0,1,0,4,0,0,1,1,6,6,1,28,6,-1,-1,-1,-1,4,E01033711,0,1
2024201408562,2024,201408562,3,90,0,-1,3,1,5,-1,0,0,0,0,0,0,2,1,-1,1,1,16,4,-1,-1,-1,-1,-1,-1,0,-1
2024010487451,2024,010487451,1,4,0,99,99,9,9,99,99,9,9,99,9,99,9,1,6,6,3,-1,-1,-1,-1,-1,-1,-1,-1,0,-1
2024010541709,2024,010541709,3,1,0,7,7,5,7,0,0,2,0,0,0,0,1,1,6,6,1,42,7,-1,-1,-1,-1,5,E01002529,0,3
2024010527082,2024,010527082,2,1,0,18,19,1,5,0,0,8,5,0,0,0,1,1,1,1,1,24,5,-1,-1,-1,-1,7,E01001495,0,1
2024461457427,2024,461457427,1,9,-1,-1,19,-1,-1,-1,-1,0,-1,-1,-1,0,1,9,-1,6,3,-1,-1,-1,-1,-1,-1,-1,-1,0,-1
2024361477254,2024,361477254,1,9,0,-1,19,1,5,-1,0,2,0,0,0,0,1,1,-1,9,1,30,6,-1,-1,-1,-1,9,E01035085,0,5
2024052402276,2024,052402276,1,9,0,1,1,2,1,0,0,0,0,0,0,0,1,1,6,6,1,30,6,-1,-1,-1,-1,10,E01019362,0,4
2024061494663,2024,061494663,1,1,0,-1,2,-1,-1,-1,9,9,0,8,0,0,1,1,-1,9,1,43,7,-1,-1,-1,-1,1,E01005272,0,1
2024401493087,2024,401493087,2,-1,-1,-1,-1,-1,-1,-1,-1,-1,-1,-1,-1,0,0,1,-1,6,3,-1,-1,-1,-1,-1,-1,-1,-1,1,-1
2024451455883,2024,451455883,2,9,0,-1,7,1,5,-1,0,1,5,0,2,10,1,1,-1,2,1,51,8,-1,-1,-1,-1,9,E01030492,0,2
2024052401061,2024,052401061,2,1,0,18,19,7,3,0,0,1,0,0,0,0,4,1,1,1,1,68,10,-1,-1,-1,-1,7,E01006947,0,1
2024221509262,2024,221509262,2,1,0,-1,19,8,4,-1,0,0,0,0,1,0,2,1,-1,6,1,22,5,-1,-1,-1,-1,-1,-1,0,-1
2024471530374,2024,471530374,1,1,0,-1,19,1,5,-1,0,1,0,0,0,0,1,1,-1,6,1,54,8,-1,-1,-1,-1,7,E01016938,0,1
2024201458778,2024,201458778,3,9,0,-1,19,5,1,-1,0,0,0,0,0,0,2,1,-1,6,1,47,8,-1,-1,-1,-1,8,E01029641,0,3
2024141418623,2024,141418623,2,23,0,-1,19,6,3,-1,0,1,1,0,0,0,1,1,-1,6,1,20,4,-1,-1,-1,-1,4,E01007704,0,2
2024161528577,2024,161528577,2,9,0,-1,19,5,1,-1,0,8,0,0,0,0,1,9,-1,6,3,-1,-1,-1,-1,-1,-1,-1,-1,0,-1
2024161423442,2024,161423442,1,1,0,-1,19,3,7,-1,4,0,0,0,0,0,3,1,-1,9,1,15,3,-1,-1,-1,-1,2,E01013130,0,2
2024010547302,2024,010547302,1,1,9,99,99,9,9,99,99,9,9,99,9,99,9,1,2,2,1,66,10,-1,-1,-1,-1,10,E01030386,0,1
2024010488628,2024,010488628,1,3,0,99,99,9,9,99,99,9,9,99,9,99,1,1,6,6,1,22,5,-1,-1,-1,-1,6,E01004485,0,2
2024320661963,2024,320661963,2,9,0,-1,-1,8,6,0,0,8,0,0,0,0,4,1,6,6,3,-1,-1,-1,-1,-1,-1,-1,-1,0,-1
2024471450081,2024,471450081,1,9,0,-1,9,1,7,-1,0,0,0,0,0,0,4,1,-1,9,1,26,6,-1,-1,-1,-1,10,E01031715,0,2
2024010515335,2024,010515335,1,9,0,18,19,1,5,0,0,3,0,4,0,0,1,1,2,2,1,30,6,-1,-1,-1,-1,2,E01033937,0,1
2024041536914,2024,041536914,1,22,0,-1,5,5,1,-1,0,6,0,0,0,0,1,1,-1,9,2,75,10,-1,-1,-1,-1,3,E01025011,0,1
2024131449486,2024,131449486,2,1,0,-1,19,7,3,-1,0,0,0,0,0,0,3,1,-1,2,1,65,9,-1,-1,-1,-1,2,E01011268,0,1
2024522402541,2024,522402541,2,9,0,2,2,0,0,0,0,0,0,0,0,0,3,1,6,6,1,-1,-1,-1,-1,-1,-1,1,E01033358,0,1
2024991445168,2024,991445168,1,5,0,-1,13,7,3,-1,0,0,1,0,7,0,4,1,-1,9,1,28,6,-1,-1,-1,-1,-1,-1,0,-1
2024052401527,2024,052401527,2,9,0,17,19,6,2,0,0,8,0,0,0,0,4,1,6,6,2,62,9,-1,-1,-1,-1,2,E01007217,0,1
2024010546014,2024,010546014,2,-1,5,18,19,7,3,0,0,3,0,0,0,0,3,1,6,6,1,17,4,-1,-1,-1,-1,9,E01004554,1,1
2024010521702,2024,010521702,2,-1,0,18,19,3,7,0,0,1,0,0,0,0,1,1,6,6,1,46,8,-1,-1,-1,-1,8,E01001300,1,1
2024544254324,2024,544254324,1,9,0,18,19,3,7,0,0,1,0,0,0,0,1,1,6,6,1,60,9,-1,-1,-1,-1,8,E01015514,0,1
2024010508144,2024,010508144,2,-1,0,15,15,7,3,2,2,1,0,0,0,0,1,1,6,6,1,25,5,-1,-1,-1,-1,1,E01021317,1,4
2024010501950,2024,010501950,1,1,9,99,99,9,9,99,99,9,9,99,9,99,9,1,2,2,2,41,7,-1,-1,-1,-1,3,E01002672,0,2
2024010545248,2024,010545248,1,19,9,99,99,9,9,99,99,9,9,99,9,99,9,1,6,6,3,-1,-1,-1,-1,-1,-1,-1,-1,0,-1
2024061500429,2024,061500429,2,1,0,-1,19,3,6,-1,0,1,0,0,0,0,1,1,-1,9,1,20,4,-1,-1,-1,-1,1,E01033330,0,1
2024471481083,2024,471481083,1,5,0,-1,19,7,3,-1,0,1,0,0,1,0,1,1,-1,6,1,29,6,-1,-1,-1,-1,1,E01020993,0,4
2024501475382,2024,501475382,2,1,0,-1,19,7,3,-1,0,8,5,0,0,0,1,1,-1,6,2,41,7,-1,-1,-1,-1,9,E01015133,0,2
2024461492295,2024,461492295,1,-1,0,-1,19,1,5,-1,0,0,0,0,0,0,1,9,-1,6,1,-1,-1,-1,-1,-1,-1,-1,-1,1,-1
2024430307142,2024,430307142,2,1,0,18,19,5,1,0,0,1,0,0,0,0,1,1,6,6,1,-1,-1,-1,-1,-1,-1,-1,-1,0,-1
202460Q093019,2024,60Q093019,2,1,0,18,19,7,3,0,0,1,0,0,0,0,2,1,1,1,1,60,9,-1,-1,-1,-1,-1,-1,0,-1
2024201468012,2024,201468012,2,9,-1,-1,-1,-1,-1,-1,-1,-1,-1,-1,-1,0,-1,9,-1,6,1,-1,-1,-1,-1,-1,-1,-1,-1,0,-1
2024010494377,2024,010494377,1,8,0,99,99,9,9,99,99,9,9,99,9,99,4,9,1,1,1,72,10,-1,-1,-1,-1,3,E01003073,0,2
2024302401280,2024,302401280,2,1,0,18,19,7,3,0,0,0,0,0,0,0,3,1,6,6,1,73,10,-1,-1,-1,-1,8,E01019596,0,1
2024052402818,2024,052402818,2,1,0,18,19,5,1,0,0,0,0,0,0,0,1,1,6,6,1,27,6,-1,-1,-1,-1,5,E01006665,0,2
2024131457321,2024,131457321,1,3,0,-1,9,5,1,-1,0,2,0,4,0,0,1,1,-1,6,1,26,6,-1,-1,-1,-1,5,E01011819,0,1
2024201450686,2024,201450686,1,9,0,-1,19,6,2,-1,0,0,0,0,0,0,1,9,-1,6,3,-1,-1,-1,-1,-1,-1,-1,-1,0,-1
2024010496848,2024,010496848,2,9,0,18,19,5,1,0,0,1,0,0,0,0,4,1,6,6,2,78,11,-1,-1,-1,-1,6,E01002223,0,1
2024421398908,2024,421398908,2,9,0,-1,3,2,6,-1,0,0,0,0,0,0,2,1,-1,7,2,18,4,-1,-1,-1,-1,7,E01021910,0,3
2024361496412,2024,361496412,2,1,0,-1,19,2,5,-1,0,8,0,0,0,0,1,1,-1,9,1,24,5,-1,-1,-1,-1,8,E01026856,0,1
2024041459024,2024,041459024,2,1,0,-1,19,5,1,-1,0,0,0,0,0,0,1,1,-1,6,1,60,9,-1,-1,-1,-1,7,E01004775,0,3
2024440502083,2024,440502083,1,9,0,18,19,1,0,0,0,2,0,0,0,0,0,1,6,6,1,30,6,-1,-1,-1,-1,-1,-1,0,-1
2024522500226,2024,522500226,1,9,0,3,3,8,4,0,0,0,0,0,0,0,2,1,6,6,2,34,6,-1,-1,-1,-1,10,E01014091,0,4
2024010496095,2024,010496095,2,9,0,18,19,3,7,0,0,0,0,0,0,0,1,1,6,6,1,77,11,-1,-1,-1,-1,6,E01002111,0,1
2024361456533,2024,361456533,1,9,0,-1,19,2,6,-1,0,0,1,0,0,0,4,1,-1,6,1,22,5,-1,-1,-1,-1,6,E01026451,0,2
2024430475683,2024,430475683,1,9,0,18,19,8,4,0,0,1,0,0,0,0,4,1,6,6,3,-1,-1,-1,-1,-1,-1,-1,-1,0,-1
2024010489287,2024,010489287,2,9,0,3,3,1,5,0,0,1,0,0,0,0,2,1,6,6,2,35,6,-1,-1,-1,-1,6,E01026391,0,5
2024010490406,2024,010490406,2,9,0,99,99,9,9,99,99,0,9,99,9,99,1,9,6,6,3,-1,-1,-1,-1,-1,-1,8,E01001398,0,1
2024061436841,2024,061436841,1,9,0,-1,19,2,6,-1,0,1,2,10,8,10,1,1,-1,6,1,39,7,-1,-1,-1,-1,8,E01012984,0,5
2024061505251,2024,061505251,2,1,0,-1,19,1,1,-1,0,0,0,0,0,0,1,1,-1,6,3,30,6,-1,-1,-1,-1,9,E01006075,0,1
2024061516785,2024,061516785,1,97,0,-1,19,8,4,-1,0,0,0,0,0,0,1,1,-1,9,3,-1,-1,-1,-1,-1,-1,-1,-1,0,-1
2024161411885,2024,161411885,1,1,0,-1,9,7,3,-1,0,0,0,0,0,0,3,1,-1,7,1,10,2,-1,-1,-1,-1,1,E01013205,0,1
2024010517448,2024,010517448,1,9,9,99,99,9,9,99,99,9,9,99,9,99,9,9,6,6,3,-1,-1,-1,-1,-1,-1,-1,-1,0,-1
2024010494768,2024,010494768,1,9,0,18,19,3,7,0,0,8,0,0,0,0,3,1,2,2,1,23,5,-1,-1,-1,-1,4,E01000570,0,1
2024010531218,2024,010531218,2,1,0,18,19,1,5,0,0,1,0,0,0,0,3,1,6,6,1,63,9,-1,-1,-1,-1,3,E01001796,0,1
2024991481077,2024,991481077,2,1,0,-1,19,5,3,-1,5,6,0,0,0,0,1,1,-1,9,2,7,2,-1,-1,-1,-1,-1,-1,0,-1
2024010487645,2024,010487645,2,1,0,9,9,7,6,0,0,1,0,0,0,0,3,1,6,6,1,22,5,-1,-1,-1,-1,2,E01003059,0,1
2024221479595,2024,221479595,1,9,0,-1,19,7,3,-1,0,0,0,0,0,0,4,9,-1,6,3,57,9,-1,-1,-1,-1,-1,-1,0,-1
2024440002763,2024,440002763,2,1,0,18,19,4,8,0,0,1,0,0,0,0,2,1,6,6,1,50,8,-1,-1,-1,-1,5,E01017055,0,1
2024131491195,2024,131491195,1,9,0,-1,19,6,2,-1,0,8,0,0,0,0,-1,1,-1,6,3,-1,-1,-1,-1,-1,-1,-1,-1,0,-1
2024421515525,2024,421515525,1,21,1,-1,19,2,6,-1,0,0,0,0,0,0,1,1,-1,6,1,65,9,-1,-1,-1,-1,7,E01021662,0,4
2024461521957,2024,461521957,2,1,0,-1,7,2,6,-1,0,3,0,0,0,0,3,1,-1,7,2,20,4,-1,-1,-1,-1,2,E01024093,0,1
2024311480988,2024,311480988,2,1,-1,-1,-1,-1,-1,-1,-1,0,-1,-1,-1,0,-1,1,-1,6,2,10,2,-1,-1,-1,-1,-1,-1,0,-1
2024010549047,2024,010549047,2,9,0,99,99,9,9,99,99,9,9,99,9,99,1,9,6,6,3,-1,-1,-1,-1,-1,-1,-1,-1,0,-1
2024430160311,2024,430160311,2,1,0,18,19,3,7,0,0,1,0,0,0,0,4,1,6,6,2,44,7,-1,-1,-1,-1,8,E01028547,0,1
2024351465730,2024,351465730,2,1,0,-1,19,1,5,-1,0,1,0,0,0,0,1,1,-1,7,1,15,3,-1,-1,-1,-1,5,E01018082,0,1
2024141456964,2024,141456964,1,98,0,-1,19,2,6,-1,0,0,0,0,0,0,1,1,-1,9,2,79,11,-1,-1,-1,-1,1,E01007543,0,2
2024421510444,2024,421510444,2,3,0,-1,19,1,5,-1,0,2,0,0,0,0,1,1,-1,6,1,30,6,-1,-1,-1,-1,2,E01001055,0,4
2024302400460,2024,302400460,1,19,0,18,19,2,6,0,0,0,0,0,0,0,1,1,6,6,1,55,8,-1,-1,-1,-1,9,E01019825,0,1
2024061454160,2024,061454160,1,9,0,-1,19,5,1,-1,0,1,0,0,0,0,1,1,-1,6,1,-1,-1,-1,-1,-1,-1,-1,-1,0,-1
2024010535389,2024,010535389,2,1,0,-1,-1,3,7,4,4,8,0,0,0,0,1,1,6,6,1,22,5,-1,-1,-1,-1,-1,-1,0,-1
2024451479819,2024,451479819,3,9,0,-1,19,3,1,-1,0,1,0,0,0,0,1,9,-1,6,3,26,6,-1,-1,-1,-1,-1,-1,0,-1
2024010512042,2024,010512042,2,1,0,18,19,1,5,4,4,1,0,0,0,0,1,1,2,2,1,45,7,-1,-1,-1,-1,-1,-1,0,-1
2024010530919,2024,010530919,2,9,0,99,99,9,9,99,99,9,9,99,9,99,2,9,6,6,3,-1,-1,-1,-1,-1,-1,-1,-1,0,-1
2024440176491,2024,440176491,1,9,0,18,19,6,2,0,0,0,0,0,0,0,1,1,6,6,1,-1,-1,-1,-1,-1,-1,-1,-1,0,-1
2024161423385,2024,161423385,2,1,0,-1,19,1,5,-1,0,8,0,0,0,0,1,1,-1,9,1,13,3,-1,-1,-1,-1,4,E01013076,0,1
2024070140696,2024,070140696,1,9,0,4,4,1,5,0,0,1,0,0,0,0,4,1,3,7,1,32,6,-1,-1,-1,-1,5,E01018483,0,1
2024010529585,2024,010529585,1,1,9,99,99,9,9,99,99,9,9,99,9,99,1,1,2,2,2,37,7,-1,-1,-1,-1,9,E01002107,0,1
2024991517468,2024,991517468,2,9,0,-1,19,3,7,-1,0,8,0,0,0,0,1,1,-1,2,1,45,7,-1,-1,-1,-1,-1,-1,0,-1
2024411474258,2024,411474258,1,1,0,-1,19,1,5,-1,0,1,0,0,0,0,1,1,-1,6,1,20,4,-1,-1,-1,-1,4,E01023401,0,1
2024430201272,2024,430201272,1,9,0,13,13,1,5,0,0,1,0,0,0,0,4,1,6,6,3,-1,-1,-1,-1,-1,-1,-1,-1,0,-1
2024161444243,2024,161444243,2,1,0,-1,19,7,3,-1,0,8,0,0,0,0,4,1,-1,6,1,43,7,-1,-1,-1,-1,3,E01012943,0,1
2024010530295,2024,010530295,1,9,9,18,19,2,6,99,99,9,9,99,9,99,0,9,6,6,3,-1,-1,-1,-1,-1,-1,7,E01035279,0,4
2024141399461,2024,141399461,1,9,0,-1,19,1,5,-1,0,0,0,0,0,0,2,9,-1,6,2,57,9,-1,-1,-1,-1,-1,-1,0,-1
2024010529993,2024,010529993,2,1,9,99,99,9,9,99,99,9,9,99,9,99,9,1,2,2,1,33,6,-1,-1,-1,-1,2,E01035677,0,1
2024052402246,2024,052402246,1,9,0,1,1,4,8,0,0,0,0,0,0,0,2,1,6,6,3,-1,-1,-1,-1,-1,-1,-1,-1,0,-1
2024542584124,2024,542584124,2,1,0,18,19,7,3,0,0,0,0,0,0,0,2,1,6,6,1,15,3,-1,-1,-1,-1,6,E01031926,0,1
2024430484683,2024,430484683,2,1,0,18,19,1,5,0,0,6,0,0,0,0,1,1,6,6,1,17,4,-1,-1,-1,-1,9,E01035266,0,1
2024010489701,2024,010489701,1,9,0,99,99,9,9,99,99,0,9,99,9,99,9,9,6,6,3,-1,-1,-1,-1,-1,-1,-1,-1,0,-1
2024430004459,2024,430004459,2,9,0,18,19,4,8,0,0,0,0,0,0,0,0,1,2,2,1,43,7,-1,-1,-1,-1,10,E01016571,0,3
2024101408785,2024,101408785,1,9,0,-1,7,4,2,-1,0,1,0,0,0,0,4,9,-1,6,2,-1,-1,-1,-1,-1,-1,-1,-1,0,-1
2024010496398,2024,010496398,2,9,9,99,99,9,9,99,99,9,9,99,9,99,9,9,6,6,3,-1,-1,-1,-1,-1,-1,-1,-1,0,-1
2024010519833,2024,010519833,2,1,0,18,19,5,1,0,0,1,0,0,0,0,1,1,2,2,1,40,7,-1,-1,-1,-1,4,E01002641,0,1
2024010514353,2024,010514353,1,1,9,99,99,9,9,99,99,9,9,99,9,99,4,1,6,6,3,43,7,-1,-1,-1,-1,4,E01002101,0,2
2024501510602,2024,501510602,1,9,0,-1,15,1,5,-1,0,1,0,0,0,0,1,1,-1,6,3,-1,-1,-1,-1,-1,-1,-1,-1,0,-1
2024061414498,2024,061414498,2,9,0,-1,19,7,3,-1,0,0,0,0,0,0,1,1,-1,6,2,57,9,-1,-1,-1,-1,5,E01004936,0,2
2024010538936,2024,010538936,1,9,0,3,3,7,3,0,0,1,0,0,0,0,4,1,6,6,1,60,9,-1,-1,-1,-1,2,E01001505,0,3