collision_index,collision_year,collision_ref_no,vehicle_reference,vehicle_type,towing_and_articulation,vehicle_manoeuvre_historic,vehicle_manoeuvre,vehicle_direction_from,vehicle_direction_to,vehicle_location_restricted_lane_historic,vehicle_location_restricted_lane,junction_location,skidding_and_overturning,hit_object_in_carriageway,vehicle_leaving_carriageway,hit_object_off_carriageway,first_point_of_impact,vehicle_left_hand_drive,journey_purpose_of_driver_historic,journey_purpose_of_driver,sex_of_driver,age_of_driver,age_band_of_driver,engine_capacity_cc,propulsion_code,age_of_vehicle,generic_make_model,driver_imd_decile,lsoa_of_driver,escooter_flag,driver_distance_banding
2024010498766,2024,010498766,2,1,0,18,19,1,5,0,0,1,5,0,1,0,1,1,6,6,1,36,7,-1,-1,-1,-1,2,E01033883,0,3
2024522402029,2024,522402029,1,9,0,3,3,2,6,0,0,0,0,0,0,0,2,1,6,6,1,55,8,-1,-1,-1,-1,4,E01014820,0,4
2024201440847,2024,201440847,1,9,0,-1,9,8,4,-1,0,5,0,0,0,0,1,9,-1,6,3,-1,-1,-1,-1,-1,-1,-1,-1,0,-1
2024061485687,2024,061485687,1,1,9,-1,19,-1,-1,-1,0,0,5,0,0,0,3,1,-1,1,1,22,5,-1,-1,-1,-1,1,E01034138,0,1
2024010498216,2024,010498216,2,9,0,99,99,9,9,99,99,9,9,99,9,99,1,9,6,6,3,-1,-1,-1,-1,-1,-1,5,E01000443,0,1
2024351497664,2024,351497664,2,1,0,-1,-1,-1,-1,-1,-1,-1,-1,-1,-1,0,3,1,-1,2,1,54,8,-1,-1,-1,-1,5,E01017947,0,1
202454B125124,2024,54B125124,2,19,0,4,4,3,7,0,0,0,0,0,0,0,2,1,6,6,1,70,10,-1,-1,-1,-1,-1,-1,0,-1
2024010510930,2024,010510930,1,1,9,99,99,9,9,99,99,9,9,99,9,99,9,1,2,2,1,46,8,-1,-1,-1,-1,2,E01001151,0,1
2024451460595,2024,451460595,2,9,0,-1,19,5,1,-1,0,0,0,0,0,0,1,9,-1,6,2,40,7,-1,-1,-1,-1,-1,-1,0,-1
202417M116424,2024,17M116424,2,1,0,-1,19,8,4,-1,0,8,0,0,0,0,1,1,-1,9,1,15,3,-1,-1,-1,-1,-1,-1,0,-1
2024351430816,2024,351430816,2,99,0,-1,-1,-1,-1,-1,-1,0,-1,-1,-1,0,-1,9,-1,6,3,-1,-1,-1,-1,-1,-1,-1,-1,0,-1
2024131482218,2024,131482218,2,9,0,-1,19,5,1,-1,0,1,0,0,0,0,1,1,-1,9,2,40,7,-1,-1,-1,-1,5,E01011648,0,2
2024211495420,2024,211495420,1,1,0,-1,19,1,1,-1,0,0,5,0,0,0,1,1,-1,6,1,65,9,-1,-1,-1,-1,4,E01014288,0,1
2024231412074,2024,231412074,1,9,0,-1,14,4,8,-1,0,0,0,0,0,0,1,9,-1,6,1,24,5,-1,-1,-1,-1,4,E01031054,0,1
2024451400462,2024,451400462,1,1,0,-1,10,5,1,-1,0,1,0,0,0,0,1,1,-1,9,1,77,11,-1,-1,-1,-1,9,E01030760,0,1
2024010491835,2024,010491835,2,9,0,99,99,9,9,99,99,0,9,99,9,99,1,9,6,6,3,-1,-1,-1,-1,-1,-1,-1,-1,0,-1
2024010492820,2024,010492820,1,19,0,18,19,7,3,0,0,0,0,0,0,0,3,1,6,6,3,-1,-1,-1,-1,-1,-1,-1,-1,0,-1
2024401425726,2024,401425726,2,9,0,-1,19,3,7,-1,0,0,0,0,0,0,3,1,-1,9,1,67,10,-1,-1,-1,-1,9,E01033825,0,1
2024010493124,2024,010493124,1,9,0,1,1,1,5,0,0,0,0,0,0,0,2,1,6,6,1,-1,-1,-1,-1,-1,-1,-1,-1,0,-1
2024332401056,2024,332401056,1,9,0,-1,19,5,1,-1,0,8,0,0,0,0,3,1,-1,2,2,28,6,-1,-1,-1,-1,10,E01025729,0,1
2024501524805,2024,501524805,3,9,0,-1,4,3,7,-1,0,1,1,0,0,0,1,1,-1,2,1,21,5,-1,-1,-1,-1,8,E01020169,0,3
2024010487810,2024,010487810,2,9,0,4,4,5,1,0,0,4,0,0,0,0,2,1,6,6,3,-1,-1,-1,-1,-1,-1,-1,-1,0,-1
2024531460238,2024,531460238,2,1,0,-1,19,2,6,-1,0,8,5,0,0,0,4,1,-1,6,1,44,7,-1,-1,-1,-1,4,E01022331,0,1
2024010518999,2024,010518999,2,1,0,18,19,2,6,0,0,1,5,0,0,0,4,1,2,2,1,39,7,-1,-1,-1,-1,9,E01004598,0,1
2024501449967,2024,501449967,1,1,0,-1,9,3,7,-1,0,0,0,0,0,0,3,1,-1,6,1,11,3,-1,-1,-1,-1,5,E01018946,0,1
2024010534526,2024,010534526,1,1,9,7,7,2,4,0,0,1,9,99,0,0,9,1,1,1,1,63,9,-1,-1,-1,-1,3,E01003925,0,1
2024401509775,2024,401509775,2,-1,-1,-1,-1,-1,-1,-1,-1,0,-1,-1,-1,0,-1,9,-1,6,2,9,2,-1,-1,-1,-1,5,E01015777,1,1
2024501455449,2024,501455449,1,9,0,-1,5,1,5,-1,0,4,0,0,0,0,1,1,-1,9,1,19,4,-1,-1,-1,-1,4,E01018876,0,3
2024131529705,2024,131529705,1,1,0,-1,9,7,3,-1,0,1,0,0,0,0,3,1,-1,2,1,46,8,-1,-1,-1,-1,3,E01011824,0,1
2024371468254,2024,371468254,1,97,0,-1,19,1,5,-1,9,1,0,0,0,0,0,1,-1,6,1,20,4,-1,-1,-1,-1,-1,-1,0,-1
2024201519987,2024,201519987,1,9,0,-1,19,1,5,-1,0,0,0,0,0,0,1,9,-1,9,3,-1,-1,-1,-1,-1,-1,-1,-1,0,-1
2024311505853,2024,311505853,1,11,0,-1,19,4,1,-1,0,6,0,0,0,0,0,1,-1,1,2,45,7,-1,-1,-1,-1,2,E01013856,0,2
2024461427240,2024,461427240,2,9,0,-1,9,7,3,-1,0,8,0,0,0,0,3,1,-1,9,1,51,8,-1,-1,-1,-1,5,E01024054,0,2
2024622400513,2024,622400513,1,9,0,18,19,2,6,0,0,2,0,0,0,0,1,1,6,6,3,-1,-1,-1,-1,-1,-1,-1,-1,0,-1
2024471517059,2024,471517059,2,19,0,-1,2,0,0,-1,9,0,0,0,0,0,3,1,-1,6,-1,-1,-1,-1,-1,-1,-1,-1,-1,0,-1
2024070122739,2024,070122739,1,5,0,9,9,2,8,0,0,6,1,0,0,0,0,1,6,6,1,70,10,-1,-1,-1,-1,10,E01012490,0,2
2024520402731,2024,520402731,1,3,0,18,19,8,4,0,0,0,1,0,7,10,3,1,6,6,1,17,4,-1,-1,-1,-1,8,E01035232,0,4
2024101414378,2024,101414378,1,9,0,-1,19,3,7,-1,9,0,0,0,7,0,1,1,-1,9,1,18,4,-1,-1,-1,-1,-1,-1,0,-1
2024440032065,2024,440032065,2,9,0,18,19,6,2,0,0,0,0,0,0,0,1,1,2,2,1,27,6,-1,-1,-1,-1,6,E01017025,0,4
2024552401369,2024,552401369,2,1,0,17,19,8,6,0,0,8,0,0,0,0,1,1,4,7,2,15,3,-1,-1,-1,-1,7,E01015448,0,1
2024461470136,2024,461470136,2,19,0,-1,3,3,2,-1,0,0,0,0,0,0,2,1,-1,6,1,31,6,-1,-1,-1,-1,2,E01015963,0,2
2024361468667,2024,361468667,2,9,0,-1,19,3,4,-1,0,2,0,0,0,0,4,1,-1,9,2,59,9,-1,-1,-1,-1,2,E01030079,0,4
2024201473650,2024,201473650,1,-1,0,-1,19,6,2,-1,9,1,0,0,0,0,1,1,-1,6,1,-1,-1,-1,-1,-1,-1,-1,-1,1,-1
2024351534057,2024,351534057,1,1,-1,-1,19,-1,-1,-1,0,0,0,0,0,0,1,1,-1,6,3,-1,-1,-1,-1,-1,-1,-1,-1,0,-1
2024421471002,2024,421471002,2,9,0,-1,19,3,8,-1,0,1,0,0,0,0,0,9,-1,6,3,46,8,-1,-1,-1,-1,-1,-1,0,-1
2024131471723,2024,131471723,1,1,0,-1,9,1,5,-1,0,2,0,0,0,0,4,1,-1,2,1,34,6,-1,-1,-1,-1,1,E01010618,0,1
2024546379024,2024,546379024,1,9,0,18,19,7,3,0,0,1,0,0,0,0,1,1,6,6,1,80,11,-1,-1,-1,-1,8,E01022413,0,4
2024501458730,2024,501458730,1,9,0,-1,19,7,3,-1,0,4,0,10,7,1,1,1,-1,6,1,46,8,-1,-1,-1,-1,5,E01020195,0,2
2024430242540,2024,430242540,1,19,0,13,13,4,8,0,0,1,0,0,0,0,0,1,6,6,3,-1,-1,-1,-1,-1,-1,-1,-1,0,-1
2024991468533,2024,991468533,1,99,0,-1,19,3,7,-1,9,0,0,0,1,2,1,1,-1,6,1,26,6,-1,-1,-1,-1,-1,-1,0,-1
2024440152685,2024,440152685,2,9,0,5,5,1,5,0,0,4,0,0,0,0,1,1,6,6,2,-1,-1,-1,-1,-1,-1,-1,-1,0,-1
2024461444910,2024,461444910,4,9,0,-1,3,3,7,-1,0,0,0,0,0,0,2,1,-1,6,1,-1,-1,-1,-1,-1,-1,5,E01024206,0,3
2024010493657,2024,010493657,1,9,0,4,4,5,1,0,0,0,0,0,0,0,2,9,6,6,1,46,8,-1,-1,-1,-1,9,E01004158,0,1
2024071046142,2024,071046142,1,19,0,-1,12,9,9,-1,0,-1,0,0,0,0,3,-1,-1,6,1,-1,-1,-1,-1,-1,-1,-1,-1,0,-1
2024311492804,2024,311492804,2,99,0,-1,19,5,1,-1,0,0,0,0,0,0,3,1,-1,6,1,40,7,-1,-1,-1,-1,1,E01013883,0,1
2024010504463,2024,010504463,1,9,9,99,99,9,9,99,99,0,9,99,9,99,9,1,6,6,3,-1,-1,-1,-1,-1,-1,-1,-1,0,-1
2024546379024,2024,546379024,2,1,0,18,19,1,5,0,0,8,0,0,0,0,3,1,6,6,1,36,7,-1,-1,-1,-1,8,E01032057,0,3
2024201517329,2024,201517329,1,9,0,-1,19,3,6,-1,0,0,0,0,0,0,1,1,-1,9,1,21,5,-1,-1,-1,-1,1,E01009359,0,1
2024522402917,2024,522402917,1,1,0,18,19,5,1,0,0,8,0,0,0,0,3,1,6,6,1,38,7,-1,-1,-1,-1,7,E01014512,0,1
2024010489188,2024,010489188,2,5,0,13,13,3,7,0,0,2,0,0,0,0,1,1,6,6,1,25,5,-1,-1,-1,-1,3,E01034217,0,2
2024430269587,2024,430269587,2,1,0,18,19,-1,-1,0,0,1,0,0,0,0,1,1,6,6,1,48,8,-1,-1,-1,-1,-1,-1,0,-1
202417S400524,2024,17S400524,3,9,0,18,19,5,1,0,0,0,0,0,0,0,1,1,2,2,1,47,8,-1,-1,-1,-1,4,E01035202,0,2
2024070108490,2024,070108490,1,9,0,5,5,4,2,0,0,4,0,0,1,0,4,1,6,6,2,59,9,-1,-1,-1,-1,-1,-1,0,-1
2024302401395,2024,302401395,3,9,0,18,19,2,6,0,0,1,0,0,0,0,0,1,6,6,1,38,7,-1,-1,-1,-1,10,E01013560,0,1
2024548610124,2024,548610124,1,98,0,9,9,2,8,0,0,8,0,0,0,0,2,1,6,6,3,-1,-1,-1,-1,-1,-1,-1,-1,0,-1
2024010497080,2024,010497080,2,9,9,99,99,9,9,99,99,9,9,99,9,99,9,1,6,6,3,-1,-1,-1,-1,-1,-1,-1,-1,0,-1
2024471519658,2024,471519658,2,1,0,-1,19,3,7,-1,0,1,0,0,0,0,2,1,-1,9,1,14,3,-1,-1,-1,-1,2,E01032832,0,1
2024010533157,2024,010533157,2,1,0,12,12,1,5,0,0,1,0,0,0,0,3,1,6,6,1,13,3,-1,-1,-1,-1,3,E01000057,0,1
2024010493791,2024,010493791,2,9,0,99,99,9,9,99,99,9,9,99,9,99,1,9,6,6,3,49,8,-1,-1,-1,-1,-1,-1,0,-1
2024101415650,2024,101415650,2,-1,0,-1,19,2,6,-1,0,1,0,0,0,0,1,1,-1,9,1,7,2,-1,-1,-1,-1,3,E01008595,1,1
2024041470218,2024,041470218,2,9,0,-1,2,0,0,-1,0,1,0,0,0,0,2,1,-1,6,-1,-1,-1,-1,-1,-1,-1,-1,-1,0,-1
2024010527478,2024,010527478,1,9,0,18,19,8,4,0,0,1,0,0,0,0,1,1,6,6,1,49,8,-1,-1,-1,-1,4,E01000625,0,1
2024471452404,2024,471452404,1,1,0,-1,19,3,7,-1,0,1,5,0,0,0,4,1,-1,9,2,64,9,-1,-1,-1,-1,9,E01031412,0,1
2024010528664,2024,010528664,1,1,9,99,99,9,9,99,99,9,9,99,9,99,9,1,6,6,1,27,6,-1,-1,-1,-1,2,E01032579,0,1
2024501499842,2024,501499842,1,1,0,-1,14,7,3,-1,0,8,0,99,0,0,4,1,-1,9,1,75,10,-1,-1,-1,-1,4,E01018951,0,2
2024302401061,2024,302401061,1,9,0,9,9,3,8,0,0,8,0,0,0,0,1,1,6,6,3,-1,-1,-1,-1,-1,-1,5,E01019456,0,1
2024531532406,2024,531532406,1,1,0,-1,19,5,1,-1,0,0,0,0,0,0,1,1,-1,2,1,19,4,-1,-1,-1,-1,5,E01022440,0,1
2024351519725,2024,351519725,1,-1,0,-1,19,1,5,-1,0,0,0,0,0,0,1,1,-1,6,1,57,9,-1,-1,-1,-1,1,E01015658,1,1
2024211549544,2024,211549544,2,9,0,-1,2,0,0,-1,0,0,0,0,7,0,4,1,-1,6,1,67,10,-1,-1,-1,-1,9,E01029506,0,3
2024991429077,2024,991429077,111,9,0,-1,1,3,8,-1,0,0,0,0,0,0,2,1,-1,6,3,44,7,-1,-1,-1,-1,-1,-1,0,-1
2024201514431,2024,201514431,2,-1,0,-1,19,2,6,-1,0,0,5,0,0,0,1,1,-1,2,1,28,6,-1,-1,-1,-1,5,E01033559,1,1
2024010520331,2024,010520331,2,1,0,18,19,5,1,0,0,1,0,0,0,0,1,1,6,6,2,35,6,-1,-1,-1,-1,6,E01002006,0,1
2024531445781,2024,531445781,2,90,0,-1,19,5,1,-1,0,0,0,0,0,0,3,1,-1,9,1,29,6,-1,-1,-1,-1,6,E01022175,0,4
2024141449974,2024,141449974,2,-1,0,-1,19,5,1,-1,0,6,0,0,0,0,1,1,-1,9,1,-1,-1,-1,-1,-1,-1,-1,-1,1,-1
2024461440911,2024,461440911,2,1,0,-1,19,5,1,-1,0,0,0,0,0,0,4,1,-1,6,2,55,8,-1,-1,-1,-1,7,E01024547,0,1
2024010525927,2024,010525927,1,1,0,18,19,5,1,0,0,0,0,0,0,0,1,1,6,6,1,30,6,-1,-1,-1,-1,7,E01002351,0,1
2024461408742,2024,461408742,1,9,0,-1,9,4,2,-1,0,2,0,0,0,0,-1,9,-1,6,3,-1,-1,-1,-1,-1,-1,-1,-1,0,-1
2024361443764,2024,361443764,2,1,0,-1,19,1,5,-1,0,1,5,0,0,0,4,1,-1,6,1,21,5,-1,-1,-1,-1,9,E01026544,0,1
2024131431897,2024,131431897,1,1,0,-1,19,1,5,-1,0,1,0,0,0,0,1,1,-1,9,1,14,3,-1,-1,-1,-1,6,E01011734,0,1
2024631498619,2024,631498619,1,9,0,-1,5,5,1,-1,0,8,0,0,0,0,1,1,-1,6,2,56,9,-1,-1,-1,-1,6,W01000477,0,1
2024052401087,2024,052401087,2,1,0,18,19,6,2,0,0,0,0,0,0,0,1,1,6,6,1,30,6,-1,-1,-1,-1,5,E01033761,0,1
2024010494350,2024,010494350,1,1,9,99,99,9,9,99,99,9,9,99,9,99,9,1,2,2,1,55,8,-1,-1,-1,-1,5,E01004523,0,1
2024061412616,2024,061412616,4,9,0,-1,4,1,1,-1,0,1,0,0,0,0,2,9,-1,6,1,22,5,-1,-1,-1,-1,-1,-1,0,-1
2024010499685,2024,010499685,2,9,0,99,99,9,9,99,99,9,9,99,9,99,9,9,6,6,3,-1,-1,-1,-1,-1,-1,-1,-1,0,-1
2024131491357,2024,131491357,1,9,0,-1,-1,-1,-1,-1,-1,-1,-1,-1,-1,-1,1,1,-1,6,2,-1,-1,-1,-1,-1,-1,-1,-1,0,-1
2024231419647,2024,231419647,1,9,0,-1,19,8,4,-1,0,1,0,0,0,0,1,9,-1,6,3,45,7,-1,-1,-1,-1,-1,-1,0,-1
2024122500148,2024,122500148,2,1,0,18,19,1,5,4,4,8,0,0,0,0,2,1,2,2,1,28,6,-1,-1,-1,-1,4,E01013353,0,1
2024010512795,2024,010512795,1,1,9,18,19,9,9,4,4,1,9,99,9,99,1,1,1,1,1,41,7,-1,-1,-1,-1,3,E01003221,0,2
2024061474491,2024,061474491,3,9,0,-1,19,3,7,-1,0,8,0,0,0,0,2,1,-1,6,1,36,7,-1,-1,-1,-1,-1,-1,0,-1
2024471397595,2024,471397595,1,9,0,-1,19,3,7,-1,0,0,0,0,0,0,1,9,-1,6,3,-1,-1,-1,-1,-1,-1,-1,-1,0,-1
2024010522860,2024,010522860,2,1,0,18,19,7,3,9,9,1,0,0,0,0,1,1,6,6,1,12,3,-1,-1,-1,-1,2,E01003712,0,1
2024552400541,2024,552400541,1,21,0,7,7,1,3,0,0,6,0,0,0,0,4,1,6,6,3,-1,-1,-1,-1,-1,-1,-1,-1,0,-1
2024302400919,2024,302400919,2,22,0,5,5,6,2,0,0,2,0,0,0,0,1,1,6,6,2,53,8,-1,-1,-1,-1,5,E01019723,0,1
2024010544313,2024,010544313,2,1,0,18,19,1,5,0,0,1,0,0,0,0,1,1,1,1,2,26,6,-1,-1,-1,-1,2,E01002716,0,1
2024010502524,2024,010502524,2,9,0,5,5,3,7,0,0,8,0,0,0,0,1,1,6,6,2,28,6,-1,-1,-1,-1,3,E01015971,0,1
2024411455675,2024,411455675,1,19,-1,-1,-1,-1,-1,-1,-1,0,-1,-1,-1,0,-1,9,-1,6,3,-1,-1,-1,-1,-1,-1,-1,-1,0,-1
2024101438785,2024,101438785,1,1,0,-1,19,8,4,-1,9,8,5,0,0,0,1,1,-1,1,1,26,6,-1,-1,-1,-1,2,E01008252,0,1
2024010531980,2024,010531980,2,90,0,18,19,1,5,0,0,0,0,0,0,0,1,1,6,6,1,16,4,-1,-1,-1,-1,6,E01004521,0,1
2024010537912,2024,010537912,1,1,9,99,99,9,9,99,99,9,9,99,9,99,9,1,6,6,2,28,6,-1,-1,-1,-1,4,E01004228,0,1
2024461479835,2024,461479835,1,9,0,-1,13,2,6,-1,0,0,0,0,0,0,4,9,-1,6,3,-1,-1,-1,-1,-1,-1,-1,-1,0,-1
2024031419593,2024,031419593,1,19,0,-1,9,6,3,-1,0,1,0,0,0,0,1,1,-1,2,1,26,6,-1,-1,-1,-1,9,E01019129,0,1
2024131425997,2024,131425997,1,97,0,-1,19,5,5,-1,0,6,0,0,0,0,1,1,-1,6,1,17,4,-1,-1,-1,-1,1,E01011227,0,1
2024061436687,2024,061436687,2,1,0,-1,19,3,7,-1,0,8,0,0,0,0,3,1,-1,6,1,27,6,-1,-1,-1,-1,3,E01006273,0,1
2024201445608,2024,201445608,2,1,0,-1,19,4,8,-1,0,8,0,0,0,0,3,1,-1,6,1,53,8,-1,-1,-1,-1,5,E01009521,0,1
2024010510376,2024,010510376,1,9,0,99,99,9,9,0,0,0,0,0,0,0,1,9,6,6,3,-1,-1,-1,-1,-1,-1,-1,-1,0,-1
2024332401241,2024,332401241,1,9,0,-1,19,1,5,-1,0,0,0,0,0,0,1,1,-1,6,3,-1,-1,-1,-1,-1,-1,-1,-1,0,-1
2024010513631,2024,010513631,1,9,0,18,19,5,1,0,0,0,0,0,0,0,1,1,6,6,1,23,5,-1,-1,-1,-1,3,E01003594,0,1
2024122500012,2024,122500012,2,1,0,18,19,5,1,0,0,8,0,0,0,0,4,1,6,6,1,73,10,-1,-1,-1,-1,-1,-1,0,-1
2024531476813,2024,531476813,2,1,0,-1,19,7,3,-1,5,8,5,0,0,0,4,1,-1,2,2,48,8,-1,-1,-1,-1,10,E01034780,0,1
2024522402527,2024,522402527,1,9,0,9,9,5,3,0,0,5,0,0,0,0,1,1,6,6,3,-1,-1,-1,-1,-1,-1,-1,-1,0,-1
2024031557807,2024,031557807,2,98,1,-1,19,5,1,-1,0,0,0,0,0,0,2,1,-1,6,-1,-1,-1,-1,-1,-1,-1,-1,-1,0,-1
2024371479913,2024,371479913,2,1,0,-1,19,7,3,-1,0,4,0,0,0,0,3,1,-1,6,1,26,6,-1,-1,-1,-1,6,E01029992,0,1
2024161497827,2024,161497827,2,21,1,-1,13,7,3,-1,0,0,0,99,0,0,2,1,-1,6,3,-1,-1,-1,-1,-1,-1,-1,-1,0,-1
2024141539375,2024,141539375,1,1,0,-1,19,1,5,-1,0,0,0,0,0,0,3,1,-1,9,1,13,3,-1,-1,-1,-1,5,E01007347,0,1
2024010529046,2024,010529046,1,1,9,99,99,9,9,99,99,0,9,99,9,99,1,1,6,6,1,27,6,-1,-1,-1,-1,3,E01001190,0,3
2024440398087,2024,440398087,1,9,0,3,3,3,7,0,0,0,0,0,0,0,2,1,6,6,1,43,7,-1,-1,-1,-1,8,E01023076,0,2
202454C273724,2024,54C273724,1,9,0,18,19,4,8,0,0,1,0,0,0,0,1,1,6,6,3,-1,-1,-1,-1,-1,-1,-1,-1,0,-1
2024351395845,2024,351395845,2,1,0,-1,9,3,7,-1,0,8,0,0,0,0,3,1,-1,6,1,18,4,-1,-1,-1,-1,1,E01015663,0,1
2024522403325,2024,522403325,2,1,0,12,12,3,1,0,0,0,0,0,0,0,2,1,6,6,1,19,4,-1,-1,-1,-1,10,E01016188,0,5
2024548626824,2024,548626824,2,1,0,18,19,6,2,0,0,0,0,0,0,0,1,1,6,6,1,15,3,-1,-1,-1,-1,5,E01031908,0,1
2024010524453,2024,010524453,2,1,0,9,9,3,1,4,4,2,0,0,0,0,1,1,6,6,1,61,9,-1,-1,-1,-1,3,E01003977,0,1
2024101403409,2024,101403409,2,1,0,-1,19,7,3,-1,0,3,0,0,0,0,4,1,-1,2,1,57,9,-1,-1,-1,-1,7,E01008464,0,1
2024010528477,2024,010528477,1,9,0,99,99,9,9,99,99,9,9,99,9,99,1,9,6,6,3,-1,-1,-1,-1,-1,-1,-1,-1,0,-1
2024430268741,2024,430268741,2,9,0,18,19,2,6,0,0,0,0,0,0,0,1,1,6,6,1,-1,-1,-1,-1,-1,-1,-1,-1,0,-1
2024010494624,2024,010494624,2,19,0,99,99,9,9,99,99,9,9,99,9,99,9,9,6,6,3,-1,-1,-1,-1,-1,-1,-1,-1,0,-1
2024421472222,2024,421472222,1,9,0,-1,19,5,1,-1,0,0,0,0,0,0,3,1,-1,6,1,34,6,-1,-1,-1,-1,-1,-1,0,-1
2024010534034,2024,010534034,1,9,0,99,99,9,9,99,99,9,9,99,9,99,2,9,6,6,3,-1,-1,-1,-1,-1,-1,-1,-1,0,-1
2024010495473,2024,010495473,3,9,0,18,19,5,1,0,0,0,0,0,0,0,1,1,2,2,1,27,6,-1,-1,-1,-1,1,E01003192,0,1
2024131432607,2024,131432607,1,9,0,-1,19,7,3,-1,0,0,0,0,0,0,1,1,-1,6,3,-1,-1,-1,-1,-1,-1,-1,-1,0,-1
2024332401141,2024,332401141,1,1,0,-1,19,1,5,-1,0,6,0,0,0,0,1,1,-1,6,1,14,3,-1,-1,-1,-1,7,E01025985,0,1
2024010543181,2024,010543181,1,9,9,99,99,9,9,99,99,0,9,99,9,99,9,9,6,6,3,-1,-1,-1,-1,-1,-1,-1,-1,0,-1
2024440022005,2024,440022005,3,9,0,2,2,0,0,0,0,0,0,0,0,0,2,1,6,6,3,-1,-1,-1,-1,-1,-1,-1,-1,0,-1
2024141400389,2024,141400389,1,90,0,-1,19,8,4,-1,0,0,1,0,0,0,1,2,-1,6,1,51,8,-1,-1,-1,-1,5,E01007441,0,1
2024061529568,2024,061529568,2,9,0,-1,19,1,1,-1,0,0,0,0,0,0,1,2,-1,6,1,30,6,-1,-1,-1,-1,-1,-1,0,-1
2024161415380,2024,161415380,1,1,0,-1,19,7,3,-1,4,8,1,0,0,0,1,1,-1,2,2,32,6,-1,-1,-1,-1,1,E01012858,0,1
2024141506011,2024,141506011,1,97,0,-1,19,4,8,-1,0,0,0,0,0,0,1,1,-1,6,3,-1,-1,-1,-1,-1,-1,-1,-1,0,-1
2024041509041,2024,041509041,3,9,0,-1,2,3,7,-1,-1,1,0,0,0,0,2,1,-1,9,2,59,9,-1,-1,-1,-1,7,E01024978,0,1
2024052402007,2024,052402007,2,1,0,18,19,3,7,0,0,1,0,0,0,0,1,1,6,6,1,82,11,-1,-1,-1,-1,1,E01007296,0,1
2024201459846,2024,201459846,2,9,0,-1,5,1,7,-1,0,2,0,0,1,0,1,9,-1,6,1,27,6,-1,-1,-1,-1,2,E01009954,0,2
2024061440513,2024,061440513,1,-1,0,-1,19,6,2,-1,0,8,0,0,1,0,1,1,-1,6,1,44,7,-1,-1,-1,-1,1,E01005097,1,1
2024351475971,2024,351475971,1,1,0,-1,-1,-1,-1,-1,0,0,-1,-1,-1,0,3,1,-1,6,3,-1,-1,-1,-1,-1,-1,-1,-1,0,-1
2024122401199,2024,122401199,1,9,0,9,9,2,8,0,0,4,0,0,0,0,1,1,6,6,2,22,5,-1,-1,-1,-1,6,E01027628,0,2
2024520500079,2024,520500079,3,9,0,18,19,7,3,0,0,0,0,0,0,0,3,1,6,6,1,29,6,-1,-1,-1,-1,6,E01034374,0,3
2024131424728,2024,131424728,1,98,0,-1,19,5,1,-1,0,1,0,0,0,0,1,1,-1,6,3,-1,-1,-1,-1,-1,-1,-1,-1,0,-1
2024201426070,2024,201426070,1,9,0,-1,19,2,6,-1,0,3,0,0,0,0,1,9,-1,6,3,-1,-1,-1,-1,-1,-1,-1,-1,0,-1
2024991425483,2024,991425483,2,9,0,-1,19,1,5,-1,0,1,0,0,0,0,1,1,-1,6,2,59,9,-1,-1,-1,-1,2,-1,0,1
2024471403060,2024,471403060,2,90,0,-1,2,7,3,-1,0,0,0,0,0,0,2,9,-1,6,-1,-1,-1,-1,-1,-1,-1,-1,-1,0,-1
2024122500152,2024,122500152,1,9,0,9,9,5,3,0,0,5,0,0,0,0,3,1,1,1,1,19,4,-1,-1,-1,-1,10,E01013339,0,1
2024361454318,2024,361454318,1,9,0,-1,19,2,6,-1,0,2,0,0,0,0,1,9,-1,6,3,-1,-1,-1,-1,-1,-1,-1,-1,0,-1
2024371479069,2024,371479069,1,9,0,-1,19,6,2,-1,0,0,0,0,0,0,4,1,-1,6,3,50,8,-1,-1,-1,-1,-1,-1,0,-1
2024010500439,2024,010500439,1,1,9,99,99,9,9,99,99,9,9,99,9,99,1,1,2,2,1,56,9,-1,-1,-1,-1,6,E01001923,0,1
2024052400465,2024,052400465,1,9,0,18,19,8,4,0,0,1,0,0,0,0,2,1,6,6,3,-1,-1,-1,-1,-1,-1,-1,-1,0,-1
2024070921620,2024,070921620,1,9,0,-1,19,3,7,-1,0,0,0,0,0,0,1,1,-1,6,2,-1,-1,-1,-1,-1,-1,-1,-1,0,-1
2024010492471,2024,010492471,1,3,0,17,19,3,7,0,0,1,0,0,0,0,1,1,1,1,1,30,6,-1,-1,-1,-1,5,E01001139,0,1
2024991462913,2024,991462913,1,9,0,-1,19,4,7,-1,0,0,1,0,0,0,3,1,-1,1,1,43,7,-1,-1,-1,-1,7,-1,0,1
2024401504383,2024,401504383,2,8,0,-1,4,-1,-1,-1,0,1,0,0,0,0,2,9,-1,1,1,-1,-1,-1,-1,-1,-1,-1,-1,0,-1
2024052401611,2024,052401611,1,9,0,15,15,1,5,0,0,1,0,0,0,0,3,1,6,6,3,-1,-1,-1,-1,-1,-1,-1,-1,0,-1
2024430007564,2024,430007564,1,9,0,2,2,0,0,0,0,0,0,0,0,0,1,1,6,6,1,-1,-1,-1,-1,-1,-1,3,E01002527,0,2
2024546242724,2024,546242724,1,98,1,12,12,3,7,0,0,0,0,0,0,0,3,1,1,1,1,50,8,-1,-1,-1,-1,-1,-1,0,-1
2024010543186,2024,010543186,2,9,0,99,99,9,9,99,99,9,9,99,9,99,1,9,6,6,3,-1,-1,-1,-1,-1,-1,2,E01000374,0,1
2024141409148,2024,141409148,1,9,0,-1,9,1,7,-1,0,1,2,0,0,0,4,9,-1,6,3,-1,-1,-1,-1,-1,-1,-1,-1,0,-1
2024101407555,2024,101407555,1,1,0,-1,19,1,5,-1,0,1,5,0,0,0,1,1,-1,9,1,9,2,-1,-1,-1,-1,2,E01008336,0,1
2024052400626,2024,052400626,1,-1,0,18,19,6,2,0,0,0,0,0,0,0,1,1,6,6,3,-1,-1,-1,-1,-1,-1,-1,-1,1,-1
2024451505958,2024,451505958,2,9,0,-1,19,4,8,-1,0,0,0,0,0,0,1,9,-1,6,3,-1,-1,-1,-1,-1,-1,-1,-1,0,-1
2024302401154,2024,302401154,2,-1,0,9,9,2,8,0,0,8,0,0,0,0,1,1,6,6,1,16,4,-1,-1,-1,-1,6,E01013506,1,1
2024052401225,2024,052401225,2,1,0,18,19,3,7,0,0,8,0,0,0,0,4,1,6,6,1,48,8,-1,-1,-1,-1,3,E01006780,0,1