collision_index,collision_year,collision_ref_no,vehicle_reference,vehicle_type,towing_and_articulation,vehicle_manoeuvre_historic,vehicle_manoeuvre,vehicle_direction_from,vehicle_direction_to,vehicle_location_restricted_lane_historic,vehicle_location_restricted_lane,junction_location,skidding_and_overturning,hit_object_in_carriageway,vehicle_leaving_carriageway,hit_object_off_carriageway,first_point_of_impact,vehicle_left_hand_drive,journey_purpose_of_driver_historic,journey_purpose_of_driver,sex_of_driver,age_of_driver,age_band_of_driver,engine_capacity_cc,propulsion_code,age_of_vehicle,generic_make_model,driver_imd_decile,lsoa_of_driver,escooter_flag,driver_distance_banding
2024421485710,2024,421485710,2,1,0,-1,19,7,3,-1,0,8,0,0,0,0,1,1,-1,6,1,46,8,-1,-1,-1,-1,6,E01001565,0,3
2024010494543,2024,010494543,2,9,0,99,99,9,9,99,99,0,9,99,9,99,9,9,6,6,3,-1,-1,-1,-1,-1,-1,-1,-1,0,-1
2024610050224,2024,610050224,2,9,0,18,19,6,2,0,0,1,0,0,0,0,1,1,6,6,3,-1,-1,-1,-1,-1,-1,-1,-1,0,-1
2024010494865,2024,010494865,1,3,0,99,99,9,9,99,99,9,9,99,9,99,1,1,6,6,2,44,7,-1,-1,-1,-1,2,E01001651,0,3
2024430366159,2024,430366159,1,9,0,18,19,8,4,0,0,4,5,9,1,4,1,1,2,2,1,67,10,-1,-1,-1,-1,10,E01016245,0,1
2024471516791,2024,471516791,2,1,0,-1,19,1,5,-1,0,1,0,0,0,0,1,1,-1,6,1,32,6,-1,-1,-1,-1,7,E01021038,0,3
2024411452803,2024,411452803,1,98,1,-1,11,7,3,-1,0,0,0,0,0,0,4,1,-1,1,1,50,8,-1,-1,-1,-1,6,E01009676,0,5
2024522402431,2024,522402431,1,1,0,18,19,7,3,5,5,0,0,0,0,0,1,1,6,6,1,37,7,-1,-1,-1,-1,1,E01014654,0,1
2024010488980,2024,010488980,1,9,0,99,99,9,9,99,99,9,9,99,9,99,9,9,6,6,2,53,8,-1,-1,-1,-1,4,E01002511,0,2
2024371447286,2024,371447286,2,9,0,-1,19,5,1,-1,0,1,0,0,0,0,1,1,-1,6,1,56,9,-1,-1,-1,-1,4,E01026894,0,2
2024010549105,2024,010549105,2,1,0,18,19,7,3,0,0,1,0,0,0,0,1,1,1,1,1,20,4,-1,-1,-1,-1,6,E01003781,0,1
2024451475340,2024,451475340,2,1,0,-1,19,5,1,-1,0,0,0,0,0,0,2,1,-1,1,1,62,9,-1,-1,-1,-1,10,E01030375,0,1
2024540675024,2024,540675024,3,9,0,18,19,6,1,0,0,1,0,0,0,0,2,1,6,6,1,59,9,-1,-1,-1,-1,9,E01031939,0,1
2024451439468,2024,451439468,3,9,0,-1,2,0,0,-1,5,0,0,0,0,0,4,1,-1,6,-1,-1,-1,-1,-1,-1,-1,-1,-1,0,-1
2024010529108,2024,010529108,2,9,9,99,99,9,9,99,99,9,9,99,9,0,9,9,6,6,3,-1,-1,-1,-1,-1,-1,-1,-1,0,-1
2024010518796,2024,010518796,1,1,0,18,19,5,1,0,0,1,0,0,0,0,4,1,6,6,1,24,5,-1,-1,-1,-1,2,E01003051,0,2
2024430378885,2024,430378885,1,1,0,18,19,6,2,0,0,8,0,0,0,0,4,1,2,2,1,38,7,-1,-1,-1,-1,1,E01016420,0,1
2024010494661,2024,010494661,2,1,0,16,19,1,5,4,4,1,0,0,0,0,3,1,2,2,1,34,6,-1,-1,-1,-1,4,E01035652,0,1
2024421501858,2024,421501858,1,1,0,-1,19,8,4,-1,0,0,0,0,1,0,1,1,-1,9,1,13,3,-1,-1,-1,-1,7,E01021655,0,1
2024501420864,2024,501420864,1,9,0,-1,5,1,5,-1,-1,0,0,0,1,0,2,1,-1,9,1,33,6,-1,-1,-1,-1,3,E01000630,0,5
2024440552019,2024,440552019,1,1,0,18,19,5,0,0,0,2,0,0,0,0,1,1,1,1,1,34,6,-1,-1,-1,-1,9,E01023267,0,1
2024010546713,2024,010546713,2,9,0,99,99,9,9,99,99,9,9,99,9,99,2,9,6,6,3,34,6,-1,-1,-1,-1,-1,-1,0,-1
2024421527657,2024,421527657,1,9,0,-1,3,3,7,-1,0,4,0,0,0,0,1,1,-1,6,3,-1,-1,-1,-1,-1,-1,-1,-1,0,-1
2024010521299,2024,010521299,2,9,0,18,19,2,6,0,0,0,0,0,0,0,1,1,6,6,3,-1,-1,-1,-1,-1,-1,-1,-1,0,-1
2024520403328,2024,520403328,1,9,0,18,19,2,6,0,0,0,0,0,0,0,3,1,6,6,1,65,9,-1,-1,-1,-1,7,E01029227,0,1
2024010534250,2024,010534250,2,9,0,99,99,9,9,99,99,9,9,99,9,99,1,9,6,6,3,-1,-1,-1,-1,-1,-1,-1,-1,0,-1
2024461405554,2024,461405554,1,9,0,-1,-1,-1,-1,-1,-1,-1,-1,-1,-1,0,2,9,-1,6,3,-1,-1,-1,-1,-1,-1,-1,-1,0,-1
2024401429863,2024,401429863,1,21,-1,-1,12,5,1,-1,0,0,0,0,0,0,3,9,-1,1,3,-1,-1,-1,-1,-1,-1,-1,-1,0,-1
2024430238243,2024,430238243,1,9,0,14,14,4,8,0,0,0,0,0,0,0,1,1,6,6,1,47,8,-1,-1,-1,-1,10,E01023626,0,4
2024471488627,2024,471488627,2,1,0,-1,19,1,5,-1,0,0,0,0,0,0,1,1,-1,7,1,-1,-1,-1,-1,-1,-1,-1,-1,0,-1
2024610008724,2024,610008724,2,1,0,18,19,5,1,0,0,8,0,0,0,0,4,1,6,6,1,-1,-1,-1,-1,-1,-1,-1,-1,0,-1
2024122400793,2024,122400793,2,23,0,18,19,5,1,0,0,1,0,0,0,0,1,1,6,6,1,31,6,-1,-1,-1,-1,2,E01027872,0,1
2024010493853,2024,010493853,2,9,0,99,99,9,9,99,99,9,9,99,9,99,9,9,6,6,3,-1,-1,-1,-1,-1,-1,3,E01006521,0,5
2024991497568,2024,991497568,2,9,0,-1,3,6,2,-1,0,0,0,0,0,0,2,1,-1,9,1,52,8,-1,-1,-1,-1,8,-1,0,5
2024461442451,2024,461442451,1,-1,0,-1,19,7,3,-1,9,1,0,0,0,0,1,9,-1,6,3,-1,-1,-1,-1,-1,-1,-1,-1,1,-1
2024451522413,2024,451522413,2,9,0,-1,3,1,5,-1,0,0,0,0,0,0,2,1,-1,9,1,27,6,-1,-1,-1,-1,1,W01001884,0,5
2024101523695,2024,101523695,1,9,0,-1,19,1,5,-1,0,0,0,0,0,0,1,9,-1,6,1,-1,-1,-1,-1,-1,-1,-1,-1,0,-1
2024010545155,2024,010545155,1,-1,0,18,19,3,7,9,9,0,0,0,0,0,1,1,1,1,1,36,7,-1,-1,-1,-1,7,E01015983,1,3
2024991477761,2024,991477761,1,21,1,-1,13,8,4,-1,0,0,1,0,7,0,1,1,-1,1,1,39,7,-1,-1,-1,-1,2,-1,0,5
2024461555468,2024,461555468,1,9,0,-1,19,1,5,-1,0,0,0,0,0,0,1,9,-1,6,3,-1,-1,-1,-1,-1,-1,-1,-1,0,-1
2024311526860,2024,311526860,1,9,0,-1,9,2,6,-1,0,0,1,0,7,0,1,1,-1,9,2,38,7,-1,-1,-1,-1,6,E01026380,0,2
2024471426590,2024,471426590,1,9,0,-1,5,8,4,-1,0,0,0,0,7,0,1,1,-1,6,1,46,8,-1,-1,-1,-1,-1,-1,0,-1
2024041490732,2024,041490732,3,9,0,-1,19,5,1,-1,0,4,0,0,0,0,1,1,-1,9,2,56,9,-1,-1,-1,-1,9,E01025319,0,3
2024010497091,2024,010497091,1,9,0,18,19,6,2,0,0,0,0,0,0,0,1,1,2,2,1,28,6,-1,-1,-1,-1,2,E01004382,0,1
2024531418633,2024,531418633,1,9,0,-1,19,7,3,-1,0,1,0,0,0,0,1,1,-1,9,2,26,6,-1,-1,-1,-1,10,E01022315,0,4
2024101490937,2024,101490937,1,9,0,-1,5,0,5,-1,0,8,0,0,0,0,1,1,-1,1,2,43,7,-1,-1,-1,-1,5,E01008433,0,1
2024501407506,2024,501407506,2,1,0,-1,19,3,7,-1,0,0,0,0,0,0,3,1,-1,7,1,12,3,-1,-1,-1,-1,6,E01019954,0,1
2024231408015,2024,231408015,1,9,0,-1,9,8,6,-1,0,5,0,0,0,0,3,1,-1,9,2,62,9,-1,-1,-1,-1,7,E01031007,0,2
2024461457405,2024,461457405,1,-1,0,-1,19,5,1,-1,9,0,0,0,0,0,2,9,-1,6,1,-1,-1,-1,-1,-1,-1,-1,-1,1,-1
2024221412247,2024,221412247,2,1,0,-1,19,2,6,-1,0,1,0,4,0,0,1,1,-1,2,1,49,8,-1,-1,-1,-1,8,E01032334,0,1
2024211478284,2024,211478284,2,9,0,-1,19,3,7,-1,0,1,0,0,0,0,1,1,-1,9,1,73,10,-1,-1,-1,-1,-1,-1,0,-1
2024451487178,2024,451487178,1,9,0,-1,19,6,2,-1,0,0,0,0,0,0,3,9,-1,6,1,60,9,-1,-1,-1,-1,-1,-1,0,-1
2024991474900,2024,991474900,1,1,0,-1,9,5,1,-1,0,0,0,0,0,0,2,1,-1,2,1,15,3,-1,-1,-1,-1,-1,-1,0,-1
2024010490178,2024,010490178,1,9,0,18,19,5,1,0,0,7,0,0,0,0,1,1,6,6,2,35,6,-1,-1,-1,-1,4,E01002631,0,1
2024061412237,2024,061412237,1,23,0,-1,19,3,8,-1,0,8,0,0,0,0,1,1,-1,6,1,27,6,-1,-1,-1,-1,1,E01033984,0,1
2024522500209,2024,522500209,1,1,0,18,19,4,8,0,0,8,0,0,0,0,1,1,6,6,1,47,8,-1,-1,-1,-1,10,E01014715,0,2
2024371474243,2024,371474243,2,9,-1,-1,19,6,4,-1,0,0,0,0,0,0,1,9,-1,6,1,53,8,-1,-1,-1,-1,7,E01029966,0,2
2024061435418,2024,061435418,2,99,0,-1,19,2,6,-1,0,6,0,0,0,0,-1,9,-1,6,3,-1,-1,-1,-1,-1,-1,-1,-1,0,-1
2024461513909,2024,461513909,2,9,0,-1,19,7,3,-1,0,0,0,0,0,0,4,9,-1,6,1,25,5,-1,-1,-1,-1,-1,-1,0,-1
2024010538766,2024,010538766,2,9,0,99,99,9,9,99,99,9,9,99,9,99,9,9,6,6,3,-1,-1,-1,-1,-1,-1,-1,-1,0,-1
2024010490035,2024,010490035,1,1,0,99,99,9,9,0,0,0,0,0,0,0,9,1,6,6,2,53,8,-1,-1,-1,-1,4,E01002752,0,2
2024052401500,2024,052401500,1,-1,0,18,19,2,6,0,0,2,0,0,0,0,1,1,6,6,3,-1,-1,-1,-1,-1,-1,-1,-1,1,-1
2024522402693,2024,522402693,2,-1,0,18,19,5,8,0,0,6,0,0,0,0,3,1,6,6,1,16,4,-1,-1,-1,-1,1,E01014829,1,1
2024101404373,2024,101404373,1,9,0,-1,19,3,7,-1,0,8,0,0,0,0,1,9,-1,6,2,-1,-1,-1,-1,-1,-1,-1,-1,0,-1
2024010540494,2024,010540494,2,1,9,99,99,9,9,99,99,0,9,99,9,99,9,1,1,1,3,-1,-1,-1,-1,-1,-1,-1,-1,0,-1
2024440006789,2024,440006789,2,9,0,9,9,1,6,0,0,1,0,0,0,0,1,1,6,6,2,51,8,-1,-1,-1,-1,7,E01022812,0,1
2024361522394,2024,361522394,1,1,0,-1,19,6,6,-1,9,0,0,0,0,0,1,1,-1,6,1,30,6,-1,-1,-1,-1,-1,-1,0,-1
2024010487303,2024,010487303,3,9,0,2,2,0,0,0,0,2,0,0,0,0,2,1,6,6,3,-1,-1,-1,-1,-1,-1,-1,-1,0,-1
2024211430983,2024,211430983,2,9,-1,-1,3,8,4,-1,-1,-1,0,0,0,0,1,1,-1,6,2,35,6,-1,-1,-1,-1,3,E01029387,0,1
2024531410915,2024,531410915,1,9,0,-1,4,4,8,-1,0,1,0,0,0,0,0,9,-1,6,3,-1,-1,-1,-1,-1,-1,-1,-1,0,-1
2024361454667,2024,361454667,1,9,0,-1,19,3,7,-1,0,0,0,0,0,0,3,1,-1,6,-1,-1,-1,-1,-1,-1,-1,-1,-1,0,-1
2024461461831,2024,461461831,1,9,0,-1,9,1,6,-1,0,8,0,0,0,0,1,1,-1,9,1,57,9,-1,-1,-1,-1,7,E01024810,0,3
2024010494785,2024,010494785,1,9,0,99,99,9,9,99,99,9,9,99,9,99,1,9,6,6,3,-1,-1,-1,-1,-1,-1,-1,-1,0,-1
2024421524628,2024,421524628,1,5,0,-1,19,1,5,-1,0,0,0,0,0,0,3,1,-1,9,1,22,5,-1,-1,-1,-1,3,E01015971,0,1
202460Q090748,2024,60Q090748,2,1,0,18,19,8,4,0,0,8,0,0,0,0,1,1,6,6,1,13,3,-1,-1,-1,-1,-1,-1,0,-1
2024041516488,2024,041516488,2,1,0,-1,19,5,1,-1,4,2,0,0,0,0,4,1,-1,6,1,54,8,-1,-1,-1,-1,1,E01012601,0,1
2024010487211,2024,010487211,2,19,0,99,99,9,9,99,99,9,9,99,9,99,9,9,6,6,3,-1,-1,-1,-1,-1,-1,-1,-1,0,-1
2024010548701,2024,010548701,3,1,0,4,4,7,3,2,2,1,0,0,0,0,1,1,2,2,1,44,7,-1,-1,-1,-1,-1,-1,0,-1
2024061496317,2024,061496317,2,1,0,-1,19,1,5,-1,0,0,0,0,0,0,1,1,-1,6,1,35,6,-1,-1,-1,-1,2,E01005032,0,1
2024411482918,2024,411482918,2,1,0,-1,9,3,7,-1,0,0,0,0,0,0,0,1,-1,6,1,46,8,-1,-1,-1,-1,7,E01023618,0,1
2024041532022,2024,041532022,2,1,0,-1,19,5,1,-1,0,6,0,0,0,0,4,1,-1,7,1,9,2,-1,-1,-1,-1,1,E01012672,0,1
2024501491243,2024,501491243,1,9,0,-1,19,5,2,-1,0,0,0,0,0,0,4,9,-1,6,3,-1,-1,-1,-1,-1,-1,-1,-1,0,-1
2024201486241,2024,201486241,2,9,0,-1,3,5,1,-1,0,1,0,0,0,0,1,9,-1,6,2,80,11,-1,-1,-1,-1,10,E01009421,0,2
2024440038253,2024,440038253,2,9,0,18,19,1,5,0,0,0,0,0,0,0,1,1,6,6,3,-1,-1,-1,-1,-1,-1,-1,-1,0,-1
2024052401581,2024,052401581,2,1,0,18,19,8,4,0,0,8,0,0,0,0,3,1,6,6,1,30,6,-1,-1,-1,-1,3,E01006554,0,1
2024440270597,2024,440270597,1,1,0,18,19,2,6,0,0,1,0,0,0,0,1,1,6,6,1,35,6,-1,-1,-1,-1,6,E01017173,0,1
2024421451815,2024,421451815,1,20,-1,-1,12,3,7,-1,0,0,0,0,0,0,3,9,-1,6,3,-1,-1,-1,-1,-1,-1,-1,-1,0,-1
2024471504678,2024,471504678,1,9,0,-1,19,4,8,-1,0,1,0,0,0,0,1,1,-1,2,1,60,9,-1,-1,-1,-1,10,E01000445,0,4
2024471500620,2024,471500620,1,9,0,-1,19,8,4,-1,0,1,0,0,7,0,1,1,-1,2,1,29,6,-1,-1,-1,-1,2,E01021179,0,4
2024991484353,2024,991484353,1,9,0,-1,19,3,7,-1,0,1,0,0,0,0,1,1,-1,9,2,57,9,-1,-1,-1,-1,7,-1,0,1
2024010495513,2024,010495513,2,1,0,10,10,5,3,5,5,1,0,0,0,0,2,1,6,6,1,34,6,-1,-1,-1,-1,-1,-1,0,-1
2024010545491,2024,010545491,2,1,0,7,7,1,2,0,0,5,5,0,0,0,3,1,6,6,1,39,7,-1,-1,-1,-1,2,E01001839,0,1
2024010489318,2024,010489318,1,19,0,18,19,3,7,0,0,0,0,0,0,0,3,1,2,2,1,25,5,-1,-1,-1,-1,7,E01002207,0,4
2024461419556,2024,461419556,2,9,0,-1,19,2,4,-1,0,0,5,0,0,0,1,1,-1,1,1,39,7,-1,-1,-1,-1,-1,-1,0,-1
2024520002747,2024,520002747,1,1,0,14,14,3,7,0,0,8,0,0,0,0,3,1,6,6,1,49,8,-1,-1,-1,-1,10,E01014413,0,1
2024010549320,2024,010549320,2,23,0,18,19,3,7,5,5,0,0,0,0,0,2,1,6,6,1,19,4,-1,-1,-1,-1,-1,-1,0,-1
2024010492153,2024,010492153,1,3,0,18,19,3,7,0,0,1,0,0,0,0,1,1,1,1,1,32,6,-1,-1,-1,-1,2,E01001218,0,2
2024010510980,2024,010510980,2,1,9,99,99,9,9,99,99,9,9,99,9,99,1,1,6,6,2,-1,-1,-1,-1,-1,-1,-1,-1,0,-1
2024070879942,2024,070879942,2,1,0,-1,19,6,4,-1,0,8,0,0,0,0,4,1,-1,2,1,53,8,-1,-1,-1,-1,10,E01018321,0,3
2024041535456,2024,041535456,2,1,0,-1,19,5,1,-1,0,0,0,0,0,0,1,1,-1,6,1,18,4,-1,-1,-1,-1,1,E01025293,0,1
2024010488888,2024,010488888,1,9,0,18,19,7,3,0,0,0,0,0,0,0,2,1,1,1,1,44,7,-1,-1,-1,-1,-1,-1,0,-1
2024440005554,2024,440005554,1,9,0,18,19,2,6,0,0,0,0,0,0,0,1,1,6,6,1,38,7,-1,-1,-1,-1,6,E01032884,0,4
2024411435994,2024,411435994,1,9,-1,-1,-1,-1,-1,-1,-1,-1,-1,-1,-1,0,-1,9,-1,6,3,-1,-1,-1,-1,-1,-1,-1,-1,0,-1
2024430009724,2024,430009724,9,9,0,18,19,8,4,0,0,0,0,0,0,0,1,1,6,6,1,67,10,-1,-1,-1,-1,10,E01028608,0,4
2024061494605,2024,061494605,1,9,0,-1,13,5,1,-1,0,8,0,0,0,0,1,9,-1,6,3,-1,-1,-1,-1,-1,-1,-1,-1,0,-1
2024101417331,2024,101417331,1,9,0,-1,7,1,5,-1,0,1,0,0,0,0,1,1,-1,6,1,58,9,-1,-1,-1,-1,5,E01008758,0,1
2024201418812,2024,201418812,2,90,0,-1,19,3,7,-1,0,0,0,0,0,0,3,1,-1,6,1,25,5,-1,-1,-1,-1,6,E01010200,0,1
2024101518735,2024,101518735,1,9,0,-1,19,6,2,-1,0,0,0,0,0,0,4,9,-1,6,3,-1,-1,-1,-1,-1,-1,-1,-1,0,-1
2024010496161,2024,010496161,3,9,0,99,99,9,9,0,0,0,9,99,9,99,2,9,6,6,3,-1,-1,-1,-1,-1,-1,-1,-1,0,-1
2024010502698,2024,010502698,2,22,9,99,99,9,9,99,99,9,9,99,9,99,9,1,6,6,1,34,6,-1,-1,-1,-1,3,E01002770,0,1
2024041413199,2024,041413199,1,9,0,-1,19,-1,-1,-1,0,0,0,0,0,0,1,9,-1,6,3,-1,-1,-1,-1,-1,-1,-1,-1,0,-1
2024430480469,2024,430480469,1,9,0,7,7,4,7,0,0,6,0,0,0,0,1,1,1,1,1,54,8,-1,-1,-1,-1,-1,-1,0,-1
2024520403345,2024,520403345,1,1,0,18,19,7,3,5,5,0,0,0,0,0,1,1,6,6,1,18,4,-1,-1,-1,-1,7,E01029276,0,1
2024221445360,2024,221445360,2,1,0,-1,14,2,8,-1,0,8,0,0,0,0,1,1,-1,9,1,45,7,-1,-1,-1,-1,7,E01028988,0,1
2024520401173,2024,520401173,2,1,0,18,19,6,2,0,0,8,0,0,0,0,1,1,6,6,1,62,9,-1,-1,-1,-1,6,E01014392,0,3
2024351567910,2024,351567910,5,9,0,-1,4,5,1,-1,0,0,0,0,0,0,2,1,-1,6,-1,-1,-1,-1,-1,-1,-1,-1,-1,0,-1
2024201435120,2024,201435120,1,9,0,-1,7,7,8,-1,5,6,0,0,0,0,4,1,-1,2,2,38,7,-1,-1,-1,-1,2,E01008936,0,1
2024010516799,2024,010516799,2,4,0,18,19,4,8,0,0,0,0,0,0,0,0,1,6,6,3,-1,-1,-1,-1,-1,-1,-1,-1,0,-1
2024430095632,2024,430095632,1,1,0,18,19,5,1,0,0,2,0,11,0,0,1,1,6,6,1,46,8,-1,-1,-1,-1,3,E01016377,0,1
2024440165824,2024,440165824,1,9,0,18,19,8,4,0,0,0,0,4,0,0,4,1,6,6,3,-1,-1,-1,-1,-1,-1,-1,-1,0,-1
2024052400976,2024,052400976,1,9,0,18,19,5,1,0,0,0,1,0,1,11,1,1,6,6,1,20,4,-1,-1,-1,-1,1,E01006504,0,1
202417S314324,2024,17S314324,2,1,0,-1,19,1,5,-1,0,2,0,0,0,0,3,1,-1,2,1,38,7,-1,-1,-1,-1,3,E01012289,0,1
2024430076585,2024,430076585,1,9,0,9,9,4,2,0,0,5,0,0,0,0,1,1,6,6,2,37,7,-1,-1,-1,-1,4,E01017708,0,1
2024010490377,2024,010490377,2,9,0,99,99,9,9,99,99,9,9,99,9,99,1,1,6,6,3,-1,-1,-1,-1,-1,-1,-1,-1,0,-1
2024131500244,2024,131500244,2,1,0,-1,19,1,5,-1,0,0,0,0,1,0,1,1,-1,1,1,46,8,-1,-1,-1,-1,1,E01010606,0,1
2024010502158,2024,010502158,2,1,0,18,19,5,1,0,0,1,0,0,0,0,4,1,2,2,2,45,7,-1,-1,-1,-1,6,E01003227,0,1
2024131444822,2024,131444822,2,1,0,-1,19,8,4,-1,0,8,5,0,0,0,4,1,-1,9,1,17,4,-1,-1,-1,-1,6,E01011885,0,1
2024070075755,2024,070075755,2,1,0,9,9,5,3,0,0,4,5,0,0,0,1,1,6,6,2,24,5,-1,-1,-1,-1,10,E01018346,0,1
2024340WN2852,2024,340WN2852,1,21,0,-1,11,3,2,-1,0,8,0,0,0,0,4,1,-1,6,3,-1,-1,-1,-1,-1,-1,-1,-1,0,-1
2024031457820,2024,031457820,1,9,0,-1,19,7,3,-1,0,1,0,0,0,0,3,1,-1,9,2,57,9,-1,-1,-1,-1,-1,-1,0,-1
2024061493836,2024,061493836,2,1,0,-1,19,4,8,-1,0,8,0,0,0,0,1,1,-1,9,1,59,9,-1,-1,-1,-1,5,E01033677,0,1
2024010545183,2024,010545183,2,9,0,99,99,9,9,99,99,9,9,99,9,99,1,9,6,6,3,-1,-1,-1,-1,-1,-1,-1,-1,0,-1
2024141557282,2024,141557282,1,9,0,-1,1,7,5,-1,0,0,0,0,0,0,2,9,-1,6,3,-1,-1,-1,-1,-1,-1,-1,-1,0,-1
2024361525278,2024,361525278,1,19,-1,-1,-1,-1,-1,-1,-1,4,-1,-1,-1,0,-1,9,-1,6,3,-1,-1,-1,-1,-1,-1,-1,-1,0,-1
2024010546958,2024,010546958,2,9,9,99,99,9,9,99,99,9,9,99,9,99,9,9,6,6,2,-1,-1,-1,-1,-1,-1,3,E01035499,0,2
2024991493010,2024,991493010,1,9,0,-1,19,3,6,-1,0,0,0,0,0,0,1,1,-1,1,1,34,6,-1,-1,-1,-1,3,-1,0,3
2024141394469,2024,141394469,2,1,0,-1,19,2,5,-1,0,1,1,0,0,0,1,1,-1,6,1,13,3,-1,-1,-1,-1,8,E01007520,0,1
2024440281498,2024,440281498,2,-1,0,18,19,4,8,0,0,2,0,0,0,0,1,1,6,6,1,12,3,-1,-1,-1,-1,6,E01017021,1,1
2024430036013,2024,430036013,1,9,0,9,9,7,5,0,0,6,0,0,0,0,1,1,6,6,2,-1,-1,-1,-1,-1,-1,-1,-1,0,-1
2024201499800,2024,201499800,1,9,0,-1,9,5,3,-1,0,6,0,0,0,0,1,2,-1,6,1,24,5,-1,-1,-1,-1,-1,-1,0,-1
2024311525964,2024,311525964,2,1,-1,-1,10,-1,-1,-1,-1,0,-1,-1,-1,0,2,1,-1,9,1,31,6,-1,-1,-1,-1,-1,-1,0,-1
2024332400992,2024,332400992,1,1,0,-1,19,7,3,-1,0,0,0,0,0,0,1,1,-1,2,2,32,6,-1,-1,-1,-1,3,E01013683,0,1
2024501457769,2024,501457769,2,9,0,-1,4,5,1,-1,0,0,0,0,0,0,2,1,-1,6,2,30,6,-1,-1,-1,-1,7,E01034624,0,2
2024010533893,2024,010533893,1,9,0,9,9,1,7,9,9,6,0,0,1,2,1,1,6,6,1,56,9,-1,-1,-1,-1,7,E01002207,0,1
2024201470179,2024,201470179,2,9,0,-1,3,6,2,-1,0,0,0,0,0,0,2,1,-1,6,1,58,9,-1,-1,-1,-1,9,E01014022,0,4
2024430505359,2024,430505359,1,9,0,3,3,3,7,0,0,1,0,0,0,0,2,1,6,6,2,36,7,-1,-1,-1,-1,-1,-1,0,-1
2024010533362,2024,010533362,1,9,0,11,11,7,3,0,0,1,0,0,0,0,4,1,6,6,3,-1,-1,-1,-1,-1,-1,-1,-1,0,-1
2024411504566,2024,411504566,2,9,0,-1,19,3,7,-1,0,0,0,0,0,0,3,1,-1,1,1,29,6,-1,-1,-1,-1,10,E01022571,0,4
2024010538647,2024,010538647,5,9,0,3,3,7,3,0,0,8,0,0,0,0,1,1,6,6,1,41,7,-1,-1,-1,-1,7,E01000691,0,1
2024010498037,2024,010498037,2,1,0,18,19,3,7,4,4,1,0,0,0,0,1,1,6,6,2,39,7,-1,-1,-1,-1,8,E01004297,0,1
2024041457645,2024,041457645,2,9,0,-1,19,5,1,-1,0,0,0,0,0,0,2,1,-1,6,2,57,9,-1,-1,-1,-1,2,E01025397,0,1
2024141509237,2024,141509237,2,-1,0,-1,19,7,3,-1,0,0,2,0,0,0,1,9,-1,6,1,29,6,-1,-1,-1,-1,1,E01034842,1,1
2024332400439,2024,332400439,2,98,0,-1,19,1,5,-1,0,0,0,0,0,0,1,1,-1,6,3,-1,-1,-1,-1,-1,-1,-1,-1,0,-1
2024161448826,2024,161448826,2,9,0,-1,2,0,0,-1,0,1,0,0,0,0,4,9,-1,6,3,-1,-1,-1,-1,-1,-1,-1,-1,0,-1
2024411395996,2024,411395996,1,9,0,-1,15,-1,-1,-1,0,4,0,0,0,0,1,9,-1,6,3,-1,-1,-1,-1,-1,-1,-1,-1,0,-1
2024010489168,2024,010489168,2,1,0,18,19,7,3,0,0,2,0,0,0,0,4,1,2,2,1,74,10,-1,-1,-1,-1,2,E01001940,0,1
2024010511576,2024,010511576,1,9,0,18,19,1,5,0,0,0,0,0,0,0,3,1,6,6,3,-1,-1,-1,-1,-1,-1,-1,-1,0,-1
2024471458073,2024,471458073,1,1,0,-1,19,3,7,-1,9,0,0,1,0,0,1,1,-1,6,1,16,4,-1,-1,-1,-1,-1,-1,0,-1
2024161433413,2024,161433413,1,1,0,-1,19,8,4,-1,0,1,0,0,0,0,1,1,-1,2,1,34,6,-1,-1,-1,-1,3,E01012999,0,1
2024545032624,2024,545032624,2,98,1,18,19,5,1,0,0,8,0,0,0,0,4,2,1,1,1,37,7,-1,-1,-1,-1,-1,-1,0,-1
2024622400402,2024,622400402,2,1,0,18,19,6,2,0,0,8,0,0,0,0,1,1,1,1,1,35,6,-1,-1,-1,-1,4,W01001837,0,1
2024061496198,2024,061496198,2,1,0,-1,5,3,7,-1,0,1,0,0,0,0,1,1,-1,6,1,11,3,-1,-1,-1,-1,2,E01005178,0,1
2024101516449,2024,101516449,2,9,0,-1,19,1,5,-1,0,8,1,0,0,0,1,1,-1,2,1,58,9,-1,-1,-1,-1,7,E01010647,0,5
2024131413397,2024,131413397,2,97,0,-1,19,3,7,-1,0,3,0,0,0,0,-1,1,-1,6,1,16,4,-1,-1,-1,-1,2,E01011485,0,1
2024010526777,2024,010526777,2,9,0,99,99,9,9,99,99,9,9,99,9,99,9,9,6,6,3,-1,-1,-1,-1,-1,-1,-1,-1,0,-1
2024631420743,2024,631420743,2,22,0,-1,19,6,2,-1,0,0,0,0,0,0,1,1,-1,9,1,91,11,-1,-1,-1,-1,5,W01000513,0,1
2024010487935,2024,010487935,2,9,0,99,99,9,9,99,99,9,9,99,9,99,9,9,6,6,3,-1,-1,-1,-1,-1,-1,-1,-1,0,-1
2024122500008,2024,122500008,2,5,0,13,13,2,6,0,0,1,0,0,0,0,4,1,6,6,1,44,7,-1,-1,-1,-1,5,E01027829,0,1
2024201492218,2024,201492218,2,9,0,-1,19,6,2,-1,0,1,0,0,0,0,1,1,-1,6,3,-1,-1,-1,-1,-1,-1,-1,-1,0,-1
2024041480231,2024,041480231,1,1,0,-1,19,5,1,-1,0,0,0,0,0,0,1,1,-1,9,1,19,4,-1,-1,-1,-1,3,E01025271,0,1
202417H102224,2024,17H102224,1,9,0,-1,19,1,5,-1,0,1,0,0,0,0,1,1,-1,9,2,58,9,-1,-1,-1,-1,1,E01011999,0,1
2024332401146,2024,332401146,2,21,0,-1,19,8,4,-1,0,0,0,0,0,0,1,2,-1,9,1,39,7,-1,-1,-1,-1,-1,-1,0,-1
2024501482319,2024,501482319,1,19,0,-1,-1,-1,-1,-1,-1,0,-1,-1,-1,0,-1,9,-1,6,3,-1,-1,-1,-1,-1,-1,-1,-1,0,-1
2024131424307,2024,131424307,2,90,0,-1,19,7,3,-1,0,8,0,0,0,0,4,1,-1,9,1,12,3,-1,-1,-1,-1,2,E01010916,0,1
2024010497253,2024,010497253,1,19,0,18,19,7,3,0,0,0,0,0,0,0,2,1,6,6,1,23,5,-1,-1,-1,-1,3,E01016154,0,4