collision_index,collision_year,collision_ref_no,vehicle_reference,vehicle_type,towing_and_articulation,vehicle_manoeuvre_historic,vehicle_manoeuvre,vehicle_direction_from,vehicle_direction_to,vehicle_location_restricted_lane_historic,vehicle_location_restricted_lane,junction_location,skidding_and_overturning,hit_object_in_carriageway,vehicle_leaving_carriageway,hit_object_off_carriageway,first_point_of_impact,vehicle_left_hand_drive,journey_purpose_of_driver_historic,journey_purpose_of_driver,sex_of_driver,age_of_driver,age_band_of_driver,engine_capacity_cc,propulsion_code,age_of_vehicle,generic_make_model,driver_imd_decile,lsoa_of_driver,escooter_flag,driver_distance_banding
2024421525401,2024,421525401,1,9,-1,-1,7,-1,-1,-1,0,0,0,0,0,0,4,9,-1,6,3,-1,-1,-1,-1,-1,-1,-1,-1,0,-1
2024052402619,2024,052402619,1,9,0,18,19,4,8,0,0,1,0,0,0,0,1,1,6,6,1,34,6,-1,-1,-1,-1,3,E01006587,0,1
2024010493779,2024,010493779,1,9,0,99,99,9,9,99,99,9,9,99,9,99,2,9,6,6,1,26,6,-1,-1,-1,-1,9,E01030712,0,3
2024122500560,2024,122500560,2,1,0,18,19,3,7,0,0,0,0,0,0,0,2,1,6,6,1,68,10,-1,-1,-1,-1,7,E01027681,0,1
2024010528757,2024,010528757,2,9,0,7,7,8,1,0,0,5,0,0,0,0,4,1,6,6,1,31,6,-1,-1,-1,-1,2,E01000017,0,1
2024371538507,2024,371538507,1,9,-1,-1,-1,6,8,-1,0,0,-1,-1,-1,0,-1,9,-1,6,1,54,8,-1,-1,-1,-1,5,E01029990,0,1
2024302400124,2024,302400124,1,11,0,17,19,5,1,0,0,0,0,0,1,11,1,1,1,1,1,27,6,-1,-1,-1,-1,4,E01019822,0,1
2024010514338,2024,010514338,1,9,0,18,19,3,7,0,0,0,0,0,0,0,1,1,6,6,3,-1,-1,-1,-1,-1,-1,-1,-1,0,-1
2024501419495,2024,501419495,1,9,0,-1,5,1,7,-1,0,6,0,0,0,0,1,1,-1,1,2,27,6,-1,-1,-1,-1,3,E01015167,0,4
2024010551694,2024,010551694,1,1,9,99,99,9,9,99,99,9,9,99,9,99,0,1,2,2,1,32,6,-1,-1,-1,-1,3,E01004528,0,1
2024010548014,2024,010548014,2,20,0,-1,-1,4,8,0,0,0,0,0,1,11,1,1,2,2,1,48,8,-1,-1,-1,-1,2,E01001076,0,1
2024211481361,2024,211481361,2,1,0,-1,19,3,7,-1,0,1,0,0,0,0,1,1,-1,2,1,55,8,-1,-1,-1,-1,-1,-1,0,-1
2024010489688,2024,010489688,1,9,0,18,19,4,8,0,0,0,5,0,1,7,3,1,6,6,1,24,5,-1,-1,-1,-1,2,E01002368,0,1
2024010544951,2024,010544951,1,1,9,99,99,9,9,99,99,9,9,99,9,99,1,1,6,6,1,22,5,-1,-1,-1,-1,-1,-1,0,-1
2024471420598,2024,471420598,1,9,0,-1,19,-1,-1,-1,0,1,0,0,0,0,1,9,-1,6,3,-1,-1,-1,-1,-1,-1,-1,-1,0,-1
2024010495172,2024,010495172,2,9,0,99,99,9,9,99,99,9,9,99,9,99,9,9,6,6,3,-1,-1,-1,-1,-1,-1,-1,-1,0,-1
2024340WN2202,2024,340WN2202,1,-1,0,-1,19,3,7,-1,9,0,0,0,0,0,1,1,-1,6,2,20,4,-1,-1,-1,-1,-1,-1,1,-1
2024451447209,2024,451447209,1,1,0,-1,19,6,2,-1,9,1,2,0,0,0,1,1,-1,9,2,51,8,-1,-1,-1,-1,-1,-1,0,-1
2024361482847,2024,361482847,2,9,0,-1,19,5,2,-1,0,0,0,0,0,0,1,1,-1,9,1,42,7,-1,-1,-1,-1,5,E01026739,0,1
2024361535940,2024,361535940,2,1,0,-1,19,-1,-1,-1,0,1,0,0,0,0,4,1,-1,6,1,52,8,-1,-1,-1,-1,9,E01026550,0,2
2024052402355,2024,052402355,1,9,0,18,19,5,1,0,0,0,0,0,0,0,4,1,6,6,3,-1,-1,-1,-1,-1,-1,-1,-1,0,-1
202454E608324,2024,54E608324,2,9,0,18,19,6,2,0,0,8,0,0,0,0,1,1,1,1,1,66,10,-1,-1,-1,-1,9,E01023197,0,4
2024141512663,2024,141512663,2,9,0,-1,19,1,5,-1,0,0,0,0,0,0,1,9,-1,6,3,-1,-1,-1,-1,-1,-1,-1,-1,0,-1
2024430505359,2024,430505359,2,9,0,18,19,3,7,0,0,1,0,0,0,0,1,1,6,6,1,-1,-1,-1,-1,-1,-1,-1,-1,0,-1
2024451503755,2024,451503755,2,9,0,-1,19,7,7,-1,0,4,0,0,0,0,3,1,-1,9,1,77,11,-1,-1,-1,-1,10,E01031740,0,2
2024411516774,2024,411516774,1,1,0,-1,7,7,1,-1,0,8,5,0,0,0,4,1,-1,6,-1,42,7,-1,-1,-1,-1,7,E01023856,0,1
2024421472754,2024,421472754,1,99,0,-1,19,7,3,-1,5,1,0,0,0,0,1,2,-1,6,3,-1,-1,-1,-1,-1,-1,-1,-1,0,-1
2024061482843,2024,061482843,3,21,1,-1,2,0,0,-1,0,0,0,0,0,0,2,2,-1,1,1,60,9,-1,-1,-1,-1,-1,-1,0,-1
2024522401726,2024,522401726,2,9,0,18,19,6,2,0,0,0,0,0,0,0,0,1,6,6,3,-1,-1,-1,-1,-1,-1,-1,-1,0,-1
2024430207535,2024,430207535,2,1,0,18,19,3,7,0,0,8,0,0,0,0,1,1,6,6,1,71,10,-1,-1,-1,-1,8,E01028545,0,1
2024430468582,2024,430468582,2,9,0,4,4,4,8,0,0,0,0,0,0,0,2,1,6,6,1,-1,-1,-1,-1,-1,-1,10,E01028719,0,1
2024302400197,2024,302400197,1,9,0,9,9,4,2,0,0,2,0,0,0,0,1,1,6,6,2,74,10,-1,-1,-1,-1,5,E01019438,0,1
2024010489502,2024,010489502,1,9,0,99,99,9,9,99,99,9,9,99,9,99,1,9,6,6,1,41,7,-1,-1,-1,-1,3,E01001311,0,2
2024451451793,2024,451451793,1,9,0,-1,-1,-1,-1,-1,0,1,-1,-1,-1,0,-1,9,-1,6,3,43,7,-1,-1,-1,-1,8,E01030686,0,1
2024061417004,2024,061417004,1,9,0,-1,19,2,6,-1,0,1,0,0,0,0,3,1,-1,9,1,22,5,-1,-1,-1,-1,-1,-1,0,-1
2024010502989,2024,010502989,1,1,0,18,19,3,7,0,0,8,0,0,0,0,1,1,6,6,2,38,7,-1,-1,-1,-1,2,E01001957,0,1
2024610028524,2024,610028524,2,1,0,18,19,5,1,0,0,1,0,0,0,0,1,1,6,6,1,16,4,-1,-1,-1,-1,2,W01001456,0,1
2024010495942,2024,010495942,2,1,9,99,99,9,9,99,99,9,9,99,9,99,1,1,6,6,3,-1,-1,-1,-1,-1,-1,-1,-1,0,-1
2024122400890,2024,122400890,1,1,0,18,19,5,1,0,0,0,0,0,0,0,3,1,6,6,1,9,2,-1,-1,-1,-1,6,E01027774,0,1
2024201464710,2024,201464710,2,1,0,-1,19,4,8,-1,9,8,0,0,0,0,4,1,-1,2,1,19,4,-1,-1,-1,-1,1,E01009978,0,1
2024010511394,2024,010511394,1,1,9,99,99,9,9,99,99,9,9,99,9,99,1,1,6,6,1,35,6,-1,-1,-1,-1,5,E01001611,0,1
2024010519106,2024,010519106,1,1,9,99,99,9,9,99,99,0,9,99,9,99,1,1,6,6,2,41,7,-1,-1,-1,-1,6,E01033494,0,4
2024302401344,2024,302401344,3,9,0,17,19,3,1,0,0,1,0,0,0,0,3,1,6,6,1,51,8,-1,-1,-1,-1,8,E01029416,0,1
2024991507626,2024,991507626,1,-1,0,-1,19,1,5,-1,0,6,0,0,0,0,1,1,-1,9,1,33,6,-1,-1,-1,-1,6,-1,0,1
2024122400233,2024,122400233,2,9,0,18,19,7,3,0,0,8,0,0,0,0,1,1,2,2,1,50,8,-1,-1,-1,-1,8,E01027635,0,1
2024041483457,2024,041483457,1,1,0,-1,19,1,5,-1,0,4,0,0,0,0,3,1,-1,9,1,19,4,-1,-1,-1,-1,8,E01034351,0,1
2024991413646,2024,991413646,1,9,0,-1,19,5,1,-1,0,0,0,0,0,0,3,1,-1,6,1,65,9,-1,-1,-1,-1,2,-1,0,1
2024421481887,2024,421481887,1,9,0,-1,19,2,5,-1,0,0,0,0,1,0,1,1,-1,9,1,31,6,-1,-1,-1,-1,4,E01003114,0,4
2024010546103,2024,010546103,1,1,9,99,99,9,9,99,99,9,9,99,9,99,9,1,6,6,3,-1,-1,-1,-1,-1,-1,-1,-1,0,-1
2024010503838,2024,010503838,4,9,0,4,4,3,7,0,0,0,0,0,0,0,2,1,6,6,3,-1,-1,-1,-1,-1,-1,-1,-1,0,-1
2024430491812,2024,430491812,1,1,0,18,19,7,3,0,0,0,0,0,0,0,1,1,6,6,2,20,4,-1,-1,-1,-1,-1,-1,0,-1
202460Q125292,2024,60Q125292,2,1,0,18,19,1,5,0,0,1,0,0,0,0,4,1,6,6,1,21,5,-1,-1,-1,-1,-1,-1,0,-1
2024010488658,2024,010488658,1,9,0,18,19,5,1,0,0,1,0,0,0,0,1,1,6,6,1,86,11,-1,-1,-1,-1,5,E01002833,0,1
2024631458062,2024,631458062,1,5,0,-1,19,2,5,-1,0,0,0,0,0,0,1,1,-1,9,1,59,9,-1,-1,-1,-1,-1,-1,0,-1
2024471516596,2024,471516596,1,9,0,-1,9,2,7,-1,0,1,0,0,7,0,1,1,-1,9,1,69,10,-1,-1,-1,-1,6,E01016996,0,1
2024010523678,2024,010523678,1,19,0,99,99,9,9,99,99,9,9,99,9,99,9,9,6,6,3,-1,-1,-1,-1,-1,-1,-1,-1,0,-1
2024010497327,2024,010497327,2,9,9,99,99,9,9,99,99,6,9,99,9,99,9,9,6,6,3,-1,-1,-1,-1,-1,-1,-1,-1,0,-1
2024010550699,2024,010550699,1,1,9,99,99,9,9,99,99,9,9,99,9,99,9,1,6,6,2,30,6,-1,-1,-1,-1,8,E01003138,0,1
2024311396619,2024,311396619,2,1,0,-1,19,6,2,-1,0,0,0,0,0,0,2,1,-1,6,1,15,3,-1,-1,-1,-1,-1,-1,0,-1
2024010490636,2024,010490636,1,9,0,99,99,9,9,99,99,9,9,99,9,99,1,1,6,6,3,-1,-1,-1,-1,-1,-1,-1,-1,0,-1
2024501499825,2024,501499825,1,9,0,-1,19,7,3,-1,0,1,0,0,0,0,1,1,-1,6,1,23,5,-1,-1,-1,-1,1,E01015080,0,1
2024101451630,2024,101451630,2,9,0,-1,19,5,1,-1,0,8,0,0,0,0,2,1,-1,6,1,46,8,-1,-1,-1,-1,3,-1,0,5
2024201464242,2024,201464242,1,97,0,-1,19,3,7,-1,0,0,0,0,0,0,1,1,-1,6,3,-1,-1,-1,-1,-1,-1,-1,-1,0,-1
2024010490857,2024,010490857,1,3,0,99,99,9,9,99,99,9,9,99,9,99,9,1,2,2,1,31,6,-1,-1,-1,-1,3,E01034591,0,1
2024070366684,2024,070366684,2,9,0,18,19,3,7,0,0,0,0,0,0,0,1,1,6,6,1,56,9,-1,-1,-1,-1,10,E01018413,0,1
2024221522112,2024,221522112,1,9,0,-1,13,4,1,-1,0,1,0,0,0,0,1,9,-1,6,1,62,9,-1,-1,-1,-1,5,E01034325,0,1
2024430393598,2024,430393598,2,9,0,15,15,2,6,0,0,8,0,0,0,0,0,1,6,6,2,-1,-1,-1,-1,-1,-1,-1,-1,0,-1
2024311492923,2024,311492923,1,9,0,-1,19,7,3,-1,0,0,0,0,0,0,1,1,-1,6,2,65,9,-1,-1,-1,-1,4,E01027975,0,1
2024531491789,2024,531491789,3,9,0,-1,19,6,2,-1,0,0,0,0,0,0,0,9,-1,6,-1,-1,-1,-1,-1,-1,-1,-1,-1,0,-1
2024320424809,2024,320424809,1,9,0,13,13,1,5,0,0,0,0,0,0,0,0,1,6,6,3,-1,-1,-1,-1,-1,-1,-1,-1,0,-1
2024351546035,2024,351546035,2,1,0,-1,19,5,1,-1,0,1,0,0,0,0,0,1,-1,6,2,70,10,-1,-1,-1,-1,10,E01018260,0,1
2024430276768,2024,430276768,2,1,0,18,19,2,6,0,0,8,0,0,0,0,3,1,6,6,1,49,8,-1,-1,-1,-1,3,E01016511,0,3
2024501479786,2024,501479786,2,1,0,-1,19,1,5,-1,0,1,5,0,0,0,3,1,-1,6,1,67,10,-1,-1,-1,-1,3,E01019028,0,1
2024361526863,2024,361526863,1,3,0,-1,19,5,3,-1,0,1,0,0,1,9,1,1,-1,6,1,22,5,-1,-1,-1,-1,6,E01026872,0,1
2024430172374,2024,430172374,2,9,0,18,19,4,8,0,0,0,0,0,0,0,1,1,6,6,1,30,6,-1,-1,-1,-1,-1,-1,0,-1
2024141473016,2024,141473016,2,9,0,-1,19,2,6,-1,0,0,0,0,0,0,3,9,-1,6,3,-1,-1,-1,-1,-1,-1,-1,-1,0,-1
2024052402432,2024,052402432,1,9,0,18,19,7,3,0,0,0,0,0,0,0,1,1,2,2,2,65,9,-1,-1,-1,-1,5,E01006465,0,2
2024332400028,2024,332400028,2,1,0,-1,19,3,7,-1,0,0,0,0,0,0,1,1,-1,7,1,16,4,-1,-1,-1,-1,6,E01025652,0,1
2024351405215,2024,351405215,2,1,0,-1,9,5,3,-1,0,0,0,0,0,0,4,1,-1,1,1,35,6,-1,-1,-1,-1,9,E01026304,0,3
2024131450472,2024,131450472,1,-1,0,-1,9,3,8,-1,0,1,0,0,0,0,1,1,-1,9,1,12,3,-1,-1,-1,-1,2,E01011681,1,1
2024010542267,2024,010542267,1,1,9,99,99,9,9,99,99,9,9,99,9,99,1,1,2,2,1,20,4,-1,-1,-1,-1,3,E01035666,0,2
2024440442493,2024,440442493,1,9,0,18,19,7,3,0,0,0,0,4,0,0,4,1,6,6,3,-1,-1,-1,-1,-1,-1,-1,-1,0,-1
2024361516926,2024,361516926,2,1,0,-1,19,1,5,-1,0,8,0,0,0,0,1,1,-1,1,1,16,4,-1,-1,-1,-1,1,E01026868,0,1
2024231459340,2024,231459340,3,9,0,-1,2,0,0,-1,0,0,0,0,0,0,3,9,-1,6,1,21,5,-1,-1,-1,-1,9,E01003861,0,5
2024010522773,2024,010522773,2,9,0,99,99,9,9,99,99,9,9,99,9,99,1,9,6,6,3,-1,-1,-1,-1,-1,-1,-1,-1,0,-1
2024320239423,2024,320239423,1,1,0,-1,-1,2,6,9,9,0,5,0,0,0,3,1,6,6,3,-1,-1,-1,-1,-1,-1,-1,-1,0,-1
2024010492435,2024,010492435,2,9,0,99,99,9,9,99,99,9,9,99,9,99,9,9,6,6,3,-1,-1,-1,-1,-1,-1,-1,-1,0,-1
2024522402500,2024,522402500,1,19,0,18,19,1,5,0,0,8,0,0,0,0,4,1,6,6,1,73,10,-1,-1,-1,-1,10,E01014393,0,4
2024010537462,2024,010537462,1,-1,0,18,19,7,3,0,0,2,0,0,0,0,1,1,6,6,1,-1,-1,-1,-1,-1,-1,-1,-1,1,-1
2024440490011,2024,440490011,1,19,0,18,19,4,8,0,0,0,0,0,0,0,2,1,6,6,3,-1,-1,-1,-1,-1,-1,-1,-1,0,-1
2024451529916,2024,451529916,1,9,0,-1,19,3,1,-1,0,0,0,0,0,0,1,9,-1,6,3,-1,-1,-1,-1,-1,-1,-1,-1,0,-1
2024041425129,2024,041425129,2,1,0,-1,5,6,2,-1,0,0,0,0,0,0,1,1,-1,6,1,4,1,-1,-1,-1,-1,2,E01025264,0,1
2024010516374,2024,010516374,1,-1,9,18,19,1,5,99,99,9,9,99,9,99,9,1,6,6,1,-1,-1,-1,-1,-1,-1,3,E01033705,1,1
2024501401985,2024,501401985,2,9,0,-1,10,1,7,-1,0,8,0,0,0,0,2,9,-1,9,1,67,10,-1,-1,-1,-1,2,E01015182,0,4
2024320455280,2024,320455280,1,9,0,-1,-1,4,8,0,0,0,0,0,0,0,1,1,-1,-1,1,40,7,-1,-1,-1,-1,4,E01026034,0,2
2024430603133,2024,430603133,1,9,0,18,19,6,2,0,0,1,0,0,0,0,1,1,6,6,3,-1,-1,-1,-1,-1,-1,-1,-1,0,-1
2024201497088,2024,201497088,1,9,0,-1,19,6,2,-1,0,0,0,0,0,0,2,1,-1,6,3,25,5,-1,-1,-1,-1,-1,-1,0,-1
2024401528724,2024,401528724,1,9,0,-1,-1,-1,-1,-1,-1,0,-1,-1,-1,0,-1,9,-1,6,3,-1,-1,-1,-1,-1,-1,-1,-1,0,-1
2024430599612,2024,430599612,3,19,0,2,2,0,0,0,0,0,0,0,0,0,0,1,6,6,3,-1,-1,-1,-1,-1,-1,-1,-1,0,-1
2024101451705,2024,101451705,1,9,0,-1,19,1,5,-1,0,8,0,0,0,0,1,9,-1,9,2,60,9,-1,-1,-1,-1,1,E01008821,0,1
2024430467884,2024,430467884,1,9,0,3,3,9,9,0,0,8,0,0,0,0,2,1,6,6,2,27,6,-1,-1,-1,-1,7,E01017826,0,1
2024101413802,2024,101413802,1,1,0,-1,5,5,1,-1,0,0,0,0,0,0,3,1,-1,6,1,14,3,-1,-1,-1,-1,-1,-1,0,-1
2024010548742,2024,010548742,2,9,0,5,5,3,7,0,0,2,0,0,0,0,1,1,6,6,3,-1,-1,-1,-1,-1,-1,-1,-1,0,-1
2024052402478,2024,052402478,2,1,0,18,19,7,3,0,0,0,0,0,0,0,3,1,6,6,1,13,3,-1,-1,-1,-1,4,E01006454,0,1
2024061480210,2024,061480210,1,1,0,-1,19,-1,-1,-1,99,1,0,0,0,0,1,1,-1,2,1,58,9,-1,-1,-1,-1,2,E01006284,0,1
2024201509588,2024,201509588,3,9,0,-1,19,2,6,-1,0,1,0,0,0,0,2,1,-1,6,-1,-1,-1,-1,-1,-1,-1,-1,-1,0,-1
2024010502756,2024,010502756,2,23,9,99,99,9,9,99,99,2,9,99,9,99,9,1,6,6,2,-1,-1,-1,-1,-1,-1,4,E01004711,0,1
2024010550070,2024,010550070,2,1,0,18,19,7,3,0,0,4,0,0,0,0,4,1,6,6,2,68,10,-1,-1,-1,-1,3,E01001956,0,1
2024010520215,2024,010520215,3,9,0,18,19,1,5,0,0,1,0,0,0,0,3,1,1,1,1,54,8,-1,-1,-1,-1,6,E01002630,0,3
2024010519030,2024,010519030,2,1,0,18,19,5,1,0,0,0,0,4,0,0,1,1,6,6,1,19,4,-1,-1,-1,-1,1,E01002880,0,1
2024070975884,2024,070975884,2,1,0,-1,3,5,1,-1,0,1,0,0,0,0,2,1,-1,6,1,10,2,-1,-1,-1,-1,10,E01018321,0,1
2024010488698,2024,010488698,2,1,0,18,19,7,3,0,0,2,0,8,0,0,1,1,2,2,1,-1,-1,-1,-1,-1,-1,4,E01035716,0,1
2024471437219,2024,471437219,1,9,0,-1,12,8,4,-1,0,1,1,4,0,0,1,1,-1,2,1,30,6,-1,-1,-1,-1,6,E01031567,0,1
2024010489763,2024,010489763,2,9,9,99,99,9,9,99,99,9,9,99,9,99,9,9,6,6,1,60,9,-1,-1,-1,-1,1,E01001730,0,2
2024421413616,2024,421413616,1,9,0,-1,19,1,4,-1,0,1,0,0,0,0,1,9,-1,9,2,26,6,-1,-1,-1,-1,3,E01034088,0,1
2024010516151,2024,010516151,1,1,9,99,99,9,9,99,99,1,9,99,9,99,9,1,2,2,1,32,6,-1,-1,-1,-1,7,E01001583,0,1
2024131504435,2024,131504435,3,9,0,-1,9,7,3,-1,0,5,0,0,0,0,2,1,-1,1,1,59,9,-1,-1,-1,-1,10,E01010771,0,2
2024010512116,2024,010512116,2,1,0,14,14,5,1,0,0,0,5,8,0,0,1,1,6,6,2,76,11,-1,-1,-1,-1,10,E01004276,0,1
2024471495665,2024,471495665,3,1,0,-1,19,1,5,-1,0,8,0,0,0,0,0,1,-1,6,1,-1,-1,-1,-1,-1,-1,-1,-1,0,-1
2024010519820,2024,010519820,3,1,9,99,99,9,9,99,99,9,9,99,9,99,1,1,6,6,3,-1,-1,-1,-1,-1,-1,4,E01004427,0,1
2024010539475,2024,010539475,2,1,0,18,19,5,1,0,0,1,0,0,0,0,1,1,6,6,1,46,8,-1,-1,-1,-1,7,E01001304,0,1
2024440489770,2024,440489770,2,1,0,18,19,3,7,0,0,1,0,0,0,0,1,1,6,6,1,60,9,-1,-1,-1,-1,10,E01022863,0,1
2024401443244,2024,401443244,1,4,0,-1,4,1,6,-1,0,3,0,0,0,0,2,1,-1,6,1,-1,-1,-1,-1,-1,-1,-1,-1,0,-1
2024311481566,2024,311481566,3,9,0,-1,19,5,1,-1,9,0,1,0,1,0,1,1,-1,2,2,26,6,-1,-1,-1,-1,3,E01028166,0,1
2024440196066,2024,440196066,1,1,0,18,19,5,1,0,0,1,0,0,0,0,1,1,4,7,1,13,3,-1,-1,-1,-1,1,E01017155,0,1
2024041536063,2024,041536063,1,-1,0,-1,19,7,3,-1,0,1,5,0,2,0,1,1,-1,9,1,13,3,-1,-1,-1,-1,8,E01025551,1,1
2024010549014,2024,010549014,1,1,9,2,2,9,9,99,99,9,9,99,9,99,9,1,6,6,1,23,5,-1,-1,-1,-1,5,E01002183,0,3
2024131433848,2024,131433848,1,9,0,-1,-1,5,1,-1,-1,-1,-1,-1,-1,-1,-1,1,-1,6,1,-1,-1,-1,-1,-1,-1,-1,-1,0,-1
2024010548921,2024,010548921,1,9,0,5,5,3,7,5,5,8,0,0,0,0,1,1,6,6,3,-1,-1,-1,-1,-1,-1,-1,-1,0,-1
2024201421617,2024,201421617,2,1,0,-1,19,6,2,-1,4,8,0,0,0,0,1,1,-1,6,3,47,8,-1,-1,-1,-1,1,E01009376,0,1
2024211538173,2024,211538173,2,-1,0,-1,19,1,5,-1,0,1,0,0,0,0,1,1,-1,6,1,47,8,-1,-1,-1,-1,-1,-1,1,-1
2024201435251,2024,201435251,2,9,0,-1,6,6,6,-1,0,0,0,0,0,0,3,9,-1,9,1,27,6,-1,-1,-1,-1,3,E01010523,0,1
2024631489055,2024,631489055,2,1,0,-1,19,3,7,-1,0,2,0,0,0,0,2,1,-1,6,1,10,2,-1,-1,-1,-1,5,W01000509,0,1
2024522500330,2024,522500330,2,-1,0,18,19,5,1,0,0,8,0,0,0,0,1,1,6,6,1,17,4,-1,-1,-1,-1,7,E01014698,1,1
2024010492023,2024,010492023,1,19,0,1,1,1,3,0,0,1,0,0,0,0,2,1,1,1,1,37,7,-1,-1,-1,-1,7,E01021338,0,4
2024010498675,2024,010498675,1,1,9,99,99,9,9,99,99,0,9,99,9,99,1,1,6,6,3,-1,-1,-1,-1,-1,-1,-1,-1,0,-1
2024010488712,2024,010488712,1,1,9,99,99,9,9,99,99,9,9,99,9,99,1,1,2,2,1,54,8,-1,-1,-1,-1,2,E01001432,0,1
2024010525345,2024,010525345,2,1,0,9,9,1,7,0,0,1,0,0,0,0,3,1,6,6,1,28,6,-1,-1,-1,-1,3,E01003979,0,2
2024541656124,2024,541656124,1,9,0,4,4,5,1,0,0,1,0,0,0,0,1,1,6,6,1,24,5,-1,-1,-1,-1,3,E01032118,0,2
2024010525794,2024,010525794,1,1,9,3,3,9,9,99,99,9,9,99,9,99,2,1,6,6,2,27,6,-1,-1,-1,-1,3,E01000535,0,2
2024440361176,2024,440361176,1,-1,0,18,19,7,3,0,0,0,0,0,0,0,0,1,6,6,3,-1,-1,-1,-1,-1,-1,-1,-1,1,-1
2024010540827,2024,010540827,2,1,0,18,19,1,5,0,0,1,0,0,1,0,1,1,2,2,1,46,8,-1,-1,-1,-1,2,E01002076,0,1
2024122500442,2024,122500442,2,1,0,18,19,3,7,0,0,0,0,0,0,0,2,1,2,2,1,35,6,-1,-1,-1,-1,6,E01013383,0,1
2024631487631,2024,631487631,1,22,0,-1,19,7,3,-1,0,0,0,0,0,0,1,1,-1,9,1,76,11,-1,-1,-1,-1,6,W01000701,0,1
2024010526891,2024,010526891,1,1,9,99,99,9,9,99,99,0,9,99,9,99,9,1,6,6,1,25,5,-1,-1,-1,-1,4,E01003484,0,1
2024201453476,2024,201453476,1,9,0,-1,19,3,7,-1,0,8,0,0,0,0,1,1,-1,6,3,40,7,-1,-1,-1,-1,-1,-1,0,-1
2024201532492,2024,201532492,1,9,0,-1,12,8,5,-1,0,0,0,0,0,0,1,1,-1,9,1,71,10,-1,-1,-1,-1,2,E01009392,0,3
2024010540325,2024,010540325,2,10,0,18,19,1,5,0,0,0,0,0,0,0,1,1,1,1,1,35,6,-1,-1,-1,-1,3,E01001466,0,2
2024522402351,2024,522402351,2,1,0,18,19,5,1,0,0,0,0,0,0,0,1,1,6,6,3,-1,-1,-1,-1,-1,-1,-1,-1,0,-1
2024161443842,2024,161443842,2,1,0,-1,5,0,1,-1,0,1,0,0,0,0,1,1,-1,6,2,45,7,-1,-1,-1,-1,1,E01012864,0,1
202454D365224,2024,54D365224,2,1,0,18,19,4,8,0,0,0,2,0,0,0,1,1,2,2,1,19,4,-1,-1,-1,-1,9,E01033848,0,1
2024471478313,2024,471478313,1,9,0,-1,19,8,5,-1,0,0,1,0,8,4,1,1,-1,9,1,18,4,-1,-1,-1,-1,9,E01031380,0,1
2024101432751,2024,101432751,2,1,0,-1,10,6,2,-1,0,1,0,0,0,0,1,1,-1,2,1,57,9,-1,-1,-1,-1,7,E01008852,0,1
2024122401104,2024,122401104,2,1,0,18,19,3,7,0,0,8,0,0,0,0,4,1,6,6,2,35,6,-1,-1,-1,-1,7,E01013393,0,1
2024010529918,2024,010529918,3,11,0,16,19,3,7,0,0,1,0,0,0,0,1,1,6,6,3,-1,-1,-1,-1,-1,-1,-1,-1,0,-1
2024041443327,2024,041443327,2,9,0,-1,19,6,2,-1,0,0,0,0,0,0,1,1,-1,1,2,30,6,-1,-1,-1,-1,8,E01034350,0,2
2024010493070,2024,010493070,2,9,0,99,99,9,9,99,99,9,9,99,9,99,1,9,6,6,3,-1,-1,-1,-1,-1,-1,-1,-1,0,-1
2024401464714,2024,401464714,2,9,-1,-1,14,3,7,-1,0,0,0,0,0,0,3,9,-1,1,1,49,8,-1,-1,-1,-1,10,E01033189,0,1
2024552401277,2024,552401277,1,9,0,16,19,6,1,0,0,0,1,0,1,11,4,2,6,6,2,40,7,-1,-1,-1,-1,6,E01015369,0,1
2024010547210,2024,010547210,2,1,0,18,19,7,3,0,0,1,0,0,7,0,1,1,6,6,1,23,5,-1,-1,-1,-1,4,E01003203,0,1
2024401415352,2024,401415352,1,97,0,-1,19,1,5,-1,0,1,0,0,0,0,1,1,-1,6,1,20,4,-1,-1,-1,-1,9,E01017421,0,2
2024501464604,2024,501464604,2,1,0,-1,9,1,7,-1,0,1,0,0,0,0,2,1,-1,9,2,33,6,-1,-1,-1,-1,3,E01020018,0,1
2024631438408,2024,631438408,1,90,0,-1,19,3,5,-1,0,0,0,0,0,0,1,1,-1,6,2,55,8,-1,-1,-1,-1,5,W01000452,0,1
2024461535313,2024,461535313,1,9,0,-1,4,7,3,-1,0,2,1,0,1,0,1,1,-1,9,2,18,4,-1,-1,-1,-1,2,E01024306,0,1
2024311535402,2024,311535402,2,19,0,-1,2,5,1,-1,0,0,0,4,3,0,1,1,-1,6,1,-1,-1,-1,-1,-1,-1,-1,-1,0,-1
2024010530625,2024,010530625,2,90,0,99,99,9,9,99,99,9,9,99,9,99,2,9,6,6,3,-1,-1,-1,-1,-1,-1,-1,-1,0,-1
2024201489869,2024,201489869,2,1,0,-1,9,6,4,-1,0,2,0,0,0,0,1,1,-1,6,2,58,9,-1,-1,-1,-1,4,E01009243,0,1
2024031436008,2024,031436008,2,1,0,-1,19,1,5,-1,0,0,1,0,0,0,3,1,-1,1,1,16,4,-1,-1,-1,-1,3,E01019290,0,4
2024101499415,2024,101499415,2,9,0,-1,19,5,1,-1,0,0,0,0,0,0,1,1,-1,9,1,41,7,-1,-1,-1,-1,1,E01027451,0,4
2024332400892,2024,332400892,2,1,0,-1,19,3,7,-1,9,8,0,0,0,0,1,1,-1,6,1,15,3,-1,-1,-1,-1,5,E01025749,0,1
2024451436516,2024,451436516,2,9,0,-1,7,3,7,-1,0,5,0,10,7,11,2,1,-1,2,1,35,6,-1,-1,-1,-1,9,E01030795,0,1
2024631435582,2024,631435582,1,9,0,-1,13,6,2,-1,0,8,2,0,1,10,4,1,-1,9,1,37,7,-1,-1,-1,-1,5,W01000673,0,2
2024010496860,2024,010496860,1,4,0,18,19,5,1,0,0,0,0,0,0,0,1,1,6,6,1,-1,-1,-1,-1,-1,-1,4,E01015957,0,4
2024520403036,2024,520403036,1,9,0,18,19,4,7,0,0,0,5,4,0,0,4,1,6,6,2,27,6,-1,-1,-1,-1,6,E01029320,0,1
2024622400434,2024,622400434,1,9,0,18,19,6,2,0,0,0,0,0,0,0,1,1,6,6,2,86,11,-1,-1,-1,-1,9,W01000751,0,1