collision_index,collision_year,collision_ref_no,vehicle_reference,vehicle_type,towing_and_articulation,vehicle_manoeuvre_historic,vehicle_manoeuvre,vehicle_direction_from,vehicle_direction_to,vehicle_location_restricted_lane_historic,vehicle_location_restricted_lane,junction_location,skidding_and_overturning,hit_object_in_carriageway,vehicle_leaving_carriageway,hit_object_off_carriageway,first_point_of_impact,vehicle_left_hand_drive,journey_purpose_of_driver_historic,journey_purpose_of_driver,sex_of_driver,age_of_driver,age_band_of_driver,engine_capacity_cc,propulsion_code,age_of_vehicle,generic_make_model,driver_imd_decile,lsoa_of_driver,escooter_flag,driver_distance_banding
2024991463336,2024,991463336,2,98,0,-1,5,7,5,-1,0,0,0,0,0,0,1,1,-1,6,1,32,6,-1,-1,-1,-1,-1,-1,0,-1
2024471448678,2024,471448678,2,9,0,-1,7,-1,-1,-1,99,9,0,0,0,0,3,1,-1,6,1,-1,-1,-1,-1,-1,-1,-1,-1,0,-1
2024411397536,2024,411397536,2,9,0,-1,3,6,2,-1,0,0,0,0,0,0,2,9,-1,9,1,51,8,-1,-1,-1,-1,7,E01023579,0,1
2024041450737,2024,041450737,1,90,0,-1,19,6,2,-1,0,0,1,0,1,9,1,1,-1,9,1,20,4,-1,-1,-1,-1,3,E01012731,0,1
2024430027147,2024,430027147,2,9,0,18,19,6,2,0,0,1,0,0,0,0,1,1,6,6,1,-1,-1,-1,-1,-1,-1,-1,-1,0,-1
2024451423157,2024,451423157,1,9,0,-1,19,3,7,-1,0,0,0,0,0,0,4,9,-1,6,3,45,7,-1,-1,-1,-1,-1,-1,0,-1
2024010488490,2024,010488490,2,1,0,18,19,8,4,0,0,1,0,0,0,0,1,1,6,6,1,28,6,-1,-1,-1,-1,4,E01000742,0,1
2024201501461,2024,201501461,2,1,0,-1,19,3,8,-1,0,2,0,0,0,0,1,1,-1,1,1,22,5,-1,-1,-1,-1,3,E01009656,0,1
2024520500163,2024,520500163,1,9,0,18,19,3,7,0,0,0,0,0,0,0,4,1,6,6,3,-1,-1,-1,-1,-1,-1,-1,-1,0,-1
2024622400375,2024,622400375,1,1,0,18,19,4,8,0,0,8,0,0,0,0,1,1,6,6,1,14,3,-1,-1,-1,-1,4,W01001248,0,1
2024010526812,2024,010526812,4,9,0,2,2,0,0,0,0,0,0,0,0,0,1,1,6,6,3,-1,-1,-1,-1,-1,-1,-1,-1,0,-1
2024010494823,2024,010494823,2,8,0,99,99,9,9,99,99,9,9,99,9,99,1,9,6,6,3,-1,-1,-1,-1,-1,-1,-1,-1,0,-1
2024501501180,2024,501501180,2,1,0,-1,19,3,8,-1,0,1,1,0,0,0,1,1,-1,9,1,29,6,-1,-1,-1,-1,5,E01018791,0,2
2024010501108,2024,010501108,1,1,9,18,19,9,9,4,4,0,9,99,9,99,1,1,2,2,1,31,6,-1,-1,-1,-1,3,E01034213,0,2
2024461409819,2024,461409819,1,90,0,-1,3,3,7,-1,0,0,0,0,0,0,3,9,-1,6,3,-1,-1,-1,-1,-1,-1,-1,-1,0,-1
2024010488924,2024,010488924,1,1,0,18,19,6,2,0,0,0,0,0,0,0,4,1,6,6,1,54,8,-1,-1,-1,-1,7,E01001228,0,1
2024440294215,2024,440294215,1,9,0,18,19,1,5,0,0,0,0,0,0,0,1,1,1,1,3,-1,-1,-1,-1,-1,-1,-1,-1,0,-1
2024010526207,2024,010526207,2,1,0,18,19,5,1,0,0,1,2,0,0,0,3,1,2,2,1,24,5,-1,-1,-1,-1,4,E01033711,0,2
2024041498397,2024,041498397,1,9,0,-1,19,-1,-1,-1,0,0,0,0,0,0,1,9,-1,6,3,-1,-1,-1,-1,-1,-1,-1,-1,0,-1
2024430398721,2024,430398721,1,9,0,18,19,6,2,0,0,1,0,0,0,0,1,1,6,6,1,18,4,-1,-1,-1,-1,9,E01016234,0,1
2024302401200,2024,302401200,2,1,0,18,19,3,7,0,0,1,0,0,0,0,2,1,6,6,1,-1,-1,-1,-1,-1,-1,-1,-1,0,-1
2024401516316,2024,401516316,1,9,0,-1,19,-1,-1,-1,0,0,0,0,0,0,1,9,-1,6,3,-1,-1,-1,-1,-1,-1,-1,-1,0,-1
2024231433509,2024,231433509,1,9,0,-1,9,3,1,-1,0,4,0,0,0,0,3,9,-1,6,2,58,9,-1,-1,-1,-1,10,E01031317,0,1
2024131578443,2024,131578443,2,1,0,-1,19,5,1,-1,4,0,0,0,0,0,1,1,-1,6,1,39,7,-1,-1,-1,-1,1,E01011620,0,1
2024061509724,2024,061509724,2,1,0,-1,19,8,4,-1,0,8,0,0,0,0,3,1,-1,7,1,15,3,-1,-1,-1,-1,1,E01005753,0,1
2024010497191,2024,010497191,2,9,0,99,99,9,9,99,99,9,9,99,9,99,1,9,6,6,3,43,7,-1,-1,-1,-1,4,E01034384,0,2
2024201522867,2024,201522867,1,9,0,-1,19,6,2,-1,0,1,0,0,0,0,4,1,-1,6,3,-1,-1,-1,-1,-1,-1,-1,-1,0,-1
2024010537865,2024,010537865,2,9,0,99,99,9,9,99,99,9,9,99,9,99,1,9,6,6,3,-1,-1,-1,-1,-1,-1,-1,-1,0,-1
2024552400805,2024,552400805,2,1,0,18,19,8,4,0,0,8,0,0,0,0,4,1,6,6,1,43,7,-1,-1,-1,-1,7,E01020465,0,3
2024471528763,2024,471528763,3,90,0,-1,6,3,3,-1,0,8,0,0,0,0,0,1,-1,6,-1,-1,-1,-1,-1,-1,-1,-1,-1,0,-1
2024201453454,2024,201453454,1,9,0,-1,19,5,1,-1,0,1,0,0,0,0,1,1,-1,6,1,51,8,-1,-1,-1,-1,6,E01009041,0,1
2024141487644,2024,141487644,2,9,0,-1,4,1,5,-1,0,0,0,0,0,0,2,9,-1,6,3,-1,-1,-1,-1,-1,-1,-1,-1,0,-1
2024440521746,2024,440521746,1,1,0,18,19,5,1,0,0,8,0,0,0,0,4,1,1,1,2,27,6,-1,-1,-1,-1,7,E01030429,0,1
2024430114442,2024,430114442,2,9,0,18,19,7,3,0,0,0,0,0,0,0,3,1,6,6,2,43,7,-1,-1,-1,-1,5,E01016241,0,3
2024461429603,2024,461429603,1,99,0,-1,1,1,5,-1,0,1,0,0,0,0,2,9,-1,6,1,-1,-1,-1,-1,-1,-1,7,E01024073,0,1
2024010520013,2024,010520013,2,1,0,3,3,3,7,0,0,1,0,0,0,0,2,1,2,2,1,43,7,-1,-1,-1,-1,5,E01003862,0,2
2024440253927,2024,440253927,2,9,0,17,19,4,1,0,0,8,0,0,0,0,0,1,6,6,3,-1,-1,-1,-1,-1,-1,-1,-1,0,-1
2024430149054,2024,430149054,1,19,0,9,9,1,7,0,0,8,1,0,0,0,1,1,1,1,1,24,5,-1,-1,-1,-1,-1,-1,0,-1
2024052402750,2024,052402750,1,-1,0,18,19,5,1,0,0,0,0,0,0,0,1,1,6,6,1,18,4,-1,-1,-1,-1,1,E01006603,1,1
2024101535357,2024,101535357,2,9,-1,-1,-1,3,8,-1,0,1,0,0,0,0,-1,9,-1,6,2,55,8,-1,-1,-1,-1,3,E01008569,0,1
2024010532040,2024,010532040,1,-1,0,18,19,1,5,0,0,2,0,0,0,0,0,1,6,6,1,25,5,-1,-1,-1,-1,-1,-1,1,-1
2024010544244,2024,010544244,1,9,0,18,19,1,5,0,0,1,0,0,0,0,1,1,6,6,3,-1,-1,-1,-1,-1,-1,-1,-1,0,-1
2024471465069,2024,471465069,1,1,0,-1,19,2,6,-1,0,8,2,0,0,0,1,1,-1,2,1,34,6,-1,-1,-1,-1,7,E01021220,0,1
2024361433967,2024,361433967,1,1,0,-1,19,4,7,-1,0,1,2,0,0,0,1,1,-1,6,1,42,7,-1,-1,-1,-1,-1,-1,0,-1
2024430009724,2024,430009724,1,9,0,18,19,8,4,0,0,0,0,0,4,6,3,1,6,6,1,-1,-1,-1,-1,-1,-1,5,E01014886,0,4
2024010547037,2024,010547037,2,11,0,7,7,1,3,0,0,2,5,0,7,0,4,1,6,6,3,-1,-1,-1,-1,-1,-1,-1,-1,0,-1
2024430156816,2024,430156816,2,9,0,18,19,3,7,0,0,1,0,0,0,0,1,1,6,6,3,-1,-1,-1,-1,-1,-1,-1,-1,0,-1
2024070633607,2024,070633607,2,1,0,5,5,5,1,9,9,2,0,0,0,0,1,1,1,1,1,30,6,-1,-1,-1,-1,2,E01033300,0,1
2024010503585,2024,010503585,2,1,0,5,5,1,5,0,0,1,1,0,0,0,1,1,6,6,1,38,7,-1,-1,-1,-1,9,E01030401,0,1
2024010487420,2024,010487420,1,9,0,9,9,7,5,0,0,5,0,0,0,0,1,1,6,6,2,21,5,-1,-1,-1,-1,2,E01001625,0,1
202454D070723,2024,54D070723,1,9,0,18,19,2,6,0,0,4,5,9,3,4,1,1,6,6,2,18,4,-1,-1,-1,-1,7,E01031872,0,2
2024010494769,2024,010494769,1,1,0,16,19,7,1,0,0,6,0,0,0,0,3,1,6,6,1,41,7,-1,-1,-1,-1,6,E01000145,0,1
2024161508304,2024,161508304,1,1,0,-1,19,1,5,-1,0,0,0,0,0,0,2,1,-1,6,1,52,8,-1,-1,-1,-1,1,E01012790,0,1
2024141532288,2024,141532288,1,9,0,-1,9,3,1,-1,0,5,0,0,0,0,1,1,-1,9,2,75,10,-1,-1,-1,-1,5,E01008139,0,1
2024010531015,2024,010531015,2,1,0,18,19,5,1,0,0,1,0,0,0,0,1,1,6,6,1,28,6,-1,-1,-1,-1,4,E01003448,0,2
2024010513313,2024,010513313,2,9,9,99,99,9,9,99,99,9,9,99,9,99,9,9,6,6,3,-1,-1,-1,-1,-1,-1,-1,-1,0,-1
2024101468002,2024,101468002,2,9,0,-1,19,5,1,-1,0,0,0,0,0,0,1,1,-1,9,1,71,10,-1,-1,-1,-1,7,E01027438,0,1
2024351410561,2024,351410561,2,90,0,-1,2,0,0,-1,0,0,0,0,0,0,2,1,-1,6,1,21,5,-1,-1,-1,-1,1,E01012854,0,5
2024131473545,2024,131473545,2,1,0,-1,19,5,1,-1,0,1,0,0,0,0,1,1,-1,2,1,51,8,-1,-1,-1,-1,7,E01011569,0,3
2024302400643,2024,302400643,2,1,0,17,19,2,7,0,0,6,0,0,0,0,0,1,6,6,1,57,9,-1,-1,-1,-1,5,E01019605,0,1
2024131416849,2024,131416849,1,9,0,-1,-1,-1,-1,-1,-1,-1,-1,-1,-1,-1,-1,1,-1,6,3,-1,-1,-1,-1,-1,-1,-1,-1,0,-1
2024010493885,2024,010493885,2,4,0,18,19,1,5,0,0,0,0,0,0,0,1,1,6,6,1,38,7,-1,-1,-1,-1,6,E01004163,0,1
2024041444077,2024,041444077,1,1,0,-1,19,1,5,-1,0,0,0,0,0,0,1,1,-1,6,1,34,6,-1,-1,-1,-1,1,E01012675,0,1
2024332401182,2024,332401182,1,9,0,-1,19,5,1,-1,0,8,0,0,0,0,1,1,-1,1,3,-1,-1,-1,-1,-1,-1,-1,-1,0,-1
2024461476895,2024,461476895,1,90,0,-1,19,5,1,-1,0,1,0,0,0,0,1,1,-1,6,1,40,7,-1,-1,-1,-1,1,E01024621,0,4
2024501418525,2024,501418525,1,9,0,-1,2,0,0,-1,0,0,0,0,0,0,2,1,-1,6,2,57,9,-1,-1,-1,-1,8,E01019890,0,1
2024041483079,2024,041483079,1,9,0,-1,19,1,5,-1,0,0,0,0,0,0,3,1,-1,9,1,24,5,-1,-1,-1,-1,6,E01025562,0,3
2024010489372,2024,010489372,1,9,0,16,19,7,3,0,0,7,1,0,4,0,1,1,6,6,2,52,8,-1,-1,-1,-1,8,E01000447,0,1
2024401521572,2024,401521572,1,9,-1,-1,-1,-1,-1,-1,-1,2,-1,-1,-1,0,-1,9,-1,6,3,-1,-1,-1,-1,-1,-1,-1,-1,0,-1
2024131419352,2024,131419352,1,1,0,-1,19,-1,-1,-1,0,8,0,0,0,0,-1,1,-1,6,3,-1,-1,-1,-1,-1,-1,-1,-1,0,-1
2024471405765,2024,471405765,2,1,0,-1,19,1,5,-1,0,8,0,0,0,0,3,1,-1,9,1,77,11,-1,-1,-1,-1,5,E01021216,0,1
2024201426380,2024,201426380,1,98,0,-1,1,6,2,-1,0,0,0,4,0,0,2,9,-1,6,1,-1,-1,-1,-1,-1,-1,-1,-1,0,-1
2024131396215,2024,131396215,1,9,0,-1,9,7,1,-1,0,8,0,0,0,0,1,1,-1,2,2,30,6,-1,-1,-1,-1,6,E01010909,0,1
2024122401020,2024,122401020,1,9,0,5,5,1,5,0,0,4,0,0,0,0,1,1,6,6,1,60,9,-1,-1,-1,-1,2,E01027812,0,1
2024311429779,2024,311429779,1,9,0,-1,2,2,2,-1,0,0,0,0,0,0,2,1,-1,9,1,37,7,-1,-1,-1,-1,9,E01013172,0,4
2024201466437,2024,201466437,2,-1,0,-1,5,3,7,-1,0,8,0,4,0,0,2,1,-1,9,1,15,3,-1,-1,-1,-1,-1,-1,1,-1
2024141447165,2024,141447165,2,9,0,-1,14,5,1,-1,0,1,0,0,0,0,4,1,-1,6,-1,-1,-1,-1,-1,-1,-1,-1,-1,0,-1
2024111412954,2024,111412954,1,1,0,-1,19,6,2,-1,9,0,5,0,0,0,0,1,-1,6,2,25,5,-1,-1,-1,-1,-1,-1,0,-1
2024010489791,2024,010489791,1,1,0,18,19,1,5,5,5,6,1,11,0,0,1,1,6,6,1,38,7,-1,-1,-1,-1,3,E01003581,0,3
2024010489700,2024,010489700,1,11,0,5,5,5,1,0,0,1,0,0,0,0,0,1,1,1,2,54,8,-1,-1,-1,-1,5,E01032785,0,2
2024010488847,2024,010488847,1,9,0,18,19,3,7,0,0,3,0,0,0,0,1,1,6,6,2,50,8,-1,-1,-1,-1,9,E01016540,0,4
2024122400208,2024,122400208,1,9,0,16,19,1,5,0,0,0,1,0,0,0,1,1,6,6,1,18,4,-1,-1,-1,-1,7,E01027756,0,1
2024122400321,2024,122400321,2,1,0,18,19,5,1,4,4,1,0,0,0,0,1,1,2,2,1,47,8,-1,-1,-1,-1,9,E01034761,0,1
2024010517674,2024,010517674,2,9,0,18,19,7,3,0,0,8,0,0,0,0,1,1,1,1,1,37,7,-1,-1,-1,-1,5,E01001041,0,1
2024991398193,2024,991398193,1,9,0,-1,19,1,5,-1,0,8,0,0,0,0,3,1,-1,9,2,61,9,-1,-1,-1,-1,1,-1,0,2
2024201477667,2024,201477667,1,9,0,-1,9,6,4,-1,0,5,0,0,0,0,3,9,-1,6,1,-1,-1,-1,-1,-1,-1,-1,-1,0,-1
2024471495175,2024,471495175,2,1,0,-1,19,1,5,-1,0,8,0,0,0,0,4,1,-1,2,2,28,6,-1,-1,-1,-1,5,E01031806,0,1
2024430330644,2024,430330644,3,9,0,18,19,5,1,0,0,0,0,0,7,9,3,1,6,6,1,19,4,-1,-1,-1,-1,8,E01016780,0,1
2024010542834,2024,010542834,1,4,0,17,19,1,5,0,0,0,2,0,1,0,1,1,6,6,1,20,4,-1,-1,-1,-1,2,E01001066,0,1
2024461419654,2024,461419654,1,9,-1,-1,19,5,1,-1,0,2,0,0,0,0,4,9,-1,6,3,-1,-1,-1,-1,-1,-1,-1,-1,0,-1
2024010508058,2024,010508058,1,9,0,9,9,3,1,0,0,6,0,0,0,0,1,1,6,6,1,23,5,-1,-1,-1,-1,10,E01031822,0,4
2024440513465,2024,440513465,2,9,0,18,19,1,5,0,0,0,0,0,0,0,1,1,6,6,2,62,9,-1,-1,-1,-1,9,E01022926,0,2
2024430074481,2024,430074481,2,9,0,9,9,8,6,0,0,6,0,0,0,0,1,1,6,6,1,35,6,-1,-1,-1,-1,-1,-1,0,-1
2024361444886,2024,361444886,1,1,0,-1,19,5,1,-1,0,0,1,0,0,0,1,1,-1,6,1,21,5,-1,-1,-1,-1,1,E01018107,0,1
202417M110524,2024,17M110524,2,9,0,-1,5,8,4,-1,0,1,0,0,0,0,1,1,-1,6,1,-1,-1,-1,-1,-1,-1,-1,-1,0,-1
2024061528586,2024,061528586,2,1,0,-1,19,1,5,-1,0,1,0,0,0,0,1,1,-1,6,1,66,10,-1,-1,-1,-1,9,E01006277,0,1
2024010505372,2024,010505372,2,22,0,18,19,1,5,0,0,0,0,0,0,0,3,1,6,6,2,63,9,-1,-1,-1,-1,5,E01003721,0,1
2024440056267,2024,440056267,1,9,0,18,19,6,2,0,0,2,0,0,0,0,1,1,6,6,1,84,11,-1,-1,-1,-1,9,E01022667,0,1
2024201449856,2024,201449856,2,90,0,-1,19,5,1,-1,0,0,0,0,0,0,1,1,-1,9,1,25,5,-1,-1,-1,-1,1,E01009383,0,1
2024010488082,2024,010488082,2,9,0,18,19,7,3,0,0,1,0,0,0,0,1,9,6,6,3,-1,-1,-1,-1,-1,-1,-1,-1,0,-1
2024430471844,2024,430471844,1,8,0,5,5,8,4,0,0,6,0,0,0,0,3,1,6,6,1,70,10,-1,-1,-1,-1,1,E01016372,0,1
2024302500206,2024,302500206,4,9,0,-1,2,0,0,-1,0,2,0,0,0,0,0,1,-1,6,3,-1,-1,-1,-1,-1,-1,-1,-1,0,-1
2024010490059,2024,010490059,1,11,0,3,3,5,1,0,0,2,0,0,0,0,0,1,1,1,2,45,7,-1,-1,-1,-1,7,E01004186,0,1
2024010522900,2024,010522900,2,9,0,18,19,1,5,0,0,0,0,4,0,0,4,1,6,6,1,24,5,-1,-1,-1,-1,5,E01003718,0,1
2024991458014,2024,991458014,2,9,0,-1,19,2,6,-1,0,0,0,0,0,0,1,1,-1,9,2,51,8,-1,-1,-1,-1,5,-1,0,4
2024041413183,2024,041413183,1,9,0,-1,19,5,1,-1,0,2,0,0,0,0,4,1,-1,2,1,27,6,-1,-1,-1,-1,3,E01025312,0,1
2024010536860,2024,010536860,1,9,0,18,19,5,1,0,0,2,1,0,0,0,1,1,6,6,1,19,4,-1,-1,-1,-1,2,E01000013,0,1
2024010494304,2024,010494304,1,3,0,99,99,9,9,99,99,9,9,99,9,99,1,1,1,1,1,23,5,-1,-1,-1,-1,7,E01003407,0,4
2024010493643,2024,010493643,2,19,0,18,19,1,5,0,0,1,0,0,0,0,0,1,6,6,1,23,5,-1,-1,-1,-1,9,E01002916,0,1
2024211520889,2024,211520889,2,9,0,-1,19,1,5,-1,0,4,0,0,0,0,4,1,-1,6,1,28,6,-1,-1,-1,-1,-1,-1,0,-1
2024052401724,2024,052401724,2,1,0,18,19,3,7,0,0,3,0,0,0,0,4,1,6,6,1,82,11,-1,-1,-1,-1,8,E01007279,0,2
2024471490985,2024,471490985,1,9,0,-1,5,4,8,-1,0,4,0,0,0,0,1,1,-1,6,2,-1,-1,-1,-1,-1,-1,-1,-1,0,-1
2024430311476,2024,430311476,1,1,0,18,19,1,4,0,0,8,0,0,0,0,1,1,6,6,1,44,7,-1,-1,-1,-1,10,E01023372,0,2
2024430341186,2024,430341186,2,1,0,18,19,7,3,4,4,0,5,0,1,0,3,1,6,6,2,24,5,-1,-1,-1,-1,8,E01028549,0,1
2024010555671,2024,010555671,1,1,9,99,99,9,9,99,99,9,9,99,9,99,9,1,6,6,1,41,7,-1,-1,-1,-1,4,E01001768,0,2
2024991394112,2024,991394112,1,9,0,-1,19,1,5,-1,0,0,0,0,7,4,1,1,-1,9,1,27,6,-1,-1,-1,-1,9,-1,0,1
2024451494974,2024,451494974,3,9,0,-1,19,6,2,-1,0,0,0,0,0,0,1,1,-1,6,1,30,6,-1,-1,-1,-1,5,E01001157,0,3
2024371495103,2024,371495103,1,9,0,-1,19,7,3,-1,0,0,0,0,7,2,1,1,-1,6,1,20,4,-1,-1,-1,-1,2,E01016941,0,5
2024010489316,2024,010489316,2,8,0,1,1,5,1,0,0,0,0,0,0,0,0,1,6,6,1,55,8,-1,-1,-1,-1,2,E01001765,0,3
2024430256172,2024,430256172,1,9,0,9,9,8,6,0,0,1,0,0,0,0,4,1,6,6,1,47,8,-1,-1,-1,-1,10,E01030778,0,4
2024201408536,2024,201408536,1,9,0,-1,1,1,4,-1,9,0,0,0,0,0,2,1,-1,6,1,45,7,-1,-1,-1,-1,-1,-1,0,-1
2024351415388,2024,351415388,1,9,0,-1,-1,-1,-1,-1,-1,-1,-1,-1,-1,0,-1,9,-1,6,1,-1,-1,-1,-1,-1,-1,1,E01026680,0,4
2024311440426,2024,311440426,1,9,0,-1,7,3,5,-1,0,1,5,0,0,0,1,1,-1,9,2,48,8,-1,-1,-1,-1,1,E01013833,0,1
2024010491067,2024,010491067,1,3,0,18,19,7,3,0,0,1,0,0,0,0,1,1,6,6,1,21,5,-1,-1,-1,-1,9,E01000829,0,1
2024320526503,2024,320526503,1,23,0,4,4,3,7,0,0,0,2,0,0,0,0,1,-1,-1,2,49,8,-1,-1,-1,-1,-1,-1,0,-1
2024451462361,2024,451462361,2,99,0,-1,19,1,4,-1,0,0,0,0,0,0,1,9,-1,6,3,-1,-1,-1,-1,-1,-1,-1,-1,0,-1
2024430280477,2024,430280477,1,1,0,18,19,6,2,0,0,0,0,0,0,0,3,1,6,6,1,47,8,-1,-1,-1,-1,10,E01017799,0,3
2024351537117,2024,351537117,1,21,1,-1,12,7,3,-1,0,0,0,0,0,0,3,2,-1,1,1,48,8,-1,-1,-1,-1,-1,-1,0,-1
2024440204544,2024,440204544,1,9,0,18,19,6,2,9,9,0,0,0,0,0,4,1,6,6,2,-1,-1,-1,-1,-1,-1,-1,-1,0,-1
2024471415121,2024,471415121,1,9,0,-1,5,1,5,-1,0,4,0,0,0,0,1,1,-1,6,1,-1,-1,-1,-1,-1,-1,3,E01031350,0,1
2024221516706,2024,221516706,1,9,0,-1,1,2,6,-1,0,0,0,0,0,0,2,1,-1,9,2,21,5,-1,-1,-1,-1,5,E01014065,0,1
2024161493573,2024,161493573,2,1,0,-1,19,6,2,-1,0,0,0,0,0,0,1,1,-1,6,1,50,8,-1,-1,-1,-1,9,E01013120,0,1
2024471535196,2024,471535196,1,9,0,-1,9,2,7,-1,0,0,0,0,0,0,1,1,-1,1,1,59,9,-1,-1,-1,-1,5,E01021109,0,2
2024531508086,2024,531508086,1,9,0,-1,9,6,3,-1,0,8,0,0,0,0,1,1,-1,2,2,32,6,-1,-1,-1,-1,9,E01032939,0,3
2024411425381,2024,411425381,1,1,0,-1,19,1,5,-1,0,3,0,0,0,0,1,1,-1,7,1,14,3,-1,-1,-1,-1,5,E01035583,0,1
2024010496560,2024,010496560,1,1,9,99,99,9,9,99,99,0,9,99,9,99,1,1,2,2,1,26,6,-1,-1,-1,-1,8,E01001390,0,1
2024031457233,2024,031457233,1,11,0,-1,4,1,5,-1,0,0,0,0,0,0,1,1,-1,6,3,-1,-1,-1,-1,-1,-1,-1,-1,0,-1
2024211419243,2024,211419243,1,9,0,-1,19,2,8,-1,0,0,0,0,0,0,4,1,-1,6,1,40,7,-1,-1,-1,-1,-1,-1,0,-1
2024122400435,2024,122400435,1,9,0,9,9,7,5,0,0,5,0,0,0,0,4,1,2,2,1,55,8,-1,-1,-1,-1,6,E01013364,0,4
2024201435931,2024,201435931,1,9,0,-1,19,2,7,-1,0,8,0,7,0,0,1,9,-1,6,3,-1,-1,-1,-1,-1,-1,-1,-1,0,-1
2024010530471,2024,010530471,1,9,9,99,99,9,9,99,99,9,9,99,9,99,2,9,6,6,1,38,7,-1,-1,-1,-1,5,E01002565,0,1
2024411508036,2024,411508036,1,1,0,-1,9,6,2,-1,0,8,0,0,0,0,1,1,-1,1,1,74,10,-1,-1,-1,-1,6,E01023845,0,1
2024440180137,2024,440180137,1,1,0,4,4,2,6,0,0,1,0,0,0,0,2,1,6,6,1,84,11,-1,-1,-1,-1,2,E01017156,0,1
2024201474262,2024,201474262,1,9,0,-1,3,2,6,-1,0,0,0,10,1,0,1,1,-1,6,3,-1,-1,-1,-1,-1,-1,-1,-1,0,-1
2024010528774,2024,010528774,2,1,0,18,19,1,5,0,0,1,0,4,0,0,1,1,6,6,1,52,8,-1,-1,-1,-1,-1,-1,0,-1
2024010504130,2024,010504130,2,1,0,18,19,5,1,0,0,8,0,5,0,0,1,1,6,6,1,25,5,-1,-1,-1,-1,2,E01004674,0,1
2024010542188,2024,010542188,2,9,0,99,99,9,9,99,99,9,9,99,9,99,1,9,6,6,3,61,9,-1,-1,-1,-1,4,E01000929,0,1
2024131467068,2024,131467068,1,9,0,-1,-1,-1,-1,-1,-1,0,-1,-1,-1,-1,-1,1,-1,6,3,-1,-1,-1,-1,-1,-1,-1,-1,0,-1
2024010511814,2024,010511814,1,1,9,99,99,9,9,99,99,9,9,99,9,99,1,1,2,2,2,30,6,-1,-1,-1,-1,8,E01004623,0,1
2024101503438,2024,101503438,2,9,-1,-1,19,3,7,-1,0,1,0,0,0,0,4,9,-1,6,1,57,9,-1,-1,-1,-1,1,E01008331,0,2
2024622400679,2024,622400679,1,9,0,18,19,6,2,0,0,1,0,0,0,0,1,1,6,6,3,-1,-1,-1,-1,-1,-1,-1,-1,0,-1
2024461474388,2024,461474388,1,9,0,-1,7,1,4,-1,0,4,0,0,0,0,3,2,-1,9,1,59,9,-1,-1,-1,-1,-1,-1,0,-1
2024041462397,2024,041462397,2,1,0,-1,19,5,2,-1,0,0,0,0,0,0,2,1,-1,6,1,56,9,-1,-1,-1,-1,5,E01025401,0,1
2024201426837,2024,201426837,1,9,0,-1,19,7,3,-1,0,0,0,0,0,0,1,9,-1,6,1,-1,-1,-1,-1,-1,-1,-1,-1,0,-1
2024010503191,2024,010503191,2,1,0,18,19,3,7,0,0,8,0,0,0,0,1,1,2,2,1,54,8,-1,-1,-1,-1,5,E01020454,0,5
2024010497829,2024,010497829,1,1,9,99,99,9,9,99,99,9,9,99,9,99,9,1,2,2,1,29,6,-1,-1,-1,-1,2,E01035538,0,5
2024010536074,2024,010536074,1,9,0,18,19,7,3,0,0,0,0,0,0,0,3,1,6,6,3,-1,-1,-1,-1,-1,-1,-1,-1,0,-1
2024010495139,2024,010495139,1,3,0,99,99,9,9,99,99,9,9,99,9,99,1,1,6,6,1,21,5,-1,-1,-1,-1,2,E01003432,0,1
2024522401374,2024,522401374,1,1,0,18,19,5,1,5,5,0,0,0,0,0,1,1,6,6,2,45,7,-1,-1,-1,-1,7,E01014611,0,1
2024552400517,2024,552400517,1,99,0,13,13,8,4,0,0,0,0,0,0,0,4,1,6,6,3,-1,-1,-1,-1,-1,-1,-1,-1,0,-1
2024231472386,2024,231472386,1,9,0,-1,19,1,5,-1,0,8,0,0,0,0,1,9,-1,6,3,38,7,-1,-1,-1,-1,-1,-1,0,-1
2024311447225,2024,311447225,1,-1,0,-1,19,4,8,-1,9,0,0,0,0,0,1,1,-1,9,1,40,7,-1,-1,-1,-1,7,E01013977,1,1
2024010498892,2024,010498892,2,1,0,18,19,3,7,0,0,0,0,0,0,0,3,1,6,6,1,34,6,-1,-1,-1,-1,1,E01002095,0,1
2024031509423,2024,031509423,2,9,4,-1,3,3,3,-1,0,0,0,0,1,4,2,1,-1,1,1,46,8,-1,-1,-1,-1,5,E01019259,0,4
2024320583816,2024,320583816,2,9,0,-1,-1,8,3,0,0,8,0,0,0,0,3,1,-1,-1,2,36,7,-1,-1,-1,-1,7,E01028075,0,4
2024010513920,2024,010513920,1,1,0,17,19,1,5,9,9,0,2,4,1,0,1,1,6,6,1,21,5,-1,-1,-1,-1,2,E01000052,0,2
2024320623736,2024,320623736,1,9,4,9,9,2,8,0,0,5,0,0,0,0,2,1,-1,-1,2,36,7,-1,-1,-1,-1,-1,-1,0,-1
2024451412190,2024,451412190,2,1,0,-1,9,3,7,-1,9,1,0,0,0,0,0,1,-1,6,1,43,7,-1,-1,-1,-1,6,E01030738,0,1
2024010492589,2024,010492589,2,9,0,99,99,9,9,99,99,9,9,99,9,99,9,9,6,6,3,-1,-1,-1,-1,-1,-1,-1,-1,0,-1
2024471422934,2024,471422934,1,1,0,-1,14,3,7,-1,0,0,0,0,0,0,4,1,-1,9,1,57,9,-1,-1,-1,-1,1,E01016867,0,1
2024161535970,2024,161535970,2,1,0,-1,10,5,3,-1,4,1,0,0,0,0,3,1,-1,6,2,56,9,-1,-1,-1,-1,1,E01012915,0,1
2024201495914,2024,201495914,2,1,0,-1,7,6,1,-1,0,5,0,0,0,0,3,1,-1,9,1,37,7,-1,-1,-1,-1,1,E01009053,0,1
2024351403805,2024,351403805,1,9,-1,-1,4,-1,-1,-1,0,8,0,0,-1,0,1,9,-1,6,3,-1,-1,-1,-1,-1,-1,-1,-1,0,-1
2024131429951,2024,131429951,1,9,0,-1,-1,-1,-1,-1,-1,-1,-1,-1,-1,-1,-1,1,-1,6,3,-1,-1,-1,-1,-1,-1,-1,-1,0,-1
2024440333621,2024,440333621,2,19,0,7,7,7,2,0,0,8,0,0,0,0,3,1,6,6,1,-1,-1,-1,-1,-1,-1,-1,-1,0,-1
2024161441620,2024,161441620,2,1,0,-1,7,6,2,-1,4,0,0,0,0,0,3,1,-1,6,1,20,4,-1,-1,-1,-1,2,E01033109,0,1