collision_index,collision_year,collision_ref_no,vehicle_reference,vehicle_type,towing_and_articulation,vehicle_manoeuvre_historic,vehicle_manoeuvre,vehicle_direction_from,vehicle_direction_to,vehicle_location_restricted_lane_historic,vehicle_location_restricted_lane,junction_location,skidding_and_overturning,hit_object_in_carriageway,vehicle_leaving_carriageway,hit_object_off_carriageway,first_point_of_impact,vehicle_left_hand_drive,journey_purpose_of_driver_historic,journey_purpose_of_driver,sex_of_driver,age_of_driver,age_band_of_driver,engine_capacity_cc,propulsion_code,age_of_vehicle,generic_make_model,driver_imd_decile,lsoa_of_driver,escooter_flag,driver_distance_banding
2024010536674,2024,010536674,1,1,9,99,99,9,9,99,99,0,9,99,9,99,1,1,6,6,1,-1,-1,-1,-1,-1,-1,-1,-1,0,-1
2024440367596,2024,440367596,1,-1,0,18,19,7,3,0,0,2,0,0,0,0,1,1,6,6,1,-1,-1,-1,-1,-1,-1,-1,-1,1,-1
2024991546333,2024,991546333,1,1,0,-1,19,4,8,-1,0,6,0,0,0,0,2,1,-1,1,1,51,8,-1,-1,-1,-1,9,-1,0,3
2024010533344,2024,010533344,1,1,0,18,19,1,5,0,0,2,0,0,0,0,1,1,6,6,1,55,8,-1,-1,-1,-1,5,E01001146,0,1
2024461556235,2024,461556235,1,9,0,-1,19,5,1,-1,0,0,0,0,0,0,1,9,-1,6,3,-1,-1,-1,-1,-1,-1,-1,-1,0,-1
2024430144998,2024,430144998,2,9,0,18,19,4,8,0,0,0,0,0,0,0,1,1,6,6,1,-1,-1,-1,-1,-1,-1,6,E01002602,0,4
2024991444280,2024,991444280,1,1,0,-1,19,7,3,-1,0,6,0,0,0,0,1,1,-1,9,2,10,2,-1,-1,-1,-1,6,-1,0,1
2024141493514,2024,141493514,2,8,0,-1,14,4,8,-1,0,0,0,0,0,0,0,9,-1,1,3,-1,-1,-1,-1,-1,-1,-1,-1,0,-1
2024631417396,2024,631417396,1,9,5,-1,19,5,2,-1,0,0,0,0,0,0,1,1,-1,9,2,62,9,-1,-1,-1,-1,6,W01000560,0,3
2024501421789,2024,501421789,2,1,0,-1,19,8,4,-1,4,0,5,0,0,0,3,1,-1,9,1,62,9,-1,-1,-1,-1,6,E01020187,0,3
2024010535712,2024,010535712,2,-1,0,18,19,6,2,9,9,1,0,0,0,0,1,1,2,2,2,34,6,-1,-1,-1,-1,5,E01000619,1,1
2024471465526,2024,471465526,2,9,0,-1,5,5,1,-1,0,1,0,0,0,0,1,9,-1,6,1,38,7,-1,-1,-1,-1,4,E01020957,0,1
2024010531718,2024,010531718,1,1,9,99,99,1,5,99,99,9,9,99,9,99,1,1,6,6,3,-1,-1,-1,-1,-1,-1,-1,-1,0,-1
2024520402121,2024,520402121,2,1,0,18,19,1,5,4,4,8,0,0,0,0,0,1,6,6,1,63,9,-1,-1,-1,-1,7,E01029078,0,1
2024430216169,2024,430216169,1,9,0,18,19,8,4,0,0,1,0,0,0,0,1,1,6,6,2,-1,-1,-1,-1,-1,-1,-1,-1,0,-1
2024332400491,2024,332400491,1,1,0,-1,14,8,4,-1,0,0,0,0,0,0,4,1,-1,1,1,50,8,-1,-1,-1,-1,3,E01025987,0,2
2024201509588,2024,201509588,4,9,0,-1,19,2,6,-1,0,1,0,0,0,0,2,1,-1,6,-1,-1,-1,-1,-1,-1,-1,-1,-1,0,-1
2024010489588,2024,010489588,2,9,0,4,4,1,5,0,0,7,0,0,0,0,2,1,6,6,3,-1,-1,-1,-1,-1,-1,-1,-1,0,-1
2024131519649,2024,131519649,1,9,0,-1,19,1,1,-1,0,0,1,4,0,0,1,1,-1,9,2,56,9,-1,-1,-1,-1,3,E01011325,0,1
2024111471865,2024,111471865,1,23,0,-1,19,1,5,-1,9,0,5,0,0,0,1,1,-1,6,2,24,5,-1,-1,-1,-1,3,E01020846,0,1
2024010501869,2024,010501869,2,1,9,99,99,9,9,99,99,9,9,99,9,99,9,1,6,6,1,51,8,-1,-1,-1,-1,5,E01001859,0,1
2024031531485,2024,031531485,1,22,0,-1,19,3,7,-1,0,0,0,0,0,0,4,1,-1,6,2,66,10,-1,-1,-1,-1,-1,-1,0,-1
2024052400907,2024,052400907,2,1,0,18,19,3,7,0,0,3,0,0,0,0,1,1,6,6,1,20,4,-1,-1,-1,-1,4,E01007313,0,1
2024522500162,2024,522500162,2,9,0,1,1,6,2,0,0,0,0,0,0,0,2,1,6,6,3,-1,-1,-1,-1,-1,-1,-1,-1,0,-1
2024010518551,2024,010518551,1,1,0,4,4,5,1,9,9,1,0,0,0,0,1,1,6,6,1,13,3,-1,-1,-1,-1,4,E01001252,0,1
2024131473571,2024,131473571,1,2,0,-1,5,3,7,-1,0,0,5,0,0,0,0,1,-1,9,1,21,5,-1,-1,-1,-1,1,E01011659,0,1
2024440349797,2024,440349797,1,22,0,18,19,8,4,0,0,0,0,0,0,0,4,1,6,6,1,84,11,-1,-1,-1,-1,10,E01023279,0,1
2024542758424,2024,542758424,1,9,0,9,9,1,5,0,0,1,0,0,0,0,3,1,6,6,1,23,5,-1,-1,-1,-1,9,E01015548,0,2
2024501471372,2024,501471372,2,9,0,-1,19,7,3,-1,0,0,0,0,0,0,1,1,-1,1,1,47,8,-1,-1,-1,-1,4,E01018876,0,4
2024201522106,2024,201522106,1,9,0,-1,3,1,5,-1,0,1,0,0,0,0,1,9,-1,6,3,-1,-1,-1,-1,-1,-1,-1,-1,0,-1
202460Q116387,2024,60Q116387,4,9,0,2,2,0,0,9,9,0,0,0,0,0,2,1,6,6,1,37,7,-1,-1,-1,-1,-1,-1,0,-1
2024010526693,2024,010526693,2,4,0,18,19,1,5,0,0,1,0,0,0,0,1,1,6,6,1,46,8,-1,-1,-1,-1,2,E01002002,0,2
2024552401373,2024,552401373,2,1,0,18,19,2,6,4,4,8,0,0,0,0,3,1,6,6,1,22,5,-1,-1,-1,-1,6,E01033283,0,1
2024451441788,2024,451441788,1,9,0,-1,19,7,3,-1,0,0,0,0,0,0,2,1,-1,9,1,25,5,-1,-1,-1,-1,1,E01014638,0,5
2024131531556,2024,131531556,1,9,0,-1,7,5,1,-1,0,6,0,0,0,0,3,1,-1,2,2,24,5,-1,-1,-1,-1,8,E01010862,0,3
2024531464239,2024,531464239,2,9,0,-1,9,1,5,-1,0,1,0,0,0,0,1,1,-1,1,2,23,5,-1,-1,-1,-1,5,E01022250,0,2
2024622400503,2024,622400503,1,4,0,18,19,1,5,0,0,0,1,0,0,0,1,1,6,6,1,24,5,-1,-1,-1,-1,4,W01000764,0,1
2024010548144,2024,010548144,1,3,0,99,99,9,9,99,99,9,9,99,9,99,2,1,1,1,1,39,7,-1,-1,-1,-1,7,E01002678,0,3
2024061464977,2024,061464977,2,4,0,-1,19,5,5,-1,0,0,0,0,0,0,1,1,-1,6,1,20,4,-1,-1,-1,-1,-1,-1,0,-1
2024010523410,2024,010523410,2,23,0,18,19,1,5,0,0,5,0,0,1,0,1,1,6,6,1,44,7,-1,-1,-1,-1,6,E01003218,0,1
2024522401552,2024,522401552,2,9,0,18,19,4,8,0,0,0,0,0,0,0,1,1,6,6,3,-1,-1,-1,-1,-1,-1,-1,-1,0,-1
2024131409843,2024,131409843,1,9,0,-1,19,1,5,-1,0,8,2,0,7,11,1,1,-1,9,1,19,4,-1,-1,-1,-1,9,E01011168,0,1
2024052402742,2024,052402742,1,11,0,18,19,1,5,0,0,0,0,0,0,0,4,1,1,1,1,46,8,-1,-1,-1,-1,1,E01006478,0,3
2024531413747,2024,531413747,2,1,0,-1,14,5,1,-1,0,0,1,4,7,0,1,1,-1,6,1,48,8,-1,-1,-1,-1,9,E01022145,0,1
2024041501924,2024,041501924,2,9,0,-1,19,1,5,-1,0,1,0,0,0,0,1,1,-1,1,1,59,9,-1,-1,-1,-1,6,E01025014,0,2
2024122401026,2024,122401026,1,22,0,18,19,3,7,9,9,0,0,0,0,0,0,1,6,6,1,62,9,-1,-1,-1,-1,8,E01027839,0,1
2024440275725,2024,440275725,2,19,0,9,9,7,5,0,0,8,0,0,0,0,4,1,6,6,1,-1,-1,-1,-1,-1,-1,-1,-1,0,-1
2024544609324,2024,544609324,2,1,0,18,19,8,5,0,0,8,0,0,0,0,3,1,6,6,1,62,9,-1,-1,-1,-1,7,E01031976,0,1
2024340NN0952,2024,340NN0952,1,9,0,-1,9,1,7,-1,0,5,0,0,0,0,3,1,-1,6,1,-1,-1,-1,-1,-1,-1,-1,-1,0,-1
2024440364690,2024,440364690,1,9,0,18,19,1,5,0,0,6,0,0,0,10,1,1,6,6,1,52,8,-1,-1,-1,-1,2,E01032750,0,1
2024061406756,2024,061406756,2,9,0,-1,19,5,1,-1,0,-1,0,0,0,0,2,9,-1,6,1,39,7,-1,-1,-1,-1,1,E01004870,0,1
2024010497330,2024,010497330,2,9,9,99,99,9,9,99,99,9,9,99,9,99,9,9,6,6,3,-1,-1,-1,-1,-1,-1,-1,-1,0,-1
2024010490981,2024,010490981,1,3,0,18,19,1,5,9,9,8,0,0,0,0,2,1,6,6,1,35,6,-1,-1,-1,-1,2,E01024599,0,4
2024010487525,2024,010487525,2,9,0,99,99,9,9,99,99,9,9,99,9,99,9,9,6,6,2,32,6,-1,-1,-1,-1,5,E01023533,0,3
2024311514189,2024,311514189,1,1,-1,-1,19,3,7,-1,0,2,0,0,0,0,1,1,-1,9,1,18,4,-1,-1,-1,-1,4,E01013969,0,1
2024010487808,2024,010487808,1,9,0,18,19,5,1,0,0,8,0,0,0,0,4,1,6,6,3,-1,-1,-1,-1,-1,-1,-1,-1,0,-1
2024543713724,2024,543713724,1,9,0,5,5,3,7,0,0,8,0,0,0,0,1,1,1,1,1,34,6,-1,-1,-1,-1,3,E01017246,0,3
2024311485012,2024,311485012,1,9,0,-1,9,6,3,-1,0,1,0,0,0,0,1,1,-1,6,2,40,7,-1,-1,-1,-1,-1,-1,0,-1
2024302400540,2024,302400540,1,9,0,9,9,6,4,0,0,8,0,0,0,0,4,1,1,1,1,35,6,-1,-1,-1,-1,1,E01013591,0,1
2024131460123,2024,131460123,3,9,0,-1,19,5,5,-1,0,1,0,0,0,0,3,1,-1,6,1,31,6,-1,-1,-1,-1,8,E01011710,0,2
2024061499580,2024,061499580,1,1,0,-1,19,-1,-1,-1,0,1,0,0,0,0,4,1,-1,2,1,35,6,-1,-1,-1,-1,3,E01005128,0,1
2024361510134,2024,361510134,1,9,-1,-1,19,3,7,-1,0,0,0,0,0,0,1,9,-1,6,1,-1,-1,-1,-1,-1,-1,-1,-1,0,-1
2024991492185,2024,991492185,2,1,0,-1,9,3,8,-1,0,8,0,0,0,0,3,1,-1,9,1,53,8,-1,-1,-1,-1,9,-1,0,2
2024010493885,2024,010493885,1,9,0,5,5,0,5,0,0,0,0,0,0,0,3,1,6,6,1,57,9,-1,-1,-1,-1,6,E01004163,0,1
2024010537069,2024,010537069,2,1,0,18,19,3,7,0,0,8,0,0,0,0,4,1,6,6,1,24,5,-1,-1,-1,-1,2,E01002722,0,1
2024010506824,2024,010506824,1,1,0,18,19,7,3,0,0,8,0,0,0,0,1,1,6,6,1,17,4,-1,-1,-1,-1,8,E01003904,0,1
2024010496745,2024,010496745,1,9,0,99,99,9,9,99,99,2,9,99,9,99,4,9,6,6,2,27,6,-1,-1,-1,-1,6,E01002533,0,2
2024332400264,2024,332400264,1,9,0,-1,19,3,7,-1,0,0,0,0,0,0,1,1,-1,9,1,29,6,-1,-1,-1,-1,2,E01034009,0,1
2024010508139,2024,010508139,1,1,9,99,99,9,9,99,99,9,9,99,9,99,9,1,6,6,2,25,5,-1,-1,-1,-1,3,E01001769,0,3
2024010524796,2024,010524796,4,9,0,2,2,0,0,0,0,1,0,0,0,0,4,1,6,6,3,-1,-1,-1,-1,-1,-1,-1,-1,0,-1
2024211521161,2024,211521161,2,9,0,-1,19,6,2,-1,0,0,5,0,7,0,1,1,-1,6,1,-1,-1,-1,-1,-1,-1,-1,-1,0,-1
2024552500079,2024,552500079,1,9,0,18,19,6,2,0,0,0,0,0,0,0,4,1,6,6,3,-1,-1,-1,-1,-1,-1,-1,-1,0,-1
2024010497293,2024,010497293,1,1,0,9,9,1,6,0,0,1,0,0,0,0,1,1,6,6,1,41,7,-1,-1,-1,-1,6,E01001870,0,2
2024010508145,2024,010508145,1,9,0,18,19,1,5,0,0,0,0,0,0,0,2,1,6,6,1,18,4,-1,-1,-1,-1,9,E01004638,0,2
2024471449435,2024,471449435,2,1,0,-1,19,2,6,-1,0,1,0,0,0,0,4,1,-1,6,1,75,10,-1,-1,-1,-1,4,E01021004,0,1
2024010553013,2024,010553013,1,11,9,99,99,9,9,99,99,0,9,99,9,99,9,9,1,1,1,55,8,-1,-1,-1,-1,6,E01002331,0,3
202417S314324,2024,17S314324,1,9,0,-1,7,1,3,-1,0,3,0,0,0,0,1,1,-1,6,2,-1,-1,-1,-1,-1,-1,-1,-1,0,-1
2024010493708,2024,010493708,2,20,0,18,19,8,4,0,0,4,0,0,0,0,0,1,1,1,1,60,9,-1,-1,-1,-1,2,E01001414,0,2
2024332400725,2024,332400725,2,-1,0,-1,19,1,5,-1,0,2,0,0,0,0,2,1,-1,6,1,40,7,-1,-1,-1,-1,-1,-1,1,-1
2024010530708,2024,010530708,1,1,9,99,99,9,9,99,99,9,9,99,9,99,1,1,6,6,3,-1,-1,-1,-1,-1,-1,-1,-1,0,-1
2024010492958,2024,010492958,2,9,0,99,99,9,9,99,99,9,9,99,9,99,9,9,6,6,3,-1,-1,-1,-1,-1,-1,-1,-1,0,-1
2024010491195,2024,010491195,2,9,0,18,19,5,1,0,0,6,0,0,0,0,1,1,2,2,1,45,7,-1,-1,-1,-1,3,E01034146,0,1
2024010539232,2024,010539232,2,9,9,99,99,9,9,0,0,9,9,0,9,0,1,9,6,6,3,-1,-1,-1,-1,-1,-1,-1,-1,0,-1
2024010532652,2024,010532652,1,1,0,17,19,1,5,0,0,1,0,0,0,0,1,1,6,6,1,19,4,-1,-1,-1,-1,5,E01003284,0,3
2024041448711,2024,041448711,2,9,0,-1,19,5,1,-1,0,0,1,0,0,0,4,1,-1,9,2,56,9,-1,-1,-1,-1,8,E01025436,0,2
2024991503656,2024,991503656,2,9,0,-1,9,3,1,-1,0,0,0,0,0,0,3,1,-1,1,1,52,8,-1,-1,-1,-1,7,-1,0,1
2024351543068,2024,351543068,1,9,0,-1,5,6,2,-1,0,1,0,0,0,0,1,1,-1,2,1,38,7,-1,-1,-1,-1,3,E01030109,0,4
2024461456490,2024,461456490,1,9,0,-1,5,3,7,-1,9,0,5,0,1,4,1,1,-1,6,1,19,4,-1,-1,-1,-1,8,E01024451,0,1
2024471503614,2024,471503614,1,9,0,-1,19,7,3,-1,0,0,0,0,0,0,1,1,-1,9,2,40,7,-1,-1,-1,-1,4,E01018862,0,5
2024131509124,2024,131509124,1,23,0,-1,19,3,3,-1,0,1,0,0,0,0,1,1,-1,6,1,16,4,-1,-1,-1,-1,1,E01011625,0,1
2024041410175,2024,041410175,2,1,0,-1,19,7,3,-1,0,8,0,0,0,0,1,1,-1,6,1,65,9,-1,-1,-1,-1,6,E01025607,0,1
2024631413796,2024,631413796,3,21,2,-1,2,0,0,-1,0,0,0,0,0,0,0,1,-1,1,1,48,8,-1,-1,-1,-1,5,W01000528,0,4
2024471475846,2024,471475846,2,16,0,-1,19,5,1,-1,0,1,0,0,0,0,0,1,-1,9,2,52,8,-1,-1,-1,-1,9,E01031495,0,2
2024161511973,2024,161511973,1,9,0,-1,19,2,6,-1,0,0,0,0,1,0,1,1,-1,6,1,42,7,-1,-1,-1,-1,2,E01011274,0,4
2024010488889,2024,010488889,2,9,0,18,19,7,3,0,0,2,0,0,0,0,2,1,6,6,2,56,9,-1,-1,-1,-1,-1,-1,0,-1
2024010536006,2024,010536006,2,1,9,99,99,9,9,99,99,9,9,99,9,99,9,1,1,1,1,39,7,-1,-1,-1,-1,4,E01001636,0,3
2024061503150,2024,061503150,1,9,-1,-1,19,5,2,-1,0,1,0,0,0,0,1,9,-1,6,3,-1,-1,-1,-1,-1,-1,-1,-1,0,-1
2024421495537,2024,421495537,1,9,0,-1,19,6,2,-1,0,1,0,10,0,0,4,1,-1,6,1,18,4,-1,-1,-1,-1,5,E01015904,0,2
2024531455606,2024,531455606,2,9,0,-1,19,3,7,-1,0,8,0,0,0,0,1,1,-1,2,1,57,9,-1,-1,-1,-1,4,E01022240,0,3
2024471514583,2024,471514583,1,20,0,-1,19,1,5,-1,0,0,0,0,0,0,4,9,-1,6,3,-1,-1,-1,-1,-1,-1,-1,-1,0,-1
2024501417168,2024,501417168,1,9,0,-1,19,1,5,-1,0,0,0,0,0,0,1,9,-1,6,3,-1,-1,-1,-1,-1,-1,-1,-1,0,-1
2024010522066,2024,010522066,1,9,0,99,99,9,9,99,99,9,9,99,9,99,1,9,6,6,3,-1,-1,-1,-1,-1,-1,-1,-1,0,-1
2024010492015,2024,010492015,2,9,0,18,19,7,3,0,0,1,0,0,0,0,3,1,1,1,1,45,7,-1,-1,-1,-1,2,E01004306,0,1
2024010519015,2024,010519015,2,9,0,99,99,9,9,99,99,9,9,99,9,99,9,9,6,6,3,-1,-1,-1,-1,-1,-1,-1,-1,0,-1
2024332400346,2024,332400346,2,9,0,-1,19,1,5,-1,0,0,0,0,0,0,4,1,-1,1,1,20,4,-1,-1,-1,-1,6,E01025752,0,3
2024010494510,2024,010494510,1,9,0,3,3,8,4,0,0,1,0,0,0,0,2,1,6,6,2,68,10,-1,-1,-1,-1,-1,-1,0,-1
2024101475996,2024,101475996,1,9,0,-1,19,2,6,-1,-1,0,0,0,0,0,-1,9,-1,6,3,-1,-1,-1,-1,-1,-1,-1,-1,0,-1
2024141460577,2024,141460577,2,97,0,-1,19,1,5,-1,0,4,0,0,0,0,4,1,-1,2,1,60,9,-1,-1,-1,-1,5,E01007887,0,2
2024061439889,2024,061439889,1,1,0,-1,99,-1,-1,-1,0,0,0,0,0,0,3,1,-1,2,1,31,6,-1,-1,-1,-1,6,E01006166,0,2
2024311437225,2024,311437225,2,9,0,-1,-1,-1,-1,-1,0,1,-1,-1,-1,0,-1,1,-1,6,1,21,5,-1,-1,-1,-1,6,E01028078,0,1
2024440186968,2024,440186968,1,1,0,18,19,8,4,0,0,0,0,0,0,0,1,1,6,6,1,-1,-1,-1,-1,-1,-1,-1,-1,0,-1
2024010548809,2024,010548809,1,9,0,18,19,1,5,0,0,1,0,0,0,0,1,1,6,6,3,-1,-1,-1,-1,-1,-1,-1,-1,0,-1
2024461441510,2024,461441510,2,1,0,-1,19,8,4,-1,0,0,0,0,0,0,1,1,-1,6,1,50,8,-1,-1,-1,-1,9,E01032735,0,2
2024010532703,2024,010532703,1,1,9,99,99,9,9,99,99,9,9,99,9,99,9,1,6,6,2,32,6,-1,-1,-1,-1,4,E01003096,0,1
2024111499539,2024,111499539,1,20,0,-1,19,5,1,-1,0,0,0,0,0,0,1,1,-1,1,1,46,8,-1,-1,-1,-1,3,E01008241,0,4
2024311537800,2024,311537800,2,1,0,-1,5,4,8,-1,0,2,0,0,0,0,1,1,-1,9,1,16,4,-1,-1,-1,-1,-1,-1,0,-1
2024010493851,2024,010493851,1,3,0,99,99,9,9,99,99,9,9,99,9,99,1,1,6,6,1,29,6,-1,-1,-1,-1,1,-1,0,5
202417M100324,2024,17M100324,3,9,0,11,11,1,5,0,0,1,0,0,0,0,1,1,6,6,1,39,7,-1,-1,-1,-1,-1,-1,0,-1
2024471520268,2024,471520268,3,11,0,-1,19,4,8,-1,0,0,0,0,0,0,0,9,-1,6,3,-1,-1,-1,-1,-1,-1,-1,-1,0,-1
2024361438895,2024,361438895,2,1,0,-1,5,7,3,-1,0,1,0,0,0,0,1,1,-1,6,2,42,7,-1,-1,-1,-1,1,E01026793,0,1
2024542834624,2024,542834624,1,98,0,4,4,5,1,0,0,0,0,0,0,0,2,1,6,6,1,46,8,-1,-1,-1,-1,8,E01032095,0,1
2024320723862,2024,320723862,1,9,0,-1,-1,5,1,0,0,0,0,0,0,0,1,1,6,6,1,61,9,-1,-1,-1,-1,8,E01026291,0,1
2024010487833,2024,010487833,3,9,0,2,2,0,0,0,0,1,0,0,0,0,3,1,6,6,3,-1,-1,-1,-1,-1,-1,-1,-1,0,-1
2024010508151,2024,010508151,2,1,0,18,19,5,1,0,0,6,0,0,0,0,3,1,2,2,1,44,7,-1,-1,-1,-1,2,E01003947,0,2
2024201467913,2024,201467913,2,9,0,-1,19,7,3,-1,0,8,0,0,0,0,3,1,-1,9,2,20,4,-1,-1,-1,-1,5,E01009764,0,2
2024302400373,2024,302400373,1,9,0,4,4,5,3,0,0,1,0,0,0,0,1,1,6,6,2,28,6,-1,-1,-1,-1,4,E01013555,0,1
2024451459078,2024,451459078,1,98,0,-1,2,1,7,-1,0,0,0,0,0,0,2,9,-1,2,1,69,10,-1,-1,-1,-1,10,E01030948,0,1
2024201482667,2024,201482667,1,9,0,-1,19,2,6,-1,0,1,0,0,0,0,4,1,-1,6,1,67,10,-1,-1,-1,-1,4,E01009280,0,1
2024991465597,2024,991465597,1,9,0,-1,19,4,6,-1,0,1,0,0,7,11,1,1,-1,9,1,17,4,-1,-1,-1,-1,2,-1,0,1
2024161450242,2024,161450242,1,98,0,-1,9,4,2,-1,0,5,0,0,0,0,2,1,-1,6,1,20,4,-1,-1,-1,-1,1,E01012867,0,1
2024991425012,2024,991425012,2,1,0,-1,19,3,7,-1,0,0,0,0,0,0,1,1,-1,6,1,54,8,-1,-1,-1,-1,10,-1,0,2
2024451448212,2024,451448212,1,9,0,-1,19,5,1,-1,0,0,0,0,0,0,2,1,-1,9,2,50,8,-1,-1,-1,-1,4,E01030709,0,1
2024991446685,2024,991446685,2,1,0,-1,19,6,1,-1,9,1,0,0,0,0,1,1,-1,6,1,14,3,-1,-1,-1,-1,1,-1,0,1
2024311526485,2024,311526485,1,9,0,-1,19,7,3,-1,0,1,0,0,0,0,1,1,-1,6,3,-1,-1,-1,-1,-1,-1,-1,-1,0,-1
2024471416027,2024,471416027,26,9,0,-1,19,7,3,-1,0,0,0,0,0,0,1,1,-1,6,-1,-1,-1,-1,-1,-1,-1,-1,-1,0,-1
2024471394940,2024,471394940,1,8,0,-1,19,5,1,-1,0,1,0,0,0,0,1,1,-1,6,1,68,10,-1,-1,-1,-1,1,E01031404,0,1
2024010538529,2024,010538529,1,1,9,99,99,9,9,99,99,9,9,8,9,99,1,1,6,6,1,23,5,-1,-1,-1,-1,2,E01033602,0,1
2024201491527,2024,201491527,1,9,0,-1,19,2,6,-1,0,5,0,0,0,0,1,1,-1,6,-1,20,4,-1,-1,-1,-1,-1,-1,0,-1
2024010523324,2024,010523324,1,1,0,18,19,5,1,5,5,1,0,0,0,0,1,1,6,6,1,24,5,-1,-1,-1,-1,-1,-1,0,-1
2024401507615,2024,401507615,2,1,0,-1,19,1,5,-1,0,1,0,0,0,0,3,1,-1,6,1,15,3,-1,-1,-1,-1,2,E01015704,0,1
2024430052956,2024,430052956,1,9,0,5,5,3,7,9,9,6,0,0,0,0,1,1,6,6,3,-1,-1,-1,-1,-1,-1,-1,-1,0,-1
2024302400178,2024,302400178,1,9,0,7,7,5,7,0,0,8,0,0,0,0,1,1,6,6,3,-1,-1,-1,-1,-1,-1,5,E01019456,0,3
2024411465294,2024,411465294,2,1,0,-1,-1,-1,-1,-1,-1,-1,-1,-1,-1,0,-1,1,-1,9,1,49,8,-1,-1,-1,-1,8,E01023407,0,1
2024461482466,2024,461482466,2,9,0,-1,2,0,0,-1,0,0,0,0,0,0,1,1,-1,6,1,62,9,-1,-1,-1,-1,-1,-1,0,-1
2024010501857,2024,010501857,2,1,0,18,19,5,1,0,0,0,0,0,0,0,1,1,6,6,1,35,6,-1,-1,-1,-1,3,E01003086,0,1
202460Q052657,2024,60Q052657,2,9,0,18,19,5,1,0,0,0,0,0,0,0,1,1,6,6,2,53,8,-1,-1,-1,-1,-1,-1,0,-1
2024211542212,2024,211542212,1,9,0,-1,4,3,5,-1,0,0,1,0,0,0,2,1,-1,6,2,34,6,-1,-1,-1,-1,4,E01014259,0,1
2024320173777,2024,320173777,2,9,0,-1,-1,2,6,0,0,0,0,0,1,2,3,1,-1,-1,1,56,9,-1,-1,-1,-1,4,E01026071,0,4
2024631477087,2024,631477087,1,21,4,-1,19,2,6,-1,0,0,5,0,1,11,4,1,-1,1,1,51,8,-1,-1,-1,-1,7,W01000558,0,4
2024010547053,2024,010547053,3,1,9,99,99,9,9,99,99,9,9,99,9,99,9,1,6,6,3,-1,-1,-1,-1,-1,-1,-1,-1,0,-1
2024221466790,2024,221466790,2,1,0,-1,19,4,1,-1,0,0,0,0,0,0,3,1,-1,6,1,60,9,-1,-1,-1,-1,7,E01034801,0,4
2024461533190,2024,461533190,2,9,0,-1,2,0,0,-1,0,0,0,4,0,0,2,1,-1,6,-1,-1,-1,-1,-1,-1,-1,-1,-1,0,-1
2024010497719,2024,010497719,2,1,0,18,19,5,1,0,0,8,5,0,1,0,4,1,2,2,1,27,6,-1,-1,-1,-1,6,E01001496,0,4
2024440147686,2024,440147686,1,8,0,18,19,8,4,0,0,0,0,0,0,0,4,1,1,1,3,-1,-1,-1,-1,-1,-1,-1,-1,0,-1
2024041416696,2024,041416696,2,1,0,-1,19,3,7,-1,0,1,0,0,0,0,4,1,-1,9,1,63,9,-1,-1,-1,-1,3,E01006035,0,4
2024010508696,2024,010508696,2,9,0,99,99,9,9,99,99,9,9,99,9,99,1,9,6,6,3,-1,-1,-1,-1,-1,-1,-1,-1,0,-1
2024430337103,2024,430337103,2,1,0,18,19,6,2,0,0,8,0,0,0,0,1,1,3,7,1,14,3,-1,-1,-1,-1,10,E01032759,0,1
2024131492519,2024,131492519,1,1,0,-1,19,7,3,-1,0,0,0,0,0,0,3,1,-1,6,1,10,2,-1,-1,-1,-1,1,E01011922,0,1
2024010488302,2024,010488302,1,9,0,9,9,3,1,0,0,5,0,0,0,0,1,1,6,6,1,-1,-1,-1,-1,-1,-1,-1,-1,0,-1
2024131435565,2024,131435565,1,9,0,-1,-1,-1,-1,-1,-1,0,-1,-1,-1,-1,-1,1,-1,6,3,-1,-1,-1,-1,-1,-1,-1,-1,0,-1
2024430097070,2024,430097070,1,9,0,5,5,3,7,0,0,1,0,0,0,0,4,1,6,6,1,60,9,-1,-1,-1,-1,-1,-1,0,-1
2024351437871,2024,351437871,1,98,0,-1,4,1,5,-1,0,0,1,0,0,0,1,2,-1,6,1,19,4,-1,-1,-1,-1,-1,-1,0,-1
2024061470962,2024,061470962,1,9,0,-1,19,7,2,-1,0,0,0,0,0,0,3,9,-1,6,3,18,4,-1,-1,-1,-1,-1,-1,0,-1
2024501484708,2024,501484708,1,97,0,-1,99,-1,-1,-1,9,0,0,0,7,0,0,1,-1,6,3,-1,-1,-1,-1,-1,-1,-1,-1,0,-1
2024010522208,2024,010522208,1,19,9,99,99,9,9,99,99,9,9,99,9,99,9,9,6,6,3,-1,-1,-1,-1,-1,-1,-1,-1,0,-1
2024010529808,2024,010529808,1,1,0,18,19,1,5,0,0,7,0,0,0,0,3,1,6,6,1,16,4,-1,-1,-1,-1,5,E01003292,0,1
2024440099963,2024,440099963,1,9,0,17,19,5,2,0,0,8,0,0,0,0,4,1,6,6,2,55,8,-1,-1,-1,-1,4,E01023085,0,1
2024231451659,2024,231451659,2,19,0,-1,9,4,2,-1,0,5,0,0,0,0,2,1,-1,6,1,35,6,-1,-1,-1,-1,6,E01009531,0,3
2024501434485,2024,501434485,2,98,0,-1,2,0,0,-1,0,0,0,0,0,0,3,1,-1,6,-1,-1,-1,-1,-1,-1,-1,-1,-1,0,-1
2024231454429,2024,231454429,3,9,0,-1,4,6,2,-1,0,0,0,0,0,0,0,1,-1,1,1,37,7,-1,-1,-1,-1,9,E01028415,0,4
2024332400704,2024,332400704,4,9,0,-1,2,0,0,-1,0,0,0,0,0,0,2,1,-1,6,3,-1,-1,-1,-1,-1,-1,-1,-1,0,-1
2024010536989,2024,010536989,2,1,9,99,99,9,9,4,4,9,9,99,9,99,1,1,6,6,3,-1,-1,-1,-1,-1,-1,-1,-1,0,-1
2024302400367,2024,302400367,1,19,0,18,19,6,2,0,0,2,0,0,0,0,4,1,6,6,3,-1,-1,-1,-1,-1,-1,5,E01019456,0,3
2024320022174,2024,320022174,1,9,0,-1,-1,6,2,0,0,0,0,0,0,0,2,1,6,6,1,22,5,-1,-1,-1,-1,4,E01026125,0,1
2024471486081,2024,471486081,1,1,0,-1,19,3,7,-1,0,0,1,0,0,0,1,1,-1,9,1,57,9,-1,-1,-1,-1,5,E01016986,0,1
2024141557331,2024,141557331,2,1,0,-1,19,6,7,-1,0,8,0,0,0,0,2,1,-1,6,1,29,6,-1,-1,-1,-1,1,E01007377,0,2