collision_index,collision_year,collision_ref_no,vehicle_reference,vehicle_type,towing_and_articulation,vehicle_manoeuvre_historic,vehicle_manoeuvre,vehicle_direction_from,vehicle_direction_to,vehicle_location_restricted_lane_historic,vehicle_location_restricted_lane,junction_location,skidding_and_overturning,hit_object_in_carriageway,vehicle_leaving_carriageway,hit_object_off_carriageway,first_point_of_impact,vehicle_left_hand_drive,journey_purpose_of_driver_historic,journey_purpose_of_driver,sex_of_driver,age_of_driver,age_band_of_driver,engine_capacity_cc,propulsion_code,age_of_vehicle,generic_make_model,driver_imd_decile,lsoa_of_driver,escooter_flag,driver_distance_banding
2024211441945,2024,211441945,2,22,0,-1,19,8,4,-1,0,8,0,0,0,0,3,1,-1,9,1,93,11,-1,-1,-1,-1,-1,-1,0,-1
2024221535698,2024,221535698,1,9,0,-1,9,8,7,-1,0,6,0,0,0,0,3,1,-1,6,1,45,7,-1,-1,-1,-1,-1,-1,0,-1
2024543736224,2024,543736224,2,1,0,18,19,7,3,0,0,1,0,0,0,0,4,1,6,6,1,54,8,-1,-1,-1,-1,10,E01022884,0,4
2024052401525,2024,052401525,2,9,0,18,19,1,5,0,0,8,0,0,0,0,4,1,6,6,1,56,9,-1,-1,-1,-1,5,E01007159,0,1
2024552400453,2024,552400453,1,9,0,18,19,3,7,0,0,3,0,0,0,0,1,1,6,6,1,54,8,-1,-1,-1,-1,7,E01015428,0,1
2024010533249,2024,010533249,1,1,9,99,99,9,9,99,99,9,9,99,9,99,9,1,2,2,1,25,5,-1,-1,-1,-1,2,E01033877,0,1
2024501414265,2024,501414265,1,9,0,-1,5,4,1,-1,0,1,0,0,0,0,1,1,-1,9,2,64,9,-1,-1,-1,-1,5,E01018976,0,4
2024430450469,2024,430450469,1,9,0,14,14,5,1,0,0,0,0,0,0,0,1,1,6,6,1,-1,-1,-1,-1,-1,-1,-1,-1,0,-1
2024010502575,2024,010502575,1,-1,0,18,19,3,7,9,9,5,0,0,0,0,1,1,6,6,3,23,5,-1,-1,-1,-1,-1,-1,1,-1
2024401450116,2024,401450116,2,19,0,-1,4,-1,-1,-1,0,3,1,0,0,0,2,9,-1,6,1,26,6,-1,-1,-1,-1,4,E01017536,0,1
2024161457486,2024,161457486,2,1,0,-1,9,6,4,-1,0,4,0,0,0,0,3,1,-1,6,1,59,9,-1,-1,-1,-1,7,E01013226,0,1
2024451506448,2024,451506448,1,9,0,-1,19,5,1,-1,0,0,1,0,0,0,1,1,-1,7,2,38,7,-1,-1,-1,-1,10,E01030839,0,1
2024320494182,2024,320494182,2,1,0,-1,-1,4,8,9,9,1,0,0,0,0,1,1,6,6,2,7,2,-1,-1,-1,-1,3,E01034686,0,1
2024010494836,2024,010494836,2,3,0,18,19,5,1,0,0,4,0,0,0,0,1,1,2,2,2,25,5,-1,-1,-1,-1,4,E01000477,0,1
2024201425368,2024,201425368,1,9,0,-1,12,1,5,-1,0,0,0,0,0,0,3,2,-1,6,1,30,6,-1,-1,-1,-1,-1,-1,0,-1
2024401525416,2024,401525416,2,9,0,-1,19,1,5,-1,0,8,0,0,0,0,4,1,-1,2,1,54,8,-1,-1,-1,-1,7,E01012241,0,5
2024501505347,2024,501505347,2,9,0,-1,19,7,3,-1,0,1,9,0,0,0,1,1,-1,6,1,82,11,-1,-1,-1,-1,8,E01018899,0,1
2024411526179,2024,411526179,1,9,0,-1,1,3,7,-1,0,1,0,0,0,0,2,1,-1,1,1,31,6,-1,-1,-1,-1,6,E01023836,0,1
2024010492701,2024,010492701,1,97,0,99,99,9,9,0,0,1,0,0,0,0,9,1,6,6,3,-1,-1,-1,-1,-1,-1,-1,-1,0,-1
2024610022124,2024,610022124,1,9,0,17,19,2,7,0,0,0,0,0,0,0,4,1,6,6,1,-1,-1,-1,-1,-1,-1,-1,-1,0,-1
2024131395567,2024,131395567,1,9,0,-1,19,1,5,-1,0,1,0,0,0,0,1,1,-1,6,3,-1,-1,-1,-1,-1,-1,-1,-1,0,-1
2024520401378,2024,520401378,1,9,0,18,19,7,3,0,0,0,0,0,0,0,1,1,6,6,2,18,4,-1,-1,-1,-1,7,E01029164,0,1
2024471519368,2024,471519368,1,9,0,-1,19,2,6,-1,0,1,0,0,0,0,4,1,-1,6,2,-1,-1,-1,-1,-1,-1,-1,-1,0,-1
2024010488822,2024,010488822,2,9,0,99,99,9,9,99,99,0,9,99,9,99,1,1,6,6,3,-1,-1,-1,-1,-1,-1,1,E01000521,0,1
2024201474394,2024,201474394,1,9,0,-1,19,6,2,-1,0,1,0,0,0,0,1,1,-1,6,1,60,9,-1,-1,-1,-1,-1,-1,0,-1
2024421427301,2024,421427301,1,21,1,-1,10,7,1,-1,0,6,0,0,0,0,3,1,-1,1,1,50,8,-1,-1,-1,-1,6,E01026872,0,4
2024421474773,2024,421474773,1,9,0,-1,7,1,3,-1,0,2,0,0,0,0,1,1,-1,6,1,-1,-1,-1,-1,-1,-1,-1,-1,0,-1
2024070697348,2024,070697348,2,9,0,18,19,8,4,0,0,0,0,0,0,0,4,1,6,6,2,50,8,-1,-1,-1,-1,9,E01018474,0,1
2024201490927,2024,201490927,1,9,0,-1,19,1,5,-1,0,0,0,0,0,0,3,9,-1,6,3,-1,-1,-1,-1,-1,-1,-1,-1,0,-1
2024411432513,2024,411432513,1,9,-1,-1,-1,-1,-1,-1,-1,0,-1,-1,-1,0,-1,9,-1,6,1,24,5,-1,-1,-1,-1,6,E01023855,0,1
2024010515027,2024,010515027,1,1,0,18,19,2,6,0,0,8,0,0,0,0,1,1,6,6,1,39,7,-1,-1,-1,-1,8,E01004508,0,2
2024122401103,2024,122401103,2,90,0,18,19,5,1,0,0,8,0,0,1,0,3,1,6,6,1,42,7,-1,-1,-1,-1,7,E01027601,0,2
2024010495105,2024,010495105,1,9,0,18,19,7,3,0,0,1,0,4,0,0,1,1,6,6,1,66,10,-1,-1,-1,-1,5,E01001677,0,1
2024010489636,2024,010489636,2,9,0,99,99,9,9,99,99,0,9,99,9,99,1,9,6,6,3,-1,-1,-1,-1,-1,-1,-1,-1,0,-1
2024451460192,2024,451460192,1,97,0,-1,19,3,7,-1,0,0,0,0,0,0,1,1,-1,6,3,45,7,-1,-1,-1,-1,-1,-1,0,-1
2024010490111,2024,010490111,1,9,0,99,99,9,9,99,99,9,9,99,9,99,1,9,6,6,3,-1,-1,-1,-1,-1,-1,-1,-1,0,-1
2024991508654,2024,991508654,2,9,0,-1,19,2,6,-1,0,1,0,0,0,0,1,1,-1,9,1,29,6,-1,-1,-1,-1,8,-1,0,1
2024010545272,2024,010545272,2,9,0,1,1,5,1,0,0,4,0,0,0,0,2,1,6,6,3,-1,-1,-1,-1,-1,-1,-1,-1,0,-1
2024451412669,2024,451412669,1,9,0,-1,19,3,1,-1,0,0,0,0,0,0,4,9,-1,6,3,35,6,-1,-1,-1,-1,-1,-1,0,-1
2024311440064,2024,311440064,1,19,0,-1,19,6,6,-1,0,0,0,0,0,0,2,1,-1,6,2,70,10,-1,-1,-1,-1,-1,-1,0,-1
2024010544731,2024,010544731,2,9,0,18,19,8,4,9,9,1,0,0,0,0,2,1,6,6,1,58,9,-1,-1,-1,-1,-1,-1,0,-1
2024610022524,2024,610022524,2,3,0,6,6,3,3,0,0,0,0,0,1,0,1,1,1,1,1,26,6,-1,-1,-1,-1,9,W01001543,0,1
2024221467555,2024,221467555,2,9,0,-1,19,4,1,-1,0,8,0,0,0,0,1,1,-1,6,2,47,8,-1,-1,-1,-1,5,E01014060,0,1
2024302401492,2024,302401492,1,9,0,18,19,4,8,0,0,8,0,0,1,11,3,1,6,6,1,-1,-1,-1,-1,-1,-1,7,E01019617,0,1
2024061415071,2024,061415071,1,19,0,-1,-1,-1,-1,-1,-1,0,-1,-1,-1,0,-1,9,-1,6,3,-1,-1,-1,-1,-1,-1,-1,-1,0,-1
2024010496248,2024,010496248,2,9,0,18,19,7,3,0,0,1,0,0,0,0,3,1,6,6,1,35,6,-1,-1,-1,-1,8,E01003904,0,1
202454E801124,2024,54E801124,2,1,0,12,12,4,2,0,0,1,0,0,0,0,4,1,6,6,1,69,10,-1,-1,-1,-1,6,E01023179,0,4
2024302400906,2024,302400906,1,9,0,18,19,8,4,0,0,8,0,0,0,0,1,1,6,6,1,38,7,-1,-1,-1,-1,1,E01013536,0,1
2024010487102,2024,010487102,1,9,0,99,99,9,9,99,99,9,9,99,9,99,2,9,2,2,2,51,8,-1,-1,-1,-1,4,E01003793,0,1
2024411455189,2024,411455189,1,9,-1,-1,19,-1,-1,-1,0,0,0,0,0,0,-1,9,-1,6,3,-1,-1,-1,-1,-1,-1,-1,-1,0,-1
2024122401125,2024,122401125,2,9,4,18,19,6,3,0,0,2,0,0,0,0,3,1,1,1,1,47,8,-1,-1,-1,-1,8,E01027753,0,4
2024070941967,2024,070941967,1,9,0,-1,19,5,1,-1,0,4,0,99,9,99,1,1,-1,6,3,40,7,-1,-1,-1,-1,-1,-1,0,-1
2024481507973,2024,481507973,1,1,0,-1,19,7,3,-1,0,8,0,0,0,0,1,1,-1,9,2,22,5,-1,-1,-1,-1,-1,-1,0,-1
2024010488321,2024,010488321,1,9,9,99,99,9,9,99,99,0,9,99,9,99,9,9,6,6,3,-1,-1,-1,-1,-1,-1,-1,-1,0,-1
2024052400488,2024,052400488,2,1,0,18,19,6,2,0,0,1,0,0,0,0,4,1,6,6,1,20,4,-1,-1,-1,-1,5,E01006933,0,1
2024440022060,2024,440022060,2,9,0,18,19,5,1,0,0,0,0,8,0,0,4,1,6,6,3,-1,-1,-1,-1,-1,-1,-1,-1,0,-1
2024101398143,2024,101398143,2,1,0,-1,19,5,1,-1,0,0,0,0,0,0,1,1,-1,2,1,45,7,-1,-1,-1,-1,3,E01008857,0,1
2024010518098,2024,010518098,2,1,0,13,13,7,3,0,0,0,2,0,0,0,1,1,1,1,1,24,5,-1,-1,-1,-1,4,E01032772,0,1
2024010525662,2024,010525662,4,9,0,8,8,3,4,0,0,1,0,0,0,0,3,1,1,1,1,24,5,-1,-1,-1,-1,-1,-1,0,-1
2024201467345,2024,201467345,2,9,0,-1,9,2,8,-1,0,6,0,0,0,0,1,9,-1,6,3,-1,-1,-1,-1,-1,-1,-1,-1,0,-1
2024302401141,2024,302401141,3,9,0,18,19,8,4,0,0,0,0,0,0,0,0,1,6,6,3,-1,-1,-1,-1,-1,-1,-1,-1,0,-1
2024610035024,2024,610035024,2,9,0,18,19,2,6,0,0,0,0,0,0,0,1,1,6,6,3,-1,-1,-1,-1,-1,-1,-1,-1,0,-1
2024010514582,2024,010514582,2,98,9,99,99,9,9,99,99,9,9,99,9,99,1,9,6,6,3,-1,-1,-1,-1,-1,-1,5,E01035423,0,5
2024161513931,2024,161513931,2,9,0,-1,19,1,5,-1,0,8,0,0,0,0,4,9,-1,6,1,-1,-1,-1,-1,-1,-1,-1,-1,0,-1
2024131471772,2024,131471772,1,9,0,-1,10,1,1,-1,0,8,0,0,0,0,1,1,-1,2,2,23,5,-1,-1,-1,-1,8,E01007381,0,3
2024161529038,2024,161529038,1,9,0,-1,19,5,1,-1,0,0,1,10,0,0,1,1,-1,2,2,40,7,-1,-1,-1,-1,4,E01012827,0,3
2024010530269,2024,010530269,1,1,0,18,19,7,3,0,0,1,5,0,0,0,1,1,2,2,2,33,6,-1,-1,-1,-1,2,E01001849,0,1
2024201533665,2024,201533665,1,9,0,-1,15,3,7,-1,0,0,0,0,0,0,4,9,-1,6,3,50,8,-1,-1,-1,-1,-1,-1,0,-1
2024010515493,2024,010515493,1,1,9,99,99,9,9,99,99,1,9,99,9,99,9,1,2,2,1,59,9,-1,-1,-1,-1,8,E01001127,0,2
2024052402738,2024,052402738,1,8,0,9,9,4,2,0,0,1,0,0,0,0,1,1,6,6,3,-1,-1,-1,-1,-1,-1,-1,-1,0,-1
2024070089528,2024,070089528,1,9,0,7,7,5,7,0,0,5,0,0,0,0,1,1,6,6,1,-1,-1,-1,-1,-1,-1,-1,-1,0,-1
2024471481528,2024,471481528,1,1,0,-1,19,3,7,-1,0,1,0,0,0,0,1,1,-1,9,2,34,6,-1,-1,-1,-1,3,E01004263,0,4
2024061491328,2024,061491328,2,9,-1,-1,-1,-1,-1,-1,-1,0,-1,-1,-1,0,-1,9,-1,6,3,30,6,-1,-1,-1,-1,-1,-1,0,-1
2024010522497,2024,010522497,2,1,0,18,19,1,5,0,0,8,0,0,0,0,1,1,6,6,2,33,6,-1,-1,-1,-1,3,E01004240,0,1
2024010535798,2024,010535798,2,1,0,18,19,7,3,0,0,1,0,0,0,0,3,1,6,6,2,29,6,-1,-1,-1,-1,4,E01001934,0,1
2024010547042,2024,010547042,2,9,0,18,19,2,6,0,0,2,0,0,0,0,1,1,6,6,3,-1,-1,-1,-1,-1,-1,-1,-1,0,-1
2024440496863,2024,440496863,2,9,0,18,19,5,1,0,0,0,0,0,0,0,2,1,2,2,1,46,8,-1,-1,-1,-1,1,E01006659,0,5
2024201433919,2024,201433919,1,9,0,-1,5,2,6,-1,0,1,0,0,0,0,0,9,-1,6,3,-1,-1,-1,-1,-1,-1,-1,-1,0,-1
2024010543653,2024,010543653,2,9,0,99,99,9,9,99,99,9,9,99,9,99,1,9,6,6,3,-1,-1,-1,-1,-1,-1,-1,-1,0,-1
2024401443966,2024,401443966,1,9,0,-1,5,2,5,-1,0,4,0,0,0,0,3,1,-1,9,2,73,10,-1,-1,-1,-1,5,E01017579,0,1
2024302400278,2024,302400278,1,22,0,18,19,5,1,9,9,0,0,0,0,0,1,1,6,6,3,-1,-1,-1,-1,-1,-1,5,E01019456,0,4
2024010488314,2024,010488314,2,9,0,18,19,6,2,0,0,6,0,0,0,0,1,1,6,6,3,34,6,-1,-1,-1,-1,-1,-1,0,-1
2024161494458,2024,161494458,2,8,0,-1,5,7,3,-1,9,0,0,0,0,0,1,1,-1,6,1,-1,-1,-1,-1,-1,-1,-1,-1,0,-1
2024201564110,2024,201564110,2,-1,0,-1,19,8,4,-1,0,8,0,0,0,0,2,1,-1,6,1,24,5,-1,-1,-1,-1,-1,-1,1,-1
2024201470640,2024,201470640,2,9,0,-1,19,5,1,-1,0,0,0,0,0,0,2,1,-1,6,2,33,6,-1,-1,-1,-1,-1,-1,0,-1
2024101493881,2024,101493881,1,23,0,-1,19,4,8,-1,0,8,0,0,0,0,3,1,-1,9,1,27,6,-1,-1,-1,-1,1,E01008572,0,2
2024010511117,2024,010511117,3,9,0,18,19,3,7,0,0,9,9,99,9,99,1,9,6,6,3,-1,-1,-1,-1,-1,-1,-1,-1,0,-1
2024231402881,2024,231402881,1,9,0,-1,19,7,3,-1,0,0,0,0,0,0,1,9,-1,6,3,38,7,-1,-1,-1,-1,-1,-1,0,-1
2024052401716,2024,052401716,2,9,0,18,19,4,8,0,0,6,0,0,0,0,1,1,6,6,3,-1,-1,-1,-1,-1,-1,-1,-1,0,-1
2024052402678,2024,052402678,2,1,0,18,19,6,2,0,0,2,0,0,0,0,1,1,6,6,1,65,9,-1,-1,-1,-1,2,E01006520,0,1
2024440229278,2024,440229278,1,9,0,16,19,6,1,0,0,1,0,0,0,0,4,1,6,6,3,-1,-1,-1,-1,-1,-1,-1,-1,0,-1
2024010530608,2024,010530608,2,9,0,18,19,4,8,0,0,8,0,0,0,0,1,1,6,6,3,-1,-1,-1,-1,-1,-1,-1,-1,0,-1
2024461405433,2024,461405433,1,9,0,-1,4,3,7,-1,0,0,1,0,0,0,1,9,-1,6,1,62,9,-1,-1,-1,-1,1,E01024612,0,4
2024430278278,2024,430278278,1,9,0,7,7,1,3,0,0,6,0,0,0,0,1,1,1,1,2,60,9,-1,-1,-1,-1,7,E01016509,0,1
2024401411424,2024,401411424,1,9,-1,-1,-1,-1,-1,-1,-1,0,-1,-1,-1,0,3,9,-1,6,1,-1,-1,-1,-1,-1,-1,-1,-1,0,-1
2024201527359,2024,201527359,1,9,0,-1,5,8,5,-1,0,6,0,0,0,0,1,1,-1,6,3,-1,-1,-1,-1,-1,-1,-1,-1,0,-1
2024131492215,2024,131492215,2,90,0,-1,19,3,3,-1,0,0,0,0,0,0,3,1,-1,9,1,41,7,-1,-1,-1,-1,9,E01011296,0,2
2024010488387,2024,010488387,1,19,0,1,1,3,7,0,0,8,0,0,0,0,2,1,2,2,1,26,6,-1,-1,-1,-1,3,E01000133,0,3
2024010498162,2024,010498162,2,1,0,13,13,3,7,4,4,1,0,0,0,0,1,1,2,2,1,32,6,-1,-1,-1,-1,8,E01002690,0,1
2024421453195,2024,421453195,1,9,0,-1,19,1,5,-1,0,1,0,0,0,0,4,9,-1,6,3,46,8,-1,-1,-1,-1,8,E01021463,0,1
2024010490387,2024,010490387,2,8,0,99,99,9,9,99,99,9,9,99,9,99,9,9,6,6,3,-1,-1,-1,-1,-1,-1,-1,-1,0,-1
2024421526049,2024,421526049,2,9,0,-1,5,6,1,-1,99,8,0,0,0,0,3,1,-1,6,2,34,6,-1,-1,-1,-1,8,E01021621,0,1
2024071089671,2024,071089671,1,19,0,-1,19,5,1,-1,0,0,0,0,0,0,4,1,-1,6,1,56,9,-1,-1,-1,-1,8,E01018434,0,1
2024320345021,2024,320345021,2,1,0,-1,-1,5,1,0,0,0,0,0,0,0,1,1,6,6,1,13,3,-1,-1,-1,-1,-1,-1,0,-1
2024520403269,2024,520403269,1,9,0,5,5,2,6,0,0,2,0,0,0,0,1,1,6,6,2,20,4,-1,-1,-1,-1,4,E01029036,0,2
2024010510747,2024,010510747,1,1,0,18,19,3,7,4,4,1,0,0,0,0,1,1,6,6,1,46,8,-1,-1,-1,-1,3,E01003992,0,1
2024010547007,2024,010547007,1,90,0,18,19,7,3,0,0,8,0,0,0,0,1,1,6,6,3,-1,-1,-1,-1,-1,-1,-1,-1,0,-1
2024010507113,2024,010507113,2,9,0,10,10,3,1,0,0,1,0,0,0,0,1,1,6,6,1,33,6,-1,-1,-1,-1,-1,-1,0,-1
2024041532309,2024,041532309,1,1,0,-1,9,7,3,-1,0,0,0,0,0,0,3,1,-1,2,1,19,4,-1,-1,-1,-1,1,E01025297,0,1
202460Q156276,2024,60Q156276,1,9,0,18,19,8,4,0,0,0,0,0,0,0,3,1,6,6,2,65,9,-1,-1,-1,-1,-1,-1,0,-1
2024052400867,2024,052400867,2,1,0,18,19,5,1,0,0,1,0,0,0,0,3,1,6,6,1,11,3,-1,-1,-1,-1,-1,-1,0,-1
2024161426603,2024,161426603,2,9,0,-1,19,2,6,-1,0,0,2,0,0,0,1,1,-1,9,2,76,11,-1,-1,-1,-1,7,E01013292,0,2
2024361493781,2024,361493781,1,9,0,-1,19,1,5,-1,0,1,0,10,0,0,4,1,-1,9,1,19,4,-1,-1,-1,-1,7,E01026517,0,1
2024302400492,2024,302400492,2,1,0,17,19,4,1,0,0,0,0,0,0,0,3,1,6,6,1,16,4,-1,-1,-1,-1,1,E01013590,0,1
2024311453188,2024,311453188,1,9,0,-1,19,2,6,-1,0,0,0,0,0,0,2,1,-1,6,1,54,8,-1,-1,-1,-1,7,E01026080,0,5
2024471394658,2024,471394658,2,1,0,-1,19,8,4,-1,0,1,0,0,0,0,1,1,-1,7,1,44,7,-1,-1,-1,-1,4,E01031433,0,1
2024201398249,2024,201398249,2,1,0,-1,19,8,4,-1,0,0,0,0,0,0,1,1,-1,6,2,38,7,-1,-1,-1,-1,3,E01009626,0,1
2024311473687,2024,311473687,1,9,0,-1,19,5,1,-1,0,0,0,0,0,0,0,9,-1,6,3,40,7,-1,-1,-1,-1,-1,-1,0,-1
2024010494754,2024,010494754,1,9,0,10,10,5,3,0,0,6,0,0,0,0,1,1,6,6,1,45,7,-1,-1,-1,-1,7,E01001231,0,1
2024010524181,2024,010524181,1,1,9,99,99,9,9,99,99,9,9,99,9,99,1,1,6,6,1,26,6,-1,-1,-1,-1,4,E01004031,0,2
2024010491962,2024,010491962,2,1,0,18,19,3,7,4,4,1,5,0,0,0,3,1,2,2,1,38,7,-1,-1,-1,-1,7,E01002827,0,1
2024010499657,2024,010499657,1,1,9,99,99,9,9,99,99,9,9,99,9,99,1,1,2,2,2,52,8,-1,-1,-1,-1,5,E01002874,0,1
2024131426585,2024,131426585,2,9,0,-1,9,7,1,-1,0,5,0,0,0,0,3,1,-1,9,2,32,6,-1,-1,-1,-1,1,E01011360,0,1
2024052401191,2024,052401191,1,8,0,5,5,3,7,0,0,0,0,0,0,0,4,1,1,1,1,-1,-1,-1,-1,-1,-1,-1,-1,0,-1
2024421477484,2024,421477484,1,99,0,-1,19,5,1,-1,0,1,0,0,0,0,4,1,-1,6,1,50,8,-1,-1,-1,-1,-1,-1,0,-1
2024522403428,2024,522403428,1,1,0,7,7,1,4,0,0,5,0,0,0,0,1,1,6,6,2,23,5,-1,-1,-1,-1,4,E01014686,0,1
2024161518736,2024,161518736,1,9,0,-1,19,7,3,-1,0,0,1,0,1,7,1,9,-1,6,1,40,7,-1,-1,-1,-1,7,E01013100,0,2
2024010525660,2024,010525660,1,1,9,99,99,9,9,99,99,9,9,99,9,99,1,1,1,1,1,19,4,-1,-1,-1,-1,2,E01003196,0,1
2024141424857,2024,141424857,1,9,0,-1,19,5,1,-1,0,1,0,0,0,0,1,1,-1,6,3,-1,-1,-1,-1,-1,-1,-1,-1,0,-1
2024311488110,2024,311488110,2,1,0,-1,19,1,5,-1,0,0,0,4,7,0,1,1,-1,9,1,13,3,-1,-1,-1,-1,4,E01027996,0,1
2024101403180,2024,101403180,2,9,0,-1,3,5,1,-1,0,0,0,0,0,0,2,1,-1,9,2,54,8,-1,-1,-1,-1,7,E01011959,0,4
2024010488650,2024,010488650,2,9,0,9,9,7,5,0,0,8,0,0,0,0,1,1,1,1,1,25,5,-1,-1,-1,-1,9,E01003823,0,4
2024461409774,2024,461409774,2,1,0,-1,5,1,5,-1,0,0,0,0,0,0,4,1,-1,6,1,49,8,-1,-1,-1,-1,10,E01024449,0,2
2024481563460,2024,481563460,1,1,0,-1,15,5,1,-1,0,1,0,0,0,0,1,1,-1,6,1,25,5,-1,-1,-1,-1,-1,-1,0,-1
2024340NN0282,2024,340NN0282,1,9,0,-1,19,3,7,-1,0,3,0,0,0,0,4,1,-1,6,1,-1,-1,-1,-1,-1,-1,-1,-1,0,-1
2024421460144,2024,421460144,1,9,0,-1,19,4,8,-1,0,0,0,0,0,0,3,2,-1,9,1,81,11,-1,-1,-1,-1,6,E01021768,0,1
2024052400360,2024,052400360,1,10,0,18,19,5,1,0,0,1,0,0,0,0,1,1,6,6,1,20,4,-1,-1,-1,-1,6,E01006221,0,4
2024161423609,2024,161423609,1,1,0,-1,19,8,4,-1,0,1,5,0,1,0,1,1,-1,6,1,17,4,-1,-1,-1,-1,-1,-1,0,-1
2024332400099,2024,332400099,3,21,0,-1,19,8,4,-1,0,0,1,0,4,6,1,1,-1,1,1,57,9,-1,-1,-1,-1,8,E01025967,0,2
2024471468981,2024,471468981,1,1,0,-1,-1,-1,-1,-1,-1,-1,-1,-1,-1,0,-1,1,-1,2,2,31,6,-1,-1,-1,-1,7,E01016970,0,1
2024161459690,2024,161459690,1,1,0,-1,3,4,8,-1,0,1,0,0,0,0,2,1,-1,6,1,12,3,-1,-1,-1,-1,9,E01013110,0,1
2024061475098,2024,061475098,2,23,0,-1,19,5,1,-1,0,4,0,0,0,0,1,1,-1,1,1,19,4,-1,-1,-1,-1,5,E01006268,0,1
2024311418221,2024,311418221,1,9,0,-1,2,7,3,-1,0,2,0,0,0,0,2,9,-1,6,2,40,7,-1,-1,-1,-1,-1,-1,0,-1
2024041449614,2024,041449614,2,9,0,-1,19,8,4,-1,0,1,0,0,0,0,1,1,-1,2,2,55,8,-1,-1,-1,-1,7,E01025174,0,3
2024451411317,2024,451411317,2,9,0,-1,4,1,5,-1,0,1,0,0,0,0,1,1,-1,6,3,45,7,-1,-1,-1,-1,-1,-1,0,-1
2024010532183,2024,010532183,2,1,0,18,19,3,7,2,2,0,0,4,0,0,1,1,6,6,1,44,7,-1,-1,-1,-1,8,E01004762,0,1
2024221469738,2024,221469738,1,11,0,-1,19,4,8,-1,0,0,0,0,0,0,1,9,-1,1,3,47,8,-1,-1,-1,-1,-1,-1,0,-1
2024320039892,2024,320039892,1,9,0,-1,-1,2,6,0,0,1,0,0,0,0,1,1,6,6,3,-1,-1,-1,-1,-1,-1,-1,-1,0,-1
2024991485927,2024,991485927,2,1,0,-1,9,7,3,-1,0,2,5,0,0,0,2,1,-1,9,2,63,9,-1,-1,-1,-1,10,-1,0,4
2024302401325,2024,302401325,1,9,0,18,19,5,1,0,0,8,0,0,0,0,1,1,2,2,1,44,7,-1,-1,-1,-1,6,E01029789,0,4
2024010543564,2024,010543564,2,1,0,18,19,7,3,4,4,1,0,0,0,0,1,1,2,2,1,30,6,-1,-1,-1,-1,2,E01002075,0,3
2024201421058,2024,201421058,1,1,0,-1,19,8,4,-1,9,0,0,0,0,0,1,1,-1,6,1,32,6,-1,-1,-1,-1,-1,-1,0,-1
2024201492067,2024,201492067,1,9,0,-1,19,6,1,-1,0,1,0,0,0,0,4,1,-1,6,1,-1,-1,-1,-1,-1,-1,-1,-1,0,-1
2024430071183,2024,430071183,2,9,0,4,4,4,8,0,0,0,0,0,0,0,2,1,6,6,1,-1,-1,-1,-1,-1,-1,-1,-1,0,-1
2024131516398,2024,131516398,2,9,0,-1,2,0,0,-1,9,8,0,0,0,0,3,1,-1,6,-1,-1,-1,-1,-1,-1,-1,-1,-1,0,-1
2024430584801,2024,430584801,2,9,0,7,7,6,8,0,0,6,0,0,0,0,3,1,6,6,2,-1,-1,-1,-1,-1,-1,-1,-1,0,-1
2024302401206,2024,302401206,2,9,0,12,12,8,4,0,0,0,0,0,0,0,2,1,6,6,3,-1,-1,-1,-1,-1,-1,5,E01019456,0,4
2024010491593,2024,010491593,1,9,0,4,4,5,1,0,0,0,0,0,0,0,1,1,6,6,1,34,6,-1,-1,-1,-1,9,E01002416,0,1
2024531485303,2024,531485303,1,9,0,-1,19,6,2,-1,0,0,0,0,2,4,1,1,-1,9,2,71,10,-1,-1,-1,-1,10,E01022138,0,1
2024052401326,2024,052401326,1,9,0,18,19,8,4,0,0,0,0,0,0,0,4,1,6,6,3,-1,-1,-1,-1,-1,-1,-1,-1,0,-1
2024320716209,2024,320716209,1,22,0,-1,-1,3,7,9,9,0,5,0,0,0,0,1,-1,-1,2,77,11,-1,-1,-1,-1,8,E01026319,0,1
2024351503838,2024,351503838,2,1,0,-1,-1,-1,-1,-1,-1,-1,-1,-1,-1,0,3,1,-1,7,1,15,3,-1,-1,-1,-1,6,E01035553,0,1
2024010520282,2024,010520282,1,9,0,99,99,9,9,99,99,9,9,99,9,99,9,9,6,6,3,-1,-1,-1,-1,-1,-1,-1,-1,0,-1
2024111412943,2024,111412943,1,99,0,-1,4,8,4,-1,0,0,0,0,0,0,1,1,-1,6,1,30,6,-1,-1,-1,-1,-1,-1,0,-1
2024411402978,2024,411402978,1,9,0,-1,19,5,1,-1,0,0,2,10,0,0,4,1,-1,6,1,19,4,-1,-1,-1,-1,5,E01021837,0,3
2024411539663,2024,411539663,1,9,0,-1,9,3,1,-1,0,8,0,0,0,0,4,1,-1,6,1,43,7,-1,-1,-1,-1,4,E01023877,0,1
2024332400444,2024,332400444,2,9,0,-1,19,8,4,-1,0,1,0,0,0,0,1,1,-1,6,3,-1,-1,-1,-1,-1,-1,-1,-1,0,-1
2024010499898,2024,010499898,2,9,0,99,99,9,9,99,99,9,9,99,9,99,9,9,6,6,1,-1,-1,-1,-1,-1,-1,2,E01035710,0,1
2024010521786,2024,010521786,1,1,9,99,99,9,9,99,99,9,9,99,9,99,1,1,2,2,1,51,8,-1,-1,-1,-1,7,E01002972,0,2
2024010517346,2024,010517346,2,1,0,18,19,5,1,0,0,1,0,0,0,0,3,1,2,2,1,26,6,-1,-1,-1,-1,5,E01001974,0,1
2024991416589,2024,991416589,1,9,0,-1,19,7,3,-1,0,0,0,0,0,0,1,1,-1,9,1,72,10,-1,-1,-1,-1,-1,-1,0,-1
2024401556255,2024,401556255,1,9,0,-1,1,5,1,-1,0,1,0,4,0,0,2,1,-1,6,1,54,8,-1,-1,-1,-1,10,E01017626,0,1
2024430172101,2024,430172101,2,11,0,18,19,3,7,0,0,0,0,0,0,0,1,1,1,1,1,60,9,-1,-1,-1,-1,-1,-1,0,-1
2024231442153,2024,231442153,1,4,0,-1,19,4,8,-1,0,0,0,0,0,0,3,1,-1,1,1,63,9,-1,-1,-1,-1,10,E01028461,0,4
2024320733637,2024,320733637,1,19,0,-1,-1,5,1,0,0,1,1,0,0,0,1,-1,1,1,1,22,5,-1,-1,-1,-1,-1,-1,0,-1
2024010545564,2024,010545564,2,9,9,99,99,9,9,99,99,9,9,99,9,99,9,9,6,6,3,-1,-1,-1,-1,-1,-1,-1,-1,0,-1