collision_index,collision_year,collision_ref_no,vehicle_reference,vehicle_type,towing_and_articulation,vehicle_manoeuvre_historic,vehicle_manoeuvre,vehicle_direction_from,vehicle_direction_to,vehicle_location_restricted_lane_historic,vehicle_location_restricted_lane,junction_location,skidding_and_overturning,hit_object_in_carriageway,vehicle_leaving_carriageway,hit_object_off_carriageway,first_point_of_impact,vehicle_left_hand_drive,journey_purpose_of_driver_historic,journey_purpose_of_driver,sex_of_driver,age_of_driver,age_band_of_driver,engine_capacity_cc,propulsion_code,age_of_vehicle,generic_make_model,driver_imd_decile,lsoa_of_driver,escooter_flag,driver_distance_banding
2024311490388,2024,311490388,1,9,0,-1,7,1,5,-1,4,5,0,0,0,0,2,9,-1,6,1,64,9,-1,-1,-1,-1,5,E01028159,0,1
2024501530012,2024,501530012,1,97,0,-1,19,5,8,-1,0,0,0,0,0,0,1,1,-1,6,1,-1,-1,-1,-1,-1,-1,-1,-1,0,-1
2024221480715,2024,221480715,2,1,0,-1,19,6,3,-1,0,8,0,0,0,0,1,1,-1,6,1,62,9,-1,-1,-1,-1,9,E01028865,0,3
2024461519586,2024,461519586,1,9,-1,-1,19,7,3,-1,0,0,0,0,0,0,-1,9,-1,9,2,36,7,-1,-1,-1,-1,2,E01024093,0,3
2024010547443,2024,010547443,2,1,0,18,19,3,7,4,4,6,1,0,0,0,1,1,1,1,1,38,7,-1,-1,-1,-1,6,E01001829,0,1
2024311468937,2024,311468937,1,9,0,-1,19,1,5,-1,0,0,0,0,1,0,1,1,-1,1,1,28,6,-1,-1,-1,-1,2,E01008695,0,5
2024610012024,2024,610012024,1,9,0,5,5,2,6,0,0,1,0,0,0,0,0,1,6,6,2,37,7,-1,-1,-1,-1,6,W01001599,0,1
2024161465675,2024,161465675,3,19,0,-1,19,6,2,-1,0,1,0,0,0,0,0,9,-1,6,3,-1,-1,-1,-1,-1,-1,-1,-1,0,-1
2024111471050,2024,111471050,1,9,0,-1,1,1,5,-1,0,0,0,0,0,0,2,1,-1,6,2,50,8,-1,-1,-1,-1,6,E01012366,0,1
2024471493009,2024,471493009,2,1,0,-1,19,1,5,-1,0,8,0,99,0,0,1,1,-1,6,3,-1,-1,-1,-1,-1,-1,-1,-1,0,-1
2024361498364,2024,361498364,1,9,0,-1,19,7,4,-1,0,8,0,0,0,0,1,1,-1,9,2,20,4,-1,-1,-1,-1,1,E01026704,0,1
2024111460609,2024,111460609,2,1,0,-1,19,3,7,-1,0,1,0,0,0,0,1,1,-1,6,1,71,10,-1,-1,-1,-1,4,E01012364,0,3
2024311423124,2024,311423124,1,1,0,-1,19,6,2,-1,0,1,1,0,0,0,1,1,-1,6,1,-1,-1,-1,-1,-1,-1,-1,-1,0,-1
2024070873538,2024,070873538,1,90,0,-1,19,8,2,-1,0,1,0,0,0,0,1,9,-1,-1,3,-1,-1,-1,-1,-1,-1,-1,-1,0,-1
2024211499700,2024,211499700,2,1,0,-1,19,2,5,-1,9,0,0,0,0,0,1,1,-1,9,2,9,2,-1,-1,-1,-1,10,E01029757,0,1
2024010493874,2024,010493874,2,9,0,10,10,1,7,0,0,6,0,0,0,0,1,1,6,6,1,47,8,-1,-1,-1,-1,2,E01003181,0,3
2024010491574,2024,010491574,1,9,5,18,19,1,5,0,0,8,0,10,0,0,1,1,6,6,2,29,6,-1,-1,-1,-1,5,E01002549,0,1
2024010493099,2024,010493099,1,9,0,99,99,9,9,99,99,9,9,99,9,99,2,9,6,6,1,31,6,-1,-1,-1,-1,6,E01003226,0,1
2024991422984,2024,991422984,1,1,0,-1,19,1,5,-1,0,0,0,0,7,0,2,1,-1,9,1,21,5,-1,-1,-1,-1,7,-1,0,4
2024501411301,2024,501411301,1,9,0,-1,19,3,7,-1,0,2,0,0,0,0,3,1,-1,9,1,77,11,-1,-1,-1,-1,2,E01020277,0,1
2024320484231,2024,320484231,1,9,0,-1,-1,6,2,0,0,2,0,0,0,0,1,1,-1,-1,2,84,11,-1,-1,-1,-1,7,E01026333,0,2
2024471463378,2024,471463378,2,9,0,-1,10,7,3,-1,0,1,0,0,0,0,2,1,-1,7,2,27,6,-1,-1,-1,-1,8,E01034821,0,1
2024401524820,2024,401524820,1,98,-1,-1,-1,-1,-1,-1,-1,0,-1,-1,-1,0,-1,9,-1,6,3,-1,-1,-1,-1,-1,-1,-1,-1,0,-1
2024351398817,2024,351398817,2,9,0,-1,19,5,1,-1,0,0,0,0,0,0,1,1,-1,6,2,24,5,-1,-1,-1,-1,10,E01033114,0,1
2024010531163,2024,010531163,2,97,0,5,5,0,7,0,0,1,0,0,0,0,1,1,6,6,3,-1,-1,-1,-1,-1,-1,-1,-1,0,-1
2024544292524,2024,544292524,2,1,0,18,19,7,3,0,0,8,0,0,0,0,1,1,6,6,1,63,9,-1,-1,-1,-1,7,E01015552,0,1
2024052402438,2024,052402438,2,1,0,18,19,6,2,0,0,8,0,0,0,0,4,1,1,1,1,25,5,-1,-1,-1,-1,1,E01006604,0,1
2024010504097,2024,010504097,1,1,9,99,99,9,9,99,99,9,9,99,9,99,1,1,6,6,1,16,4,-1,-1,-1,-1,6,E01000587,0,1
2024471435590,2024,471435590,1,1,0,-1,9,-1,-1,-1,0,5,2,0,0,0,9,1,-1,9,1,14,3,-1,-1,-1,-1,9,E01021072,0,1
2024010542661,2024,010542661,4,9,9,99,99,9,9,99,99,9,9,99,9,99,9,9,6,6,3,-1,-1,-1,-1,-1,-1,-1,-1,0,-1
2024610015424,2024,610015424,2,9,0,18,19,3,7,0,0,8,0,0,0,0,1,1,2,2,1,42,7,-1,-1,-1,-1,5,W01001675,0,1
2024010531217,2024,010531217,1,11,0,4,4,5,1,2,2,0,0,0,0,0,2,1,6,6,3,-1,-1,-1,-1,-1,-1,-1,-1,0,-1
2024461470639,2024,461470639,2,1,0,-1,19,1,5,-1,0,0,0,0,0,0,1,1,-1,6,1,41,7,-1,-1,-1,-1,5,E01024495,0,1
2024010504884,2024,010504884,1,3,0,99,99,9,9,0,0,2,9,99,9,99,9,1,6,6,3,-1,-1,-1,-1,-1,-1,-1,-1,0,-1
2024010540933,2024,010540933,2,9,0,7,7,3,5,0,0,6,0,0,0,0,4,1,6,6,3,-1,-1,-1,-1,-1,-1,-1,-1,0,-1
2024430106210,2024,430106210,2,9,0,9,9,6,4,0,0,6,0,0,0,0,3,1,6,6,2,40,7,-1,-1,-1,-1,8,E01028562,0,1
2024471401439,2024,471401439,1,-1,0,-1,19,6,2,-1,0,0,0,0,0,0,1,1,-1,9,1,31,6,-1,-1,-1,-1,3,E01020927,1,1
2024461422192,2024,461422192,2,9,0,-1,9,3,7,-1,0,8,0,0,0,0,4,1,-1,9,2,49,8,-1,-1,-1,-1,5,E01024356,0,1
2024052401480,2024,052401480,2,1,0,18,19,7,3,0,0,3,0,0,0,0,3,1,6,6,1,34,6,-1,-1,-1,-1,5,E01006802,0,1
2024401482622,2024,401482622,2,9,0,-1,2,0,0,-1,0,0,0,0,0,0,3,1,-1,6,-1,-1,-1,-1,-1,-1,-1,-1,-1,0,-1
2024520401130,2024,520401130,2,3,0,18,19,5,1,0,0,8,0,0,0,0,1,1,6,6,1,18,4,-1,-1,-1,-1,4,E01029152,0,1
2024401460761,2024,401460761,2,1,0,-1,19,8,4,-1,0,0,0,0,0,0,1,1,-1,6,1,54,8,-1,-1,-1,-1,2,E01017537,0,1
2024461467632,2024,461467632,1,97,0,-1,19,5,1,-1,0,2,1,0,0,0,2,1,-1,6,1,37,7,-1,-1,-1,-1,5,E01024228,0,3
2024622500070,2024,622500070,1,9,0,17,19,6,3,0,0,0,5,0,1,7,1,1,6,6,1,35,6,-1,-1,-1,-1,2,W01000930,0,1
2024411514819,2024,411514819,2,1,0,-1,19,1,5,-1,0,0,0,0,0,0,3,1,-1,9,1,74,10,-1,-1,-1,-1,10,E01035587,0,1
2024421398733,2024,421398733,2,-1,0,-1,19,7,3,-1,0,0,0,0,0,0,3,1,-1,2,2,30,6,-1,-1,-1,-1,7,E01021628,1,1
2024991426493,2024,991426493,1,9,0,-1,1,4,8,-1,0,2,0,0,1,0,2,1,-1,9,1,38,7,-1,-1,-1,-1,7,-1,0,1
2024010545588,2024,010545588,1,1,9,99,99,9,9,99,99,9,9,99,9,99,2,1,2,2,1,26,6,-1,-1,-1,-1,4,E01003209,0,1
2024421417602,2024,421417602,2,9,0,-1,3,3,1,-1,0,3,0,0,0,0,1,1,-1,6,2,27,6,-1,-1,-1,-1,6,E01021258,0,1
2024552400704,2024,552400704,2,1,0,18,19,5,1,4,4,8,0,0,0,0,1,1,6,6,1,55,8,-1,-1,-1,-1,5,E01015427,0,1
2024451499437,2024,451499437,1,9,0,-1,19,8,4,-1,0,1,0,0,0,0,1,1,-1,1,1,27,6,-1,-1,-1,-1,10,E01030352,0,2
2024131429600,2024,131429600,1,11,0,-1,-1,-1,-1,-1,-1,-1,-1,-1,-1,-1,-1,1,-1,6,3,-1,-1,-1,-1,-1,-1,-1,-1,0,-1
2024101575222,2024,101575222,2,1,0,-1,19,5,1,-1,0,1,0,0,0,0,3,1,-1,6,1,67,10,-1,-1,-1,-1,-1,-1,0,-1
2024501455820,2024,501455820,1,9,0,-1,5,1,5,-1,0,6,0,0,0,0,3,1,-1,1,2,42,7,-1,-1,-1,-1,6,E01018764,0,1
2024010539425,2024,010539425,1,1,0,99,99,9,9,4,4,8,0,0,0,0,4,1,6,6,2,30,6,-1,-1,-1,-1,7,E01001583,0,1
2024201482428,2024,201482428,2,9,0,-1,9,1,8,-1,0,6,0,0,0,0,3,9,-1,7,3,-1,-1,-1,-1,-1,-1,-1,-1,0,-1
2024471408150,2024,471408150,1,9,0,-1,19,7,3,-1,0,1,0,0,0,0,4,1,-1,9,2,44,7,-1,-1,-1,-1,10,E01035347,0,3
2024111500660,2024,111500660,2,1,0,-1,19,1,5,-1,0,0,0,0,0,0,3,1,-1,9,1,57,9,-1,-1,-1,-1,8,E01020756,0,1
2024131494067,2024,131494067,1,9,0,-1,19,7,3,-1,0,0,0,0,0,0,1,1,-1,6,1,20,4,-1,-1,-1,-1,6,E01010582,0,1
2024041532022,2024,041532022,1,9,0,-1,-1,-1,-1,-1,0,-1,0,0,0,0,-1,9,-1,6,3,-1,-1,-1,-1,-1,-1,-1,-1,0,-1
2024041434307,2024,041434307,1,1,0,-1,5,1,4,-1,0,6,0,0,1,0,3,1,-1,6,1,39,7,-1,-1,-1,-1,5,E01025458,0,1
2024131527479,2024,131527479,2,1,0,-1,19,3,7,-1,0,0,0,0,0,0,1,1,-1,9,1,17,4,-1,-1,-1,-1,8,E01011930,0,1
2024451434593,2024,451434593,2,9,0,-1,-1,-1,-1,-1,-1,0,-1,-1,-1,0,-1,9,-1,6,3,-1,-1,-1,-1,-1,-1,-1,-1,0,-1
2024010527476,2024,010527476,1,1,9,18,19,9,9,5,5,1,9,99,0,99,1,1,6,6,2,33,6,-1,-1,-1,-1,3,E01034388,0,1
2024302401611,2024,302401611,3,20,0,9,9,7,4,0,0,2,0,0,0,0,0,1,6,6,3,-1,-1,-1,-1,-1,-1,5,E01019456,0,4
2024010497327,2024,010497327,1,3,0,99,99,9,9,99,99,1,9,99,9,99,9,1,1,1,3,34,6,-1,-1,-1,-1,6,E01001245,0,1
2024371483600,2024,371483600,1,9,0,-1,19,-1,-1,-1,0,4,0,0,0,0,3,1,-1,6,2,63,9,-1,-1,-1,-1,3,E01029996,0,1
2024010523038,2024,010523038,2,9,0,99,99,9,9,99,99,9,9,99,9,99,1,9,6,6,3,-1,-1,-1,-1,-1,-1,-1,-1,0,-1
2024061398926,2024,061398926,3,1,0,-1,19,6,2,-1,9,0,0,11,0,0,1,1,-1,2,1,54,8,-1,-1,-1,-1,4,E01005751,0,1
2024111405868,2024,111405868,2,1,0,-1,19,7,2,-1,0,8,0,0,0,0,2,1,-1,9,1,55,8,-1,-1,-1,-1,10,E01012339,0,3
2024481507948,2024,481507948,1,1,0,-1,13,5,1,-1,0,8,0,0,0,0,4,1,-1,9,1,54,8,-1,-1,-1,-1,-1,-1,0,-1
2024010524543,2024,010524543,2,-1,0,18,19,7,3,0,0,2,0,0,0,0,1,1,6,6,1,35,6,-1,-1,-1,-1,3,E01001941,1,1
2024411399577,2024,411399577,1,9,0,-1,2,5,8,-1,0,0,0,0,0,0,1,1,-1,1,1,64,9,-1,-1,-1,-1,6,E01004447,0,3
2024101420917,2024,101420917,1,9,-1,-1,-1,-1,-1,-1,-1,0,-1,-1,-1,0,-1,9,-1,6,3,-1,-1,-1,-1,-1,-1,-1,-1,0,-1
2024010503986,2024,010503986,2,1,0,18,19,7,3,5,5,8,0,0,0,0,3,1,6,6,1,33,6,-1,-1,-1,-1,4,E01004303,0,1
2024010548701,2024,010548701,2,90,0,18,19,5,1,0,0,8,0,0,0,0,1,1,1,1,1,33,6,-1,-1,-1,-1,8,E01003649,0,3
2024010493210,2024,010493210,2,9,0,99,99,9,9,99,99,9,9,99,9,99,9,9,6,6,1,28,6,-1,-1,-1,-1,2,E01001955,0,3
2024031522836,2024,031522836,2,9,0,-1,19,5,1,-1,0,1,0,0,0,0,4,1,-1,6,2,41,7,-1,-1,-1,-1,-1,-1,0,-1
2024501467572,2024,501467572,3,1,0,-1,19,2,6,-1,0,1,1,0,0,0,1,1,-1,6,1,61,9,-1,-1,-1,-1,3,E01018998,0,3
2024041428549,2024,041428549,1,1,0,-1,19,1,5,-1,0,1,0,0,0,0,1,1,-1,6,1,17,4,-1,-1,-1,-1,1,E01012738,0,1
2024421410462,2024,421410462,1,9,0,-1,19,1,5,-1,0,7,0,0,0,0,3,9,-1,6,2,-1,-1,-1,-1,-1,-1,-1,-1,0,-1
2024991535957,2024,991535957,2,9,0,-1,10,6,4,-1,0,1,0,0,0,0,2,1,-1,9,1,43,7,-1,-1,-1,-1,-1,-1,0,-1
2024010533577,2024,010533577,2,1,0,14,14,7,3,0,0,1,2,4,0,0,1,1,6,6,1,19,4,-1,-1,-1,-1,10,E01002431,0,2
2024430192653,2024,430192653,1,1,0,18,19,2,6,0,0,8,0,0,0,0,3,1,4,7,1,17,4,-1,-1,-1,-1,10,E01016659,0,1
2024010529111,2024,010529111,2,1,9,99,99,9,9,4,4,9,9,99,9,99,1,1,6,6,2,-1,-1,-1,-1,-1,-1,-1,-1,0,-1
2024311515871,2024,311515871,1,90,-1,-1,-1,-1,-1,-1,-1,-1,-1,-1,-1,0,-1,9,-1,2,2,52,8,-1,-1,-1,-1,2,E01013899,0,1
2024010523905,2024,010523905,2,1,0,18,19,4,8,0,0,1,0,0,0,0,1,1,6,6,1,51,8,-1,-1,-1,-1,3,E01000163,0,1
2024052402854,2024,052402854,1,9,0,18,19,1,5,0,0,0,0,0,0,0,1,1,6,6,3,-1,-1,-1,-1,-1,-1,-1,-1,0,-1
2024010534417,2024,010534417,3,9,0,3,3,2,6,0,0,1,0,0,0,0,2,1,1,1,2,25,5,-1,-1,-1,-1,-1,-1,0,-1
2024231447586,2024,231447586,2,9,0,-1,10,5,3,-1,0,5,0,0,0,0,2,1,-1,1,1,61,9,-1,-1,-1,-1,8,E01010134,0,4
2024340WN1772,2024,340WN1772,2,1,0,-1,19,1,6,-1,0,8,0,0,0,0,4,1,-1,6,1,68,10,-1,-1,-1,-1,6,E01027011,0,1
2024111454861,2024,111454861,1,99,0,-1,19,6,2,-1,0,1,0,0,0,0,0,9,-1,6,3,30,6,-1,-1,-1,-1,-1,-1,0,-1
2024332400737,2024,332400737,1,1,0,-1,7,3,5,-1,0,5,0,0,0,0,2,1,-1,6,1,46,8,-1,-1,-1,-1,7,E01028378,0,3
2024461477586,2024,461477586,1,9,0,-1,19,5,1,-1,0,0,0,0,0,0,1,9,-1,6,1,21,5,-1,-1,-1,-1,4,E01024358,0,2
2024010531574,2024,010531574,1,8,0,99,99,9,9,99,99,9,9,99,9,99,9,9,6,6,1,-1,-1,-1,-1,-1,-1,-1,-1,0,-1
2024122500084,2024,122500084,1,9,0,18,19,1,5,0,0,1,0,0,0,0,1,1,6,6,2,59,9,-1,-1,-1,-1,6,E01027659,0,1
2024430438446,2024,430438446,2,1,0,18,19,8,4,0,0,1,0,0,0,0,1,1,6,6,1,56,9,-1,-1,-1,-1,8,E01028472,0,1
2024622400599,2024,622400599,2,1,0,15,15,8,4,0,0,0,0,0,0,0,1,1,6,6,1,54,8,-1,-1,-1,-1,10,W01001774,0,3
2024361526008,2024,361526008,2,1,0,-1,19,3,7,-1,0,0,0,0,0,0,3,1,-1,6,1,50,8,-1,-1,-1,-1,6,E01026730,0,1
2024201453390,2024,201453390,1,9,0,-1,1,0,0,-1,0,0,0,4,0,0,3,1,-1,1,1,36,7,-1,-1,-1,-1,5,E01009246,0,2
2024332400306,2024,332400306,1,9,0,-1,5,1,5,-1,0,0,0,0,0,0,1,1,-1,6,2,48,8,-1,-1,-1,-1,10,E01013803,0,1
2024430438542,2024,430438542,2,90,0,18,19,8,4,0,0,0,0,0,0,0,4,1,6,6,1,16,4,-1,-1,-1,-1,4,E01016724,0,1
2024522401855,2024,522401855,2,9,0,5,5,6,2,0,0,4,0,0,0,0,1,1,6,6,3,-1,-1,-1,-1,-1,-1,-1,-1,0,-1
2024211451726,2024,211451726,1,1,0,-1,19,8,4,-1,9,2,0,0,0,0,1,1,-1,6,3,-1,-1,-1,-1,-1,-1,-1,-1,0,-1
2024010487996,2024,010487996,2,1,0,9,9,5,2,0,0,5,0,0,0,0,1,1,1,1,1,28,6,-1,-1,-1,-1,3,E01002049,0,1
2024991506211,2024,991506211,1,9,0,-1,5,8,5,-1,0,6,0,0,0,0,3,1,-1,9,2,58,9,-1,-1,-1,-1,10,-1,0,1
2024010493767,2024,010493767,2,11,0,3,3,3,7,0,0,1,0,0,0,0,1,1,1,1,2,52,8,-1,-1,-1,-1,2,E01004537,0,2
2024010494498,2024,010494498,2,8,0,99,99,9,9,99,99,1,9,99,9,99,9,9,6,6,3,-1,-1,-1,-1,-1,-1,-1,-1,0,-1
2024361405244,2024,361405244,2,90,4,-1,5,5,1,-1,0,0,0,0,0,0,3,1,-1,1,1,57,9,-1,-1,-1,-1,7,E01026514,0,2
2024041411102,2024,041411102,1,1,0,-1,19,3,7,-1,0,0,0,0,0,0,1,1,-1,7,1,14,3,-1,-1,-1,-1,1,E01012752,0,1
2024010499856,2024,010499856,3,1,0,17,19,5,1,0,0,0,0,0,0,0,1,1,6,6,1,31,6,-1,-1,-1,-1,3,E01002776,0,2
2024440366455,2024,440366455,2,1,0,18,19,1,5,0,0,8,0,0,0,0,4,1,6,6,1,38,7,-1,-1,-1,-1,8,E01023089,0,1
2024101534835,2024,101534835,1,9,0,-1,19,7,3,-1,0,0,1,10,4,0,2,1,-1,9,2,25,5,-1,-1,-1,-1,-1,-1,0,-1
2024061423523,2024,061423523,2,1,-1,-1,-1,-1,-1,-1,-1,0,-1,-1,-1,0,-1,1,-1,6,1,24,5,-1,-1,-1,-1,5,E01033660,0,1
2024451447331,2024,451447331,2,1,0,-1,19,8,4,-1,0,3,5,0,0,0,4,1,-1,9,1,16,4,-1,-1,-1,-1,9,E01030401,0,1
2024440431124,2024,440431124,2,1,0,18,19,3,7,0,0,2,0,0,0,0,3,1,6,6,2,38,7,-1,-1,-1,-1,1,E01017035,0,1
2024311500086,2024,311500086,2,1,0,-1,19,3,6,-1,0,5,0,0,0,0,3,1,-1,2,1,35,6,-1,-1,-1,-1,-1,-1,0,-1
2024122500164,2024,122500164,2,1,0,9,9,5,3,0,0,8,0,0,0,0,1,1,6,6,2,20,4,-1,-1,-1,-1,10,E01013378,0,1
2024610016924,2024,610016924,2,9,0,5,5,4,8,0,0,4,0,0,0,0,1,1,6,6,2,21,5,-1,-1,-1,-1,4,W01001365,0,2
2024010497211,2024,010497211,1,8,9,99,99,9,9,99,99,9,9,99,9,99,9,9,6,6,1,76,11,-1,-1,-1,-1,8,E01035722,0,1
2024010493600,2024,010493600,2,9,0,99,99,9,9,99,99,9,9,99,9,99,9,9,6,6,3,-1,-1,-1,-1,-1,-1,-1,-1,0,-1
2024010508264,2024,010508264,2,1,0,18,19,1,5,0,0,1,0,0,0,0,2,1,2,2,1,30,6,-1,-1,-1,-1,5,E01034036,0,3
2024201465590,2024,201465590,1,9,0,-1,19,2,6,-1,0,0,0,0,0,0,1,9,-1,6,3,-1,-1,-1,-1,-1,-1,-1,-1,0,-1
2024010539437,2024,010539437,2,1,9,99,99,9,9,99,99,9,9,99,9,99,2,1,6,6,1,26,6,-1,-1,-1,-1,5,E01001664,0,1
2024041409553,2024,041409553,2,1,0,-1,14,1,5,-1,0,2,0,0,0,0,1,1,-1,2,1,63,9,-1,-1,-1,-1,1,E01012679,0,1
2024351430006,2024,351430006,1,1,0,-1,19,7,3,-1,0,1,5,4,0,0,1,1,-1,6,1,17,4,-1,-1,-1,-1,10,E01033425,0,1
2024351540114,2024,351540114,3,9,0,-1,-1,-1,-1,-1,-1,1,-1,-1,-1,0,-1,9,-1,6,3,-1,-1,-1,-1,-1,-1,-1,-1,0,-1
2024552400274,2024,552400274,1,9,0,1,1,3,7,0,0,6,0,0,0,0,2,1,6,6,1,33,6,-1,-1,-1,-1,7,E01015438,0,1
2024311420676,2024,311420676,1,9,0,-1,9,7,5,-1,0,5,0,0,0,0,1,1,-1,6,1,30,6,-1,-1,-1,-1,-1,-1,0,-1
2024430262421,2024,430262421,1,9,0,18,19,6,2,0,0,0,0,4,0,0,4,1,6,6,1,-1,-1,-1,-1,-1,-1,-1,-1,0,-1
2024421531443,2024,421531443,2,1,0,-1,4,-1,-1,-1,4,0,0,99,2,99,4,1,-1,2,1,29,6,-1,-1,-1,-1,6,E01021275,0,1
2024332400632,2024,332400632,1,9,0,-1,19,5,1,-1,0,0,0,10,7,2,1,1,-1,6,2,82,11,-1,-1,-1,-1,9,E01025980,0,1
2024122500452,2024,122500452,1,9,0,18,19,4,8,0,0,0,0,0,0,0,3,1,6,6,3,-1,-1,-1,-1,-1,-1,-1,-1,0,-1
2024430482533,2024,430482533,2,-1,0,18,19,4,8,0,0,1,0,0,0,0,1,1,6,6,1,16,4,-1,-1,-1,-1,3,E01016449,1,1
2024010548245,2024,010548245,1,1,0,18,19,5,1,9,9,1,0,0,0,0,2,1,6,6,1,-1,-1,-1,-1,-1,-1,-1,-1,0,-1
2024401477290,2024,401477290,2,1,-1,-1,-1,-1,-1,-1,-1,0,-1,-1,-1,0,-1,1,-1,2,1,27,6,-1,-1,-1,-1,7,E01033829,0,4
2024061521547,2024,061521547,1,9,0,-1,-1,-1,-1,-1,-1,-1,-1,-1,-1,0,-1,9,-1,6,3,-1,-1,-1,-1,-1,-1,-1,-1,0,-1
2024052400292,2024,052400292,1,9,0,1,1,7,3,0,0,0,0,0,0,0,2,1,6,6,3,-1,-1,-1,-1,-1,-1,-1,-1,0,-1
2024010513889,2024,010513889,2,1,0,18,19,3,7,0,0,0,5,0,0,0,1,1,6,6,1,43,7,-1,-1,-1,-1,3,E01000032,0,1
2024371457155,2024,371457155,2,1,0,-1,19,4,2,-1,0,1,2,0,0,0,1,1,-1,6,1,41,7,-1,-1,-1,-1,4,E01030295,0,3
2024320635739,2024,320635739,1,21,0,12,12,5,1,0,0,1,0,0,0,0,3,2,1,1,1,44,7,-1,-1,-1,-1,-1,-1,0,-1
2024351525247,2024,351525247,2,1,0,-1,9,3,1,-1,0,8,2,0,0,0,3,1,-1,6,1,40,7,-1,-1,-1,-1,6,E01017994,0,1
2024991528260,2024,991528260,2,1,0,-1,19,4,8,-1,0,1,0,0,0,0,2,1,-1,6,2,56,9,-1,-1,-1,-1,-1,-1,0,-1
2024010518356,2024,010518356,1,1,9,99,99,9,9,99,99,9,9,99,9,99,1,1,2,2,1,54,8,-1,-1,-1,-1,3,E01003298,0,1
2024010493174,2024,010493174,2,1,9,99,99,9,9,99,99,9,9,99,9,99,9,1,6,6,3,-1,-1,-1,-1,-1,-1,-1,-1,0,-1
2024461529505,2024,461529505,2,19,0,-1,19,5,1,-1,0,0,0,0,0,0,1,2,-1,1,2,42,7,-1,-1,-1,-1,6,E01023979,0,1
2024451441559,2024,451441559,1,19,0,-1,19,3,7,-1,9,2,0,0,0,0,2,1,-1,6,3,40,7,-1,-1,-1,-1,-1,-1,0,-1
2024371450346,2024,371450346,1,1,0,-1,5,3,7,-1,0,2,1,0,0,0,3,1,-1,6,2,18,4,-1,-1,-1,-1,6,E01030212,0,1
2024010495237,2024,010495237,2,5,0,18,19,3,7,0,0,1,0,0,0,0,1,1,6,6,1,53,8,-1,-1,-1,-1,-1,-1,0,-1
2024010487633,2024,010487633,4,9,0,3,3,3,7,0,0,1,0,0,0,0,0,1,6,6,1,50,8,-1,-1,-1,-1,3,E01003297,0,1
2024010540986,2024,010540986,1,1,9,99,99,9,9,99,99,9,9,99,9,99,9,1,6,6,1,28,6,-1,-1,-1,-1,1,E01001798,0,1
2024311524436,2024,311524436,1,1,0,-1,5,1,2,-1,0,0,0,0,0,0,0,1,-1,6,2,26,6,-1,-1,-1,-1,-1,-1,0,-1
2024991426021,2024,991426021,2,9,0,-1,19,6,2,-1,0,0,0,0,0,0,1,1,-1,2,2,52,8,-1,-1,-1,-1,6,-1,0,1
2024991466988,2024,991466988,1,90,0,-1,1,4,6,-1,0,1,0,0,0,0,2,1,-1,1,1,62,9,-1,-1,-1,-1,5,-1,0,4
2024010495540,2024,010495540,1,1,9,99,99,9,9,99,99,9,9,99,9,99,1,1,2,2,1,51,8,-1,-1,-1,-1,10,E01030395,0,1
2024010515977,2024,010515977,2,1,0,18,19,1,5,0,0,1,0,0,0,0,4,1,6,6,2,27,6,-1,-1,-1,-1,6,E01004052,0,1
2024501421253,2024,501421253,2,19,0,-1,19,7,3,-1,0,0,1,0,0,0,1,1,-1,9,1,46,8,-1,-1,-1,-1,7,E01018823,0,1
2024411407889,2024,411407889,2,1,0,-1,19,7,3,-1,99,8,5,0,0,0,2,1,-1,2,1,41,7,-1,-1,-1,-1,8,E01023893,0,1
2024991400079,2024,991400079,1,90,0,-1,9,2,8,-1,0,1,0,0,0,0,4,1,-1,1,1,52,8,-1,-1,-1,-1,9,E01019312,0,4
2024010521628,2024,010521628,2,9,0,99,99,9,9,99,99,9,9,99,9,99,9,9,6,6,3,-1,-1,-1,-1,-1,-1,-1,-1,0,-1
2024010519892,2024,010519892,1,1,9,9,9,5,2,99,99,9,9,0,9,99,9,1,6,6,1,23,5,-1,-1,-1,-1,2,E01003933,0,1
202417S406724,2024,17S406724,2,9,0,-1,5,7,3,-1,0,0,0,0,0,0,1,1,-1,6,2,-1,-1,-1,-1,-1,-1,-1,-1,0,-1
2024471444099,2024,471444099,1,9,0,-1,9,7,3,-1,0,5,0,0,0,0,4,1,-1,9,2,53,8,-1,-1,-1,-1,6,E01021118,0,2
2024010509554,2024,010509554,2,1,0,18,19,2,6,0,0,0,0,0,0,0,1,1,6,6,1,45,7,-1,-1,-1,-1,7,E01001522,0,3
2024010490120,2024,010490120,1,11,0,4,4,1,5,2,2,0,0,0,1,0,1,1,6,6,1,34,6,-1,-1,-1,-1,-1,-1,0,-1
2024430083492,2024,430083492,1,9,0,16,19,4,7,0,0,0,1,0,7,4,1,1,1,1,1,62,9,-1,-1,-1,-1,5,E01023411,0,2
2024201470926,2024,201470926,2,1,0,-1,19,4,8,-1,0,8,0,0,0,0,1,1,-1,6,1,40,7,-1,-1,-1,-1,1,E01010463,0,1
2024010505578,2024,010505578,1,1,9,99,99,9,9,99,99,6,9,99,9,99,1,1,2,2,1,24,5,-1,-1,-1,-1,6,E01004621,0,1
2024010550807,2024,010550807,1,97,3,18,19,3,7,0,0,0,0,0,0,0,3,1,6,6,3,-1,-1,-1,-1,-1,-1,-1,-1,0,-1
2024010543300,2024,010543300,1,9,0,18,19,5,1,0,0,0,0,0,0,0,1,1,6,6,3,-1,-1,-1,-1,-1,-1,-1,-1,0,-1
2024010537406,2024,010537406,1,9,0,18,19,3,7,0,0,8,0,0,0,0,1,1,6,6,2,35,6,-1,-1,-1,-1,10,E01030418,0,2
2024041422792,2024,041422792,2,9,0,-1,4,3,7,-1,0,0,0,0,0,0,2,1,-1,2,2,31,6,-1,-1,-1,-1,9,E01025177,0,4
2024201514450,2024,201514450,1,9,0,-1,19,4,8,-1,0,0,0,0,0,0,1,1,-1,6,1,42,7,-1,-1,-1,-1,8,E01013018,0,5
2024440079159,2024,440079159,1,1,0,18,19,2,6,0,0,2,0,0,0,0,1,1,2,2,1,53,8,-1,-1,-1,-1,3,E01017076,0,1
2024440051082,2024,440051082,2,9,0,9,9,2,8,0,0,0,0,0,0,0,1,1,6,6,1,-1,-1,-1,-1,-1,-1,-1,-1,0,-1