collision_index,collision_year,collision_ref_no,vehicle_reference,vehicle_type,towing_and_articulation,vehicle_manoeuvre_historic,vehicle_manoeuvre,vehicle_direction_from,vehicle_direction_to,vehicle_location_restricted_lane_historic,vehicle_location_restricted_lane,junction_location,skidding_and_overturning,hit_object_in_carriageway,vehicle_leaving_carriageway,hit_object_off_carriageway,first_point_of_impact,vehicle_left_hand_drive,journey_purpose_of_driver_historic,journey_purpose_of_driver,sex_of_driver,age_of_driver,age_band_of_driver,engine_capacity_cc,propulsion_code,age_of_vehicle,generic_make_model,driver_imd_decile,lsoa_of_driver,escooter_flag,driver_distance_banding
2024461457708,2024,461457708,1,-1,0,-1,19,6,2,-1,0,2,0,0,0,0,1,1,-1,6,2,13,3,-1,-1,-1,-1,3,E01035312,1,1
2024320429171,2024,320429171,2,1,0,-1,-1,4,8,0,0,8,0,0,0,0,1,1,6,6,1,25,5,-1,-1,-1,-1,1,E01026375,0,1
2024010542887,2024,010542887,1,1,0,5,5,3,7,0,0,2,0,0,0,0,4,1,2,2,1,28,6,-1,-1,-1,-1,5,E01000606,0,1
2024052400222,2024,052400222,1,9,0,1,1,1,5,0,0,0,0,0,0,0,2,1,6,6,3,-1,-1,-1,-1,-1,-1,-1,-1,0,-1
2024501501876,2024,501501876,1,9,0,-1,19,2,6,-1,0,1,0,0,1,0,1,1,-1,6,2,55,8,-1,-1,-1,-1,8,E01018899,0,1
2024622400764,2024,622400764,2,9,0,2,2,0,0,0,0,0,0,0,0,0,1,1,6,6,3,-1,-1,-1,-1,-1,-1,-1,-1,0,-1
2024522403344,2024,522403344,1,1,0,18,19,1,5,0,0,0,0,0,0,0,2,1,6,6,1,20,4,-1,-1,-1,-1,5,E01014671,0,1
202454A039524,2024,54A039524,2,4,0,5,5,5,1,0,0,2,0,0,0,0,3,1,1,1,2,39,7,-1,-1,-1,-1,-1,-1,0,-1
2024010489077,2024,010489077,4,9,0,2,2,0,0,0,0,1,0,0,0,0,2,1,6,6,3,-1,-1,-1,-1,-1,-1,-1,-1,0,-1
2024010489223,2024,010489223,1,3,0,99,99,9,9,99,99,9,9,99,9,99,9,1,2,2,3,41,7,-1,-1,-1,-1,1,E01003318,0,1
2024430549928,2024,430549928,2,4,0,18,19,8,4,0,0,8,0,0,0,0,1,1,6,6,1,22,5,-1,-1,-1,-1,10,E01017768,0,3
2024052402037,2024,052402037,2,1,0,18,19,7,3,0,0,1,0,0,0,0,4,1,6,6,1,13,3,-1,-1,-1,-1,3,E01034841,0,1
2024101458167,2024,101458167,2,9,0,-1,19,3,7,-1,0,8,0,0,0,0,4,1,-1,6,1,67,10,-1,-1,-1,-1,3,E01008208,0,1
2024991415802,2024,991415802,2,1,0,-1,19,8,4,-1,4,1,0,0,0,0,1,1,-1,1,1,35,6,-1,-1,-1,-1,1,-1,0,2
2024010511620,2024,010511620,2,1,0,10,10,5,3,0,0,1,0,0,0,0,2,1,6,6,2,33,6,-1,-1,-1,-1,3,E01001186,0,1
2024010489926,2024,010489926,1,9,0,10,10,1,6,0,0,0,0,0,0,0,2,1,6,6,1,22,5,-1,-1,-1,-1,6,E01000159,0,1
2024010501889,2024,010501889,1,19,0,13,13,7,3,0,0,0,0,0,0,0,3,1,6,6,3,-1,-1,-1,-1,-1,-1,-1,-1,0,-1
2024201404464,2024,201404464,1,9,0,-1,5,1,5,-1,0,8,0,0,0,0,4,9,-1,6,3,-1,-1,-1,-1,-1,-1,-1,-1,0,-1
2024041469861,2024,041469861,1,9,0,-1,9,5,5,-1,0,8,0,0,0,0,4,1,-1,2,1,18,4,-1,-1,-1,-1,9,E01025256,0,1
2024010489568,2024,010489568,1,9,0,18,19,2,6,0,0,1,0,0,0,0,4,1,2,2,1,47,8,-1,-1,-1,-1,3,E01000511,0,3
2024522401762,2024,522401762,1,1,0,18,19,9,9,0,0,0,0,0,1,99,3,1,6,6,1,48,8,-1,-1,-1,-1,3,E01014807,0,1
2024451421531,2024,451421531,1,90,0,-1,19,6,2,-1,0,0,0,0,2,3,1,1,-1,2,1,27,6,-1,-1,-1,-1,8,E01016690,0,4
2024052401077,2024,052401077,1,9,0,18,19,2,6,0,0,0,0,0,0,0,1,1,6,6,1,-1,-1,-1,-1,-1,-1,-1,-1,0,-1
2024070901330,2024,070901330,1,20,0,-1,11,7,3,-1,0,3,0,0,0,0,3,2,-1,6,1,36,7,-1,-1,-1,-1,-1,-1,0,-1
2024351414524,2024,351414524,1,9,0,-1,19,2,6,-1,0,0,0,0,0,0,0,9,-1,6,3,-1,-1,-1,-1,-1,-1,-1,-1,0,-1
2024061491752,2024,061491752,1,1,0,-1,19,-1,-1,-1,4,0,0,0,0,0,3,1,-1,2,1,51,8,-1,-1,-1,-1,8,E01004780,0,2
2024010539701,2024,010539701,1,1,9,99,99,9,9,99,99,9,9,99,9,99,9,1,2,2,1,62,9,-1,-1,-1,-1,10,E01023377,0,4
2024061492705,2024,061492705,2,9,0,-1,2,0,0,-1,-1,0,0,0,0,0,1,1,-1,6,-1,-1,-1,-1,-1,-1,-1,-1,-1,0,-1
2024421509320,2024,421509320,2,1,0,-1,19,3,7,-1,0,1,0,0,0,0,3,1,-1,6,1,34,6,-1,-1,-1,-1,10,E01015830,0,1
2024061405733,2024,061405733,3,1,0,-1,19,1,5,-1,0,1,0,0,0,0,1,1,-1,2,1,49,8,-1,-1,-1,-1,2,E01006033,0,1
2024161505283,2024,161505283,1,9,0,-1,19,7,3,-1,0,1,0,0,0,0,1,9,-1,6,3,-1,-1,-1,-1,-1,-1,-1,-1,0,-1
2024010506077,2024,010506077,2,9,9,99,99,9,9,99,99,9,9,99,9,99,9,9,6,6,3,-1,-1,-1,-1,-1,-1,-1,-1,0,-1
2024471480819,2024,471480819,1,1,0,-1,19,7,3,-1,0,8,1,0,7,0,0,1,-1,1,1,28,6,-1,-1,-1,-1,8,E01031802,0,1
2024201472906,2024,201472906,1,19,0,-1,6,7,7,-1,0,0,0,0,0,0,1,1,-1,6,3,-1,-1,-1,-1,-1,-1,-1,-1,0,-1
2024471401328,2024,471401328,1,-1,0,-1,9,7,5,-1,0,1,0,0,0,0,0,1,-1,9,1,64,9,-1,-1,-1,-1,1,E01021135,1,1
2024010541713,2024,010541713,1,1,0,18,19,7,3,4,4,1,0,0,0,0,1,1,2,2,1,34,6,-1,-1,-1,-1,2,E01000076,0,3
2024481564387,2024,481564387,1,1,0,-1,19,5,1,-1,5,0,0,0,0,0,1,1,-1,6,1,-1,-1,-1,-1,-1,-1,-1,-1,0,-1
2024010495158,2024,010495158,1,8,9,99,99,9,9,99,99,9,9,99,9,99,9,9,6,6,3,-1,-1,-1,-1,-1,-1,-1,-1,0,-1
2024421426890,2024,421426890,2,9,0,-1,4,1,5,-1,0,0,0,0,0,0,2,1,-1,6,1,46,8,-1,-1,-1,-1,7,E01004216,0,4
2024320345739,2024,320345739,1,9,0,-1,-1,2,6,0,0,0,0,0,0,0,1,1,-1,-1,1,36,7,-1,-1,-1,-1,4,E01026180,0,4
2024052401710,2024,052401710,2,-1,0,18,19,1,5,0,0,0,0,0,0,0,3,1,6,6,1,42,7,-1,-1,-1,-1,5,E01006595,1,1
2024052402591,2024,052402591,1,8,0,18,19,4,8,0,0,1,0,0,0,0,1,1,6,6,3,-1,-1,-1,-1,-1,-1,-1,-1,0,-1
2024311437734,2024,311437734,1,9,0,-1,19,7,1,-1,0,8,0,0,0,0,0,9,-1,6,3,-1,-1,-1,-1,-1,-1,-1,-1,0,-1
2024131490601,2024,131490601,2,1,0,-1,19,1,5,-1,0,2,0,0,0,0,4,1,-1,1,1,24,5,-1,-1,-1,-1,2,E01011024,0,1
2024471490711,2024,471490711,1,-1,0,-1,19,4,8,-1,5,0,0,0,0,0,1,1,-1,6,2,39,7,-1,-1,-1,-1,1,E01016865,1,1
2024010505949,2024,010505949,2,1,9,99,99,9,9,99,99,9,9,99,9,99,1,1,6,6,1,-1,-1,-1,-1,-1,-1,-1,-1,0,-1
2024991443745,2024,991443745,2,1,0,-1,19,5,1,-1,0,3,0,0,0,0,3,1,-1,2,2,29,6,-1,-1,-1,-1,-1,-1,0,-1
2024332400176,2024,332400176,2,9,0,-1,5,7,3,-1,0,1,0,0,0,0,1,1,-1,9,1,33,6,-1,-1,-1,-1,10,E01025835,0,3
2024440433837,2024,440433837,2,9,0,18,19,5,1,0,0,8,0,0,0,0,1,1,6,6,1,68,10,-1,-1,-1,-1,9,E01034719,0,1
2024340NN2112,2024,340NN2112,1,19,0,-1,19,6,2,-1,0,0,0,0,0,0,1,1,-1,6,1,-1,-1,-1,-1,-1,-1,-1,-1,0,-1
2024311406084,2024,311406084,1,9,0,-1,5,6,3,-1,0,2,0,0,0,0,1,9,-1,6,3,-1,-1,-1,-1,-1,-1,-1,-1,0,-1
2024161449825,2024,161449825,1,1,0,-1,4,5,8,-1,0,1,0,0,0,0,3,1,-1,9,2,61,9,-1,-1,-1,-1,9,E01034759,0,1
2024070250424,2024,070250424,1,9,0,5,5,3,1,0,0,1,0,0,0,0,1,1,6,6,2,-1,-1,-1,-1,-1,-1,-1,-1,0,-1
2024010550713,2024,010550713,1,1,0,18,19,7,3,4,4,1,0,0,0,0,1,1,6,6,1,23,5,-1,-1,-1,-1,2,E01001979,0,1
2024451479287,2024,451479287,1,11,0,-1,19,1,1,-1,9,4,0,0,0,0,1,9,-1,1,1,40,7,-1,-1,-1,-1,-1,-1,0,-1
2024552500023,2024,552500023,2,9,0,4,4,3,7,0,0,8,0,0,0,0,2,1,6,6,2,53,8,-1,-1,-1,-1,9,E01015419,0,2
2024421405916,2024,421405916,1,9,0,-1,19,3,1,-1,0,0,0,0,0,0,3,1,-1,6,1,63,9,-1,-1,-1,-1,3,E01015954,0,1
2024332400395,2024,332400395,1,9,0,-1,19,5,1,-1,0,0,5,6,1,0,1,1,-1,6,1,-1,-1,-1,-1,-1,-1,-1,-1,0,-1
2024131450268,2024,131450268,1,9,0,-1,-1,-1,-1,-1,-1,0,-1,-1,-1,-1,-1,1,-1,6,3,-1,-1,-1,-1,-1,-1,-1,-1,0,-1
2024010488856,2024,010488856,1,5,0,15,15,4,8,0,0,0,0,0,0,0,3,1,2,2,1,55,8,-1,-1,-1,-1,5,E01002352,0,2
2024221441803,2024,221441803,1,9,0,-1,19,4,8,-1,0,0,0,0,0,0,3,9,-1,6,1,47,8,-1,-1,-1,-1,-1,-1,0,-1
2024052401983,2024,052401983,1,9,0,18,19,1,5,0,0,1,0,0,0,0,1,1,6,6,3,-1,-1,-1,-1,-1,-1,-1,-1,0,-1
2024052400420,2024,052400420,2,1,0,18,19,1,5,0,0,2,0,0,0,0,1,1,6,6,1,50,8,-1,-1,-1,-1,2,E01007181,0,1
2024052401669,2024,052401669,1,-1,0,18,19,8,4,0,0,0,0,0,0,0,4,1,6,6,1,8,2,-1,-1,-1,-1,2,E01032511,1,1
2024451492509,2024,451492509,1,98,0,-1,4,3,1,-1,0,7,0,0,0,0,0,9,-1,6,3,52,8,-1,-1,-1,-1,-1,-1,0,-1
2024430085538,2024,430085538,1,1,0,4,4,4,7,0,0,0,0,0,0,0,1,1,1,1,1,19,4,-1,-1,-1,-1,10,E01019905,0,5
2024041527487,2024,041527487,1,9,0,-1,19,7,3,-1,0,0,0,0,0,0,3,1,-1,6,2,32,6,-1,-1,-1,-1,2,E01025310,0,1
2024471439042,2024,471439042,1,1,0,-1,19,2,1,-1,0,3,0,0,0,0,4,1,-1,9,1,69,10,-1,-1,-1,-1,9,E01031655,0,1
2024547986424,2024,547986424,2,1,0,7,7,1,3,0,0,4,0,0,0,0,2,1,6,6,1,38,7,-1,-1,-1,-1,8,E01032709,0,1
2024201465165,2024,201465165,1,19,0,-1,19,7,1,-1,0,2,0,0,0,0,2,9,-1,6,3,-1,-1,-1,-1,-1,-1,-1,-1,0,-1
2024131400916,2024,131400916,2,1,0,-1,19,3,7,-1,0,6,0,0,0,0,2,1,-1,9,1,14,3,-1,-1,-1,-1,-1,-1,0,-1
2024461411844,2024,461411844,2,1,0,-1,19,3,7,-1,0,0,0,0,0,0,2,1,-1,2,1,45,7,-1,-1,-1,-1,5,E01035283,0,1
2024311439201,2024,311439201,1,9,4,-1,19,5,7,-1,0,0,0,0,0,0,3,9,-1,6,3,31,6,-1,-1,-1,-1,-1,-1,0,-1
2024421454435,2024,421454435,3,97,0,-1,19,1,5,-1,0,2,0,0,0,0,0,1,-1,9,3,-1,-1,-1,-1,-1,-1,-1,-1,0,-1
2024010491226,2024,010491226,2,-1,0,18,19,2,6,0,0,1,0,0,0,0,1,1,6,6,1,24,5,-1,-1,-1,-1,4,E01003348,1,1
2024501471514,2024,501471514,2,9,0,-1,9,3,1,-1,0,1,0,0,0,0,1,9,-1,6,1,-1,-1,-1,-1,-1,-1,1,E01009889,0,5
2024010515042,2024,010515042,2,9,0,18,19,5,1,0,0,1,0,0,0,0,1,1,6,6,1,24,5,-1,-1,-1,-1,-1,-1,0,-1
2024430042706,2024,430042706,1,9,0,18,19,5,1,0,0,0,0,0,0,0,4,1,6,6,3,-1,-1,-1,-1,-1,-1,-1,-1,0,-1
2024041401825,2024,041401825,3,9,0,-1,19,1,5,-1,0,3,0,0,0,0,2,1,-1,6,2,67,10,-1,-1,-1,-1,9,E01025257,0,1
2024311454048,2024,311454048,2,1,0,-1,9,4,8,-1,0,3,0,0,0,0,4,1,-1,6,1,64,9,-1,-1,-1,-1,-1,-1,0,-1
2024201531942,2024,201531942,3,9,0,-1,4,8,4,-1,0,0,0,0,0,0,2,1,-1,2,1,57,9,-1,-1,-1,-1,1,E01009935,0,1
2024201421485,2024,201421485,1,9,0,-1,19,1,5,-1,0,0,0,0,0,0,0,9,-1,6,2,42,7,-1,-1,-1,-1,2,E01010500,0,1
2024122400287,2024,122400287,1,9,0,18,19,6,2,0,0,0,5,4,0,0,4,1,6,6,1,20,4,-1,-1,-1,-1,9,E01011221,0,4
2024141457446,2024,141457446,1,9,0,-1,19,7,3,-1,0,1,0,0,0,0,1,9,-1,6,3,-1,-1,-1,-1,-1,-1,-1,-1,0,-1
2024440266518,2024,440266518,2,1,0,9,9,2,8,0,0,8,0,0,0,0,4,1,6,6,1,24,5,-1,-1,-1,-1,-1,-1,0,-1
2024010488625,2024,010488625,1,1,9,99,99,9,9,99,99,1,9,99,9,99,0,1,2,2,1,41,7,-1,-1,-1,-1,5,E01000964,0,1
2024552400968,2024,552400968,2,1,0,18,19,4,8,9,9,8,0,0,0,0,0,1,4,7,1,11,3,-1,-1,-1,-1,9,E01020400,0,1
2024622400410,2024,622400410,1,1,0,17,19,8,4,0,0,1,0,0,0,0,2,1,6,6,1,32,6,-1,-1,-1,-1,2,W01001695,0,1
2024052402142,2024,052402142,2,2,0,2,2,0,0,0,0,0,0,0,0,0,2,1,6,6,3,-1,-1,-1,-1,-1,-1,-1,-1,0,-1
2024010528196,2024,010528196,1,1,9,99,99,9,9,99,99,9,9,99,9,99,1,1,6,6,2,29,6,-1,-1,-1,-1,2,E01003940,0,1
2024010509619,2024,010509619,1,1,9,99,99,9,9,99,99,1,9,99,9,99,9,1,2,2,1,36,7,-1,-1,-1,-1,5,E01000398,0,1
2024010529035,2024,010529035,2,1,0,18,19,1,5,0,0,1,0,0,0,0,3,1,6,6,1,24,5,-1,-1,-1,-1,-1,-1,0,-1
2024211416124,2024,211416124,1,9,0,-1,19,3,7,-1,0,1,0,0,0,0,4,1,-1,9,1,64,9,-1,-1,-1,-1,10,E01034051,0,1
2024010529946,2024,010529946,2,1,0,18,19,7,3,0,0,1,5,0,0,0,1,1,6,6,1,27,6,-1,-1,-1,-1,4,E01034185,0,3
2024440469757,2024,440469757,2,-1,0,18,19,5,1,0,0,0,0,0,0,0,3,1,6,6,2,18,4,-1,-1,-1,-1,3,E01022916,1,1
2024401466415,2024,401466415,1,11,-1,-1,19,1,5,-1,0,0,0,0,0,0,3,9,-1,6,3,-1,-1,-1,-1,-1,-1,-1,-1,0,-1
2024010503675,2024,010503675,2,97,0,99,99,9,9,99,99,9,9,99,9,99,9,9,6,6,3,-1,-1,-1,-1,-1,-1,2,E01001651,0,3
2024991441965,2024,991441965,2,1,0,-1,9,8,5,-1,0,8,0,0,0,0,4,1,-1,7,1,39,7,-1,-1,-1,-1,10,-1,0,1
2024010538458,2024,010538458,2,19,0,1,1,7,3,0,0,8,0,4,0,0,2,1,6,6,3,-1,-1,-1,-1,-1,-1,-1,-1,0,-1
2024010526211,2024,010526211,2,3,0,5,5,9,9,99,99,9,9,99,9,99,9,1,6,6,3,-1,-1,-1,-1,-1,-1,-1,-1,0,-1
2024161525871,2024,161525871,1,1,0,-1,5,1,5,-1,0,0,0,0,0,0,-1,1,-1,6,1,45,7,-1,-1,-1,-1,2,E01035482,0,1
2024122400322,2024,122400322,1,1,0,18,19,7,3,0,0,2,0,0,0,0,1,1,2,2,1,55,8,-1,-1,-1,-1,9,E01013368,0,1
2024041409102,2024,041409102,2,9,0,-1,2,0,0,-1,0,0,0,0,0,0,2,1,-1,6,-1,-1,-1,-1,-1,-1,-1,-1,-1,0,-1
2024411425235,2024,411425235,1,90,0,-1,19,8,5,-1,0,3,0,0,1,10,1,1,-1,6,3,-1,-1,-1,-1,-1,-1,-1,-1,0,-1
2024332400164,2024,332400164,1,9,0,-1,19,2,6,-1,0,0,0,0,0,0,1,1,-1,6,3,-1,-1,-1,-1,-1,-1,-1,-1,0,-1
2024101421077,2024,101421077,1,9,0,-1,19,3,7,-1,0,1,0,0,0,0,1,9,-1,6,3,-1,-1,-1,-1,-1,-1,-1,-1,0,-1
2024010551944,2024,010551944,1,9,0,99,99,9,9,0,0,9,0,0,9,99,1,9,6,6,3,-1,-1,-1,-1,-1,-1,-1,-1,0,-1
2024010514623,2024,010514623,2,11,0,99,99,9,9,99,99,9,9,99,9,99,9,9,6,6,3,-1,-1,-1,-1,-1,-1,9,E01003812,0,3
2024010489389,2024,010489389,1,9,0,99,99,9,9,0,0,9,0,0,0,0,9,9,6,6,1,-1,-1,-1,-1,-1,-1,2,E01003601,0,1
2024010535877,2024,010535877,1,1,0,18,19,5,1,0,0,1,0,0,9,99,9,1,6,6,1,17,4,-1,-1,-1,-1,5,E01003213,0,1
2024070639260,2024,070639260,2,1,0,18,19,1,5,5,5,0,0,0,0,0,1,1,6,6,1,15,3,-1,-1,-1,-1,9,E01034666,0,1
2024221429885,2024,221429885,2,1,0,-1,9,8,6,-1,0,5,0,0,0,0,1,1,-1,9,1,64,9,-1,-1,-1,-1,8,W01000403,0,1
2024010547472,2024,010547472,2,9,0,99,99,9,9,99,99,9,9,99,9,99,9,9,6,6,3,-1,-1,-1,-1,-1,-1,-1,-1,0,-1
2024010546685,2024,010546685,2,1,0,18,19,1,5,0,0,8,0,0,0,0,1,1,6,6,1,25,5,-1,-1,-1,-1,9,E01004115,0,1
2024401526242,2024,401526242,1,98,-1,-1,19,5,1,-1,0,0,0,0,0,0,4,9,-1,6,3,-1,-1,-1,-1,-1,-1,-1,-1,0,-1
2024010491452,2024,010491452,2,9,0,99,99,9,9,99,99,9,9,99,9,99,2,9,6,6,3,-1,-1,-1,-1,-1,-1,-1,-1,0,-1
2024131499758,2024,131499758,2,-1,0,-1,10,7,3,-1,0,4,0,0,0,0,2,1,-1,2,1,30,6,-1,-1,-1,-1,1,E01033697,1,1
2024010489603,2024,010489603,1,3,0,99,99,9,9,99,99,9,9,99,9,99,9,1,1,1,1,30,6,-1,-1,-1,-1,2,E01001487,0,2
2024052401659,2024,052401659,1,1,0,18,19,7,3,0,0,0,0,0,0,0,1,1,2,2,1,60,9,-1,-1,-1,-1,1,E01006455,0,2
2024430448581,2024,430448581,1,9,0,18,19,1,5,0,0,2,0,0,0,0,1,1,6,6,2,30,6,-1,-1,-1,-1,10,E01016246,0,1
2024131421259,2024,131421259,2,9,0,-1,19,5,1,-1,0,1,0,0,0,0,1,1,-1,6,1,34,6,-1,-1,-1,-1,1,E01011361,0,1
2024371525471,2024,371525471,1,9,0,-1,19,8,4,-1,0,0,0,0,0,0,1,9,-1,6,3,-1,-1,-1,-1,-1,-1,-1,-1,0,-1
2024552400356,2024,552400356,2,1,0,18,19,4,8,0,0,0,0,0,0,0,3,1,6,6,1,17,4,-1,-1,-1,-1,10,E01015458,0,1
2024440395046,2024,440395046,2,-1,0,18,19,8,4,0,0,0,0,0,0,0,1,1,6,6,1,-1,-1,-1,-1,-1,-1,-1,-1,1,-1
2024311483429,2024,311483429,2,1,0,-1,7,7,1,-1,0,8,0,0,0,0,1,1,-1,6,1,27,6,-1,-1,-1,-1,1,E01013947,0,1
2024411440816,2024,411440816,2,22,0,-1,19,1,3,-1,9,3,5,0,0,0,1,1,-1,6,1,88,11,-1,-1,-1,-1,5,E01023643,0,1
2024131394867,2024,131394867,1,3,0,-1,19,1,5,-1,0,0,0,0,0,0,1,1,-1,9,1,15,3,-1,-1,-1,-1,1,E01011492,0,1
2024052400966,2024,052400966,1,9,0,18,19,4,8,0,0,0,0,0,0,0,4,1,6,6,3,-1,-1,-1,-1,-1,-1,-1,-1,0,-1
2024070426323,2024,070426323,2,1,0,18,19,2,6,0,0,0,0,0,0,0,2,1,2,2,1,38,7,-1,-1,-1,-1,3,E01018629,0,2
2024991452413,2024,991452413,1,97,0,-1,19,8,5,-1,0,0,0,4,0,0,1,1,-1,6,1,51,8,-1,-1,-1,-1,-1,-1,0,-1
2024201504967,2024,201504967,1,9,0,-1,1,7,3,-1,9,1,0,0,0,0,2,1,-1,6,2,25,5,-1,-1,-1,-1,-1,-1,0,-1
2024010505573,2024,010505573,1,9,0,13,13,7,3,0,0,1,0,0,0,0,4,1,6,6,3,-1,-1,-1,-1,-1,-1,-1,-1,0,-1
2024010538930,2024,010538930,2,1,0,18,19,6,2,4,4,1,0,10,0,0,3,1,6,6,1,28,6,-1,-1,-1,-1,4,E01000919,0,1
2024552400251,2024,552400251,2,9,0,18,19,2,6,0,0,8,0,0,0,0,1,1,2,2,1,23,5,-1,-1,-1,-1,4,E01020427,0,2
2024141489890,2024,141489890,1,1,0,-1,5,3,7,-1,0,0,0,0,0,0,3,1,-1,9,1,62,9,-1,-1,-1,-1,9,E01007825,0,1
2024010496358,2024,010496358,2,9,0,99,99,9,9,99,99,0,9,99,9,99,9,9,6,6,3,-1,-1,-1,-1,-1,-1,9,E01000880,0,1
2024010495139,2024,010495139,2,9,0,99,99,9,9,99,99,9,9,99,9,99,9,9,6,6,3,-1,-1,-1,-1,-1,-1,-1,-1,0,-1
2024332400543,2024,332400543,1,9,0,-1,19,1,5,-1,0,0,0,0,7,0,1,1,-1,6,3,-1,-1,-1,-1,-1,-1,-1,-1,0,-1
2024010493444,2024,010493444,3,9,0,18,19,7,3,0,0,0,0,0,0,0,4,1,2,2,1,43,7,-1,-1,-1,-1,3,E01035695,0,3
2024010520361,2024,010520361,1,9,0,9,9,7,5,0,0,5,0,0,0,0,1,1,6,6,3,-1,-1,-1,-1,-1,-1,-1,-1,0,-1
2024010517577,2024,010517577,2,1,0,18,19,7,3,0,0,1,0,0,0,0,1,1,6,6,2,40,7,-1,-1,-1,-1,6,E01004616,0,1
2024161423520,2024,161423520,2,9,0,-1,9,1,7,-1,0,1,0,0,0,0,3,9,-1,6,2,60,9,-1,-1,-1,-1,3,E01013319,0,1
2024461460382,2024,461460382,2,9,0,-1,4,5,1,-1,0,0,0,0,0,0,3,1,-1,9,1,40,7,-1,-1,-1,-1,6,E01016057,0,1
2024501485077,2024,501485077,2,19,0,-1,4,1,5,-1,0,1,0,0,0,0,1,1,-1,9,1,36,7,-1,-1,-1,-1,2,E01027128,0,5
2024371471014,2024,371471014,2,9,0,-1,19,2,6,-1,0,1,0,0,0,0,1,1,-1,2,2,21,5,-1,-1,-1,-1,3,E01033128,0,1
2024010521579,2024,010521579,2,1,0,18,19,2,6,0,0,8,0,0,0,0,1,1,2,2,1,60,9,-1,-1,-1,-1,7,E01004143,0,3
2024430110683,2024,430110683,2,9,0,18,19,1,5,0,0,8,0,0,0,0,1,1,6,6,2,-1,-1,-1,-1,-1,-1,-1,-1,0,-1
2024070023785,2024,070023785,2,1,0,18,19,1,5,0,0,0,1,0,1,0,3,1,6,6,1,67,10,-1,-1,-1,-1,-1,-1,0,-1
2024451460519,2024,451460519,2,98,0,-1,19,3,1,-1,0,0,0,0,0,0,3,9,-1,6,3,52,8,-1,-1,-1,-1,-1,-1,0,-1
2024010494637,2024,010494637,1,9,0,18,19,5,1,0,0,8,0,0,0,0,4,1,1,1,1,33,6,-1,-1,-1,-1,5,E01003666,0,1
2024991490838,2024,991490838,1,5,0,-1,13,7,2,-1,0,0,2,0,7,0,3,1,-1,9,1,65,9,-1,-1,-1,-1,-1,-1,0,-1
2024061461404,2024,061461404,2,9,0,-1,9,7,5,-1,0,5,0,0,0,0,1,1,-1,9,1,55,8,-1,-1,-1,-1,10,E01006237,0,2
2024010491353,2024,010491353,3,1,0,9,9,8,5,0,0,1,0,0,0,0,3,1,6,6,1,33,6,-1,-1,-1,-1,3,E01003387,0,1
2024070654673,2024,070654673,2,1,0,13,13,4,2,0,0,4,0,0,0,0,4,1,6,6,1,33,6,-1,-1,-1,-1,1,E01012520,0,1
2024010523224,2024,010523224,2,1,0,9,9,7,4,0,0,0,0,0,0,0,3,1,6,6,1,40,7,-1,-1,-1,-1,3,E01004675,0,1
2024543459224,2024,543459224,1,1,0,4,4,4,8,9,9,0,0,0,0,0,4,1,4,7,1,12,3,-1,-1,-1,-1,9,E01015566,0,1
2024361533002,2024,361533002,2,1,0,-1,19,4,8,-1,0,0,5,0,0,0,3,1,-1,6,1,12,3,-1,-1,-1,-1,2,E01026633,0,1
2024421407397,2024,421407397,2,1,0,-1,19,8,4,-1,0,0,0,0,0,0,2,1,-1,6,1,15,3,-1,-1,-1,-1,3,E01022047,0,1
2024041416548,2024,041416548,1,9,0,-1,19,8,4,-1,0,1,0,0,0,0,-1,9,-1,6,3,-1,-1,-1,-1,-1,-1,-1,-1,0,-1
2024010489817,2024,010489817,1,9,0,99,99,9,9,99,99,9,9,99,9,99,2,9,6,6,2,62,9,-1,-1,-1,-1,10,E01016664,0,4
2024231524701,2024,231524701,1,1,0,-1,19,5,1,-1,0,8,0,0,0,0,4,1,-1,6,1,28,6,-1,-1,-1,-1,3,E01031172,0,1
2024311493802,2024,311493802,2,1,0,-1,7,4,6,-1,0,0,0,0,0,0,4,1,-1,6,1,40,7,-1,-1,-1,-1,9,E01028419,0,1
2024631476251,2024,631476251,2,9,0,-1,9,4,2,-1,0,5,0,0,0,0,1,1,-1,2,1,67,10,-1,-1,-1,-1,2,W01000604,0,2
2024122400274,2024,122400274,1,1,0,18,19,6,2,0,0,8,1,0,0,0,1,1,2,2,1,33,6,-1,-1,-1,-1,2,E01013448,0,1
2024141410641,2024,141410641,2,9,0,-1,15,4,8,-1,0,0,0,0,0,0,3,9,-1,6,3,-1,-1,-1,-1,-1,-1,-1,-1,0,-1
2024340WN3592,2024,340WN3592,1,9,0,-1,19,3,7,-1,0,8,0,0,0,0,4,1,-1,9,1,72,10,-1,-1,-1,-1,9,E01028206,0,4
2024991413043,2024,991413043,1,9,0,-1,4,7,3,-1,0,1,0,0,0,0,1,1,-1,6,2,-1,-1,-1,-1,-1,-1,-1,-1,0,-1
2024320305746,2024,320305746,2,9,0,-1,-1,8,4,0,0,0,0,0,0,0,3,1,6,6,2,51,8,-1,-1,-1,-1,10,E01026189,0,2
2024052401301,2024,052401301,1,-1,0,18,19,7,3,0,0,1,0,0,0,0,1,1,6,6,1,16,4,-1,-1,-1,-1,4,E01006502,1,1
2024041414682,2024,041414682,1,9,0,-1,9,6,4,-1,0,6,0,0,0,0,0,9,-1,6,3,-1,-1,-1,-1,-1,-1,-1,-1,0,-1
2024010490911,2024,010490911,1,1,9,99,99,9,9,99,99,9,9,99,9,99,2,1,2,2,2,37,7,-1,-1,-1,-1,5,E01002456,0,1
2024010549201,2024,010549201,2,1,0,4,4,7,3,0,0,1,0,0,0,0,1,1,1,1,1,24,5,-1,-1,-1,-1,3,E01033341,0,1
2024010547428,2024,010547428,2,9,0,99,99,9,9,99,99,9,9,99,9,99,1,9,6,6,3,-1,-1,-1,-1,-1,-1,-1,-1,0,-1
2024461394957,2024,461394957,1,9,0,-1,4,7,3,-1,0,4,0,0,0,0,1,1,-1,1,1,21,5,-1,-1,-1,-1,-1,-1,0,-1
2024101493086,2024,101493086,1,9,0,-1,9,2,7,-1,0,8,0,0,0,0,1,1,-1,2,1,54,8,-1,-1,-1,-1,3,E01008842,0,1
2024440191356,2024,440191356,2,-1,0,18,19,6,2,0,0,8,0,0,0,0,4,1,6,6,1,34,6,-1,-1,-1,-1,2,E01017266,1,1