collision_index,collision_year,collision_ref_no,vehicle_reference,vehicle_type,towing_and_articulation,vehicle_manoeuvre_historic,vehicle_manoeuvre,vehicle_direction_from,vehicle_direction_to,vehicle_location_restricted_lane_historic,vehicle_location_restricted_lane,junction_location,skidding_and_overturning,hit_object_in_carriageway,vehicle_leaving_carriageway,hit_object_off_carriageway,first_point_of_impact,vehicle_left_hand_drive,journey_purpose_of_driver_historic,journey_purpose_of_driver,sex_of_driver,age_of_driver,age_band_of_driver,engine_capacity_cc,propulsion_code,age_of_vehicle,generic_make_model,driver_imd_decile,lsoa_of_driver,escooter_flag,driver_distance_banding
2024361514807,2024,361514807,1,9,0,-1,-1,-1,-1,-1,-1,0,-1,-1,-1,0,-1,9,-1,6,3,-1,-1,-1,-1,-1,-1,-1,-1,0,-1
2024031467110,2024,031467110,2,9,4,-1,7,5,7,-1,0,1,0,0,7,0,2,2,-1,1,1,38,7,-1,-1,-1,-1,4,E01019293,0,3
2024070580423,2024,070580423,2,1,0,-1,-1,7,3,0,0,0,0,0,0,0,1,1,6,6,1,32,6,-1,-1,-1,-1,-1,-1,0,-1
2024631454565,2024,631454565,3,90,0,-1,19,3,7,-1,0,8,0,0,0,0,1,1,-1,9,2,50,8,-1,-1,-1,-1,2,E01015216,0,5
2024522402318,2024,522402318,2,1,0,12,12,3,7,0,0,0,0,0,0,0,1,1,6,6,3,-1,-1,-1,-1,-1,-1,-1,-1,0,-1
2024010501952,2024,010501952,2,9,0,99,99,9,9,99,99,9,9,99,9,99,9,9,6,6,3,-1,-1,-1,-1,-1,-1,-1,-1,0,-1
2024010505708,2024,010505708,1,9,0,99,99,9,9,99,99,9,9,99,9,99,9,1,6,6,3,-1,-1,-1,-1,-1,-1,-1,-1,0,-1
2024010489094,2024,010489094,3,9,0,11,11,7,3,0,0,5,0,10,0,0,1,1,6,6,1,23,5,-1,-1,-1,-1,2,E01000052,0,1
2024010511010,2024,010511010,2,9,0,99,99,9,9,99,99,0,9,99,9,99,9,9,6,6,3,-1,-1,-1,-1,-1,-1,-1,-1,0,-1
2024010504610,2024,010504610,1,1,9,99,99,9,9,99,99,9,9,99,9,99,9,1,6,6,1,21,5,-1,-1,-1,-1,2,E01003984,0,1
2024010506935,2024,010506935,1,1,0,4,4,3,7,0,0,0,0,0,0,0,2,1,2,2,1,41,7,-1,-1,-1,-1,3,E01034207,0,1
2024421508185,2024,421508185,1,98,1,-1,2,0,0,-1,-1,0,0,0,0,0,0,1,-1,1,1,35,6,-1,-1,-1,-1,7,E01015821,0,4
2024010546812,2024,010546812,1,23,0,99,99,9,9,99,99,9,9,99,9,99,1,1,6,6,3,-1,-1,-1,-1,-1,-1,-1,-1,0,-1
2024311482507,2024,311482507,1,11,0,-1,-1,-1,-1,-1,-1,0,-1,-1,-1,0,-1,1,-1,6,3,-1,-1,-1,-1,-1,-1,-1,-1,0,-1
202417S202224,2024,17S202224,2,9,0,18,19,8,4,0,0,1,0,0,0,0,1,1,6,6,3,-1,-1,-1,-1,-1,-1,-1,-1,0,-1
2024302401571,2024,302401571,1,9,0,17,19,2,6,0,0,2,1,0,8,11,1,1,6,6,2,22,5,-1,-1,-1,-1,2,E01013565,0,1
2024010505372,2024,010505372,1,9,0,4,4,3,7,0,0,0,0,0,0,0,1,1,6,6,1,95,11,-1,-1,-1,-1,9,E01021767,0,1
2024371444332,2024,371444332,2,1,0,-1,19,7,3,-1,0,1,0,0,0,0,1,1,-1,6,1,61,9,-1,-1,-1,-1,10,E01030050,0,3
2024340WN3002,2024,340WN3002,2,1,0,-1,19,2,6,-1,0,1,2,0,0,0,4,1,-1,7,1,37,7,-1,-1,-1,-1,3,E01027191,0,1
2024122400940,2024,122400940,1,9,0,13,13,6,2,0,0,0,0,0,0,0,4,1,6,6,2,40,7,-1,-1,-1,-1,8,E01027759,0,1
2024131428420,2024,131428420,1,9,0,-1,-1,-1,-1,-1,-1,0,-1,-1,-1,-1,-1,1,-1,6,3,-1,-1,-1,-1,-1,-1,-1,-1,0,-1
2024440365180,2024,440365180,3,9,0,3,3,4,8,0,0,1,0,0,0,0,2,1,6,6,1,21,5,-1,-1,-1,-1,4,E01022670,0,2
2024010540703,2024,010540703,1,1,9,99,99,9,9,99,99,9,9,99,9,99,1,1,2,2,1,32,6,-1,-1,-1,-1,2,E01000907,0,1
2024471419605,2024,471419605,1,9,0,-1,19,5,1,-1,0,0,0,0,1,4,1,1,-1,1,1,38,7,-1,-1,-1,-1,6,E01031574,0,1
2024440558595,2024,440558595,2,90,0,17,19,1,6,0,0,1,0,0,0,0,1,1,6,6,1,16,4,-1,-1,-1,-1,9,E01032617,0,1
2024201409967,2024,201409967,1,9,0,-1,4,5,1,-1,0,0,0,0,0,0,1,1,-1,6,1,38,7,-1,-1,-1,-1,-1,-1,0,-1
2024201483150,2024,201483150,2,1,0,-1,7,2,5,-1,0,5,0,0,0,0,1,1,-1,6,1,45,7,-1,-1,-1,-1,3,E01009537,0,1
2024481564129,2024,481564129,1,1,0,-1,19,3,7,-1,5,1,0,0,0,0,1,1,-1,6,2,-1,-1,-1,-1,-1,-1,-1,-1,0,-1
2024340WN3232,2024,340WN3232,1,8,0,-1,1,1,5,-1,0,2,0,0,0,0,2,1,-1,1,1,-1,-1,-1,-1,-1,-1,-1,-1,0,-1
2024411409271,2024,411409271,1,9,0,-1,12,5,1,-1,0,7,0,0,0,0,1,1,-1,1,1,29,6,-1,-1,-1,-1,5,E01021099,0,5
2024010524478,2024,010524478,1,1,9,99,99,9,9,99,99,9,9,99,9,99,9,1,2,2,3,43,7,-1,-1,-1,-1,4,E01003372,0,1
2024991485858,2024,991485858,2,9,0,-1,19,4,7,-1,0,1,0,0,0,0,1,2,-1,9,2,34,6,-1,-1,-1,-1,-1,-1,0,-1
2024111440206,2024,111440206,2,19,0,-1,10,4,1,-1,0,1,0,0,0,0,3,1,-1,9,1,53,8,-1,-1,-1,-1,10,E01020605,0,1
2024631533971,2024,631533971,1,9,0,-1,19,8,4,-1,0,0,1,0,2,11,1,1,-1,9,2,67,10,-1,-1,-1,-1,-1,-1,0,-1
2024041405073,2024,041405073,2,1,0,-1,19,7,3,-1,0,4,0,0,0,0,4,1,-1,6,2,-1,-1,-1,-1,-1,-1,8,E01025416,0,1
2024010490222,2024,010490222,2,3,0,99,99,9,9,99,99,9,9,99,9,99,1,1,6,6,3,-1,-1,-1,-1,-1,-1,-1,-1,0,-1
2024340NN4492,2024,340NN4492,3,9,0,-1,19,5,1,-1,0,0,0,0,0,0,1,1,-1,1,1,63,9,-1,-1,-1,-1,9,E01032965,0,3
2024501458128,2024,501458128,1,1,0,-1,19,7,3,-1,0,1,2,0,0,0,1,1,-1,9,1,43,7,-1,-1,-1,-1,6,E01019942,0,2
2024622500023,2024,622500023,1,9,0,17,19,4,8,0,0,0,0,0,1,4,1,1,6,6,3,-1,-1,-1,-1,-1,-1,-1,-1,0,-1
2024070616888,2024,070616888,3,9,0,17,19,4,8,0,0,0,0,0,0,0,1,1,2,2,1,67,10,-1,-1,-1,-1,1,E01029566,0,4
2024052401585,2024,052401585,1,1,0,18,19,4,8,0,0,0,0,0,0,0,3,1,6,6,1,12,3,-1,-1,-1,-1,1,E01007290,0,1
2024010496972,2024,010496972,1,9,0,99,99,9,9,99,99,0,9,99,9,99,9,9,2,2,1,22,5,-1,-1,-1,-1,3,E01003536,0,1
2024991504865,2024,991504865,2,9,0,-1,19,6,2,-1,0,0,0,0,0,0,3,2,-1,9,1,22,5,-1,-1,-1,-1,-1,-1,0,-1
2024010491470,2024,010491470,1,9,0,9,9,8,6,0,0,1,0,0,0,0,1,1,6,6,1,39,7,-1,-1,-1,-1,4,E01023106,0,4
2024522401556,2024,522401556,1,1,0,15,15,5,1,0,0,0,0,8,0,0,1,1,6,6,1,36,7,-1,-1,-1,-1,2,E01014630,0,1
2024161402084,2024,161402084,1,9,0,-1,19,7,3,-1,0,1,0,0,0,0,1,1,-1,9,2,29,6,-1,-1,-1,-1,2,E01012884,0,1
2024201492355,2024,201492355,2,9,0,-1,12,2,6,-1,0,0,0,7,4,0,4,1,-1,9,1,29,6,-1,-1,-1,-1,3,E01010411,0,1
2024231401098,2024,231401098,3,9,0,-1,3,5,1,-1,0,0,0,0,0,0,2,1,-1,6,1,37,7,-1,-1,-1,-1,9,E01031183,0,1
2024010489166,2024,010489166,1,3,0,99,99,9,9,99,99,9,9,99,9,99,1,1,2,2,1,33,6,-1,-1,-1,-1,3,E01003126,0,3
2024061503547,2024,061503547,1,9,0,-1,19,5,1,-1,0,1,0,0,0,0,4,1,-1,1,1,24,5,-1,-1,-1,-1,-1,-1,0,-1
2024522403335,2024,522403335,1,9,0,7,7,3,5,9,9,6,0,0,0,0,1,1,6,6,1,24,5,-1,-1,-1,-1,2,E01014806,0,1
2024010524969,2024,010524969,1,90,0,7,7,6,7,0,0,6,0,0,0,0,0,1,1,1,1,29,6,-1,-1,-1,-1,3,E01002612,0,1
2024101510561,2024,101510561,1,9,0,-1,19,7,3,-1,0,6,1,0,0,0,3,1,-1,1,1,22,5,-1,-1,-1,-1,8,E01008235,0,1
2024161430605,2024,161430605,2,1,0,-1,19,7,3,-1,9,1,0,0,0,0,1,1,-1,6,2,5,1,-1,-1,-1,-1,1,E01012842,0,1
2024010493459,2024,010493459,1,9,0,5,5,3,7,0,0,1,0,0,0,0,1,1,6,6,1,70,10,-1,-1,-1,-1,10,E01001375,0,1
2024501493190,2024,501493190,2,1,0,-1,19,5,1,-1,0,0,0,0,0,0,2,1,-1,6,1,48,8,-1,-1,-1,-1,4,E01018782,0,1
2024010518344,2024,010518344,2,9,0,99,99,9,9,99,99,9,9,99,9,99,0,9,6,6,3,-1,-1,-1,-1,-1,-1,-1,-1,0,-1
2024010489587,2024,010489587,1,9,0,18,19,7,3,0,0,0,5,10,0,0,1,1,2,2,2,64,9,-1,-1,-1,-1,7,E01000989,0,1
2024501421425,2024,501421425,1,9,0,-1,19,3,7,-1,0,0,0,0,1,10,4,9,-1,1,1,-1,-1,-1,-1,-1,-1,-1,-1,0,-1
2024141429841,2024,141429841,3,9,0,-1,19,5,1,-1,0,1,0,0,0,0,2,1,-1,2,1,34,6,-1,-1,-1,-1,1,E01007547,0,3
2024201407530,2024,201407530,2,1,0,-1,5,6,2,-1,0,2,0,0,0,0,3,1,-1,6,1,25,5,-1,-1,-1,-1,-1,-1,0,-1
2024430625518,2024,430625518,2,9,0,18,19,6,2,0,0,4,0,0,0,0,3,1,6,6,1,-1,-1,-1,-1,-1,-1,-1,-1,0,-1
2024010535217,2024,010535217,2,9,0,18,19,5,1,0,0,8,0,0,0,0,0,1,6,6,2,53,8,-1,-1,-1,-1,2,E01000729,0,2
2024010525907,2024,010525907,1,1,0,18,19,3,7,0,0,0,0,0,0,0,1,1,6,6,1,52,8,-1,-1,-1,-1,5,E01002873,0,1
2024010489874,2024,010489874,1,9,0,4,4,1,5,0,0,1,0,0,0,0,3,1,6,6,1,46,8,-1,-1,-1,-1,6,E01032572,0,1
2024010496281,2024,010496281,2,9,0,4,4,6,2,0,0,4,0,0,0,0,2,1,6,6,2,52,8,-1,-1,-1,-1,3,E01004573,0,1
2024101480993,2024,101480993,1,9,0,-1,2,0,0,-1,0,8,0,0,0,0,3,1,-1,6,1,-1,-1,-1,-1,-1,-1,-1,-1,0,-1
2024061517583,2024,061517583,1,9,0,-1,19,1,5,-1,0,0,0,7,0,0,1,1,-1,9,1,52,8,-1,-1,-1,-1,5,E01010818,0,4
2024010548789,2024,010548789,1,90,0,18,19,6,2,0,0,0,0,10,0,0,1,1,6,6,3,-1,-1,-1,-1,-1,-1,-1,-1,0,-1
2024421406618,2024,421406618,1,99,0,-1,19,1,5,-1,0,1,0,0,0,0,4,1,-1,6,3,-1,-1,-1,-1,-1,-1,-1,-1,0,-1
2024031418511,2024,031418511,1,9,0,-1,3,2,7,-1,0,2,0,0,0,0,2,1,-1,6,1,65,9,-1,-1,-1,-1,-1,-1,0,-1
2024061398377,2024,061398377,2,-1,0,-1,9,7,3,-1,0,1,0,0,0,0,0,9,-1,9,1,19,4,-1,-1,-1,-1,1,E01005195,1,1
2024010544120,2024,010544120,2,20,0,99,99,9,9,99,99,9,9,99,9,99,9,9,6,6,3,-1,-1,-1,-1,-1,-1,-1,-1,0,-1
2024461446652,2024,461446652,2,9,0,-1,11,3,7,-1,0,0,0,0,3,0,2,1,-1,6,-1,-1,-1,-1,-1,-1,-1,-1,-1,0,-1
2024430171348,2024,430171348,1,9,0,18,19,4,8,0,0,8,0,0,0,0,1,1,6,6,1,30,6,-1,-1,-1,-1,-1,-1,0,-1
2024010492937,2024,010492937,1,3,0,99,99,9,9,99,99,9,9,99,9,99,1,1,1,1,3,26,6,-1,-1,-1,-1,3,E01003519,0,1
2024520500153,2024,520500153,1,9,0,9,9,2,8,0,0,8,0,0,0,0,1,1,6,6,3,-1,-1,-1,-1,-1,-1,-1,-1,0,-1
2024010517323,2024,010517323,2,-1,0,18,19,7,3,0,0,8,0,0,0,0,1,1,6,6,1,46,8,-1,-1,-1,-1,3,E01001801,1,1
2024010541802,2024,010541802,1,1,0,14,14,3,7,0,0,1,0,0,0,0,1,1,2,2,1,43,7,-1,-1,-1,-1,4,E01000742,0,2
2024471522212,2024,471522212,1,9,0,-1,19,6,2,-1,0,0,2,0,2,4,1,1,-1,2,1,33,6,-1,-1,-1,-1,6,E01031544,0,1
2024010520158,2024,010520158,3,9,0,99,99,9,9,99,99,0,9,99,9,99,0,9,6,6,3,-1,-1,-1,-1,-1,-1,-1,-1,0,-1
2024010537573,2024,010537573,2,1,0,18,19,5,1,4,4,0,0,0,0,0,1,1,6,6,2,28,6,-1,-1,-1,-1,4,E01000557,0,2
2024010520422,2024,010520422,2,9,0,99,99,9,9,99,99,9,9,99,9,99,1,9,6,6,1,31,6,-1,-1,-1,-1,2,E01004249,0,2
2024311437167,2024,311437167,2,9,0,-1,9,7,3,-1,0,5,0,0,0,0,4,2,-1,9,2,51,8,-1,-1,-1,-1,9,E01026360,0,4
2024161437466,2024,161437466,1,1,0,-1,19,1,5,-1,0,0,9,0,0,0,9,1,-1,1,1,21,5,-1,-1,-1,-1,9,E01012956,0,2
2024061510559,2024,061510559,2,9,0,-1,11,-1,-1,-1,0,9,0,0,0,0,4,1,-1,6,1,-1,-1,-1,-1,-1,-1,-1,-1,0,-1
2024501509659,2024,501509659,1,9,0,-1,19,7,3,-1,0,1,0,0,1,9,1,1,-1,9,1,78,11,-1,-1,-1,-1,4,E01027963,0,5
2024340NN2642,2024,340NN2642,3,9,0,-1,2,0,0,-1,0,0,0,0,0,0,4,1,-1,9,2,32,6,-1,-1,-1,-1,9,E01027108,0,1
2024340WN9162,2024,340WN9162,1,5,0,-1,13,8,4,-1,0,1,0,0,0,0,1,1,-1,6,1,49,8,-1,-1,-1,-1,8,E01016713,0,3
2024010534944,2024,010534944,1,1,0,18,19,5,1,0,0,2,0,0,0,0,3,1,6,6,1,74,10,-1,-1,-1,-1,7,E01004108,0,1
2024010495019,2024,010495019,1,11,0,4,4,5,1,0,0,0,0,0,0,0,0,1,1,1,1,24,5,-1,-1,-1,-1,7,E01003416,0,2
2024201514746,2024,201514746,1,9,0,-1,1,2,6,-1,0,0,0,0,0,0,2,9,-1,9,1,-1,-1,-1,-1,-1,-1,2,E01009592,0,1
2024201508772,2024,201508772,1,99,0,-1,12,5,1,-1,0,8,0,0,0,0,1,1,-1,6,3,34,6,-1,-1,-1,-1,-1,-1,0,-1
2024320392593,2024,320392593,1,19,0,12,12,8,4,0,0,2,0,0,0,0,1,1,6,6,3,-1,-1,-1,-1,-1,-1,-1,-1,0,-1
2024141555152,2024,141555152,2,9,0,-1,19,3,7,-1,0,0,0,0,0,0,2,9,-1,6,3,-1,-1,-1,-1,-1,-1,-1,-1,0,-1
2024010493524,2024,010493524,1,9,0,99,99,9,9,99,99,9,9,99,9,99,9,9,6,6,3,-1,-1,-1,-1,-1,-1,-1,-1,0,-1
2024440499152,2024,440499152,1,-1,0,18,19,9,9,99,99,8,9,99,9,99,9,1,6,6,1,20,4,-1,-1,-1,-1,2,E01017153,1,1
2024451429519,2024,451429519,1,9,0,-1,19,5,1,-1,0,0,0,0,0,0,1,1,-1,6,1,21,5,-1,-1,-1,-1,8,E01030723,0,1
2024101450870,2024,101450870,1,9,0,-1,19,3,7,-1,9,3,0,0,7,2,1,1,-1,2,1,26,6,-1,-1,-1,-1,3,E01027462,0,1
2024122400939,2024,122400939,1,1,0,18,19,3,7,0,0,6,0,10,0,0,1,1,1,1,1,62,9,-1,-1,-1,-1,10,E01027719,0,1
2024010498595,2024,010498595,1,1,9,99,99,9,9,99,99,9,9,99,9,99,9,1,2,2,1,37,7,-1,-1,-1,-1,3,E01001757,0,2
202417H107824,2024,17H107824,2,1,0,-1,19,1,5,-1,0,1,0,0,0,0,1,1,-1,9,1,21,5,-1,-1,-1,-1,1,E01011979,0,1
2024430018051,2024,430018051,1,9,4,16,19,6,1,0,0,0,0,0,0,0,3,1,6,6,1,33,6,-1,-1,-1,-1,7,E01001522,0,4
2024302401132,2024,302401132,2,1,0,18,19,2,6,0,0,1,0,0,0,0,3,1,6,6,2,29,6,-1,-1,-1,-1,6,E01019601,0,1
2024471426478,2024,471426478,2,1,0,-1,-1,-1,-1,-1,-1,-1,-1,-1,-1,0,-1,1,-1,6,1,63,9,-1,-1,-1,-1,9,E01016962,0,2
2024201530574,2024,201530574,1,9,0,-1,19,8,4,-1,0,0,0,0,0,0,1,9,-1,6,1,30,6,-1,-1,-1,-1,5,E01010069,0,1
2024010489511,2024,010489511,1,3,0,18,19,7,3,0,0,2,0,0,0,0,1,1,6,6,3,-1,-1,-1,-1,-1,-1,-1,-1,0,-1
2024010548670,2024,010548670,1,9,9,99,99,9,9,99,99,0,9,99,9,99,9,1,6,6,3,-1,-1,-1,-1,-1,-1,-1,-1,0,-1
2024411531125,2024,411531125,1,9,-1,-1,-1,-1,-1,-1,-1,-1,-1,-1,-1,0,-1,9,-1,6,3,-1,-1,-1,-1,-1,-1,-1,-1,0,-1
2024010512280,2024,010512280,2,1,0,9,9,4,2,0,0,1,0,0,0,0,3,1,2,2,1,19,4,-1,-1,-1,-1,2,E01003048,0,2
2024010536378,2024,010536378,2,98,1,99,99,9,9,0,0,9,9,99,9,99,4,9,6,6,3,-1,-1,-1,-1,-1,-1,-1,-1,0,-1
2024421397869,2024,421397869,2,1,0,-1,19,1,5,-1,0,2,0,0,0,0,1,1,-1,9,1,59,9,-1,-1,-1,-1,6,E01004383,0,1
2024111467802,2024,111467802,2,9,0,-1,3,5,7,-1,0,3,0,0,0,0,4,1,-1,2,1,47,8,-1,-1,-1,-1,4,E01020812,0,2
2024320433763,2024,320433763,2,9,0,8,8,7,3,0,0,1,0,0,0,0,2,1,-1,-1,2,33,6,-1,-1,-1,-1,1,E01026112,0,1
2024010527579,2024,010527579,2,1,3,9,9,5,3,0,0,2,0,0,0,0,1,1,6,6,1,34,6,-1,-1,-1,-1,4,E01003036,0,2
2024211514069,2024,211514069,3,9,0,-1,2,0,0,-1,0,0,0,0,0,0,1,1,-1,6,1,52,8,-1,-1,-1,-1,5,E01029464,0,1
2024010537604,2024,010537604,2,1,0,18,19,3,7,0,0,1,0,0,0,0,0,1,6,6,1,50,8,-1,-1,-1,-1,9,E01015982,0,2
2024401425265,2024,401425265,1,9,-1,-1,-1,-1,-1,-1,-1,-1,-1,-1,-1,0,-1,9,-1,6,1,-1,-1,-1,-1,-1,-1,8,E01017465,0,3
2024010500995,2024,010500995,2,90,0,99,99,9,9,99,99,9,9,99,9,99,1,9,6,6,3,-1,-1,-1,-1,-1,-1,-1,-1,0,-1
2024481564387,2024,481564387,2,1,0,-1,19,1,5,-1,5,0,0,0,0,0,1,1,-1,9,1,28,6,-1,-1,-1,-1,-1,-1,0,-1
2024010486957,2024,010486957,1,1,0,18,19,6,2,0,0,0,0,11,0,0,1,1,6,6,1,17,4,-1,-1,-1,-1,2,E01000153,0,1
2024371404355,2024,371404355,1,9,0,-1,19,3,7,-1,0,1,0,0,0,0,3,1,-1,2,1,57,9,-1,-1,-1,-1,8,E01033044,0,3
2024010511269,2024,010511269,1,1,0,4,4,5,1,0,0,1,0,0,0,0,0,1,6,6,1,26,6,-1,-1,-1,-1,6,E01004548,0,2
2024010540035,2024,010540035,2,1,0,18,19,1,5,0,0,8,0,0,0,0,1,1,6,6,1,35,6,-1,-1,-1,-1,3,E01003922,0,1
2024041500357,2024,041500357,1,9,0,-1,19,1,5,-1,0,0,0,0,0,0,3,1,-1,6,1,20,4,-1,-1,-1,-1,5,E01025243,0,1
2024421492183,2024,421492183,1,21,1,-1,13,6,2,-1,0,0,0,0,0,0,1,2,-1,1,1,55,8,-1,-1,-1,-1,-1,-1,0,-1
2024522402978,2024,522402978,2,9,0,9,9,8,6,0,0,5,0,0,0,0,3,1,6,6,1,54,8,-1,-1,-1,-1,4,E01014650,0,1
2024010508141,2024,010508141,2,9,0,99,99,9,9,99,99,9,9,99,9,99,9,9,6,6,3,-1,-1,-1,-1,-1,-1,-1,-1,0,-1
2024545392124,2024,545392124,2,9,0,5,5,1,6,0,0,1,0,0,0,0,1,1,6,6,1,24,5,-1,-1,-1,-1,7,E01015497,0,1
2024052400924,2024,052400924,2,3,0,18,19,7,3,0,0,3,0,0,1,10,1,1,6,6,1,33,6,-1,-1,-1,-1,8,E01006597,0,2
2024010491336,2024,010491336,1,11,0,18,19,7,3,2,2,1,0,0,0,0,3,1,1,1,2,24,5,-1,-1,-1,-1,3,E01003073,0,2
2024010493919,2024,010493919,2,3,0,13,13,3,7,0,0,1,1,0,0,0,3,1,6,6,1,15,3,-1,-1,-1,-1,3,E01001806,0,1
2024451447645,2024,451447645,1,1,0,-1,19,3,1,-1,9,8,0,0,0,0,0,1,-1,7,1,12,3,-1,-1,-1,-1,8,E01023109,0,1
202417M108124,2024,17M108124,2,9,0,-1,19,1,4,-1,0,1,0,0,0,0,1,1,-1,6,3,-1,-1,-1,-1,-1,-1,-1,-1,0,-1
2024061512090,2024,061512090,2,9,0,-1,19,-1,-1,-1,0,0,0,0,3,99,9,1,-1,6,3,-1,-1,-1,-1,-1,-1,-1,-1,0,-1
2024520000824,2024,520000824,2,9,0,3,3,4,8,0,0,0,0,0,0,0,2,1,1,1,2,27,6,-1,-1,-1,-1,1,W01001664,0,3
2024421422354,2024,421422354,1,9,0,-1,-1,-1,-1,-1,-1,0,-1,-1,-1,0,-1,9,-1,6,3,-1,-1,-1,-1,-1,-1,-1,-1,0,-1
2024522402114,2024,522402114,1,-1,0,7,7,3,6,9,9,8,0,0,0,0,1,1,6,6,3,-1,-1,-1,-1,-1,-1,-1,-1,1,-1
2024351466780,2024,351466780,2,9,0,-1,4,2,8,-1,0,0,0,0,0,0,2,1,-1,6,1,65,9,-1,-1,-1,-1,-1,-1,0,-1
2024522500312,2024,522500312,2,9,0,18,19,3,7,0,0,4,0,0,0,0,1,1,6,6,2,-1,-1,-1,-1,-1,-1,-1,-1,0,-1
2024430517899,2024,430517899,1,9,0,18,19,2,6,0,0,8,0,0,0,0,1,1,6,6,3,-1,-1,-1,-1,-1,-1,-1,-1,0,-1
2024201399775,2024,201399775,2,9,0,-1,9,4,2,-1,0,5,0,0,0,0,3,1,-1,6,1,-1,-1,-1,-1,-1,-1,-1,-1,0,-1
2024010492315,2024,010492315,1,9,0,5,5,5,1,0,0,0,0,0,0,0,1,1,6,6,1,44,7,-1,-1,-1,-1,5,E01003028,0,1
2024361456047,2024,361456047,6,9,0,-1,19,4,8,-1,0,1,0,0,0,0,2,1,-1,6,2,53,8,-1,-1,-1,-1,5,E01026516,0,4
2024010522749,2024,010522749,1,1,9,99,99,9,9,99,99,9,9,99,9,99,1,1,6,6,2,52,8,-1,-1,-1,-1,7,E01004029,0,1
2024501418714,2024,501418714,1,9,0,-1,19,1,6,-1,0,8,0,0,0,0,0,9,-1,6,3,-1,-1,-1,-1,-1,-1,-1,-1,0,-1
2024052401353,2024,052401353,1,9,0,5,5,1,5,0,0,0,0,0,0,0,4,1,6,6,1,70,10,-1,-1,-1,-1,1,E01034835,0,1
2024552400869,2024,552400869,2,1,0,18,19,6,2,0,0,0,0,0,0,0,0,1,2,2,1,32,6,-1,-1,-1,-1,5,E01034376,0,2
2024201522096,2024,201522096,1,9,0,-1,19,6,2,-1,0,0,0,0,0,0,1,9,-1,6,-1,-1,-1,-1,-1,-1,-1,-1,-1,0,-1
2024471403537,2024,471403537,1,9,0,-1,19,5,1,-1,0,1,0,0,0,0,1,1,-1,2,1,53,8,-1,-1,-1,-1,8,E01031677,0,3
2024311511696,2024,311511696,3,9,0,-1,19,7,3,-1,0,0,0,0,1,0,1,1,-1,2,1,41,7,-1,-1,-1,-1,3,E01028209,0,2
2024430483000,2024,430483000,1,9,0,17,19,3,8,0,0,0,2,0,5,7,3,1,6,6,1,83,11,-1,-1,-1,-1,6,E01028558,0,4
2024320340987,2024,320340987,1,9,0,-1,-1,4,8,0,0,0,0,0,0,0,1,1,6,6,1,44,7,-1,-1,-1,-1,3,E01026825,0,4
2024540109024,2024,540109024,1,9,0,5,5,1,5,0,0,0,5,0,7,9,3,1,6,6,1,51,8,-1,-1,-1,-1,7,E01034551,0,2
2024010497535,2024,010497535,2,9,9,99,99,9,9,99,99,9,9,99,9,99,9,9,6,6,3,-1,-1,-1,-1,-1,-1,-1,-1,0,-1
2024010493527,2024,010493527,1,19,0,18,19,3,7,0,0,1,0,0,0,0,3,1,6,6,1,53,8,-1,-1,-1,-1,8,E01000704,0,1
2024010487128,2024,010487128,2,5,0,18,19,1,5,0,0,8,0,0,0,0,4,1,6,6,1,41,7,-1,-1,-1,-1,9,E01003873,0,2
2024010535494,2024,010535494,2,1,0,18,19,5,1,0,0,2,5,0,0,0,1,1,2,2,1,36,7,-1,-1,-1,-1,3,E01002185,0,4
2024141490805,2024,141490805,1,9,0,-1,19,8,4,-1,0,1,0,0,0,0,1,9,-1,6,3,-1,-1,-1,-1,-1,-1,-1,-1,0,-1
2024471519741,2024,471519741,2,9,0,-1,6,3,3,-1,0,0,0,0,0,0,4,1,-1,6,3,-1,-1,-1,-1,-1,-1,-1,-1,0,-1
2024552400268,2024,552400268,1,9,0,7,7,5,8,9,9,0,0,0,7,3,1,1,2,2,1,22,5,-1,-1,-1,-1,1,E01015307,0,1
2024201536971,2024,201536971,1,19,0,-1,19,3,7,-1,9,0,1,10,1,0,1,1,-1,6,1,40,7,-1,-1,-1,-1,-1,-1,0,-1
2024211492305,2024,211492305,2,9,0,-1,19,7,3,-1,0,0,0,0,0,0,1,1,-1,6,2,59,9,-1,-1,-1,-1,9,E01029687,0,1
2024461496425,2024,461496425,2,19,0,-1,4,3,7,-1,0,0,0,0,0,0,2,1,-1,2,1,52,8,-1,-1,-1,-1,6,E01000726,0,4
2024161417834,2024,161417834,2,-1,0,-1,7,1,5,-1,0,1,0,0,0,0,2,1,-1,6,3,14,3,-1,-1,-1,-1,-1,-1,1,-1
2024010495493,2024,010495493,2,9,0,1,1,9,9,99,99,9,9,99,9,99,9,9,6,6,3,-1,-1,-1,-1,-1,-1,-1,-1,0,-1
2024520401146,2024,520401146,1,9,0,18,19,3,7,0,0,0,0,0,0,0,1,1,6,6,1,77,11,-1,-1,-1,-1,7,E01029262,0,1
2024461414972,2024,461414972,2,9,0,-1,19,5,1,-1,0,0,0,0,0,0,2,9,-1,9,2,36,7,-1,-1,-1,-1,5,E01024038,0,1
2024430601522,2024,430601522,2,1,0,18,19,3,7,0,0,1,0,0,0,0,1,1,6,6,1,16,4,-1,-1,-1,-1,-1,-1,0,-1
2024520002377,2024,520002377,1,1,0,18,19,1,5,0,0,0,0,0,0,0,9,1,6,6,1,36,7,-1,-1,-1,-1,10,E01014477,0,1
2024451467707,2024,451467707,1,9,0,-1,19,1,5,-1,0,0,0,0,0,0,1,1,-1,9,2,35,6,-1,-1,-1,-1,8,E01030845,0,1
2024302401272,2024,302401272,3,9,0,2,2,0,0,0,0,1,0,0,0,0,0,1,6,6,3,-1,-1,-1,-1,-1,-1,-1,-1,0,-1
2024320474414,2024,320474414,1,9,0,-1,-1,6,2,0,0,1,0,0,0,0,1,1,1,1,1,57,9,-1,-1,-1,-1,10,E01026359,0,2
2024010523605,2024,010523605,2,9,0,18,19,6,2,0,0,2,0,0,0,0,3,1,1,1,1,63,9,-1,-1,-1,-1,5,E01002183,0,2
2024531486823,2024,531486823,2,1,0,-1,19,7,3,-1,0,1,2,0,0,0,3,1,-1,1,1,60,9,-1,-1,-1,-1,8,E01022166,0,1