collision_index,collision_year,collision_ref_no,vehicle_reference,vehicle_type,towing_and_articulation,vehicle_manoeuvre_historic,vehicle_manoeuvre,vehicle_direction_from,vehicle_direction_to,vehicle_location_restricted_lane_historic,vehicle_location_restricted_lane,junction_location,skidding_and_overturning,hit_object_in_carriageway,vehicle_leaving_carriageway,hit_object_off_carriageway,first_point_of_impact,vehicle_left_hand_drive,journey_purpose_of_driver_historic,journey_purpose_of_driver,sex_of_driver,age_of_driver,age_band_of_driver,engine_capacity_cc,propulsion_code,age_of_vehicle,generic_make_model,driver_imd_decile,lsoa_of_driver,escooter_flag,driver_distance_banding
2024531405297,2024,531405297,2,9,0,-1,4,5,1,-1,0,0,0,0,0,0,2,1,-1,9,1,43,7,-1,-1,-1,-1,5,E01032188,0,4
2024010551086,2024,010551086,1,1,9,99,99,9,9,99,99,0,9,99,9,99,9,1,6,6,2,28,6,-1,-1,-1,-1,2,E01002878,0,1
2024010521153,2024,010521153,2,9,0,99,99,9,9,99,99,9,9,99,9,99,1,9,6,6,2,44,7,-1,-1,-1,-1,1,E01001429,0,2
2024361531525,2024,361531525,2,1,0,-1,-1,-1,-1,-1,-1,0,-1,-1,-1,0,1,1,-1,6,1,23,5,-1,-1,-1,-1,5,E01026816,0,1
2024010489495,2024,010489495,1,1,0,18,19,1,5,9,9,0,0,0,0,0,1,1,2,2,1,33,6,-1,-1,-1,-1,5,E01004612,0,2
2024010531662,2024,010531662,1,1,9,99,99,9,9,99,99,9,9,99,9,99,1,1,2,2,1,48,8,-1,-1,-1,-1,5,E01000973,0,2
2024622400315,2024,622400315,2,1,0,18,19,2,7,0,0,4,0,0,0,0,2,1,6,6,1,56,9,-1,-1,-1,-1,10,W01001196,0,1
2024041426607,2024,041426607,1,9,0,-1,19,-1,-1,-1,0,8,0,0,0,0,-1,9,-1,6,3,-1,-1,-1,-1,-1,-1,-1,-1,0,-1
2024010494028,2024,010494028,1,9,9,18,19,3,7,99,99,0,9,99,9,99,9,1,6,6,3,-1,-1,-1,-1,-1,-1,-1,-1,0,-1
2024101420798,2024,101420798,1,9,0,-1,-1,-1,-1,-1,-1,0,-1,-1,-1,0,3,9,-1,6,1,-1,-1,-1,-1,-1,-1,-1,-1,0,-1
2024131398712,2024,131398712,1,9,0,-1,9,7,3,-1,0,1,0,0,0,0,1,1,-1,6,2,23,5,-1,-1,-1,-1,5,E01011736,0,1
2024430136671,2024,430136671,1,1,0,17,19,5,3,0,0,0,0,0,0,0,4,1,6,6,1,65,9,-1,-1,-1,-1,8,E01016326,0,2
2024631476777,2024,631476777,1,9,0,-1,19,2,5,-1,0,8,0,0,0,0,3,1,-1,6,2,22,5,-1,-1,-1,-1,6,W01000571,0,1
2024311409723,2024,311409723,1,9,0,-1,19,1,1,-1,0,0,0,0,0,0,1,1,-1,6,3,50,8,-1,-1,-1,-1,-1,-1,0,-1
2024010528803,2024,010528803,1,1,0,4,4,1,5,0,0,1,0,0,0,0,0,1,6,6,1,59,9,-1,-1,-1,-1,9,E01001532,0,2
2024361471968,2024,361471968,1,1,0,-1,19,3,7,-1,0,1,0,0,0,0,1,1,-1,9,1,12,3,-1,-1,-1,-1,3,E01026640,0,1
2024371521952,2024,371521952,1,9,0,-1,7,1,4,-1,0,8,0,0,0,0,1,1,-1,1,1,61,9,-1,-1,-1,-1,7,E01029995,0,1
2024430127312,2024,430127312,2,9,0,18,19,1,5,0,0,1,0,0,0,0,1,1,2,2,2,63,9,-1,-1,-1,-1,4,E01017901,0,1
2024320558446,2024,320558446,2,9,0,-1,-1,2,6,0,0,0,2,0,1,1,1,1,1,1,1,28,6,-1,-1,-1,-1,8,E01026258,0,3
2024041478657,2024,041478657,2,1,0,-1,19,5,1,-1,0,0,5,0,0,0,3,1,-1,9,1,26,6,-1,-1,-1,-1,9,E01024997,0,1
2024340WN0012,2024,340WN0012,1,9,0,-1,9,1,5,-1,0,4,0,0,0,0,1,1,-1,6,1,47,8,-1,-1,-1,-1,3,E01027330,0,3
2024991399601,2024,991399601,2,9,0,-1,2,2,6,-1,0,3,0,0,0,0,4,1,-1,9,2,49,8,-1,-1,-1,-1,10,-1,0,1
2024421452466,2024,421452466,1,19,0,-1,19,6,2,-1,0,0,0,0,0,0,4,9,-1,6,3,-1,-1,-1,-1,-1,-1,-1,-1,0,-1
2024552401000,2024,552401000,2,1,0,18,19,8,4,0,0,0,0,0,0,0,0,1,6,6,1,50,8,-1,-1,-1,-1,4,E01015276,0,1
2024461526549,2024,461526549,1,9,0,-1,19,3,7,-1,0,4,0,0,4,0,1,9,-1,6,3,-1,-1,-1,-1,-1,-1,-1,-1,0,-1
2024340WN0162,2024,340WN0162,2,9,0,-1,19,7,3,-1,0,8,0,0,1,7,1,1,-1,1,1,71,10,-1,-1,-1,-1,9,E01016793,0,4
2024440548510,2024,440548510,1,9,0,18,19,8,4,0,0,0,0,0,0,0,1,1,6,6,1,72,10,-1,-1,-1,-1,8,E01023014,0,1
2024041463110,2024,041463110,2,1,0,-1,19,6,2,-1,0,3,0,0,0,0,1,1,-1,9,1,41,7,-1,-1,-1,-1,3,E01024943,0,1
2024440401712,2024,440401712,1,9,0,13,13,8,4,0,0,2,0,0,0,0,4,1,6,6,3,-1,-1,-1,-1,-1,-1,-1,-1,0,-1
2024201493125,2024,201493125,2,5,0,-1,19,5,3,-1,2,0,5,4,0,0,1,1,-1,6,1,30,6,-1,-1,-1,-1,-1,-1,0,-1
2024311498090,2024,311498090,1,9,0,-1,19,2,6,-1,0,1,0,0,0,0,1,1,-1,1,1,37,7,-1,-1,-1,-1,2,E01028319,0,2
2024991493173,2024,991493173,2,9,0,-1,19,6,2,-1,0,0,0,0,0,0,2,1,-1,6,1,33,6,-1,-1,-1,-1,9,-1,0,4
2024052402587,2024,052402587,2,1,0,18,19,2,6,0,0,1,0,0,0,0,1,1,2,2,1,51,8,-1,-1,-1,-1,8,E01006622,0,1
2024221481344,2024,221481344,2,19,0,-1,19,3,7,-1,0,0,0,0,0,0,3,1,-1,1,1,18,4,-1,-1,-1,-1,4,E01014011,0,2
2024201482257,2024,201482257,1,9,0,-1,5,2,6,-1,0,6,0,0,0,0,1,9,-1,6,1,23,5,-1,-1,-1,-1,9,E01009804,0,3
2024211467753,2024,211467753,2,9,0,-1,19,7,3,-1,0,1,0,0,0,0,4,1,-1,6,2,37,7,-1,-1,-1,-1,10,E01019880,0,1
2024311515676,2024,311515676,1,9,0,-1,19,5,1,-1,0,0,0,0,0,0,1,9,-1,6,3,-1,-1,-1,-1,-1,-1,-1,-1,0,-1
2024430482533,2024,430482533,1,9,0,18,19,6,2,0,0,1,0,0,0,0,3,1,6,6,3,-1,-1,-1,-1,-1,-1,-1,-1,0,-1
2024010494041,2024,010494041,1,1,0,18,19,1,5,0,0,0,0,0,1,4,1,1,1,1,1,21,5,-1,-1,-1,-1,3,E01003439,0,1
2024010490025,2024,010490025,2,9,0,99,99,9,9,99,99,9,9,99,9,99,9,9,6,6,3,-1,-1,-1,-1,-1,-1,-1,-1,0,-1
2024061460567,2024,061460567,2,98,-1,-1,-1,-1,-1,-1,-1,-1,-1,-1,-1,0,-1,9,-1,6,3,-1,-1,-1,-1,-1,-1,-1,-1,0,-1
2024141502179,2024,141502179,1,9,0,-1,19,5,1,-1,0,1,0,0,0,0,1,9,-1,6,3,-1,-1,-1,-1,-1,-1,-1,-1,0,-1
2024131398712,2024,131398712,2,1,0,-1,19,3,7,-1,0,1,0,0,0,0,1,1,-1,6,1,44,7,-1,-1,-1,-1,7,E01011243,0,2
2024131483842,2024,131483842,2,9,0,-1,19,7,3,-1,0,0,0,0,1,4,1,1,-1,9,2,39,7,-1,-1,-1,-1,2,E01011907,0,2
2024010495000,2024,010495000,2,9,0,99,99,9,9,99,99,9,9,99,9,99,9,9,6,6,3,32,6,-1,-1,-1,-1,5,E01004438,0,2
2024052400478,2024,052400478,1,8,0,18,19,2,6,0,0,1,0,0,0,0,1,1,6,6,3,-1,-1,-1,-1,-1,-1,-1,-1,0,-1
2024471408548,2024,471408548,1,9,9,-1,9,1,6,-1,0,2,0,0,0,0,3,1,-1,6,3,-1,-1,-1,-1,-1,-1,-1,-1,0,-1
2024440464606,2024,440464606,1,9,0,18,19,1,5,0,0,1,0,0,7,11,1,1,6,6,1,37,7,-1,-1,-1,-1,5,E01017283,0,1
2024471449578,2024,471449578,1,9,0,-1,19,8,4,-1,0,0,0,0,0,0,1,1,-1,9,1,24,5,-1,-1,-1,-1,5,E01021024,0,4
2024461477490,2024,461477490,1,9,-1,-1,11,4,1,-1,-1,2,-1,-1,-1,0,4,9,-1,6,3,-1,-1,-1,-1,-1,-1,-1,-1,0,-1
2024471491156,2024,471491156,2,9,0,-1,2,0,0,-1,0,0,0,0,0,0,1,2,-1,6,-1,-1,-1,-1,-1,-1,-1,-1,-1,0,-1
2024461531535,2024,461531535,2,9,0,-1,4,3,7,-1,0,0,1,11,1,0,2,1,-1,2,2,27,6,-1,-1,-1,-1,5,E01016158,0,3
2024141403774,2024,141403774,2,1,0,-1,19,5,1,-1,0,0,0,0,0,0,1,1,-1,1,1,49,8,-1,-1,-1,-1,2,E01007843,0,1
202454D366524,2024,54D366524,2,1,0,18,19,3,7,0,0,4,5,0,0,0,2,1,6,6,1,10,2,-1,-1,-1,-1,6,E01031967,0,1
2024440562874,2024,440562874,2,9,0,18,19,4,0,0,0,2,0,0,0,0,2,1,6,6,1,43,7,-1,-1,-1,-1,4,E01035446,0,1
2024631489055,2024,631489055,1,9,0,-1,19,5,1,-1,0,2,0,0,0,0,1,1,-1,6,3,-1,-1,-1,-1,-1,-1,-1,-1,0,-1
2024461458266,2024,461458266,1,9,0,-1,13,5,1,-1,0,0,0,0,0,0,3,9,-1,6,3,-1,-1,-1,-1,-1,-1,-1,-1,0,-1
2024010487903,2024,010487903,1,19,0,18,19,1,5,0,0,0,0,0,0,0,2,1,6,6,1,28,6,-1,-1,-1,-1,2,E01004248,0,1
2024201394744,2024,201394744,1,9,0,-1,19,6,2,-1,2,1,0,0,0,0,1,9,-1,6,3,-1,-1,-1,-1,-1,-1,-1,-1,0,-1
2024421479609,2024,421479609,1,9,0,-1,19,4,2,-1,0,4,0,0,0,0,1,1,-1,6,1,45,7,-1,-1,-1,-1,-1,-1,0,-1
2024010515945,2024,010515945,1,3,0,99,99,9,9,99,99,9,9,99,9,99,9,1,6,6,1,47,8,-1,-1,-1,-1,1,E01000524,0,1
2024552500116,2024,552500116,1,9,0,7,7,1,3,0,0,8,0,0,0,0,1,1,6,6,3,-1,-1,-1,-1,-1,-1,-1,-1,0,-1
2024141407740,2024,141407740,2,9,0,-1,19,5,1,-1,0,8,0,0,0,0,1,9,-1,6,3,-1,-1,-1,-1,-1,-1,-1,-1,0,-1
2024010519389,2024,010519389,1,9,0,1,1,1,5,0,0,2,0,0,0,0,2,1,6,6,1,64,9,-1,-1,-1,-1,4,E01000164,0,1
2024522401296,2024,522401296,2,1,0,9,9,8,6,0,0,5,0,0,0,0,1,1,6,6,2,26,6,-1,-1,-1,-1,1,E01033367,0,1
2024010530138,2024,010530138,1,1,9,99,99,9,9,99,99,9,9,99,9,99,9,1,2,2,1,36,7,-1,-1,-1,-1,8,E01002942,0,1
2024320518100,2024,320518100,1,9,0,9,9,6,4,0,0,6,0,0,0,0,1,1,1,1,1,28,6,-1,-1,-1,-1,-1,-1,0,-1
2024411401612,2024,411401612,4,9,0,-1,2,0,0,-1,0,0,0,0,0,0,1,1,-1,6,-1,-1,-1,-1,-1,-1,-1,-1,-1,0,-1
2024320436813,2024,320436813,2,9,0,-1,-1,3,7,0,0,1,0,0,1,0,2,1,6,6,2,32,6,-1,-1,-1,-1,6,E01026266,0,3
2024991397463,2024,991397463,2,1,0,-1,19,5,2,-1,0,3,0,0,0,0,4,1,-1,6,1,29,6,-1,-1,-1,-1,4,-1,0,1
2024430073552,2024,430073552,1,9,0,18,19,1,5,0,0,8,0,0,0,0,3,1,1,1,1,31,6,-1,-1,-1,-1,4,E01017712,0,3
2024401466218,2024,401466218,1,9,-1,-1,-1,-1,-1,-1,-1,0,-1,-1,-1,0,-1,9,-1,6,3,-1,-1,-1,-1,-1,-1,-1,-1,0,-1
2024010531960,2024,010531960,2,1,9,99,99,9,9,99,99,9,9,99,9,99,9,1,6,6,1,20,4,-1,-1,-1,-1,3,E01002806,0,1
2024010520180,2024,010520180,1,1,9,99,99,9,9,99,99,0,9,99,9,99,9,1,2,2,1,50,8,-1,-1,-1,-1,2,E01001144,0,1
2024991408135,2024,991408135,1,1,0,-1,19,7,3,-1,0,0,0,0,0,0,1,1,-1,1,3,30,6,-1,-1,-1,-1,-1,-1,0,-1
2024221509556,2024,221509556,1,9,0,-1,19,6,2,-1,0,0,0,0,1,10,1,9,-1,6,2,36,7,-1,-1,-1,-1,3,E01014005,0,2
2024311472702,2024,311472702,2,23,0,-1,15,1,5,-1,0,5,0,0,0,0,3,1,-1,6,1,25,5,-1,-1,-1,-1,7,E01019977,0,5
2024430566038,2024,430566038,2,1,0,18,19,5,1,0,0,1,0,10,1,0,3,1,2,2,2,35,6,-1,-1,-1,-1,9,E01028511,0,1
2024401434755,2024,401434755,1,9,-1,-1,-1,-1,-1,-1,-1,-1,-1,-1,-1,0,-1,9,-1,6,1,45,7,-1,-1,-1,-1,8,E01017425,0,1
2024991478264,2024,991478264,1,-1,0,-1,19,7,3,-1,0,0,2,4,0,0,1,1,-1,9,1,15,3,-1,-1,-1,-1,1,-1,1,1
2024430283039,2024,430283039,1,19,0,5,5,4,1,0,0,0,0,0,0,0,4,1,6,6,1,47,8,-1,-1,-1,-1,-1,-1,0,-1
2024440092953,2024,440092953,1,9,0,9,9,3,1,0,0,8,0,0,0,0,1,1,6,6,2,76,11,-1,-1,-1,-1,9,E01022930,0,1
202454C507024,2024,54C507024,1,1,0,18,19,6,2,0,0,1,0,0,0,0,3,1,6,6,1,14,3,-1,-1,-1,-1,8,E01032689,0,1
2024131524595,2024,131524595,2,9,0,-1,19,1,5,-1,0,8,0,0,0,0,1,1,-1,9,1,18,4,-1,-1,-1,-1,7,E01010587,0,1
2024421455031,2024,421455031,2,9,0,-1,7,3,5,-1,0,5,0,0,0,0,4,1,-1,6,2,50,8,-1,-1,-1,-1,-1,-1,0,-1
2024010518313,2024,010518313,2,1,0,14,14,1,5,0,0,0,0,0,0,0,1,1,2,2,2,51,8,-1,-1,-1,-1,4,E01004642,0,2
2024320248200,2024,320248200,3,1,0,-1,-1,4,8,0,0,8,0,0,0,0,4,1,-1,-1,1,-1,-1,-1,-1,-1,-1,-1,-1,0,-1
2024440522895,2024,440522895,1,9,0,18,19,3,7,0,0,0,0,0,7,4,1,1,6,6,1,28,6,-1,-1,-1,-1,10,E01022661,0,3
2024411499094,2024,411499094,1,9,0,-1,19,1,5,-1,0,4,0,0,0,0,1,9,-1,6,3,-1,-1,-1,-1,-1,-1,-1,-1,0,-1
2024010492310,2024,010492310,2,1,0,18,19,7,3,4,4,1,0,0,1,0,3,1,6,6,1,28,6,-1,-1,-1,-1,5,E01001381,0,1
2024430345214,2024,430345214,1,1,0,16,19,5,8,0,0,0,0,10,0,0,3,1,6,6,1,57,9,-1,-1,-1,-1,10,E01002459,0,3
2024010488348,2024,010488348,2,98,0,99,99,9,9,0,0,0,0,99,9,99,1,9,6,6,3,-1,-1,-1,-1,-1,-1,4,E01034370,0,2
2024531481696,2024,531481696,2,1,0,-1,4,8,4,-1,0,0,0,0,0,0,3,1,-1,6,1,59,9,-1,-1,-1,-1,9,E01022137,0,1
2024332400550,2024,332400550,2,2,0,-1,19,8,4,-1,0,8,0,0,0,0,1,1,-1,9,1,16,4,-1,-1,-1,-1,7,E01025941,0,1
2024041495740,2024,041495740,1,23,0,-1,19,-1,-1,-1,9,1,0,0,0,0,1,1,-1,6,3,-1,-1,-1,-1,-1,-1,-1,-1,0,-1
2024201491071,2024,201491071,1,9,0,-1,19,7,3,-1,0,1,0,0,0,0,1,9,-1,6,1,50,8,-1,-1,-1,-1,-1,-1,0,-1
2024461528115,2024,461528115,1,9,0,-1,13,1,5,-1,0,0,0,0,0,0,4,9,-1,6,3,-1,-1,-1,-1,-1,-1,-1,-1,0,-1
2024161513455,2024,161513455,1,1,0,-1,19,3,7,-1,0,0,0,0,0,0,3,1,-1,6,1,41,7,-1,-1,-1,-1,2,E01012763,0,1
2024430106210,2024,430106210,1,9,0,18,19,4,8,0,0,8,0,0,0,0,1,1,6,6,2,30,6,-1,-1,-1,-1,-1,-1,0,-1
2024991430684,2024,991430684,2,9,0,-1,19,8,4,-1,0,1,0,0,0,0,1,1,-1,1,1,38,7,-1,-1,-1,-1,6,-1,0,4
2024041414035,2024,041414035,1,9,0,-1,19,-1,-1,-1,0,1,0,0,0,0,1,9,-1,6,3,-1,-1,-1,-1,-1,-1,-1,-1,0,-1
2024161464997,2024,161464997,2,9,0,-1,9,3,7,-1,0,6,1,0,0,0,1,1,-1,6,3,-1,-1,-1,-1,-1,-1,-1,-1,0,-1
2024010538709,2024,010538709,1,1,9,99,99,9,9,99,99,9,9,99,9,99,1,1,2,2,2,52,8,-1,-1,-1,-1,7,E01004493,0,2
2024010494970,2024,010494970,1,9,0,18,19,2,6,0,0,2,0,0,0,0,1,1,6,6,1,53,8,-1,-1,-1,-1,2,E01003111,0,1
2024201517106,2024,201517106,1,9,0,-1,19,3,7,-1,0,0,0,0,0,0,1,1,-1,6,1,-1,-1,-1,-1,-1,-1,-1,-1,0,-1
2024302401031,2024,302401031,3,9,0,9,9,3,1,0,0,2,0,0,0,0,0,1,6,6,3,-1,-1,-1,-1,-1,-1,5,E01019456,0,4
2024231460985,2024,231460985,1,1,0,-1,19,1,5,-1,0,0,0,0,0,0,9,1,-1,9,1,13,3,-1,-1,-1,-1,8,E01035031,0,1
2024010532511,2024,010532511,2,1,0,18,19,5,1,9,9,0,0,4,0,0,4,1,6,6,1,18,4,-1,-1,-1,-1,7,E01002428,0,1
2024201520311,2024,201520311,1,9,0,-1,19,2,6,-1,0,1,0,0,0,0,1,9,-1,6,1,-1,-1,-1,-1,-1,-1,5,E01009279,0,1
2024041423716,2024,041423716,2,1,0,-1,19,3,7,-1,0,0,0,0,0,0,1,1,-1,6,1,28,6,-1,-1,-1,-1,1,E01012641,0,1
202460Q001597,2024,60Q001597,2,9,0,18,19,6,2,0,0,1,0,0,0,0,3,1,6,6,2,25,5,-1,-1,-1,-1,-1,-1,0,-1
2024461521107,2024,461521107,2,1,0,-1,19,3,7,-1,0,8,0,0,0,0,2,1,-1,9,1,51,8,-1,-1,-1,-1,8,E01024636,0,1
2024461511160,2024,461511160,1,9,0,-1,19,3,7,-1,0,4,0,0,0,0,2,9,-1,9,1,-1,-1,-1,-1,-1,-1,9,E01024797,0,2
2024991521425,2024,991521425,2,9,0,-1,19,6,2,-1,0,1,0,0,0,0,1,2,-1,6,3,-1,-1,-1,-1,-1,-1,-1,-1,0,-1
2024010490989,2024,010490989,1,9,0,13,13,1,5,0,0,8,0,0,7,0,1,2,6,6,3,23,5,-1,-1,-1,-1,3,E01001365,0,1
2024991495256,2024,991495256,1,9,0,-1,9,5,1,-1,0,1,0,0,0,0,2,1,-1,7,2,24,5,-1,-1,-1,-1,5,-1,0,1
2024131416267,2024,131416267,1,9,0,-1,-1,-1,-1,-1,-1,-1,-1,-1,-1,0,-1,1,-1,6,3,40,7,-1,-1,-1,-1,-1,-1,0,-1
2024131441721,2024,131441721,2,9,0,-1,19,7,3,-1,0,4,0,0,0,0,1,1,-1,6,3,30,6,-1,-1,-1,-1,-1,-1,0,-1
2024010494941,2024,010494941,2,9,0,2,2,0,0,0,0,2,0,0,0,0,3,1,6,6,3,-1,-1,-1,-1,-1,-1,-1,-1,0,-1
2024440207471,2024,440207471,2,9,0,18,19,3,7,0,0,1,0,0,0,0,1,1,6,6,3,-1,-1,-1,-1,-1,-1,-1,-1,0,-1
2024010545690,2024,010545690,1,19,0,99,99,9,9,99,99,9,9,99,9,99,2,9,2,2,1,38,7,-1,-1,-1,-1,3,E01023326,0,1
2024231490424,2024,231490424,2,1,0,-1,19,6,2,-1,0,0,0,0,0,0,3,1,-1,7,1,16,4,-1,-1,-1,-1,10,E01031305,0,1
2024141465044,2024,141465044,2,9,0,-1,19,4,8,-1,0,3,0,0,0,0,4,1,-1,9,1,34,6,-1,-1,-1,-1,2,E01007333,0,3
2024052400298,2024,052400298,3,9,0,18,19,3,7,0,0,0,0,0,0,0,1,1,6,6,3,-1,-1,-1,-1,-1,-1,-1,-1,0,-1
2024361532381,2024,361532381,1,9,0,-1,5,7,4,-1,0,8,0,0,0,0,1,1,-1,6,2,53,8,-1,-1,-1,-1,10,E01026908,0,1
2024010506960,2024,010506960,2,1,0,18,19,5,1,4,4,1,0,0,0,0,3,1,1,1,1,49,8,-1,-1,-1,-1,4,E01001435,0,1
2024131400368,2024,131400368,4,9,0,-1,19,1,5,-1,0,0,0,0,0,0,2,1,-1,6,2,34,6,-1,-1,-1,-1,7,E01007439,0,3
2024311411721,2024,311411721,1,9,0,-1,5,3,7,-1,9,0,0,0,0,0,1,1,-1,9,1,21,5,-1,-1,-1,-1,4,E01028045,0,1
2024141399227,2024,141399227,2,9,0,-1,13,3,7,-1,0,0,5,0,7,0,1,1,-1,6,1,22,5,-1,-1,-1,-1,6,E01033296,0,3
2024010525542,2024,010525542,1,9,0,99,99,9,9,99,99,9,9,99,9,99,1,9,6,6,3,-1,-1,-1,-1,-1,-1,-1,-1,0,-1
2024371427416,2024,371427416,2,1,0,-1,19,5,1,-1,0,1,2,0,0,0,2,1,-1,2,2,43,7,-1,-1,-1,-1,1,E01030036,0,1
2024010526937,2024,010526937,2,9,9,5,5,9,9,99,99,0,9,99,9,99,9,9,6,6,3,-1,-1,-1,-1,-1,-1,-1,-1,0,-1
2024010523493,2024,010523493,2,1,9,99,99,9,9,99,99,9,9,99,9,99,9,1,2,2,2,37,7,-1,-1,-1,-1,10,E01017930,0,4
2024131497877,2024,131497877,2,9,0,-1,2,0,0,-1,9,0,0,0,0,0,2,1,-1,6,-1,-1,-1,-1,-1,-1,-1,-1,-1,0,-1
2024430162789,2024,430162789,2,1,0,18,19,1,5,9,9,0,0,0,0,0,4,1,2,2,1,29,6,-1,-1,-1,-1,6,E01028542,0,1
2024991521347,2024,991521347,2,1,0,-1,19,7,3,-1,0,8,0,0,0,0,1,1,-1,9,1,19,4,-1,-1,-1,-1,-1,-1,0,-1
2024522402701,2024,522402701,2,97,0,13,13,1,5,0,0,0,0,0,0,0,1,1,6,6,3,-1,-1,-1,-1,-1,-1,-1,-1,0,-1
2024141505885,2024,141505885,1,90,0,-1,12,2,6,-1,0,8,0,0,0,0,4,1,-1,1,1,54,8,-1,-1,-1,-1,4,E01033273,0,1
2024010544090,2024,010544090,2,9,0,4,4,8,4,0,0,0,0,0,0,0,2,1,6,6,3,-1,-1,-1,-1,-1,-1,-1,-1,0,-1
2024991499851,2024,991499851,2,9,0,-1,19,3,7,-1,0,0,0,0,7,11,3,1,-1,1,1,42,7,-1,-1,-1,-1,-1,-1,0,-1
2024010491635,2024,010491635,1,3,0,13,13,6,2,0,0,8,2,0,7,2,1,1,2,2,1,55,8,-1,-1,-1,-1,3,E01001136,0,1
2024010527547,2024,010527547,1,1,0,15,15,1,5,0,0,1,0,0,0,0,1,1,6,6,1,56,9,-1,-1,-1,-1,2,E01001777,0,1
2024010537912,2024,010537912,2,9,0,99,99,9,9,99,99,9,9,99,9,99,9,9,6,6,3,-1,-1,-1,-1,-1,-1,-1,-1,0,-1
2024010495070,2024,010495070,1,9,0,18,19,3,7,0,0,0,0,0,0,0,1,1,6,6,2,56,9,-1,-1,-1,-1,3,E01003624,0,2
2024010520405,2024,010520405,1,-1,0,18,19,2,6,0,0,1,5,0,0,0,0,1,6,6,3,-1,-1,-1,-1,-1,-1,-1,-1,1,-1
2024440198308,2024,440198308,1,-1,0,18,19,1,5,0,0,2,0,0,0,0,0,1,6,6,1,25,5,-1,-1,-1,-1,7,E01032746,1,1
2024340NN0402,2024,340NN0402,1,9,0,-1,19,8,4,-1,0,2,0,0,7,0,3,1,-1,2,2,45,7,-1,-1,-1,-1,9,E01035089,0,2
2024052401082,2024,052401082,1,1,0,18,19,3,7,0,0,0,0,0,0,0,0,1,6,6,1,51,8,-1,-1,-1,-1,10,E01006943,0,1
2024010492409,2024,010492409,2,9,0,99,99,9,9,99,99,9,9,99,9,99,1,9,6,6,3,-1,-1,-1,-1,-1,-1,-1,-1,0,-1
2024332400720,2024,332400720,1,9,0,-1,3,8,4,-1,0,0,0,0,0,0,2,1,-1,6,2,21,5,-1,-1,-1,-1,3,E01013739,0,1
2024430044905,2024,430044905,2,9,0,18,19,4,8,0,0,0,0,0,0,0,4,1,6,6,1,40,7,-1,-1,-1,-1,-1,-1,0,-1
2024010550557,2024,010550557,1,1,9,99,99,9,9,99,99,9,9,99,9,99,1,1,2,2,1,54,8,-1,-1,-1,-1,2,E01003188,0,1
2024520402100,2024,520402100,1,3,0,4,4,2,6,0,0,0,0,0,0,0,0,1,6,6,1,69,10,-1,-1,-1,-1,10,E01007954,0,5
2024161433237,2024,161433237,2,9,0,-1,19,4,8,-1,0,0,0,0,0,0,1,1,-1,6,1,78,11,-1,-1,-1,-1,-1,-1,0,-1
2024010504136,2024,010504136,1,1,9,99,99,9,9,99,99,9,9,99,9,99,1,1,2,2,1,41,7,-1,-1,-1,-1,2,E01001976,0,2
2024010527006,2024,010527006,2,1,9,99,99,9,9,99,99,9,9,99,9,99,0,1,6,6,3,-1,-1,-1,-1,-1,-1,9,E01003823,0,1
2024161490253,2024,161490253,1,1,0,-1,9,7,3,-1,0,0,0,99,0,0,1,1,-1,7,2,16,4,-1,-1,-1,-1,1,E01012859,0,1
2024101502024,2024,101502024,2,1,0,-1,19,5,1,-1,0,8,5,0,0,0,3,1,-1,7,1,10,2,-1,-1,-1,-1,-1,-1,0,-1
2024430587043,2024,430587043,1,1,0,18,19,6,2,0,0,0,0,0,0,0,1,1,2,2,1,57,9,-1,-1,-1,-1,10,E01028464,0,1
2024041462135,2024,041462135,2,1,0,-1,19,5,1,-1,4,0,0,0,0,0,1,1,-1,6,1,34,6,-1,-1,-1,-1,10,E01025278,0,3
2024522401324,2024,522401324,2,-1,0,9,9,1,6,0,0,8,0,0,0,0,2,1,6,6,1,52,8,-1,-1,-1,-1,3,E01014736,1,1
2024430325999,2024,430325999,2,1,0,18,19,2,6,0,0,0,0,0,0,0,2,1,1,1,1,55,8,-1,-1,-1,-1,-1,-1,0,-1
2024010515148,2024,010515148,2,-1,0,18,19,1,5,0,0,0,0,0,0,0,2,1,6,6,2,27,6,-1,-1,-1,-1,6,E01004002,1,1
2024010537096,2024,010537096,2,1,9,18,19,9,9,99,99,9,9,99,9,99,9,1,2,2,1,37,7,-1,-1,-1,-1,3,E01003108,0,1
2024010543403,2024,010543403,1,1,9,99,99,9,9,99,99,9,9,99,9,99,1,1,2,2,1,36,7,-1,-1,-1,-1,5,E01004048,0,2
2024371401835,2024,371401835,1,21,0,-1,19,6,2,-1,0,2,1,0,1,1,1,1,-1,1,1,61,9,-1,-1,-1,-1,7,E01029911,0,2
2024010528260,2024,010528260,1,1,9,99,99,9,9,99,99,9,9,99,9,99,9,1,6,6,2,46,8,-1,-1,-1,-1,3,E01001830,0,1
2024211523368,2024,211523368,2,1,0,-1,19,8,4,-1,0,1,0,0,0,0,1,1,-1,9,1,55,8,-1,-1,-1,-1,9,E01029736,0,1
2024552400599,2024,552400599,2,9,0,18,19,2,6,0,0,0,0,0,0,0,2,1,6,6,2,54,8,-1,-1,-1,-1,8,E01017059,0,4
2024010491593,2024,010491593,2,3,0,4,4,5,1,0,0,0,0,0,0,0,2,1,1,1,1,26,6,-1,-1,-1,-1,8,E01002199,0,2
2024332400682,2024,332400682,1,1,0,-1,19,2,6,-1,0,8,1,0,0,0,2,1,-1,6,1,17,4,-1,-1,-1,-1,2,E01013475,0,4
2024991533799,2024,991533799,1,9,0,-1,19,3,7,-1,0,0,0,0,0,0,1,1,-1,6,1,65,9,-1,-1,-1,-1,1,-1,0,1
2024211418339,2024,211418339,2,1,0,-1,7,1,5,-1,0,3,0,0,0,0,1,1,-1,6,1,52,8,-1,-1,-1,-1,8,E01029417,0,1
2024010529463,2024,010529463,3,1,0,18,19,8,4,0,0,2,5,0,0,0,3,1,2,2,1,21,5,-1,-1,-1,-1,6,E01002788,0,1
2024010538249,2024,010538249,2,9,0,99,99,9,9,99,99,9,9,99,9,99,9,9,6,6,3,-1,-1,-1,-1,-1,-1,-1,-1,0,-1