collision_index,collision_year,collision_ref_no,vehicle_reference,vehicle_type,towing_and_articulation,vehicle_manoeuvre_historic,vehicle_manoeuvre,vehicle_direction_from,vehicle_direction_to,vehicle_location_restricted_lane_historic,vehicle_location_restricted_lane,junction_location,skidding_and_overturning,hit_object_in_carriageway,vehicle_leaving_carriageway,hit_object_off_carriageway,first_point_of_impact,vehicle_left_hand_drive,journey_purpose_of_driver_historic,journey_purpose_of_driver,sex_of_driver,age_of_driver,age_band_of_driver,engine_capacity_cc,propulsion_code,age_of_vehicle,generic_make_model,driver_imd_decile,lsoa_of_driver,escooter_flag,driver_distance_banding
2024010490445,2024,010490445,1,9,0,18,19,7,3,0,0,0,2,7,1,7,4,1,6,6,1,20,4,-1,-1,-1,-1,2,E01002564,0,1
2024221445102,2024,221445102,2,1,0,-1,3,8,4,-1,0,8,0,0,0,0,1,1,-1,6,1,61,9,-1,-1,-1,-1,5,E01014018,0,2
2024311411020,2024,311411020,2,22,0,-1,19,5,2,-1,0,0,5,0,0,0,2,1,-1,6,2,60,9,-1,-1,-1,-1,-1,-1,0,-1
2024501478954,2024,501478954,2,1,0,-1,19,8,4,-1,0,8,5,0,0,0,1,1,-1,9,1,12,3,-1,-1,-1,-1,9,E01034632,0,1
2024401434334,2024,401434334,2,23,0,-1,19,5,1,-1,0,1,5,0,0,0,1,1,-1,6,1,19,4,-1,-1,-1,-1,7,E01017578,0,1
2024061454427,2024,061454427,1,97,0,-1,4,1,5,-1,9,0,1,10,1,0,3,1,-1,6,1,15,3,-1,-1,-1,-1,2,E01005954,0,1
2024461494717,2024,461494717,1,9,0,-1,19,5,1,-1,0,2,0,0,0,0,1,9,-1,6,2,29,6,-1,-1,-1,-1,3,E01016098,0,2
2024461513183,2024,461513183,1,9,0,-1,19,7,5,-1,0,0,0,0,0,0,1,1,-1,9,1,43,7,-1,-1,-1,-1,1,E01035301,0,4
202454C323124,2024,54C323124,2,1,0,18,19,2,6,0,0,1,0,0,0,0,4,1,6,6,1,18,4,-1,-1,-1,-1,9,E01032702,0,2
2024010522118,2024,010522118,2,-1,0,9,9,2,7,0,0,1,0,0,0,0,3,1,6,6,1,27,6,-1,-1,-1,-1,1,E01004754,1,1
2024010496982,2024,010496982,2,9,0,99,99,9,9,99,99,9,9,99,9,99,9,9,6,6,3,-1,-1,-1,-1,-1,-1,-1,-1,0,-1
2024631477509,2024,631477509,2,9,0,-1,10,2,7,-1,0,8,0,0,0,0,2,1,-1,9,2,31,6,-1,-1,-1,-1,8,E01022335,0,5
2024461419144,2024,461419144,1,9,0,-1,19,7,3,-1,0,4,0,0,0,0,4,9,-1,6,1,59,9,-1,-1,-1,-1,10,E01024402,0,4
2024070258279,2024,070258279,1,9,0,18,19,6,2,0,0,0,0,0,0,0,1,1,6,6,2,25,5,-1,-1,-1,-1,6,E01018682,0,1
2024010542299,2024,010542299,1,1,0,18,19,1,5,0,0,0,0,0,0,0,3,1,6,6,1,70,10,-1,-1,-1,-1,3,E01004445,0,1
2024451484722,2024,451484722,2,9,0,-1,19,1,1,-1,0,0,0,0,0,0,2,1,-1,6,2,-1,-1,-1,-1,-1,-1,4,E01030710,0,1
2024010529519,2024,010529519,2,9,9,99,99,9,9,99,99,9,9,99,9,99,9,9,6,6,3,-1,-1,-1,-1,-1,-1,-1,-1,0,-1
2024471454164,2024,471454164,1,98,0,-1,19,6,8,-1,0,1,0,0,0,0,3,2,-1,1,1,41,7,-1,-1,-1,-1,-1,-1,0,-1
2024421495276,2024,421495276,2,1,0,-1,19,5,1,-1,0,1,0,0,1,0,2,1,-1,2,2,30,6,-1,-1,-1,-1,9,E01022082,0,2
2024622400627,2024,622400627,2,8,0,18,19,2,6,0,0,0,2,7,0,0,1,1,6,6,2,23,5,-1,-1,-1,-1,7,W01001000,0,1
2024010520424,2024,010520424,1,9,0,99,99,9,9,99,99,9,9,99,9,99,1,9,6,6,3,-1,-1,-1,-1,-1,-1,-1,-1,0,-1
2024010518911,2024,010518911,2,9,0,99,99,9,9,99,99,9,9,99,9,99,9,9,6,6,3,-1,-1,-1,-1,-1,-1,-1,-1,0,-1
2024451497208,2024,451497208,4,9,0,-1,2,0,0,-1,0,0,0,0,0,0,2,1,-1,6,-1,-1,-1,-1,-1,-1,-1,-1,-1,0,-1
2024991508972,2024,991508972,3,9,0,-1,19,8,4,-1,0,0,1,0,0,0,1,1,-1,9,1,40,7,-1,-1,-1,-1,4,-1,0,1
2024122400644,2024,122400644,1,9,0,5,5,8,4,0,0,4,0,0,0,0,3,1,2,2,1,34,6,-1,-1,-1,-1,3,E01011758,0,4
2024401430459,2024,401430459,1,9,-1,-1,-1,-1,-1,-1,-1,0,-1,-1,-1,0,-1,9,-1,6,3,-1,-1,-1,-1,-1,-1,-1,-1,0,-1
2024332401192,2024,332401192,2,9,0,-1,7,3,5,-1,0,6,0,0,0,0,3,1,-1,6,3,-1,-1,-1,-1,-1,-1,-1,-1,0,-1
2024010491232,2024,010491232,1,9,0,7,7,3,6,0,0,5,0,0,0,0,4,1,6,6,2,35,6,-1,-1,-1,-1,8,E01000540,0,2
2024061400294,2024,061400294,1,9,0,-1,19,8,4,-1,0,0,0,0,0,0,2,1,-1,9,2,21,5,-1,-1,-1,-1,4,E01004991,0,2
2024610017124,2024,610017124,1,9,0,18,19,3,7,0,0,0,5,0,1,4,1,1,6,6,1,72,10,-1,-1,-1,-1,9,W01001426,0,4
2024131400694,2024,131400694,1,9,0,-1,-1,5,7,-1,-1,-1,-1,-1,-1,-1,-1,1,-1,6,3,-1,-1,-1,-1,-1,-1,-1,-1,0,-1
202417S107324,2024,17S107324,2,9,0,-1,19,1,5,-1,0,0,0,0,0,0,1,1,-1,6,2,-1,-1,-1,-1,-1,-1,-1,-1,0,-1
2024201451909,2024,201451909,1,9,0,-1,9,8,5,-1,0,5,1,0,0,0,3,1,-1,9,1,47,8,-1,-1,-1,-1,2,E01008897,0,1
2024371479120,2024,371479120,2,1,0,-1,19,8,4,-1,0,0,0,0,0,0,3,1,-1,9,1,25,5,-1,-1,-1,-1,9,E01033443,0,1
2024010540591,2024,010540591,2,9,0,99,99,9,9,99,99,9,9,99,9,99,9,9,6,6,3,-1,-1,-1,-1,-1,-1,-1,-1,0,-1
2024061526493,2024,061526493,1,9,0,-1,7,2,4,-1,0,1,0,0,0,0,1,1,-1,9,2,26,6,-1,-1,-1,-1,2,E01006033,0,3
2024010505188,2024,010505188,2,1,0,18,19,1,5,0,0,8,0,0,0,0,1,1,2,2,1,40,7,-1,-1,-1,-1,5,E01002001,0,1
2024010546472,2024,010546472,2,1,0,18,19,3,7,0,0,0,0,10,0,0,1,1,1,1,1,21,5,-1,-1,-1,-1,3,E01034204,0,1
2024440525345,2024,440525345,2,19,0,9,9,3,7,0,0,8,0,0,0,0,3,1,6,6,3,-1,-1,-1,-1,-1,-1,-1,-1,0,-1
2024361424189,2024,361424189,1,9,0,-1,5,5,1,-1,0,1,0,0,0,0,1,9,-1,9,1,46,8,-1,-1,-1,-1,10,E01013113,0,5
2024302401506,2024,302401506,2,9,0,2,2,0,0,0,0,8,0,0,0,0,2,1,6,6,3,-1,-1,-1,-1,-1,-1,-1,-1,0,-1
2024991478479,2024,991478479,2,9,0,-1,9,2,7,-1,0,0,0,0,1,0,2,1,-1,9,2,47,8,-1,-1,-1,-1,-1,-1,0,-1
2024451427142,2024,451427142,2,1,0,-1,19,3,1,-1,0,0,0,0,0,0,4,1,-1,6,1,21,5,-1,-1,-1,-1,10,E01030999,0,1
2024522402788,2024,522402788,1,1,0,18,19,5,1,0,0,1,0,0,0,0,1,1,6,6,1,22,5,-1,-1,-1,-1,2,E01014640,0,1
2024010551223,2024,010551223,1,9,0,7,7,3,4,8,6,1,0,0,0,0,1,1,6,6,3,-1,-1,-1,-1,-1,-1,-1,-1,0,-1
2024111442583,2024,111442583,1,9,0,-1,19,4,8,-1,0,1,0,0,0,0,1,1,-1,1,1,30,6,-1,-1,-1,-1,4,E01020661,0,1
2024340WN1642,2024,340WN1642,1,9,0,-1,9,4,2,-1,0,5,0,0,0,0,3,1,-1,9,1,59,9,-1,-1,-1,-1,3,E01027185,0,1
2024010493801,2024,010493801,1,9,0,18,19,8,4,0,0,0,0,4,0,0,4,1,6,6,1,57,9,-1,-1,-1,-1,5,E01003329,0,1
2024010495932,2024,010495932,2,9,0,99,99,9,9,99,99,9,9,99,9,99,9,9,6,6,3,-1,-1,-1,-1,-1,-1,-1,-1,0,-1
2024010492454,2024,010492454,1,1,9,99,99,9,9,99,99,9,9,99,9,99,1,1,2,2,3,36,7,-1,-1,-1,-1,8,E01004147,0,1
2024101508475,2024,101508475,1,9,-1,-1,19,7,3,-1,0,1,0,0,0,0,1,9,-1,6,1,-1,-1,-1,-1,-1,-1,-1,-1,0,-1
2024010505986,2024,010505986,2,9,0,99,99,9,9,99,99,9,9,99,9,99,1,9,6,6,3,-1,-1,-1,-1,-1,-1,3,E01002627,0,1
2024052402248,2024,052402248,1,1,0,18,19,7,3,0,0,1,0,0,0,0,1,1,4,7,1,13,3,-1,-1,-1,-1,1,E01007005,0,1
2024221473254,2024,221473254,1,9,0,-1,7,5,7,-1,0,5,0,0,0,0,4,1,-1,1,2,26,6,-1,-1,-1,-1,1,E01032424,0,2
2024471526401,2024,471526401,2,1,0,-1,19,2,6,-1,0,1,0,0,0,0,4,1,-1,1,1,33,6,-1,-1,-1,-1,3,E01020971,0,1
2024010491183,2024,010491183,2,9,0,99,99,9,9,99,99,9,9,99,9,99,1,9,6,6,2,63,9,-1,-1,-1,-1,3,E01000630,0,1
2024010492939,2024,010492939,2,9,9,99,99,9,9,99,99,9,9,99,9,99,2,9,6,6,3,-1,-1,-1,-1,-1,-1,-1,-1,0,-1
2024421462900,2024,421462900,2,1,0,-1,19,5,1,-1,0,0,0,0,0,0,3,1,-1,9,1,24,5,-1,-1,-1,-1,4,E01015993,0,1
2024010491377,2024,010491377,1,19,0,2,2,0,0,0,0,9,0,0,0,0,3,1,6,6,3,-1,-1,-1,-1,-1,-1,-1,-1,0,-1
2024070371064,2024,070371064,1,9,0,1,1,2,6,0,0,6,0,0,0,0,2,2,6,6,2,-1,-1,-1,-1,-1,-1,-1,-1,0,-1
2024052401509,2024,052401509,2,1,0,18,19,2,7,0,0,1,0,0,0,0,3,1,6,6,1,-1,-1,-1,-1,-1,-1,-1,-1,0,-1
2024010505292,2024,010505292,1,1,0,18,19,1,5,0,0,2,0,0,0,0,1,1,6,6,1,22,5,-1,-1,-1,-1,-1,-1,0,-1
2024111533918,2024,111533918,1,1,0,-1,9,2,6,-1,0,0,0,0,7,0,3,1,-1,9,1,34,6,-1,-1,-1,-1,1,E01020885,0,1
2024461432805,2024,461432805,3,9,0,-1,10,3,6,-1,0,1,0,0,0,0,2,1,-1,9,1,25,5,-1,-1,-1,-1,-1,-1,0,-1
2024010493247,2024,010493247,2,1,0,18,19,5,1,0,0,1,0,0,0,0,2,1,1,1,1,46,8,-1,-1,-1,-1,-1,-1,0,-1
2024440546885,2024,440546885,2,-1,0,18,19,7,3,0,0,1,0,0,0,0,1,1,6,6,1,26,6,-1,-1,-1,-1,3,E01017220,1,1
2024430466979,2024,430466979,2,9,0,17,19,4,8,0,0,0,0,0,0,0,1,1,6,6,1,-1,-1,-1,-1,-1,-1,-1,-1,0,-1
2024201413581,2024,201413581,1,9,0,-1,19,6,2,-1,0,1,1,0,1,0,3,9,-1,6,1,17,4,-1,-1,-1,-1,9,E01029521,0,1
2024010544775,2024,010544775,1,1,9,99,99,9,9,99,99,9,9,99,9,99,9,1,3,7,2,14,3,-1,-1,-1,-1,6,E01003952,0,1
2024461511765,2024,461511765,2,19,4,-1,19,5,1,-1,0,0,0,0,0,0,2,2,-1,1,1,44,7,-1,-1,-1,-1,-1,-1,0,-1
2024302400151,2024,302400151,1,19,0,12,12,5,1,0,0,0,0,0,0,0,1,1,1,1,1,29,6,-1,-1,-1,-1,1,E01011130,0,4
2024010493679,2024,010493679,1,3,0,99,99,9,9,99,99,9,9,99,9,99,1,1,2,2,1,26,6,-1,-1,-1,-1,4,E01023337,0,3
2024991493497,2024,991493497,2,1,0,-1,19,3,7,-1,0,0,0,4,0,0,3,1,-1,6,1,26,6,-1,-1,-1,-1,3,-1,0,1
2024302400353,2024,302400353,2,9,0,17,19,6,3,0,0,0,0,0,0,0,1,1,6,6,2,68,10,-1,-1,-1,-1,5,E01026409,0,4
2024041459715,2024,041459715,1,9,0,-1,5,1,5,-1,0,1,0,0,7,0,3,1,-1,9,2,30,6,-1,-1,-1,-1,9,E01024964,0,3
2024061452512,2024,061452512,2,9,0,-1,19,-1,-1,-1,0,4,0,1,0,0,3,1,-1,6,1,-1,-1,-1,-1,-1,-1,-1,-1,0,-1
2024440158096,2024,440158096,1,22,0,18,19,2,6,9,9,0,0,0,0,0,4,1,6,6,2,61,9,-1,-1,-1,-1,2,E01023006,0,1
2024461496010,2024,461496010,4,21,0,-1,19,7,7,-1,0,0,0,0,0,0,1,2,-1,1,1,41,7,-1,-1,-1,-1,-1,-1,0,-1
2024010496955,2024,010496955,2,9,0,99,99,9,9,99,99,9,9,99,9,99,9,9,6,6,3,-1,-1,-1,-1,-1,-1,-1,-1,0,-1
2024471532386,2024,471532386,1,9,0,-1,19,-1,-1,-1,0,1,0,0,0,0,1,9,-1,6,2,-1,-1,-1,-1,-1,-1,-1,-1,0,-1
2024421465615,2024,421465615,1,19,0,-1,19,6,2,-1,0,1,0,0,0,0,1,1,-1,6,3,-1,-1,-1,-1,-1,-1,-1,-1,0,-1
2024131529337,2024,131529337,2,1,0,-1,19,3,7,-1,0,8,5,0,0,0,1,1,-1,7,2,22,5,-1,-1,-1,-1,5,E01011479,0,1
2024421521357,2024,421521357,1,9,0,-1,19,3,7,-1,0,1,0,0,0,0,1,1,-1,6,1,23,5,-1,-1,-1,-1,8,E01021397,0,1
2024461532654,2024,461532654,2,1,0,-1,19,3,7,-1,0,2,0,0,0,0,2,1,-1,6,1,30,6,-1,-1,-1,-1,7,E01021173,0,3
2024401539364,2024,401539364,3,9,0,-1,4,3,7,-1,0,0,0,0,0,0,1,1,-1,6,1,33,6,-1,-1,-1,-1,6,E01034443,0,1
2024991506421,2024,991506421,2,1,0,-1,19,8,4,-1,0,8,0,0,0,0,1,1,-1,9,1,54,8,-1,-1,-1,-1,9,-1,0,1
2024010531771,2024,010531771,1,1,0,4,4,5,1,0,0,1,0,0,0,0,1,1,4,7,1,17,4,-1,-1,-1,-1,6,E01000927,0,1
2024481564348,2024,481564348,2,1,0,-1,9,3,7,-1,5,0,0,0,0,0,3,1,-1,2,1,64,9,-1,-1,-1,-1,-1,-1,0,-1
2024010538471,2024,010538471,2,1,0,-1,-1,1,5,0,0,1,0,0,0,0,3,1,6,6,1,26,6,-1,-1,-1,-1,4,E01002850,0,1
2024631429097,2024,631429097,1,17,0,-1,19,3,7,-1,0,0,0,0,0,0,4,1,-1,6,3,-1,-1,-1,-1,-1,-1,-1,-1,0,-1
2024440405949,2024,440405949,1,1,0,5,5,8,4,0,0,8,0,0,0,0,1,1,4,7,1,14,3,-1,-1,-1,-1,6,E01017259,0,1
2024421406176,2024,421406176,1,9,0,-1,19,7,3,-1,0,0,0,0,0,0,4,1,-1,9,1,75,10,-1,-1,-1,-1,7,E01033145,0,1
2024991434892,2024,991434892,3,9,0,-1,2,4,8,-1,0,0,0,0,0,0,2,1,-1,6,1,45,7,-1,-1,-1,-1,9,-1,0,1
2024010495003,2024,010495003,2,9,0,99,99,9,9,99,99,9,9,99,9,99,9,9,6,6,3,-1,-1,-1,-1,-1,-1,4,E01001174,0,1
2024430302641,2024,430302641,2,9,0,18,19,5,1,0,0,1,0,0,0,0,1,1,6,6,3,-1,-1,-1,-1,-1,-1,-1,-1,0,-1
2024451486083,2024,451486083,2,9,0,-1,3,5,3,-1,0,1,0,0,0,0,3,1,-1,6,1,23,5,-1,-1,-1,-1,-1,-1,0,-1
2024411471169,2024,411471169,2,9,0,-1,19,1,5,-1,0,0,0,0,0,0,3,1,-1,6,1,73,10,-1,-1,-1,-1,10,E01023851,0,2
2024052402690,2024,052402690,1,9,0,18,19,1,5,0,0,0,0,0,0,0,1,1,6,6,1,-1,-1,-1,-1,-1,-1,-1,-1,0,-1
2024440450032,2024,440450032,1,1,0,18,19,1,5,9,9,0,0,0,0,0,1,1,6,6,3,-1,-1,-1,-1,-1,-1,-1,-1,0,-1
2024010494989,2024,010494989,2,9,0,18,19,1,5,0,0,8,0,0,0,0,2,1,6,6,2,35,6,-1,-1,-1,-1,6,E01034431,0,4
2024501460443,2024,501460443,2,22,0,-1,19,7,3,-1,0,0,5,0,0,0,1,1,-1,6,2,57,9,-1,-1,-1,-1,5,E01020334,0,1
2024471503614,2024,471503614,2,9,0,-1,3,7,3,-1,0,0,0,0,0,0,2,1,-1,2,1,66,10,-1,-1,-1,-1,8,E01021233,0,4
2024411521115,2024,411521115,1,1,0,-1,19,3,7,-1,5,0,0,0,0,0,9,1,-1,6,1,-1,-1,-1,-1,-1,-1,-1,-1,0,-1
2024141521970,2024,141521970,1,9,0,-1,19,-1,-1,-1,0,0,0,0,0,0,-1,9,-1,6,3,-1,-1,-1,-1,-1,-1,-1,-1,0,-1
2024161446167,2024,161446167,3,9,0,-1,19,5,1,-1,0,1,0,0,0,0,2,9,-1,6,3,-1,-1,-1,-1,-1,-1,-1,-1,0,-1
2024071085841,2024,071085841,2,1,0,-1,19,7,3,-1,0,1,0,0,0,0,1,1,-1,9,2,53,8,-1,-1,-1,-1,10,E01018666,0,1
2024131462810,2024,131462810,2,9,0,-1,5,7,3,-1,0,4,0,0,0,0,1,1,-1,9,1,52,8,-1,-1,-1,-1,4,E01011801,0,1
2024010509111,2024,010509111,2,9,4,99,99,9,9,99,99,9,9,99,9,99,1,9,6,6,1,25,5,-1,-1,-1,-1,3,E01003570,0,1
2024361449058,2024,361449058,2,9,0,-1,19,4,2,-1,0,0,0,0,0,0,2,2,-1,9,2,82,11,-1,-1,-1,-1,7,E01026897,0,4
2024010526971,2024,010526971,1,97,0,18,19,1,5,0,0,0,2,0,0,0,1,1,6,6,3,-1,-1,-1,-1,-1,-1,-1,-1,0,-1
2024351509476,2024,351509476,1,19,0,-1,1,1,5,-1,9,0,0,0,0,0,2,1,-1,6,1,34,6,-1,-1,-1,-1,5,E01018096,0,1
2024010538480,2024,010538480,2,1,0,18,19,1,5,0,0,8,0,0,0,0,4,1,6,6,1,23,5,-1,-1,-1,-1,5,E01002785,0,1
2024010534033,2024,010534033,1,1,9,3,3,9,9,99,99,0,9,99,9,99,2,1,6,6,1,26,6,-1,-1,-1,-1,3,E01034391,0,2
2024991493221,2024,991493221,3,90,0,-1,19,5,1,-1,0,0,2,0,1,0,0,1,-1,1,1,22,5,-1,-1,-1,-1,-1,-1,0,-1
2024131462544,2024,131462544,1,1,0,-1,19,1,5,-1,0,8,0,0,0,0,1,1,-1,1,2,59,9,-1,-1,-1,-1,2,E01010796,0,1
2024451498348,2024,451498348,1,98,0,-1,19,6,2,-1,0,0,0,0,0,0,1,1,-1,9,1,27,6,-1,-1,-1,-1,5,E01026132,0,5
2024010542513,2024,010542513,1,1,9,99,99,9,9,99,99,9,9,8,9,99,1,1,2,2,1,30,6,-1,-1,-1,-1,3,E01003594,0,3
2024430092578,2024,430092578,2,1,0,18,19,6,2,0,0,8,0,0,0,0,1,1,6,6,1,74,10,-1,-1,-1,-1,9,E01028535,0,1
2024052401882,2024,052401882,1,-1,0,18,19,8,4,0,0,0,0,0,0,0,1,1,6,6,3,-1,-1,-1,-1,-1,-1,-1,-1,1,-1
2024522402309,2024,522402309,2,9,0,18,19,2,6,0,0,0,0,8,0,0,1,1,6,6,3,-1,-1,-1,-1,-1,-1,-1,-1,0,-1
2024161404927,2024,161404927,2,-1,0,-1,19,5,1,-1,0,0,0,0,0,0,1,1,-1,9,2,13,3,-1,-1,-1,-1,1,E01012889,1,1
2024440167306,2024,440167306,2,9,0,5,5,8,4,0,0,8,0,0,0,0,0,1,6,6,3,-1,-1,-1,-1,-1,-1,-1,-1,0,-1
2024231539756,2024,231539756,1,8,0,-1,1,8,4,-1,0,0,0,0,0,0,2,1,-1,6,3,38,7,-1,-1,-1,-1,-1,-1,0,-1
2024401466286,2024,401466286,1,98,0,-1,9,8,6,-1,0,6,0,0,0,0,-1,1,-1,6,1,30,6,-1,-1,-1,-1,4,E01017505,0,1
2024421496804,2024,421496804,1,1,0,-1,19,6,7,-1,0,8,0,0,0,0,4,1,-1,9,1,11,3,-1,-1,-1,-1,4,E01021451,0,1
2024010551766,2024,010551766,2,1,0,18,19,4,8,0,0,1,0,0,0,0,1,1,1,1,1,19,4,-1,-1,-1,-1,3,E01035666,0,1
2024141505814,2024,141505814,1,9,0,-1,5,3,7,-1,0,8,0,0,0,0,1,9,-1,6,3,-1,-1,-1,-1,-1,-1,-1,-1,0,-1
2024421526145,2024,421526145,1,9,0,-1,9,1,5,-1,0,0,0,0,0,0,1,1,-1,1,1,48,8,-1,-1,-1,-1,-1,-1,0,-1
2024430246829,2024,430246829,2,1,0,18,19,3,7,0,0,0,0,0,0,0,1,1,6,6,1,21,5,-1,-1,-1,-1,9,E01016691,0,3
2024010492984,2024,010492984,2,9,0,99,99,9,9,99,99,0,9,99,9,99,9,9,6,6,1,46,8,-1,-1,-1,-1,7,E01000822,0,2
2024332400825,2024,332400825,2,1,0,-1,19,6,2,-1,9,8,0,0,0,0,1,1,-1,2,2,67,10,-1,-1,-1,-1,3,E01013731,0,1
2024461468689,2024,461468689,1,1,0,-1,10,2,4,-1,0,1,0,0,0,0,1,1,-1,6,1,-1,-1,-1,-1,-1,-1,1,E01035316,0,2
2024050579701,2024,050579701,1,9,0,18,19,2,8,0,0,2,0,0,4,0,3,1,6,6,2,41,7,-1,-1,-1,-1,9,E01007182,0,1
2024991398308,2024,991398308,2,9,0,-1,9,8,6,-1,0,8,0,0,0,0,2,1,-1,6,3,20,4,-1,-1,-1,-1,-1,-1,0,-1
2024010504957,2024,010504957,1,9,0,1,1,7,3,9,9,6,0,0,0,0,1,1,6,6,1,79,11,-1,-1,-1,-1,4,E01003776,0,1
2024131480513,2024,131480513,1,90,0,-1,-1,-1,-1,-1,-1,0,-1,-1,-1,-1,-1,1,-1,6,3,-1,-1,-1,-1,-1,-1,-1,-1,0,-1
2024622400038,2024,622400038,2,1,0,18,19,8,4,0,0,8,0,0,0,0,1,1,6,6,1,16,4,-1,-1,-1,-1,7,W01000813,0,1
2024010541732,2024,010541732,1,1,9,99,99,9,9,99,99,9,9,99,9,99,9,1,2,2,2,53,8,-1,-1,-1,-1,5,E01004048,0,1
2024440556119,2024,440556119,1,9,0,14,14,3,7,9,9,0,5,4,0,0,1,1,6,6,1,39,7,-1,-1,-1,-1,2,E01017119,0,1
2024122401284,2024,122401284,1,9,0,18,19,1,5,0,0,0,1,0,2,7,4,1,6,6,1,42,7,-1,-1,-1,-1,3,E01011722,0,4
2024201531296,2024,201531296,1,9,0,-1,19,5,1,-1,0,0,0,0,0,0,1,1,-1,6,3,-1,-1,-1,-1,-1,-1,-1,-1,0,-1
2024201470321,2024,201470321,1,9,0,-1,5,6,2,-1,0,0,0,0,0,0,1,2,-1,6,1,-1,-1,-1,-1,-1,-1,-1,-1,0,-1
2024161486073,2024,161486073,1,1,0,-1,19,3,7,-1,9,1,1,4,0,0,4,1,-1,2,1,46,8,-1,-1,-1,-1,-1,-1,0,-1
2024010518541,2024,010518541,2,1,0,18,19,1,5,0,0,1,2,0,0,0,1,1,2,2,1,29,6,-1,-1,-1,-1,2,E01003188,0,1
2024010495182,2024,010495182,1,9,0,99,99,9,9,99,99,9,9,99,9,99,9,9,6,6,2,26,6,-1,-1,-1,-1,8,E01021752,0,1
2024211471927,2024,211471927,2,9,0,-1,1,8,4,-1,0,2,0,0,0,0,2,1,-1,9,2,58,9,-1,-1,-1,-1,-1,-1,0,-1
2024481507967,2024,481507967,1,1,0,-1,19,3,7,-1,0,8,0,0,0,0,3,1,-1,6,1,27,6,-1,-1,-1,-1,-1,-1,0,-1
2024010544047,2024,010544047,1,4,0,99,99,9,9,99,99,9,9,99,9,99,9,1,6,6,3,-1,-1,-1,-1,-1,-1,-1,-1,0,-1
2024031456850,2024,031456850,1,9,0,-1,19,6,6,-1,0,0,1,0,0,0,1,1,-1,2,1,40,7,-1,-1,-1,-1,1,E01004861,0,5
2024010490275,2024,010490275,1,11,5,18,19,5,1,0,0,1,0,0,0,0,1,1,1,1,1,44,7,-1,-1,-1,-1,4,E01000490,0,2
2024501533191,2024,501533191,1,19,0,-1,9,7,5,-1,0,8,0,0,0,0,4,1,-1,1,1,33,6,-1,-1,-1,-1,4,E01018988,0,1
2024061514557,2024,061514557,1,97,0,-1,99,8,4,-1,0,1,1,99,8,99,9,1,-1,6,3,-1,-1,-1,-1,-1,-1,-1,-1,0,-1
202460Q123423,2024,60Q123423,1,9,0,18,19,2,6,0,0,0,0,0,0,0,1,1,6,6,1,17,4,-1,-1,-1,-1,-1,-1,0,-1
2024552401510,2024,552401510,2,1,0,18,19,3,7,0,0,0,0,0,0,0,3,1,6,6,1,58,9,-1,-1,-1,-1,4,E01020571,0,1
2024010491494,2024,010491494,2,9,0,18,19,3,7,0,0,0,0,0,0,0,3,1,6,6,3,-1,-1,-1,-1,-1,-1,-1,-1,0,-1
2024010511741,2024,010511741,1,1,9,99,99,9,9,99,99,9,9,99,9,99,9,1,2,2,1,49,8,-1,-1,-1,-1,9,E01030953,0,4
2024161506333,2024,161506333,1,1,9,-1,19,3,7,-1,99,0,9,99,9,0,9,1,-1,6,1,50,8,-1,-1,-1,-1,1,E01012876,0,1
2024440232683,2024,440232683,1,9,0,18,19,3,7,0,0,1,0,0,0,0,1,1,6,6,1,58,9,-1,-1,-1,-1,4,E01022657,0,1
2024320034834,2024,320034834,2,9,0,-1,-1,8,4,0,0,0,0,0,0,0,1,1,6,6,2,58,9,-1,-1,-1,-1,3,E01026023,0,3
2024010540164,2024,010540164,2,1,0,18,19,7,3,5,5,8,0,0,0,0,4,1,6,6,1,40,7,-1,-1,-1,-1,3,E01004257,0,2
2024340WN3472,2024,340WN3472,2,99,0,-1,-1,0,0,-1,0,0,0,0,0,0,0,1,-1,1,3,-1,-1,-1,-1,-1,-1,-1,-1,0,-1
2024010496628,2024,010496628,2,9,0,99,99,9,9,99,99,9,9,99,9,99,9,9,6,6,3,-1,-1,-1,-1,-1,-1,-1,-1,0,-1
2024371450204,2024,371450204,1,9,0,-1,9,2,8,-1,0,0,0,0,0,0,3,1,-1,6,1,71,10,-1,-1,-1,-1,6,E01029876,0,4
202417M106824,2024,17M106824,2,9,0,-1,19,6,2,-1,0,8,0,0,0,0,1,1,-1,6,2,-1,-1,-1,-1,-1,-1,-1,-1,0,-1
2024461507229,2024,461507229,1,19,0,-1,19,2,6,-1,5,0,5,0,1,0,3,2,-1,1,1,59,9,-1,-1,-1,-1,1,E01024613,0,3
2024010541593,2024,010541593,1,1,9,99,99,9,9,99,99,0,9,99,9,99,1,1,6,6,1,29,6,-1,-1,-1,-1,5,E01003186,0,1
2024010491168,2024,010491168,2,9,0,18,19,3,7,0,0,4,1,10,0,0,3,1,6,6,1,32,6,-1,-1,-1,-1,7,E01000306,0,1
2024440069075,2024,440069075,3,9,0,18,19,5,1,0,0,0,0,0,0,0,2,1,6,6,1,45,7,-1,-1,-1,-1,2,E01014629,0,4
2024320507148,2024,320507148,2,16,0,-1,-1,8,4,0,0,0,5,0,0,0,3,1,6,6,2,19,4,-1,-1,-1,-1,1,E01026072,0,2
2024332401134,2024,332401134,1,98,0,-1,12,5,1,-1,0,0,0,0,0,0,0,1,-1,6,3,-1,-1,-1,-1,-1,-1,-1,-1,0,-1
2024111460786,2024,111460786,1,9,0,-1,9,1,7,-1,0,8,0,0,0,0,1,1,-1,6,1,30,6,-1,-1,-1,-1,-1,-1,0,-1
2024010546571,2024,010546571,1,9,0,4,4,5,1,0,0,0,0,0,0,0,2,1,1,1,1,36,7,-1,-1,-1,-1,5,E01024413,0,3
2024421482202,2024,421482202,1,8,0,-1,-1,-1,-1,-1,-1,0,-1,-1,-1,0,-1,9,-1,6,3,-1,-1,-1,-1,-1,-1,-1,-1,0,-1
2024221524982,2024,221524982,2,1,0,-1,19,8,6,-1,0,3,0,0,0,0,4,1,-1,6,1,42,7,-1,-1,-1,-1,5,E01032203,0,1
2024101515028,2024,101515028,1,9,0,-1,1,4,6,-1,9,0,0,0,0,0,2,1,-1,6,1,35,6,-1,-1,-1,-1,5,E01008347,0,1
2024010506785,2024,010506785,2,1,0,5,5,7,3,0,0,1,0,0,1,0,1,1,6,6,1,32,6,-1,-1,-1,-1,2,E01004464,0,1