collision_index,collision_year,collision_ref_no,vehicle_reference,vehicle_type,towing_and_articulation,vehicle_manoeuvre_historic,vehicle_manoeuvre,vehicle_direction_from,vehicle_direction_to,vehicle_location_restricted_lane_historic,vehicle_location_restricted_lane,junction_location,skidding_and_overturning,hit_object_in_carriageway,vehicle_leaving_carriageway,hit_object_off_carriageway,first_point_of_impact,vehicle_left_hand_drive,journey_purpose_of_driver_historic,journey_purpose_of_driver,sex_of_driver,age_of_driver,age_band_of_driver,engine_capacity_cc,propulsion_code,age_of_vehicle,generic_make_model,driver_imd_decile,lsoa_of_driver,escooter_flag,driver_distance_banding
2024010540938,2024,010540938,1,9,0,5,5,7,3,0,0,0,0,0,0,0,1,1,6,6,1,37,7,-1,-1,-1,-1,4,E01000039,0,1
2024991400862,2024,991400862,1,9,0,-1,19,7,3,-1,0,0,1,0,1,2,1,1,-1,9,2,19,4,-1,-1,-1,-1,3,-1,0,1
2024430285542,2024,430285542,1,9,0,11,11,6,2,2,2,0,0,0,0,0,1,1,6,6,1,62,9,-1,-1,-1,-1,-1,-1,0,-1
2024351460772,2024,351460772,3,99,0,-1,2,-1,-1,-1,0,0,0,0,0,0,0,9,-1,6,3,-1,-1,-1,-1,-1,-1,-1,-1,0,-1
2024440541146,2024,440541146,2,9,0,18,19,1,5,0,0,0,0,0,0,0,4,1,6,6,1,21,5,-1,-1,-1,-1,5,E01017369,0,2
2024041453602,2024,041453602,3,9,0,-1,2,7,3,-1,9,0,0,0,0,0,2,1,-1,9,1,74,10,-1,-1,-1,-1,2,E01025208,0,1
2024471485298,2024,471485298,1,1,0,-1,19,8,4,-1,0,0,0,0,0,0,1,1,-1,6,1,20,4,-1,-1,-1,-1,9,E01016888,0,1
2024440404089,2024,440404089,2,9,0,13,13,1,5,0,0,0,0,0,0,0,2,1,6,6,3,-1,-1,-1,-1,-1,-1,-1,-1,0,-1
2024430081612,2024,430081612,1,9,0,18,19,3,7,0,0,0,0,0,0,0,1,1,2,2,2,46,8,-1,-1,-1,-1,8,E01017653,0,1
2024471449250,2024,471449250,2,90,5,-1,4,8,4,-1,0,0,0,0,0,0,2,1,-1,9,1,78,11,-1,-1,-1,-1,9,E01032102,0,5
2024302400328,2024,302400328,2,1,0,18,19,5,1,0,0,1,0,0,0,0,1,1,6,6,2,16,4,-1,-1,-1,-1,1,E01013583,0,1
2024451505090,2024,451505090,1,1,0,-1,19,1,5,-1,0,0,0,0,2,0,3,1,-1,2,1,33,6,-1,-1,-1,-1,10,E01030863,0,1
2024010551769,2024,010551769,1,1,0,10,10,1,7,0,0,6,0,0,0,0,4,1,1,1,1,35,6,-1,-1,-1,-1,6,E01032780,0,1
2024440302540,2024,440302540,1,9,0,9,9,7,3,0,0,6,0,0,0,0,4,1,6,6,1,37,7,-1,-1,-1,-1,3,E01017075,0,1
2024010493591,2024,010493591,1,9,0,18,19,1,5,0,0,0,0,0,0,0,1,1,6,6,1,58,9,-1,-1,-1,-1,2,E01001051,0,1
2024061436243,2024,061436243,2,1,0,-1,19,1,5,-1,0,8,0,0,0,0,2,1,-1,6,1,17,4,-1,-1,-1,-1,-1,-1,0,-1
2024141502256,2024,141502256,3,9,0,-1,2,1,5,-1,0,0,0,0,0,0,2,1,-1,6,-1,-1,-1,-1,-1,-1,-1,-1,-1,0,-1
2024161512957,2024,161512957,1,1,4,-1,19,7,3,-1,0,1,0,0,0,0,1,1,-1,6,1,29,6,-1,-1,-1,-1,4,E01012760,0,1
2024461491683,2024,461491683,2,9,0,-1,19,1,5,-1,0,8,0,0,0,0,1,1,-1,6,1,39,7,-1,-1,-1,-1,4,E01034985,0,1
2024010497362,2024,010497362,2,9,0,99,99,9,9,99,99,6,9,99,9,99,0,9,6,6,3,-1,-1,-1,-1,-1,-1,-1,-1,0,-1
2024010543867,2024,010543867,2,1,0,18,19,1,5,0,0,1,0,0,0,0,2,1,6,6,1,20,4,-1,-1,-1,-1,2,E01004424,0,1
2024311415886,2024,311415886,2,19,0,-1,19,2,6,-1,0,0,0,0,0,0,1,1,-1,9,2,36,7,-1,-1,-1,-1,7,E01028106,0,2
2024201429114,2024,201429114,1,9,0,-1,3,6,2,-1,0,0,0,10,1,0,2,9,-1,6,2,45,7,-1,-1,-1,-1,-1,-1,0,-1
2024302401434,2024,302401434,1,9,0,9,9,8,6,0,0,8,1,0,0,0,4,1,2,2,1,58,9,-1,-1,-1,-1,9,E01019631,0,4
2024010508403,2024,010508403,1,1,9,99,99,9,9,4,4,1,9,99,9,99,9,1,2,2,2,28,6,-1,-1,-1,-1,1,E01033873,0,1
2024440295307,2024,440295307,2,9,0,18,19,6,2,0,0,1,0,0,0,0,1,1,6,6,1,-1,-1,-1,-1,-1,-1,-1,-1,0,-1
2024010547644,2024,010547644,2,1,0,18,19,3,7,0,0,1,0,0,0,0,1,1,2,2,1,53,8,-1,-1,-1,-1,7,E01035492,0,1
2024544970224,2024,544970224,1,1,0,18,19,2,6,0,0,1,0,0,0,0,1,1,4,7,2,17,4,-1,-1,-1,-1,10,E01031905,0,1
2024461492041,2024,461492041,1,-1,0,-1,19,1,5,-1,0,0,0,0,0,0,1,9,-1,9,1,-1,-1,-1,-1,-1,-1,2,E01016061,1,1
2024340WN6272,2024,340WN6272,1,11,0,-1,19,7,3,-1,0,1,0,0,0,0,3,1,-1,1,1,-1,-1,-1,-1,-1,-1,-1,-1,0,-1
2024010495974,2024,010495974,1,9,0,9,9,1,6,0,0,8,0,0,0,0,1,1,6,6,3,-1,-1,-1,-1,-1,-1,-1,-1,0,-1
2024411415045,2024,411415045,2,1,0,-1,19,7,3,-1,0,0,5,0,0,0,1,1,-1,6,1,44,7,-1,-1,-1,-1,3,E01023793,0,1
2024451484417,2024,451484417,1,9,0,-1,19,3,7,-1,0,0,5,0,7,0,3,1,-1,6,1,57,9,-1,-1,-1,-1,7,E01030628,0,1
2024371495123,2024,371495123,2,9,0,-1,19,3,3,-1,0,1,1,0,0,0,3,1,-1,6,1,41,7,-1,-1,-1,-1,7,E01030207,0,1
2024010503412,2024,010503412,1,1,0,18,19,1,5,0,0,1,0,0,0,0,1,1,2,2,1,38,7,-1,-1,-1,-1,-1,-1,0,-1
2024461471881,2024,461471881,1,1,0,-1,19,7,3,-1,0,0,0,0,0,0,1,1,-1,6,1,-1,-1,-1,-1,-1,-1,-1,-1,0,-1
2024221511183,2024,221511183,1,9,0,-1,7,4,6,-1,0,5,0,0,0,0,1,9,-1,6,3,45,7,-1,-1,-1,-1,-1,-1,0,-1
2024522400799,2024,522400799,2,1,0,5,5,1,5,0,0,6,0,0,0,0,1,1,4,7,1,9,2,-1,-1,-1,-1,1,E01014727,0,1
2024631478474,2024,631478474,1,98,0,-1,19,1,6,-1,0,0,0,0,1,11,1,1,-1,9,2,88,11,-1,-1,-1,-1,6,W01000475,0,1
2024010523812,2024,010523812,2,1,0,-1,-1,5,1,0,0,1,5,0,0,0,1,1,6,6,2,29,6,-1,-1,-1,-1,6,E01000746,0,1
2024231455203,2024,231455203,1,9,0,-1,19,3,7,-1,0,0,0,0,0,0,1,9,-1,7,2,43,7,-1,-1,-1,-1,7,E01031089,0,1
2024231518518,2024,231518518,1,9,0,-1,19,2,6,-1,0,0,0,0,0,0,1,9,-1,6,3,42,7,-1,-1,-1,-1,-1,-1,0,-1
2024991403258,2024,991403258,1,9,0,-1,5,8,3,-1,0,4,0,0,0,0,1,1,-1,6,1,69,10,-1,-1,-1,-1,-1,-1,0,-1
2024010503475,2024,010503475,1,9,0,99,99,9,9,99,99,9,9,99,9,99,2,9,6,6,1,40,7,-1,-1,-1,-1,3,E01000128,0,2
2024122401147,2024,122401147,1,19,9,5,5,9,9,0,0,6,0,0,0,0,9,9,6,6,3,-1,-1,-1,-1,-1,-1,-1,-1,0,-1
2024371468609,2024,371468609,1,9,0,-1,4,-1,-1,-1,0,4,0,0,0,0,3,1,-1,6,2,24,5,-1,-1,-1,-1,2,E01030168,0,1
2024421494057,2024,421494057,2,9,0,-1,19,2,5,-1,0,8,0,0,0,0,1,1,-1,2,1,59,9,-1,-1,-1,-1,7,E01021895,0,4
2024010522598,2024,010522598,2,-1,0,15,15,2,6,4,4,0,0,0,0,0,0,1,6,6,1,24,5,-1,-1,-1,-1,-1,-1,1,-1
2024010540566,2024,010540566,2,9,0,18,19,3,7,0,0,2,0,0,0,0,1,1,6,6,3,-1,-1,-1,-1,-1,-1,-1,-1,0,-1
2024010517562,2024,010517562,1,1,9,99,99,9,9,99,99,0,9,99,9,99,9,1,6,6,3,51,8,-1,-1,-1,-1,10,E01000645,0,1
2024231420064,2024,231420064,1,21,1,-1,13,3,7,-1,0,0,0,0,0,0,3,9,-1,6,3,55,8,-1,-1,-1,-1,-1,-1,0,-1
2024991524001,2024,991524001,1,9,0,-1,19,8,3,-1,0,0,0,0,0,0,1,1,-1,6,3,-1,-1,-1,-1,-1,-1,-1,-1,0,-1
2024501526456,2024,501526456,1,9,0,-1,19,6,2,-1,0,0,0,0,0,0,1,9,-1,6,3,-1,-1,-1,-1,-1,-1,-1,-1,0,-1
2024302400903,2024,302400903,2,3,0,18,19,3,7,0,0,8,0,0,0,0,1,1,6,6,3,-1,-1,-1,-1,-1,-1,5,E01019456,0,4
2024101444783,2024,101444783,1,9,0,-1,19,8,3,-1,0,1,0,0,0,0,1,9,-1,6,3,30,6,-1,-1,-1,-1,-1,-1,0,-1
2024201515243,2024,201515243,1,9,0,-1,19,4,8,-1,0,0,0,0,0,0,4,1,-1,6,1,25,5,-1,-1,-1,-1,-1,-1,0,-1
2024302401269,2024,302401269,1,3,0,18,19,4,8,9,9,1,0,0,1,0,1,1,6,6,3,-1,-1,-1,-1,-1,-1,5,E01019456,0,4
2024451420208,2024,451420208,2,1,0,-1,19,5,1,-1,0,8,2,0,0,0,1,1,-1,1,1,27,6,-1,-1,-1,-1,2,E01004268,0,4
2024332401113,2024,332401113,1,1,0,-1,19,7,3,-1,0,8,0,0,0,0,4,1,-1,2,1,36,7,-1,-1,-1,-1,7,E01025654,0,1
2024480492224,2024,480492224,2,3,0,5,5,7,3,0,0,2,0,0,0,0,2,1,6,6,1,53,8,-1,-1,-1,-1,9,E01003808,0,3
2024501422334,2024,501422334,2,19,0,-1,3,1,5,-1,0,1,0,0,0,0,2,9,-1,6,2,41,7,-1,-1,-1,-1,1,E01015214,0,3
2024010532198,2024,010532198,2,1,0,18,19,5,1,0,0,8,0,0,0,0,1,1,6,6,1,19,4,-1,-1,-1,-1,3,E01003980,0,1
2024052401383,2024,052401383,2,1,0,18,19,3,7,0,0,1,0,0,0,0,1,1,6,6,1,13,3,-1,-1,-1,-1,2,E01006832,0,1
2024010490808,2024,010490808,1,9,0,18,19,1,5,0,0,1,1,0,0,0,3,1,6,6,2,28,6,-1,-1,-1,-1,4,E01001097,0,3
2024401541362,2024,401541362,1,9,0,-1,7,1,3,-1,0,0,0,99,0,0,1,9,-1,6,3,-1,-1,-1,-1,-1,-1,-1,-1,0,-1
2024471475373,2024,471475373,1,9,0,-1,20,5,1,-1,0,0,0,0,0,0,4,1,-1,2,1,52,8,-1,-1,-1,-1,3,E01031430,0,1
2024991511067,2024,991511067,1,1,0,-1,19,6,2,-1,0,8,0,0,0,0,1,1,-1,9,2,18,4,-1,-1,-1,-1,10,-1,0,1
2024430013499,2024,430013499,1,9,0,18,19,3,7,0,0,8,1,4,0,0,3,1,6,6,1,-1,-1,-1,-1,-1,-1,-1,-1,0,-1
2024010522570,2024,010522570,2,22,0,18,19,1,5,0,0,1,0,0,0,0,1,1,6,6,2,42,7,-1,-1,-1,-1,9,E01000694,0,2
2024501483215,2024,501483215,2,1,0,-1,19,3,7,-1,0,8,5,0,0,0,2,1,-1,6,1,43,7,-1,-1,-1,-1,8,E01020240,0,1
2024010529211,2024,010529211,1,2,0,18,19,3,7,0,0,0,0,0,0,0,4,1,6,6,3,-1,-1,-1,-1,-1,-1,-1,-1,0,-1
2024161533851,2024,161533851,1,1,0,-1,19,6,2,-1,0,8,2,0,0,0,3,1,-1,2,2,44,7,-1,-1,-1,-1,1,E01013162,0,1
2024302400867,2024,302400867,2,9,0,9,9,3,1,0,0,6,0,0,0,0,3,1,3,7,1,30,6,-1,-1,-1,-1,7,E01019617,0,2
2024622400283,2024,622400283,2,19,0,17,19,2,6,0,0,8,0,0,0,0,3,1,1,1,1,33,6,-1,-1,-1,-1,8,W01001984,0,3
2024221510359,2024,221510359,2,1,0,-1,19,3,6,-1,9,8,0,0,0,0,1,1,-1,9,2,7,2,-1,-1,-1,-1,9,E01032141,0,1
2024061531111,2024,061531111,2,9,0,-1,9,3,1,-1,0,0,0,0,0,0,1,2,-1,6,3,-1,-1,-1,-1,-1,-1,-1,-1,0,-1
2024411477253,2024,411477253,1,9,-1,-1,-1,-1,-1,-1,-1,0,-1,-1,-1,0,2,9,-1,6,1,-1,-1,-1,-1,-1,-1,-1,-1,0,-1
2024440502831,2024,440502831,2,1,0,18,19,4,8,0,0,8,0,0,0,0,4,1,6,6,2,63,9,-1,-1,-1,-1,8,E01022633,0,1
2024122400329,2024,122400329,1,1,0,18,19,6,2,5,5,1,0,0,0,0,1,1,6,6,1,41,7,-1,-1,-1,-1,10,E01013405,0,1
2024371455147,2024,371455147,1,9,0,-1,-1,-1,-1,-1,-1,0,-1,-1,-1,0,-1,1,-1,6,2,43,7,-1,-1,-1,-1,7,E01030207,0,1
2024471402341,2024,471402341,2,1,0,-1,19,7,3,-1,0,8,0,0,0,0,4,1,-1,1,1,20,4,-1,-1,-1,-1,6,E01031798,0,1
2024440012548,2024,440012548,1,10,0,18,19,3,7,0,0,3,0,0,0,0,4,1,6,6,1,-1,-1,-1,-1,-1,-1,-1,-1,0,-1
2024041451801,2024,041451801,2,9,0,-1,19,3,7,-1,0,8,0,0,0,0,1,1,-1,9,1,25,5,-1,-1,-1,-1,3,E01005149,0,4
2024010490989,2024,010490989,2,9,0,18,19,1,5,0,0,8,0,0,1,0,3,2,1,1,1,36,7,-1,-1,-1,-1,2,E01001263,0,1
2024010522189,2024,010522189,2,9,9,99,99,9,9,99,99,8,9,99,9,99,9,9,6,6,3,-1,-1,-1,-1,-1,-1,-1,-1,0,-1
2024031450689,2024,031450689,1,4,0,-1,5,3,7,-1,0,1,2,0,0,0,4,1,-1,6,1,38,7,-1,-1,-1,-1,1,E01019231,0,1
2024430495410,2024,430495410,2,1,0,18,19,6,2,0,0,1,0,0,0,0,0,1,1,1,2,60,9,-1,-1,-1,-1,8,E01028527,0,1
2024430249874,2024,430249874,1,9,5,3,3,6,2,0,0,0,0,0,0,0,1,1,6,6,1,62,9,-1,-1,-1,-1,6,-1,0,5
2024010504200,2024,010504200,1,1,9,99,99,9,9,99,99,9,9,99,9,99,9,1,1,1,1,28,6,-1,-1,-1,-1,2,E01000954,0,1
2024101539696,2024,101539696,2,1,0,-1,19,4,8,-1,0,8,0,0,0,0,4,1,-1,9,1,62,9,-1,-1,-1,-1,5,E01027500,0,2
2024041486461,2024,041486461,1,9,0,-1,19,-1,-1,-1,0,0,0,0,0,0,-1,9,-1,6,3,-1,-1,-1,-1,-1,-1,-1,-1,0,-1
2024471489198,2024,471489198,2,9,0,-1,4,4,8,-1,0,1,0,1,0,0,2,1,-1,9,1,27,6,-1,-1,-1,-1,5,E01031565,0,1
2024411463913,2024,411463913,2,1,0,-1,19,5,1,-1,0,2,0,0,0,0,0,1,-1,9,2,45,7,-1,-1,-1,-1,4,E01023873,0,1
2024351582939,2024,351582939,1,9,0,-1,19,3,8,-1,0,3,0,0,0,0,1,1,-1,6,1,43,7,-1,-1,-1,-1,6,E01018190,0,1
2024531555865,2024,531555865,1,9,0,-1,19,3,7,-1,0,8,0,0,0,0,1,1,-1,6,2,46,8,-1,-1,-1,-1,7,E01034786,0,4
2024211473782,2024,211473782,1,2,-1,-1,-1,-1,-1,-1,-1,0,-1,-1,-1,0,-1,1,-1,6,3,25,5,-1,-1,-1,-1,-1,-1,0,-1
2024430508863,2024,430508863,1,9,0,18,19,4,8,0,0,0,0,0,0,0,1,1,1,1,1,45,7,-1,-1,-1,-1,5,E01002671,0,4
2024010540314,2024,010540314,2,1,9,99,99,9,9,99,99,9,9,99,9,99,1,1,2,2,1,25,5,-1,-1,-1,-1,2,E01004247,0,2
2024041492175,2024,041492175,2,1,0,-1,19,1,5,-1,0,8,0,0,0,0,1,1,-1,9,1,32,6,-1,-1,-1,-1,1,E01025286,0,1
2024010497088,2024,010497088,1,9,0,12,12,5,1,0,0,0,0,0,5,4,1,1,6,6,2,52,8,-1,-1,-1,-1,2,E01000739,0,2
2024371441827,2024,371441827,1,1,0,-1,7,7,1,-1,0,0,0,0,0,0,1,1,-1,9,2,63,9,-1,-1,-1,-1,7,E01029911,0,1
2024371444403,2024,371444403,1,9,0,-1,19,4,8,-1,0,0,0,0,0,0,0,9,-1,6,2,33,6,-1,-1,-1,-1,7,E01029965,0,1
2024471432121,2024,471432121,2,9,0,-1,19,1,7,-1,0,0,0,0,0,0,1,1,-1,2,2,27,6,-1,-1,-1,-1,10,E01035350,0,2
2024991503352,2024,991503352,3,9,0,-1,19,7,2,-1,0,0,0,0,0,0,1,9,-1,6,1,24,5,-1,-1,-1,-1,8,-1,0,1
2024610015824,2024,610015824,1,5,0,13,13,1,5,0,0,1,0,0,0,0,1,1,1,1,1,46,8,-1,-1,-1,-1,7,W01001594,0,2
2024131460841,2024,131460841,1,90,0,-1,-1,8,4,-1,-1,-1,-1,-1,-1,-1,-1,1,-1,6,3,-1,-1,-1,-1,-1,-1,-1,-1,0,-1
2024371422646,2024,371422646,2,1,0,-1,19,7,3,-1,0,1,0,0,0,0,4,1,-1,6,1,49,8,-1,-1,-1,-1,7,E01029966,0,1
2024991531469,2024,991531469,3,9,0,-1,4,5,1,-1,0,0,0,0,0,0,2,1,-1,9,2,19,4,-1,-1,-1,-1,5,-1,0,1
2024401402565,2024,401402565,2,1,0,-1,19,5,1,-1,0,1,0,0,0,0,4,1,-1,6,1,19,4,-1,-1,-1,-1,1,E01015732,0,1
2024340NN1002,2024,340NN1002,2,9,0,-1,19,3,7,-1,0,3,5,0,0,0,4,1,-1,6,1,50,8,-1,-1,-1,-1,-1,-1,0,-1
2024101530356,2024,101530356,2,1,0,-1,19,7,2,-1,0,8,0,0,0,0,1,1,-1,2,1,53,8,-1,-1,-1,-1,8,E01008553,0,1
2024332401047,2024,332401047,2,1,0,-1,19,6,2,-1,9,0,0,0,0,0,1,1,-1,6,3,-1,-1,-1,-1,-1,-1,-1,-1,0,-1
202460Q024368,2024,60Q024368,1,9,0,18,19,3,7,0,0,0,0,0,0,0,1,1,6,6,3,-1,-1,-1,-1,-1,-1,-1,-1,0,-1
2024141498965,2024,141498965,2,9,0,-1,19,1,5,-1,0,2,2,0,0,0,1,9,-1,6,3,-1,-1,-1,-1,-1,-1,-1,-1,0,-1
2024161481075,2024,161481075,2,9,0,-1,2,0,0,-1,0,0,0,0,1,0,2,1,-1,6,-1,-1,-1,-1,-1,-1,-1,-1,-1,0,-1
2024610033324,2024,610033324,1,19,0,18,19,1,5,0,0,0,1,0,6,6,2,1,6,6,1,28,6,-1,-1,-1,-1,2,W01001618,0,3
2024041451313,2024,041451313,2,1,0,-1,9,1,7,-1,0,0,0,0,0,0,3,1,-1,9,1,32,6,-1,-1,-1,-1,2,E01025284,0,1
2024010494214,2024,010494214,2,1,9,99,99,9,9,99,99,9,9,99,9,99,3,1,6,6,1,-1,-1,-1,-1,-1,-1,3,E01034145,0,1
2024010495493,2024,010495493,1,3,0,3,3,9,9,99,99,9,9,99,9,99,9,1,6,6,3,33,6,-1,-1,-1,-1,7,E01002198,0,1
2024010496207,2024,010496207,2,4,0,18,19,1,5,0,0,1,0,0,0,0,1,1,1,1,1,31,6,-1,-1,-1,-1,6,E01001565,0,2
2024440007170,2024,440007170,1,9,0,17,19,6,2,0,0,0,0,0,0,0,1,1,6,6,1,21,5,-1,-1,-1,-1,7,E01023132,0,1
2024010536020,2024,010536020,2,9,0,2,2,0,0,0,0,0,0,4,0,0,3,1,6,6,3,-1,-1,-1,-1,-1,-1,-1,-1,0,-1
2024010491299,2024,010491299,1,9,0,3,3,1,5,0,0,1,0,0,0,0,4,1,6,6,1,47,8,-1,-1,-1,-1,7,E01001308,0,1
2024010505119,2024,010505119,2,9,0,99,99,9,9,99,99,9,9,99,9,99,1,9,6,6,3,-1,-1,-1,-1,-1,-1,3,E01003183,0,2
2024010511981,2024,010511981,1,9,0,9,9,7,5,0,0,5,0,0,0,0,1,1,6,6,2,69,10,-1,-1,-1,-1,7,E01035490,0,1
2024231482492,2024,231482492,2,9,0,-1,19,4,8,-1,0,4,0,0,0,0,3,1,-1,6,2,24,5,-1,-1,-1,-1,9,E01029854,0,2
2024010490272,2024,010490272,1,9,0,18,19,5,1,0,0,0,0,0,1,0,1,1,6,6,2,50,8,-1,-1,-1,-1,2,E01001458,0,1
2024010513643,2024,010513643,1,1,0,7,7,5,8,0,0,8,0,0,0,0,4,1,6,6,2,22,5,-1,-1,-1,-1,3,E01000867,0,1
2024010494973,2024,010494973,1,1,9,99,99,9,9,99,99,9,9,99,9,99,9,1,2,2,1,31,6,-1,-1,-1,-1,8,E01002993,0,3
2024440275942,2024,440275942,2,9,0,3,3,7,3,0,0,1,0,0,0,0,2,1,6,6,1,28,6,-1,-1,-1,-1,1,E01017331,0,1
2024141554206,2024,141554206,1,-1,0,-1,19,7,3,-1,0,0,0,0,0,0,1,1,-1,6,3,-1,-1,-1,-1,-1,-1,-1,-1,1,-1
2024440274721,2024,440274721,1,1,0,18,19,2,6,0,0,0,1,0,0,0,0,1,6,6,1,37,7,-1,-1,-1,-1,-1,-1,0,-1
2024010516326,2024,010516326,2,19,0,18,19,3,7,0,0,0,0,0,0,0,1,1,6,6,3,-1,-1,-1,-1,-1,-1,-1,-1,0,-1
2024010494939,2024,010494939,1,3,0,18,19,3,7,0,0,1,0,0,0,0,2,1,1,1,1,27,6,-1,-1,-1,-1,3,E01000129,0,1
2024991539920,2024,991539920,1,9,0,-1,19,6,2,-1,0,0,0,0,0,0,1,1,-1,9,1,23,5,-1,-1,-1,-1,-1,-1,0,-1
2024430383179,2024,430383179,1,-1,0,18,19,6,2,9,9,0,0,0,0,0,1,1,6,6,1,59,9,-1,-1,-1,-1,-1,-1,1,-1
2024010529514,2024,010529514,1,1,0,3,3,7,3,99,99,9,0,0,0,0,2,1,6,6,1,33,6,-1,-1,-1,-1,3,E01003988,0,2
2024430231662,2024,430231662,2,8,0,18,19,8,4,0,0,1,-1,0,0,-1,1,1,6,6,1,66,10,-1,-1,-1,-1,5,E01016841,0,1
2024311505556,2024,311505556,2,97,0,-1,19,5,1,-1,0,0,0,0,0,0,1,1,-1,6,3,-1,-1,-1,-1,-1,-1,-1,-1,0,-1
2024430036565,2024,430036565,2,1,0,18,19,3,7,0,0,0,0,0,0,0,2,1,6,6,1,68,10,-1,-1,-1,-1,8,E01035255,0,1
2024141473548,2024,141473548,1,1,0,-1,19,2,6,-1,9,0,0,0,0,0,1,1,-1,6,1,15,3,-1,-1,-1,-1,1,E01007499,0,1
2024141407650,2024,141407650,1,9,0,-1,4,2,6,-1,0,0,0,0,0,0,1,1,-1,1,1,37,7,-1,-1,-1,-1,6,E01007725,0,3
2024501431827,2024,501431827,1,1,0,-1,19,2,6,-1,0,1,0,0,0,0,1,1,-1,6,1,-1,-1,-1,-1,-1,-1,-1,-1,0,-1
2024010489234,2024,010489234,1,9,0,7,7,1,3,0,0,4,0,0,2,4,1,1,2,2,1,56,9,-1,-1,-1,-1,2,E01035676,0,1
2024010491138,2024,010491138,1,1,9,99,99,9,9,99,99,1,9,99,9,99,9,1,2,2,1,21,5,-1,-1,-1,-1,2,E01000533,0,1
2024201473274,2024,201473274,2,1,0,-1,9,5,1,-1,0,3,0,0,0,0,3,1,-1,2,2,26,6,-1,-1,-1,-1,1,E01034949,0,1
2024201519102,2024,201519102,1,9,0,-1,14,3,8,-1,0,0,0,0,0,0,1,1,-1,2,2,31,6,-1,-1,-1,-1,2,E01009790,0,1
2024471531860,2024,471531860,1,9,0,-1,19,2,7,-1,0,0,0,0,0,0,1,1,-1,9,1,26,6,-1,-1,-1,-1,10,E01031734,0,3
2024122400210,2024,122400210,2,9,0,18,19,2,6,0,0,0,0,0,0,0,1,1,6,6,2,44,7,-1,-1,-1,-1,6,E01027560,0,2
2024522401361,2024,522401361,2,9,9,11,11,2,6,0,0,1,0,0,0,0,4,1,6,6,1,-1,-1,-1,-1,-1,-1,-1,-1,0,-1
2024131535178,2024,131535178,2,9,0,-1,19,5,1,-1,0,1,0,0,0,0,1,1,-1,9,1,56,9,-1,-1,-1,-1,2,E01007385,0,3
2024302400161,2024,302400161,2,11,0,2,2,0,0,0,0,2,0,0,0,0,0,1,1,1,3,-1,-1,-1,-1,-1,-1,5,E01019456,0,3
2024010534237,2024,010534237,1,9,0,99,99,9,9,99,99,9,9,99,9,99,0,9,6,6,3,-1,-1,-1,-1,-1,-1,-1,-1,0,-1
2024201518130,2024,201518130,1,9,0,-1,19,1,3,-1,0,0,0,0,0,0,1,9,-1,6,3,-1,-1,-1,-1,-1,-1,-1,-1,0,-1
2024311504138,2024,311504138,2,1,0,-1,19,3,7,-1,0,8,0,0,0,0,1,1,-1,6,1,13,3,-1,-1,-1,-1,-1,-1,0,-1
2024010489378,2024,010489378,1,9,0,99,99,9,9,99,99,9,9,99,9,99,1,9,6,6,2,25,5,-1,-1,-1,-1,2,E01000533,0,2
2024440431989,2024,440431989,1,9,0,18,19,7,3,0,0,0,1,0,2,7,1,1,6,6,1,30,6,-1,-1,-1,-1,5,E01022556,0,3
2024548853224,2024,548853224,2,1,0,18,19,5,1,0,0,0,0,0,0,0,1,1,6,6,1,58,9,-1,-1,-1,-1,5,E01031933,0,1
2024141555025,2024,141555025,1,9,0,-1,19,1,6,-1,0,0,0,0,0,0,1,9,-1,6,3,-1,-1,-1,-1,-1,-1,-1,-1,0,-1
2024041463711,2024,041463711,1,9,0,-1,19,5,1,-1,0,0,0,0,0,0,1,1,-1,6,1,22,5,-1,-1,-1,-1,2,E01025060,0,1
2024061517095,2024,061517095,2,9,0,-1,19,5,1,-1,0,4,0,0,1,11,1,1,-1,6,1,32,6,-1,-1,-1,-1,-1,-1,0,-1
2024041477953,2024,041477953,2,9,0,-1,19,7,3,-1,0,8,0,0,0,0,3,1,-1,1,1,61,9,-1,-1,-1,-1,2,E01012576,0,1
2024010493381,2024,010493381,2,9,0,99,99,9,9,99,99,9,9,99,9,99,9,9,6,6,3,-1,-1,-1,-1,-1,-1,-1,-1,0,-1
2024041504215,2024,041504215,1,9,0,-1,19,-1,-1,-1,0,0,0,0,0,0,1,9,-1,6,3,-1,-1,-1,-1,-1,-1,-1,-1,0,-1
2024010496201,2024,010496201,2,9,0,99,99,9,9,99,99,9,9,99,9,99,1,9,6,6,3,-1,-1,-1,-1,-1,-1,-1,-1,0,-1
2024522400821,2024,522400821,2,9,0,2,2,0,0,0,0,0,0,0,0,0,3,1,6,6,3,-1,-1,-1,-1,-1,-1,-1,-1,0,-1
2024302400955,2024,302400955,2,9,0,13,13,8,4,0,0,0,0,0,0,0,4,1,6,6,3,-1,-1,-1,-1,-1,-1,5,E01019456,0,2
2024411407452,2024,411407452,1,1,0,-1,-1,-1,-1,-1,0,0,0,0,0,0,3,1,-1,9,1,-1,-1,-1,-1,-1,-1,4,E01023797,0,1
2024010489671,2024,010489671,2,9,0,99,99,9,9,0,0,1,0,0,0,0,2,9,6,6,3,-1,-1,-1,-1,-1,-1,-1,-1,0,-1
2024010515382,2024,010515382,3,9,9,18,19,7,3,99,99,1,9,99,9,99,9,9,6,6,3,-1,-1,-1,-1,-1,-1,-1,-1,0,-1
2024361424808,2024,361424808,2,9,0,-1,19,6,2,-1,0,0,0,0,0,0,-1,9,-1,6,3,-1,-1,-1,-1,-1,-1,-1,-1,0,-1
2024010528120,2024,010528120,1,9,0,99,99,9,9,99,99,9,9,99,9,99,1,9,6,6,3,-1,-1,-1,-1,-1,-1,3,E01035649,0,3
2024010506563,2024,010506563,1,1,9,99,99,9,9,99,99,9,9,99,9,99,9,1,2,2,2,29,6,-1,-1,-1,-1,5,E01004065,0,2
2024010497200,2024,010497200,2,9,0,99,99,9,9,99,99,9,9,99,9,99,1,9,6,6,3,-1,-1,-1,-1,-1,-1,-1,-1,0,-1
2024311435886,2024,311435886,1,9,0,-1,4,6,1,-1,0,1,0,0,0,0,1,9,-1,6,1,-1,-1,-1,-1,-1,-1,-1,-1,0,-1