collision_index,collision_year,collision_ref_no,vehicle_reference,vehicle_type,towing_and_articulation,vehicle_manoeuvre_historic,vehicle_manoeuvre,vehicle_direction_from,vehicle_direction_to,vehicle_location_restricted_lane_historic,vehicle_location_restricted_lane,junction_location,skidding_and_overturning,hit_object_in_carriageway,vehicle_leaving_carriageway,hit_object_off_carriageway,first_point_of_impact,vehicle_left_hand_drive,journey_purpose_of_driver_historic,journey_purpose_of_driver,sex_of_driver,age_of_driver,age_band_of_driver,engine_capacity_cc,propulsion_code,age_of_vehicle,generic_make_model,driver_imd_decile,lsoa_of_driver,escooter_flag,driver_distance_banding
2024041465339,2024,041465339,1,1,0,-1,19,5,5,-1,0,2,0,0,1,0,0,1,-1,2,1,49,8,-1,-1,-1,-1,1,E01025293,0,1
2024161501024,2024,161501024,1,90,0,-1,19,3,7,-1,0,6,0,0,0,0,9,9,-1,2,1,32,6,-1,-1,-1,-1,1,E01012862,0,1
2024161534411,2024,161534411,1,1,0,-1,12,4,8,-1,0,0,0,0,0,0,3,1,-1,2,1,49,8,-1,-1,-1,-1,6,E01013318,0,1
2024010488083,2024,010488083,2,3,0,18,19,1,5,0,0,1,0,0,0,0,1,1,1,1,1,25,5,-1,-1,-1,-1,4,E01004429,0,1
2024010541736,2024,010541736,1,1,9,99,99,9,9,99,99,9,9,99,9,99,1,1,2,2,1,42,7,-1,-1,-1,-1,2,E01001357,0,2
2024311444352,2024,311444352,1,9,0,-1,19,3,5,-1,0,0,1,0,0,0,1,1,-1,1,1,32,6,-1,-1,-1,-1,5,E01013931,0,2
2024520403163,2024,520403163,1,1,0,18,19,3,7,0,0,0,0,0,0,0,3,1,6,6,1,31,6,-1,-1,-1,-1,2,E01029095,0,1
2024201460739,2024,201460739,2,-1,0,-1,19,3,7,-1,0,8,0,0,0,0,2,1,-1,6,1,13,3,-1,-1,-1,-1,3,E01009599,1,1
2024430054904,2024,430054904,1,4,0,18,19,1,5,0,0,1,0,0,0,0,1,1,6,6,1,31,6,-1,-1,-1,-1,7,E01028501,0,4
2024010496668,2024,010496668,2,3,0,99,99,9,9,99,99,9,9,99,9,99,9,1,6,6,3,-1,-1,-1,-1,-1,-1,-1,-1,0,-1
2024131398211,2024,131398211,1,9,0,-1,-1,-1,-1,-1,-1,-1,-1,-1,-1,-1,-1,1,-1,6,3,-1,-1,-1,-1,-1,-1,-1,-1,0,-1
2024471485219,2024,471485219,1,9,0,-1,5,4,8,-1,0,4,0,0,0,0,3,1,-1,1,1,53,8,-1,-1,-1,-1,7,E01034540,0,5
2024401439838,2024,401439838,1,9,0,-1,4,4,3,-1,0,0,0,0,0,0,1,1,-1,2,1,20,4,-1,-1,-1,-1,7,E01017577,0,1
2024101416025,2024,101416025,1,9,0,-1,19,5,1,-1,0,0,5,0,0,0,1,1,-1,9,1,52,8,-1,-1,-1,-1,4,-1,0,4
2024010506968,2024,010506968,1,1,9,99,99,9,9,99,99,9,9,99,9,99,1,1,1,1,1,23,5,-1,-1,-1,-1,2,E01001438,0,3
2024302401097,2024,302401097,2,9,0,4,4,1,5,0,0,0,0,0,0,0,2,1,1,1,1,37,7,-1,-1,-1,-1,2,E01007914,0,4
2024451460431,2024,451460431,1,9,0,-1,5,5,1,-1,0,6,0,0,0,0,3,1,-1,9,1,59,9,-1,-1,-1,-1,6,E01035330,0,3
2024440326855,2024,440326855,1,9,0,17,19,2,7,0,0,0,0,0,0,0,1,1,2,2,1,18,4,-1,-1,-1,-1,3,E01022649,0,1
2024122401226,2024,122401226,1,9,0,16,19,3,7,0,0,0,0,0,0,0,1,1,6,6,1,68,10,-1,-1,-1,-1,1,E01011745,0,2
2024531478629,2024,531478629,1,1,0,-1,19,3,7,-1,0,8,0,0,0,0,1,1,-1,6,1,17,4,-1,-1,-1,-1,5,E01022361,0,1
2024010546734,2024,010546734,2,1,9,99,99,9,9,99,99,9,9,8,9,99,1,1,6,6,1,47,8,-1,-1,-1,-1,6,E01004497,0,2
2024041459047,2024,041459047,1,9,0,-1,19,4,8,-1,0,2,0,0,0,0,1,1,-1,6,1,32,6,-1,-1,-1,-1,5,E01025458,0,1
2024201476474,2024,201476474,1,9,0,-1,19,4,8,-1,0,0,0,0,0,0,2,1,-1,6,1,25,5,-1,-1,-1,-1,-1,-1,0,-1
2024320342019,2024,320342019,2,3,0,-1,-1,8,4,0,0,8,0,0,0,0,4,1,-1,-1,1,19,4,-1,-1,-1,-1,8,E01026291,0,1
2024451444799,2024,451444799,2,9,0,-1,19,3,7,-1,0,1,0,0,0,0,3,1,-1,9,1,52,8,-1,-1,-1,-1,7,E01030732,0,1
2024522401307,2024,522401307,1,9,0,18,19,3,7,0,0,0,0,0,0,0,3,1,6,6,1,55,8,-1,-1,-1,-1,2,E01014842,0,1
2024991410852,2024,991410852,2,9,0,-1,19,1,5,-1,0,1,0,0,0,0,1,1,-1,6,1,70,10,-1,-1,-1,-1,9,-1,0,3
2024351410097,2024,351410097,1,9,-1,-1,-1,-1,-1,-1,-1,-1,-1,-1,-1,0,-1,9,-1,6,3,-1,-1,-1,-1,-1,-1,-1,-1,0,-1
2024440306223,2024,440306223,1,9,0,18,19,5,1,0,0,0,0,0,0,0,1,1,6,6,2,31,6,-1,-1,-1,-1,8,E01032855,0,1
2024221449796,2024,221449796,2,1,0,-1,19,8,3,-1,0,1,0,0,0,0,3,1,-1,6,1,53,8,-1,-1,-1,-1,7,E01014013,0,2
2024041536675,2024,041536675,1,1,0,-1,19,5,1,-1,0,1,0,0,0,0,1,1,-1,6,1,17,4,-1,-1,-1,-1,1,E01025293,0,4
2024010492325,2024,010492325,1,9,0,7,7,1,4,0,0,1,1,0,1,11,1,1,6,6,1,38,7,-1,-1,-1,-1,4,E01003278,0,4
2024440214782,2024,440214782,1,1,0,18,19,5,1,0,0,2,0,0,0,0,4,1,6,6,2,26,6,-1,-1,-1,-1,7,E01022823,0,1
2024010496327,2024,010496327,2,9,0,4,4,7,3,0,0,1,0,0,0,0,1,1,6,6,1,34,6,-1,-1,-1,-1,10,E01028816,0,5
2024010548267,2024,010548267,1,19,9,99,99,9,9,99,99,0,9,0,0,0,9,9,6,6,3,-1,-1,-1,-1,-1,-1,-1,-1,0,-1
2024031417446,2024,031417446,2,1,0,-1,19,7,3,-1,0,0,0,0,0,0,1,1,-1,6,1,43,7,-1,-1,-1,-1,-1,-1,0,-1
2024101472442,2024,101472442,1,21,5,-1,12,3,7,-1,0,0,0,0,0,0,3,2,-1,1,1,26,6,-1,-1,-1,-1,4,-1,0,5
2024430560647,2024,430560647,2,23,0,18,19,3,7,0,0,1,0,0,0,0,3,1,6,6,1,19,4,-1,-1,-1,-1,-1,-1,0,-1
2024351405194,2024,351405194,1,9,0,-1,9,7,3,-1,0,1,0,0,0,0,1,9,-1,6,1,65,9,-1,-1,-1,-1,5,-1,0,5
2024010496479,2024,010496479,2,9,0,1,1,9,9,99,99,1,9,99,9,99,2,9,6,6,3,-1,-1,-1,-1,-1,-1,-1,-1,0,-1
2024010541970,2024,010541970,4,9,0,2,2,0,0,0,0,0,0,0,0,0,4,1,6,6,3,-1,-1,-1,-1,-1,-1,-1,-1,0,-1
2024010543443,2024,010543443,1,1,0,5,5,1,5,0,0,2,0,0,0,0,1,1,6,6,1,24,5,-1,-1,-1,-1,2,E01003325,0,3
2024010508451,2024,010508451,1,9,0,18,19,1,5,0,0,7,0,0,0,0,1,1,6,6,3,-1,-1,-1,-1,-1,-1,-1,-1,0,-1
2024010518198,2024,010518198,1,1,9,99,99,9,9,99,99,9,9,99,9,99,1,1,6,6,2,61,9,-1,-1,-1,-1,4,E01001739,0,1
2024122400475,2024,122400475,1,9,0,9,9,4,1,0,0,8,0,0,0,0,1,1,6,6,3,-1,-1,-1,-1,-1,-1,-1,-1,0,-1
2024401409220,2024,401409220,1,9,0,-1,19,5,1,-1,0,1,0,0,0,0,1,9,-1,6,3,-1,-1,-1,-1,-1,-1,-1,-1,0,-1
2024991405252,2024,991405252,1,9,0,-1,7,8,3,-1,0,1,0,0,0,0,1,1,-1,1,3,-1,-1,-1,-1,-1,-1,-1,-1,0,-1
2024010494757,2024,010494757,1,23,0,18,19,7,3,9,9,0,9,99,9,0,9,1,6,6,3,-1,-1,-1,-1,-1,-1,-1,-1,0,-1
2024302401505,2024,302401505,2,9,0,18,19,1,5,0,0,0,0,2,0,0,2,1,6,6,1,60,9,-1,-1,-1,-1,6,E01011835,0,4
2024061529988,2024,061529988,1,1,0,-1,19,-1,-1,-1,0,6,0,0,3,0,4,1,-1,2,1,29,6,-1,-1,-1,-1,2,E01005946,0,1
202417H105224,2024,17H105224,2,1,0,-1,19,2,6,-1,0,2,0,0,0,0,0,1,-1,6,1,-1,-1,-1,-1,-1,-1,-1,-1,0,-1
2024522403109,2024,522403109,2,1,0,18,19,1,5,0,0,0,0,0,0,0,3,1,6,6,1,20,4,-1,-1,-1,-1,7,E01014909,0,1
2024010493851,2024,010493851,2,9,0,99,99,9,9,99,99,9,9,99,9,99,4,9,6,6,3,-1,-1,-1,-1,-1,-1,-1,-1,0,-1
2024430089840,2024,430089840,1,9,0,3,3,1,5,0,0,1,0,0,0,0,2,1,6,6,1,47,8,-1,-1,-1,-1,6,E01017934,0,2
2024031505689,2024,031505689,1,1,-1,-1,-1,-1,-1,-1,-1,0,-1,-1,-1,0,-1,1,-1,9,1,62,9,-1,-1,-1,-1,-1,-1,0,-1
2024010545497,2024,010545497,2,1,9,99,99,9,9,99,99,9,9,99,9,99,9,1,2,2,1,36,7,-1,-1,-1,-1,5,E01035487,0,1
2024991529998,2024,991529998,1,1,0,-1,19,3,7,-1,0,8,1,0,0,0,1,1,-1,1,2,14,3,-1,-1,-1,-1,10,-1,0,1
2024052401363,2024,052401363,1,9,0,18,19,1,5,0,0,1,0,0,0,0,1,1,6,6,3,-1,-1,-1,-1,-1,-1,-1,-1,0,-1
2024010548274,2024,010548274,1,1,9,99,99,9,9,99,99,1,9,99,9,99,1,1,6,6,1,23,5,-1,-1,-1,-1,2,E01000027,0,1
2024311501789,2024,311501789,2,1,0,-1,19,1,1,-1,0,0,0,0,0,0,2,1,-1,9,1,13,3,-1,-1,-1,-1,-1,-1,0,-1
202454B587824,2024,54B587824,1,1,0,5,5,8,4,0,0,4,0,0,0,0,3,1,6,6,1,29,6,-1,-1,-1,-1,2,E01033845,0,1
2024461522946,2024,461522946,2,19,0,-1,19,7,3,-1,0,8,0,0,1,0,1,1,-1,6,1,28,6,-1,-1,-1,-1,2,E01024135,0,4
2024311444953,2024,311444953,1,-1,0,-1,19,3,7,-1,9,0,0,0,0,0,1,1,-1,6,1,12,3,-1,-1,-1,-1,-1,-1,1,-1
202460Q083416,2024,60Q083416,2,1,0,18,19,8,4,0,0,0,0,0,0,0,2,1,2,2,1,50,8,-1,-1,-1,-1,-1,-1,0,-1
2024131463528,2024,131463528,1,98,0,-1,1,2,6,-1,0,0,0,0,0,0,2,1,-1,6,3,-1,-1,-1,-1,-1,-1,-1,-1,0,-1
2024010507148,2024,010507148,1,1,0,18,19,1,5,0,0,2,5,0,0,0,1,1,6,6,1,38,7,-1,-1,-1,-1,2,E01001161,0,1
2024211516908,2024,211516908,1,9,0,-1,1,3,3,-1,-1,1,0,0,0,0,2,1,-1,2,1,25,5,-1,-1,-1,-1,-1,-1,0,-1
2024531460780,2024,531460780,2,1,0,-1,9,1,5,-1,0,3,0,0,0,0,0,1,-1,9,1,64,9,-1,-1,-1,-1,10,E01022113,0,1
2024052402316,2024,052402316,1,9,0,4,4,7,3,0,0,2,0,0,0,0,4,1,1,1,3,-1,-1,-1,-1,-1,-1,-1,-1,0,-1
2024430440599,2024,430440599,1,9,0,18,19,8,4,0,0,8,0,0,0,0,1,2,6,6,2,32,6,-1,-1,-1,-1,7,E01028431,0,1
2024991450711,2024,991450711,2,97,0,-1,19,1,5,-1,0,1,2,0,0,0,1,1,-1,9,1,40,7,-1,-1,-1,-1,6,-1,0,1
2024542292324,2024,542292324,2,1,0,5,5,5,1,0,0,0,2,0,0,0,4,1,6,6,1,12,3,-1,-1,-1,-1,6,E01031902,0,1
2024201398917,2024,201398917,1,9,0,-1,19,1,5,-1,0,8,0,0,0,0,1,9,-1,6,1,33,6,-1,-1,-1,-1,2,E01009659,0,1
2024041399474,2024,041399474,1,9,0,-1,19,5,1,-1,0,0,0,0,0,0,2,1,-1,9,1,22,5,-1,-1,-1,-1,1,E01025117,0,3
2024440187340,2024,440187340,2,9,0,18,19,3,7,0,0,0,0,0,0,0,2,1,6,6,1,41,7,-1,-1,-1,-1,8,E01020388,0,4
2024010543721,2024,010543721,2,19,0,99,99,9,9,99,99,9,9,99,9,99,1,9,6,6,3,-1,-1,-1,-1,-1,-1,-1,-1,0,-1
2024332400561,2024,332400561,2,21,0,-1,19,2,6,-1,0,0,0,0,0,0,1,2,-1,1,1,61,9,-1,-1,-1,-1,4,E01025718,0,4
2024010522812,2024,010522812,2,1,0,3,3,5,1,0,0,9,0,0,0,0,9,1,6,6,1,-1,-1,-1,-1,-1,-1,-1,-1,0,-1
2024430133654,2024,430133654,1,-1,0,18,19,7,3,0,0,0,0,0,0,0,1,1,6,6,1,-1,-1,-1,-1,-1,-1,-1,-1,1,-1
2024010524161,2024,010524161,1,1,9,99,99,9,9,99,99,0,9,99,9,99,9,1,6,6,1,46,8,-1,-1,-1,-1,7,E01002577,0,3
2024401467766,2024,401467766,2,1,0,-1,12,3,7,-1,0,0,0,0,0,0,3,1,-1,7,1,12,3,-1,-1,-1,-1,8,E01033191,0,1
2024430618153,2024,430618153,1,22,0,18,19,2,6,9,9,0,0,0,0,0,1,1,6,6,1,83,11,-1,-1,-1,-1,9,E01028491,0,1
2024201445128,2024,201445128,1,9,0,-1,19,5,1,-1,0,1,0,0,0,0,1,9,-1,6,1,-1,-1,-1,-1,-1,-1,-1,-1,0,-1
2024440313338,2024,440313338,1,9,0,3,3,7,3,0,0,1,0,0,0,0,2,1,6,6,2,-1,-1,-1,-1,-1,-1,-1,-1,0,-1
2024201489348,2024,201489348,1,9,0,-1,9,5,3,-1,0,5,0,0,0,0,1,9,-1,6,1,-1,-1,-1,-1,-1,-1,-1,-1,0,-1
2024010496609,2024,010496609,2,9,0,9,9,2,1,0,0,5,0,0,0,0,3,1,6,6,1,24,5,-1,-1,-1,-1,2,E01012573,0,5
2024501530012,2024,501530012,2,1,0,-1,19,5,1,-1,0,0,5,0,0,0,-1,1,-1,6,1,40,7,-1,-1,-1,-1,2,E01034160,0,1
2024010543397,2024,010543397,2,1,9,99,99,9,9,99,99,9,9,99,9,99,9,1,6,6,3,-1,-1,-1,-1,-1,-1,4,E01000999,0,2
2024311506716,2024,311506716,1,97,0,-1,19,3,7,-1,0,1,1,10,0,0,1,1,-1,6,1,17,4,-1,-1,-1,-1,-1,-1,0,-1
202417S204524,2024,17S204524,2,9,0,18,19,0,0,0,0,0,0,0,0,0,2,1,6,6,2,74,10,-1,-1,-1,-1,1,E01011989,0,2
2024010489501,2024,010489501,3,9,0,2,2,0,0,6,6,2,0,0,7,2,4,1,6,6,3,-1,-1,-1,-1,-1,-1,-1,-1,0,-1
2024070140696,2024,070140696,2,1,0,4,4,1,5,0,0,1,0,0,0,0,3,1,6,6,1,53,8,-1,-1,-1,-1,3,E01018487,0,1
2024010491044,2024,010491044,1,9,0,99,99,9,9,99,99,9,9,99,9,99,9,9,6,6,1,83,11,-1,-1,-1,-1,9,E01000209,0,2
2024010493773,2024,010493773,1,9,0,18,19,3,7,0,0,0,0,0,1,11,3,1,2,2,1,36,7,-1,-1,-1,-1,6,E01003772,0,1
2024231521462,2024,231521462,1,9,0,-1,12,4,2,-1,0,8,0,0,0,0,1,9,-1,6,3,40,7,-1,-1,-1,-1,-1,-1,0,-1
2024101434926,2024,101434926,2,9,0,-1,19,3,7,-1,0,8,0,0,0,0,3,1,-1,9,2,40,7,-1,-1,-1,-1,10,E01008523,0,2
2024010539449,2024,010539449,2,1,0,18,19,5,1,0,0,8,0,0,0,0,1,1,6,6,1,40,7,-1,-1,-1,-1,3,E01003295,0,1
2024401400306,2024,401400306,1,9,0,-1,4,2,6,-1,0,0,1,0,0,0,4,9,-1,2,2,29,6,-1,-1,-1,-1,9,E01017541,0,3
2024061443821,2024,061443821,2,1,0,-1,19,4,2,-1,0,8,0,0,0,0,3,1,-1,6,1,41,7,-1,-1,-1,-1,2,E01005650,0,1
2024010506952,2024,010506952,2,1,0,18,19,3,7,0,0,8,1,0,0,0,4,1,6,6,1,28,6,-1,-1,-1,-1,4,E01002884,0,1
2024461479070,2024,461479070,1,97,0,-1,15,-1,-1,-1,0,0,0,0,1,0,4,1,-1,6,1,-1,-1,-1,-1,-1,-1,5,E01016135,0,2
2024111536868,2024,111536868,1,9,0,-1,19,7,4,-1,0,8,1,0,1,0,1,1,-1,9,1,40,7,-1,-1,-1,-1,9,E01020779,0,1
2024430613400,2024,430613400,2,9,0,18,19,6,2,0,0,8,0,0,0,0,1,1,6,6,2,63,9,-1,-1,-1,-1,10,E01017935,0,1
2024430007144,2024,430007144,1,1,0,18,19,4,8,0,0,0,0,0,0,0,3,1,6,6,1,45,7,-1,-1,-1,-1,10,E01033966,0,1
2024201530484,2024,201530484,1,21,1,-1,12,1,5,-1,0,0,0,0,0,0,1,2,-1,1,1,45,7,-1,-1,-1,-1,-1,-1,0,-1
2024991435262,2024,991435262,1,9,0,-1,19,1,5,-1,0,0,0,0,1,4,1,1,-1,9,1,58,9,-1,-1,-1,-1,3,-1,0,4
2024041453107,2024,041453107,1,23,0,-1,19,1,5,-1,0,1,0,0,0,0,1,1,-1,1,1,27,6,-1,-1,-1,-1,1,E01025290,0,1
2024010550540,2024,010550540,2,1,9,99,99,9,9,99,99,9,9,99,9,99,9,1,6,6,3,-1,-1,-1,-1,-1,-1,-1,-1,0,-1
2024421462385,2024,421462385,2,1,0,-1,19,7,3,-1,0,1,0,0,0,0,1,1,-1,9,1,7,2,-1,-1,-1,-1,2,E01021488,0,1
2024430039079,2024,430039079,2,9,0,18,19,2,6,0,0,0,0,8,0,0,4,1,6,6,1,62,9,-1,-1,-1,-1,-1,-1,0,-1
2024041453211,2024,041453211,2,1,0,-1,19,5,1,-1,0,1,5,0,0,0,1,1,-1,9,1,54,8,-1,-1,-1,-1,10,E01025355,0,1
2024430441454,2024,430441454,1,9,0,18,19,1,5,9,9,0,0,0,0,0,4,1,6,6,3,-1,-1,-1,-1,-1,-1,-1,-1,0,-1
2024522500305,2024,522500305,1,1,0,18,19,1,5,0,0,8,0,0,1,10,1,1,6,6,1,24,5,-1,-1,-1,-1,4,E01014485,0,1
2024421527657,2024,421527657,3,1,0,-1,19,3,7,-1,0,1,0,0,0,0,2,1,-1,7,1,35,6,-1,-1,-1,-1,3,E01021858,0,1
2024201434352,2024,201434352,1,99,0,-1,19,4,8,-1,0,4,0,0,0,0,1,9,-1,6,1,17,4,-1,-1,-1,-1,1,E01009158,0,1
2024010488361,2024,010488361,1,19,0,18,19,1,5,0,0,2,0,0,0,0,1,1,2,2,1,33,6,-1,-1,-1,-1,2,E01000628,0,1
2024010490253,2024,010490253,2,9,0,99,99,9,9,99,99,9,9,99,9,99,0,9,6,6,3,-1,-1,-1,-1,-1,-1,-1,-1,0,-1
2024010537850,2024,010537850,1,9,0,18,19,3,7,0,0,0,0,0,0,0,1,1,6,6,3,-1,-1,-1,-1,-1,-1,-1,-1,0,-1
2024101479676,2024,101479676,2,9,0,-1,19,7,3,-1,0,8,0,0,0,0,1,1,-1,1,1,57,9,-1,-1,-1,-1,4,E01008875,0,1
2024010527304,2024,010527304,1,1,9,99,99,9,9,99,99,9,9,99,9,99,9,1,2,2,1,28,6,-1,-1,-1,-1,2,E01000743,0,1
2024332401253,2024,332401253,1,9,0,-1,19,8,4,-1,0,0,5,0,0,0,1,1,-1,9,2,49,8,-1,-1,-1,-1,9,E01028047,0,4
2024201494828,2024,201494828,1,9,0,-1,1,1,3,-1,0,5,0,0,0,0,2,9,-1,6,1,-1,-1,-1,-1,-1,-1,-1,-1,0,-1
2024010492604,2024,010492604,2,9,0,99,99,9,9,99,99,9,9,99,9,99,1,9,6,6,3,-1,-1,-1,-1,-1,-1,-1,-1,0,-1
2024520500149,2024,520500149,1,9,9,18,19,7,3,0,0,0,0,4,0,0,4,9,6,6,3,-1,-1,-1,-1,-1,-1,-1,-1,0,-1
2024010531551,2024,010531551,2,1,0,18,19,3,7,9,9,0,0,0,0,0,1,1,6,6,1,50,8,-1,-1,-1,-1,-1,-1,0,-1
2024010537229,2024,010537229,2,19,0,99,99,9,9,99,99,9,9,99,9,99,9,9,6,6,3,-1,-1,-1,-1,-1,-1,-1,-1,0,-1
2024010514948,2024,010514948,1,9,0,18,19,8,4,0,0,1,0,0,0,0,1,1,6,6,1,24,5,-1,-1,-1,-1,4,E01004302,0,1
2024522403020,2024,522403020,1,1,0,9,9,8,7,2,2,8,0,0,0,0,1,1,6,6,1,21,5,-1,-1,-1,-1,1,E01014596,0,1
2024430027892,2024,430027892,1,9,0,16,19,8,3,0,0,0,5,10,0,0,1,1,2,2,1,19,4,-1,-1,-1,-1,10,E01017820,0,1
2024531498061,2024,531498061,1,9,0,-1,12,6,2,-1,0,0,0,0,0,0,3,9,-1,6,2,-1,-1,-1,-1,-1,-1,-1,-1,0,-1
2024010497135,2024,010497135,1,3,0,99,99,9,9,99,99,9,9,99,9,99,1,1,1,1,1,31,6,-1,-1,-1,-1,3,E01001980,0,2
2024471398648,2024,471398648,4,9,0,-1,19,7,5,-1,0,0,0,0,0,0,0,9,-1,6,-1,-1,-1,-1,-1,-1,-1,-1,-1,0,-1
2024010490654,2024,010490654,2,9,0,99,99,9,9,99,99,9,9,99,9,99,0,9,6,6,1,18,4,-1,-1,-1,-1,-1,-1,0,-1
2024311524923,2024,311524923,1,9,-1,-1,5,0,3,-1,9,1,0,0,0,0,1,9,-1,6,1,-1,-1,-1,-1,-1,-1,-1,-1,0,-1
2024101434758,2024,101434758,1,97,0,-1,19,1,5,-1,0,8,0,0,0,0,1,1,-1,6,1,-1,-1,-1,-1,-1,-1,-1,-1,0,-1
2024111471950,2024,111471950,2,9,0,-1,4,4,8,-1,0,0,0,0,0,0,2,1,-1,6,2,35,6,-1,-1,-1,-1,3,E01034504,0,1
2024430587255,2024,430587255,1,19,0,18,19,7,3,0,0,0,0,0,0,0,3,1,6,6,3,-1,-1,-1,-1,-1,-1,-1,-1,0,-1
2024010545594,2024,010545594,2,9,0,18,19,6,2,0,0,1,0,0,0,0,0,1,6,6,3,-1,-1,-1,-1,-1,-1,-1,-1,0,-1
2024531404554,2024,531404554,1,98,0,-1,19,5,1,-1,0,6,0,0,0,0,1,1,-1,1,1,37,7,-1,-1,-1,-1,3,E01032267,0,4
2024010490015,2024,010490015,1,1,0,15,15,5,1,0,0,1,0,0,0,0,1,1,1,1,1,29,6,-1,-1,-1,-1,3,E01002638,0,3
2024430145614,2024,430145614,1,9,0,18,19,1,5,0,0,0,0,0,1,7,1,1,6,6,1,26,6,-1,-1,-1,-1,8,E01033519,0,2
2024471499146,2024,471499146,2,1,0,-1,5,1,5,-1,0,2,0,0,0,0,1,1,-1,7,1,15,3,-1,-1,-1,-1,8,E01016979,0,1
2024061395686,2024,061395686,1,23,0,-1,13,1,5,-1,0,1,0,0,7,0,1,1,-1,6,1,23,5,-1,-1,-1,-1,-1,-1,0,-1
2024471397228,2024,471397228,2,9,0,-1,-1,-1,-1,-1,-1,-1,-1,-1,-1,0,-1,9,-1,6,2,58,9,-1,-1,-1,-1,5,E01021100,0,1
2024061573398,2024,061573398,2,1,0,-1,19,5,1,-1,5,8,0,0,0,0,1,1,-1,9,1,64,9,-1,-1,-1,-1,-1,-1,0,-1
2024010534093,2024,010534093,2,9,0,99,99,9,9,99,99,9,9,99,9,99,9,9,6,6,3,-1,-1,-1,-1,-1,-1,-1,-1,0,-1
2024010488224,2024,010488224,1,9,0,3,3,1,5,0,0,1,0,0,0,0,1,1,6,6,2,22,5,-1,-1,-1,-1,6,E01000430,0,1
2024461447053,2024,461447053,1,1,0,-1,99,7,3,-1,0,0,0,0,9,0,1,1,-1,6,1,-1,-1,-1,-1,-1,-1,-1,-1,0,-1
2024451432753,2024,451432753,2,98,0,-1,-1,-1,-1,-1,-1,0,-1,-1,-1,0,-1,9,-1,6,3,-1,-1,-1,-1,-1,-1,-1,-1,0,-1
2024471503684,2024,471503684,1,9,0,-1,19,1,5,-1,0,0,0,0,7,0,1,1,-1,6,1,51,8,-1,-1,-1,-1,7,E01031447,0,3
2024552401129,2024,552401129,1,1,0,18,19,2,6,0,0,8,0,0,0,0,3,1,6,6,1,16,4,-1,-1,-1,-1,6,E01015349,0,1
2024361488317,2024,361488317,1,97,0,-1,19,-1,-1,-1,0,0,0,0,0,0,4,1,-1,6,1,-1,-1,-1,-1,-1,-1,-1,-1,0,-1
2024461487001,2024,461487001,2,21,1,-1,12,7,3,-1,0,0,0,0,0,0,3,2,-1,1,1,30,6,-1,-1,-1,-1,-1,-1,0,-1
2024010537157,2024,010537157,2,1,9,99,99,9,9,99,99,9,9,99,9,99,9,1,6,6,3,-1,-1,-1,-1,-1,-1,-1,-1,0,-1
2024061461160,2024,061461160,1,9,-1,-1,15,1,5,-1,0,0,0,0,0,0,-1,9,-1,6,3,-1,-1,-1,-1,-1,-1,-1,-1,0,-1
2024522401239,2024,522401239,2,1,0,9,9,3,1,0,0,5,0,0,0,0,3,1,6,6,2,26,6,-1,-1,-1,-1,5,E01033350,0,1
2024332400393,2024,332400393,2,-1,0,-1,12,2,6,-1,0,8,0,0,0,0,3,1,-1,6,1,34,6,-1,-1,-1,-1,1,E01013651,1,1
2024010514623,2024,010514623,1,1,9,99,99,9,9,99,99,9,9,99,9,99,9,1,2,2,2,28,6,-1,-1,-1,-1,5,E01002140,0,1
2024221510366,2024,221510366,1,9,0,-1,13,6,2,-1,0,0,0,0,0,0,4,9,-1,6,3,45,7,-1,-1,-1,-1,-1,-1,0,-1
2024430602201,2024,430602201,1,9,0,9,9,5,3,0,0,6,0,0,0,0,1,1,6,6,2,-1,-1,-1,-1,-1,-1,-1,-1,0,-1
2024070411746,2024,070411746,1,1,0,7,7,5,7,0,0,8,0,0,0,0,1,1,6,6,1,8,2,-1,-1,-1,-1,1,E01012381,0,1
2024991450455,2024,991450455,1,19,0,-1,19,3,7,-1,0,0,1,0,0,0,1,1,-1,1,2,20,4,-1,-1,-1,-1,1,-1,0,4
2024361477066,2024,361477066,2,1,0,-1,5,5,1,-1,9,6,0,0,0,0,1,1,-1,2,1,39,7,-1,-1,-1,-1,7,E01026526,0,2
2024311499561,2024,311499561,1,1,0,-1,19,5,1,-1,0,6,0,0,0,0,1,1,-1,1,1,53,8,-1,-1,-1,-1,-1,-1,0,-1
2024141444667,2024,141444667,1,9,0,-1,19,6,2,-1,0,0,2,0,7,0,1,1,-1,6,1,18,4,-1,-1,-1,-1,1,E01007403,0,2
2024010550313,2024,010550313,2,8,0,99,99,9,9,99,99,9,9,99,9,99,1,9,6,6,3,61,9,-1,-1,-1,-1,6,E01004357,0,3
202417H100424,2024,17H100424,2,20,0,7,7,7,1,0,0,6,0,0,0,0,2,1,1,1,1,-1,-1,-1,-1,-1,-1,-1,-1,0,-1
2024041431558,2024,041431558,3,9,0,-1,2,7,3,-1,0,2,0,0,0,0,2,1,-1,6,-1,-1,-1,-1,-1,-1,-1,-1,-1,0,-1
2024522401787,2024,522401787,2,9,0,9,9,7,5,0,0,6,0,0,0,0,1,1,6,6,3,-1,-1,-1,-1,-1,-1,-1,-1,0,-1
2024311483157,2024,311483157,1,9,0,-1,19,5,1,-1,0,1,0,0,0,0,1,1,-1,1,1,35,6,-1,-1,-1,-1,-1,-1,0,-1
2024610020024,2024,610020024,2,19,0,5,5,8,4,0,0,8,0,0,0,0,2,1,6,6,1,38,7,-1,-1,-1,-1,4,W01001528,0,1
2024010490856,2024,010490856,1,9,0,99,99,9,9,99,99,9,9,99,9,99,1,9,6,6,2,27,6,-1,-1,-1,-1,10,E01017924,0,4
2024161516416,2024,161516416,2,1,0,-1,19,1,5,-1,0,1,9,0,0,0,4,1,-1,6,1,-1,-1,-1,-1,-1,-1,-1,-1,0,-1
2024131515465,2024,131515465,1,9,0,-1,3,6,2,-1,0,0,0,0,0,0,2,1,-1,6,2,23,5,-1,-1,-1,-1,3,E01010662,0,1
2024421398270,2024,421398270,1,19,0,-1,7,2,5,-1,0,0,1,0,7,9,1,1,-1,6,1,62,9,-1,-1,-1,-1,8,E01022060,0,1
2024610036824,2024,610036824,1,-1,0,18,19,3,7,0,0,0,0,0,0,0,0,1,6,6,1,12,3,-1,-1,-1,-1,2,W01001325,1,1