collision_index,collision_year,collision_ref_no,vehicle_reference,vehicle_type,towing_and_articulation,vehicle_manoeuvre_historic,vehicle_manoeuvre,vehicle_direction_from,vehicle_direction_to,vehicle_location_restricted_lane_historic,vehicle_location_restricted_lane,junction_location,skidding_and_overturning,hit_object_in_carriageway,vehicle_leaving_carriageway,hit_object_off_carriageway,first_point_of_impact,vehicle_left_hand_drive,journey_purpose_of_driver_historic,journey_purpose_of_driver,sex_of_driver,age_of_driver,age_band_of_driver,engine_capacity_cc,propulsion_code,age_of_vehicle,generic_make_model,driver_imd_decile,lsoa_of_driver,escooter_flag,driver_distance_banding
2024371484958,2024,371484958,2,1,0,-1,19,3,7,-1,0,0,0,0,0,0,4,1,-1,9,1,12,3,-1,-1,-1,-1,1,E01029979,0,1
2024440507244,2024,440507244,1,1,0,18,19,2,6,0,0,1,0,0,0,0,1,1,6,6,1,31,6,-1,-1,-1,-1,9,E01032753,0,1
2024061475324,2024,061475324,1,1,0,-1,19,1,5,-1,0,0,0,0,0,0,1,1,-1,9,1,14,3,-1,-1,-1,-1,2,E01004872,0,1
2024522402029,2024,522402029,2,9,0,18,19,2,6,0,0,0,0,0,0,0,1,1,6,6,3,-1,-1,-1,-1,-1,-1,-1,-1,0,-1
2024010532193,2024,010532193,1,9,9,99,99,9,9,99,99,9,9,99,9,99,9,9,6,6,2,34,6,-1,-1,-1,-1,6,E01000824,0,3
2024430517540,2024,430517540,2,9,0,3,3,2,6,0,0,0,0,0,0,0,2,1,6,6,1,17,4,-1,-1,-1,-1,-1,-1,0,-1
2024201452410,2024,201452410,2,1,0,-1,19,6,2,-1,0,8,0,0,0,0,1,1,-1,1,2,50,8,-1,-1,-1,-1,2,E01009385,0,2
2024010489396,2024,010489396,2,1,0,18,19,5,1,4,4,1,0,0,0,0,1,1,2,2,1,31,6,-1,-1,-1,-1,9,E01004557,0,1
2024010523930,2024,010523930,1,9,0,18,19,1,5,0,0,0,0,0,0,0,1,1,6,6,3,-1,-1,-1,-1,-1,-1,-1,-1,0,-1
2024361490639,2024,361490639,2,1,0,-1,19,4,8,-1,0,2,0,0,0,0,1,1,-1,6,1,-1,-1,-1,-1,-1,-1,-1,-1,0,-1
2024471521867,2024,471521867,1,9,0,-1,19,8,4,-1,0,0,1,0,1,10,1,1,-1,9,2,52,8,-1,-1,-1,-1,10,E01031724,0,1
2024041493873,2024,041493873,1,1,0,-1,19,3,7,-1,0,0,5,0,0,0,1,1,-1,9,2,18,4,-1,-1,-1,-1,4,E01025282,0,1
2024451508621,2024,451508621,2,19,0,-1,19,3,7,-1,0,0,0,0,0,0,3,1,-1,6,3,41,7,-1,-1,-1,-1,-1,-1,0,-1
2024451508085,2024,451508085,2,97,0,-1,99,-1,-1,-1,0,0,0,0,0,0,0,1,-1,6,3,18,4,-1,-1,-1,-1,-1,-1,0,-1
2024421465109,2024,421465109,2,1,0,-1,19,2,6,-1,0,1,0,0,0,0,3,1,-1,9,1,19,4,-1,-1,-1,-1,2,E01021697,0,1
2024052400676,2024,052400676,2,9,0,18,19,1,5,0,0,0,0,0,0,0,2,1,2,2,1,50,8,-1,-1,-1,-1,5,E01025474,0,2
2024332400843,2024,332400843,1,8,0,-1,3,8,4,-1,0,0,0,0,0,0,3,1,-1,6,1,-1,-1,-1,-1,-1,-1,-1,-1,0,-1
2024361468692,2024,361468692,1,9,-1,-1,13,-1,-1,-1,0,0,0,0,0,0,4,9,-1,6,3,-1,-1,-1,-1,-1,-1,-1,-1,0,-1
2024211403629,2024,211403629,1,9,0,-1,5,1,5,-1,0,0,0,0,0,0,1,1,-1,6,2,36,7,-1,-1,-1,-1,5,E01029623,0,1
2024141457876,2024,141457876,2,9,0,-1,19,3,7,-1,0,0,0,0,0,0,1,9,-1,6,3,-1,-1,-1,-1,-1,-1,-1,-1,0,-1
2024320700670,2024,320700670,1,9,0,-1,-1,4,8,0,0,0,1,0,8,4,1,1,-1,-1,1,34,6,-1,-1,-1,-1,-1,-1,0,-1
2024430163383,2024,430163383,1,3,0,8,8,7,2,0,0,1,0,0,0,0,2,1,1,1,1,43,7,-1,-1,-1,-1,6,E01017852,0,1
2024501429511,2024,501429511,2,1,0,-1,19,2,6,-1,0,8,1,0,0,0,4,1,-1,6,1,51,8,-1,-1,-1,-1,5,E01034643,0,4
2024340WN1592,2024,340WN1592,2,1,0,-1,19,8,4,-1,0,1,0,0,0,0,1,1,-1,6,1,58,9,-1,-1,-1,-1,3,E01027152,0,1
2024332400967,2024,332400967,2,9,0,-1,19,8,4,-1,0,0,2,0,0,0,3,1,-1,2,1,26,6,-1,-1,-1,-1,5,E01019679,0,2
2024010533778,2024,010533778,2,8,0,1,1,1,5,0,0,1,0,0,0,0,3,1,1,1,1,61,9,-1,-1,-1,-1,3,E01000930,0,1
2024161507596,2024,161507596,1,1,9,-1,19,1,6,-1,0,8,1,0,0,0,4,1,-1,9,2,69,10,-1,-1,-1,-1,8,E01013065,0,1
2024371441007,2024,371441007,1,9,0,-1,4,-1,-1,-1,0,1,0,0,0,0,1,9,-1,6,1,-1,-1,-1,-1,-1,-1,-1,-1,0,-1
2024302400298,2024,302400298,1,9,0,16,19,6,1,0,0,1,2,0,3,0,1,1,6,6,2,28,6,-1,-1,-1,-1,5,E01019564,0,4
2024010540833,2024,010540833,1,9,0,99,99,9,9,99,99,0,9,99,9,99,9,9,6,6,3,-1,-1,-1,-1,-1,-1,-1,-1,0,-1
2024991442444,2024,991442444,1,9,0,-1,19,5,1,-1,0,0,1,0,1,11,1,1,-1,1,1,58,9,-1,-1,-1,-1,6,E01019477,0,5
2024302500093,2024,302500093,3,11,0,-1,2,0,0,-1,0,0,0,0,0,0,0,1,-1,1,3,-1,-1,-1,-1,-1,-1,-1,-1,0,-1
2024010510457,2024,010510457,1,1,9,99,99,9,9,99,99,9,9,99,9,99,1,1,2,2,1,23,5,-1,-1,-1,-1,6,E01000069,0,1
2024522401884,2024,522401884,1,1,0,18,19,3,7,0,0,8,0,0,0,0,3,1,6,6,1,58,9,-1,-1,-1,-1,5,E01014533,0,2
2024010534142,2024,010534142,1,1,9,3,3,9,9,99,99,9,9,99,9,99,1,1,1,1,3,30,6,-1,-1,-1,-1,2,E01004256,0,1
2024061421940,2024,061421940,1,9,0,-1,19,3,6,-1,0,1,0,0,0,0,1,1,-1,6,3,-1,-1,-1,-1,-1,-1,-1,-1,0,-1
2024501458476,2024,501458476,2,9,0,-1,15,3,7,-1,0,2,0,0,0,0,0,1,-1,6,2,24,5,-1,-1,-1,-1,7,E01019960,0,2
2024201525182,2024,201525182,1,9,0,-1,19,8,4,-1,0,0,0,0,0,0,1,1,-1,6,3,-1,-1,-1,-1,-1,-1,-1,-1,0,-1
2024991434104,2024,991434104,2,1,0,-1,19,1,5,-1,0,1,0,0,0,0,1,1,-1,6,1,15,3,-1,-1,-1,-1,-1,-1,0,-1
2024461418705,2024,461418705,2,9,0,-1,15,3,7,-1,0,1,0,0,0,0,1,2,-1,6,2,52,8,-1,-1,-1,-1,8,E01024175,0,1
2024052401974,2024,052401974,1,19,0,12,12,3,7,0,0,0,0,0,0,0,3,1,6,6,3,-1,-1,-1,-1,-1,-1,-1,-1,0,-1
2024440363959,2024,440363959,1,3,0,18,19,5,1,0,0,1,0,0,0,0,2,1,6,6,2,52,8,-1,-1,-1,-1,5,E01023027,0,3
2024061532549,2024,061532549,2,1,0,-1,15,-1,-1,-1,0,1,0,8,0,0,1,1,-1,1,1,59,9,-1,-1,-1,-1,3,E01025099,0,4
2024010494579,2024,010494579,1,9,9,99,99,9,9,99,99,9,9,99,9,99,9,1,6,6,3,-1,-1,-1,-1,-1,-1,-1,-1,0,-1
2024221406406,2024,221406406,1,9,0,-1,19,6,2,-1,0,0,5,10,1,11,1,9,-1,9,1,80,11,-1,-1,-1,-1,7,E01029006,0,3
2024522401467,2024,522401467,1,9,0,18,19,4,8,0,0,0,0,0,0,0,1,1,6,6,3,-1,-1,-1,-1,-1,-1,-1,-1,0,-1
2024546258624,2024,546258624,4,9,0,2,2,0,0,-1,-1,2,0,0,0,0,1,1,6,6,3,-1,-1,-1,-1,-1,-1,-1,-1,0,-1
2024010516030,2024,010516030,1,9,0,99,99,9,9,99,99,0,9,99,9,99,1,9,6,6,3,-1,-1,-1,-1,-1,-1,-1,-1,0,-1
2024010520588,2024,010520588,1,9,9,99,99,9,9,99,99,9,9,99,9,99,9,9,6,6,3,-1,-1,-1,-1,-1,-1,-1,-1,0,-1
2024411452401,2024,411452401,2,1,0,-1,-1,-1,-1,-1,-1,8,-1,-1,-1,0,-1,1,-1,6,1,51,8,-1,-1,-1,-1,7,E01023935,0,1
2024010513106,2024,010513106,1,9,0,99,99,9,9,99,99,0,9,99,9,99,2,9,6,6,1,28,6,-1,-1,-1,-1,4,E01001182,0,1
2024010496676,2024,010496676,1,8,9,18,19,9,9,99,99,9,9,99,9,99,9,9,6,6,3,-1,-1,-1,-1,-1,-1,-1,-1,0,-1
2024041480486,2024,041480486,1,97,0,-1,13,7,3,-1,0,0,0,0,0,0,1,1,-1,9,1,76,11,-1,-1,-1,-1,6,E01025495,0,3
2024411503517,2024,411503517,3,9,0,-1,19,3,7,-1,0,1,0,0,0,0,1,1,-1,1,1,42,7,-1,-1,-1,-1,10,E01021351,0,4
2024440319355,2024,440319355,1,90,0,4,4,4,8,0,0,8,0,0,0,0,1,1,1,1,1,30,6,-1,-1,-1,-1,-1,-1,0,-1
2024052402312,2024,052402312,2,23,0,18,19,8,4,0,0,8,0,0,0,0,1,1,6,6,1,73,10,-1,-1,-1,-1,1,E01006769,0,1
2024010488106,2024,010488106,2,1,9,99,99,9,9,99,99,9,9,99,9,99,9,1,6,6,1,-1,-1,-1,-1,-1,-1,-1,-1,0,-1
2024440496863,2024,440496863,1,9,0,18,19,5,1,0,0,0,0,0,0,0,1,1,6,6,1,63,9,-1,-1,-1,-1,7,E01028690,0,4
2024010519971,2024,010519971,2,9,0,3,3,5,1,0,0,0,0,0,0,0,1,1,6,6,2,33,6,-1,-1,-1,-1,3,E01000737,0,1
2024401501692,2024,401501692,1,97,-1,-1,14,5,1,-1,0,0,0,0,0,0,0,1,-1,6,3,-1,-1,-1,-1,-1,-1,-1,-1,0,-1
2024010501971,2024,010501971,2,9,0,99,99,9,9,99,99,9,9,99,9,99,9,9,6,6,3,-1,-1,-1,-1,-1,-1,-1,-1,0,-1
2024101479667,2024,101479667,1,-1,0,-1,19,3,7,-1,0,0,0,0,0,0,1,1,-1,9,1,12,3,-1,-1,-1,-1,1,E01008399,1,1
2024522402013,2024,522402013,1,1,0,18,19,6,2,0,0,0,0,0,0,0,4,1,6,6,3,-1,-1,-1,-1,-1,-1,-1,-1,0,-1
2024522403306,2024,522403306,2,1,0,5,5,5,1,0,0,6,0,0,0,0,4,1,6,6,1,57,9,-1,-1,-1,-1,1,E01033356,0,1
2024201461024,2024,201461024,2,9,0,-1,19,7,3,-1,0,1,0,0,0,0,4,9,-1,6,1,20,4,-1,-1,-1,-1,1,E01009269,0,1
2024522402238,2024,522402238,2,1,0,5,5,5,1,0,0,8,0,0,0,0,1,1,6,6,2,61,9,-1,-1,-1,-1,-1,-1,0,-1
2024010492308,2024,010492308,2,9,0,4,4,3,7,0,0,0,0,0,0,0,2,1,6,6,1,38,7,-1,-1,-1,-1,3,E01016452,0,3
2024471485248,2024,471485248,3,98,0,-1,4,6,1,-1,0,1,0,0,0,0,0,9,-1,6,-1,-1,-1,-1,-1,-1,-1,-1,-1,0,-1
2024010492338,2024,010492338,1,9,3,18,19,3,7,5,5,0,1,10,7,10,1,1,6,6,1,34,6,-1,-1,-1,-1,5,E01004366,0,1
2024520500129,2024,520500129,2,9,0,18,19,5,1,0,0,8,0,0,0,0,3,1,6,6,3,-1,-1,-1,-1,-1,-1,-1,-1,0,-1
2024221481291,2024,221481291,2,1,0,-1,19,8,4,-1,0,8,0,0,0,0,1,1,-1,2,1,54,8,-1,-1,-1,-1,4,E01014191,0,1
2024440015480,2024,440015480,1,9,0,9,9,3,1,0,0,5,0,10,7,0,1,1,6,6,1,31,6,-1,-1,-1,-1,1,E01017207,0,1
2024010525685,2024,010525685,1,1,9,18,19,7,3,99,99,9,9,99,9,99,9,1,6,6,1,17,4,-1,-1,-1,-1,8,E01002817,0,1
2024201502809,2024,201502809,2,9,0,-1,19,1,5,-1,0,8,1,0,0,0,1,9,-1,9,1,30,6,-1,-1,-1,-1,9,E01009724,0,1
2024461442989,2024,461442989,1,9,0,-1,19,6,2,-1,0,8,0,0,7,0,1,1,-1,6,1,48,8,-1,-1,-1,-1,5,E01024082,0,3
2024010510210,2024,010510210,2,9,0,99,99,9,9,99,99,9,9,99,9,99,1,9,6,6,3,-1,-1,-1,-1,-1,-1,2,E01033086,0,1
2024211524560,2024,211524560,2,90,0,-1,19,1,5,-1,0,4,0,99,0,0,9,9,-1,6,3,-1,-1,-1,-1,-1,-1,-1,-1,0,-1
2024010517521,2024,010517521,1,1,9,3,3,9,9,99,99,0,9,99,9,99,2,1,2,2,1,28,6,-1,-1,-1,-1,4,E01000547,0,2
2024052401419,2024,052401419,2,1,0,18,19,4,8,0,0,1,0,0,0,0,1,1,2,2,1,37,7,-1,-1,-1,-1,1,E01006633,0,1
2024461404182,2024,461404182,1,9,0,-1,19,8,4,-1,0,0,0,0,0,0,1,9,-1,6,1,87,11,-1,-1,-1,-1,10,E01024272,0,1
2024430233977,2024,430233977,2,19,0,2,2,0,0,0,0,2,0,0,0,0,3,1,6,6,1,-1,-1,-1,-1,-1,-1,-1,-1,0,-1
2024440412335,2024,440412335,1,1,0,18,19,8,4,0,0,8,0,0,0,0,1,1,6,6,1,23,5,-1,-1,-1,-1,-1,-1,0,-1
2024010537676,2024,010537676,2,9,0,99,99,9,9,99,99,5,9,99,9,99,1,9,6,6,3,-1,-1,-1,-1,-1,-1,-1,-1,0,-1
2024010538451,2024,010538451,2,1,0,18,19,7,3,0,0,1,0,0,0,0,4,1,2,2,2,28,6,-1,-1,-1,-1,8,E01004498,0,1
2024061481377,2024,061481377,1,9,0,-1,19,3,1,-1,0,5,0,0,1,0,4,1,-1,9,1,55,8,-1,-1,-1,-1,10,E01006395,0,1
2024461440539,2024,461440539,1,9,0,-1,9,7,4,-1,0,2,0,0,0,0,1,9,-1,9,1,34,6,-1,-1,-1,-1,3,E01024307,0,1
2024991524584,2024,991524584,1,9,0,-1,5,1,5,-1,0,1,0,0,0,0,1,1,-1,9,1,37,7,-1,-1,-1,-1,7,-1,0,1
2024010490707,2024,010490707,1,9,0,7,7,7,2,0,0,5,0,0,0,0,4,1,2,2,2,50,8,-1,-1,-1,-1,7,E01001195,0,1
2024302400280,2024,302400280,2,1,0,18,19,7,3,0,0,8,0,0,0,0,2,1,6,6,2,57,9,-1,-1,-1,-1,9,E01019631,0,2
2024010506695,2024,010506695,1,1,9,99,99,9,9,99,99,9,9,99,9,99,1,1,2,2,1,54,8,-1,-1,-1,-1,5,E01003276,0,1
2024010530211,2024,010530211,1,1,9,99,99,9,9,99,99,9,9,99,9,99,2,1,1,1,1,23,5,-1,-1,-1,-1,5,E01002004,0,3
2024201498623,2024,201498623,2,9,0,-1,19,8,4,-1,0,8,0,0,0,0,1,1,-1,6,1,22,5,-1,-1,-1,-1,7,E01009260,0,1
2024070447632,2024,070447632,1,9,0,18,19,1,5,0,0,2,0,0,0,0,4,1,6,6,1,-1,-1,-1,-1,-1,-1,-1,-1,0,-1
2024131480046,2024,131480046,2,1,0,-1,19,7,3,-1,4,8,0,0,0,0,1,1,-1,6,1,54,8,-1,-1,-1,-1,8,E01011596,0,1
2024401474233,2024,401474233,1,98,0,-1,-1,-1,-1,-1,-1,0,-1,-1,-1,0,-1,1,-1,6,3,-1,-1,-1,-1,-1,-1,-1,-1,0,-1
2024411515213,2024,411515213,2,1,-1,-1,-1,-1,-1,-1,-1,-1,-1,-1,-1,0,-1,1,-1,1,1,-1,-1,-1,-1,-1,-1,2,E01023405,0,3
2024010547799,2024,010547799,2,-1,0,9,9,1,7,0,0,5,0,0,0,0,1,2,6,6,1,23,5,-1,-1,-1,-1,5,E01001146,1,1
2024302400662,2024,302400662,4,9,0,4,4,8,4,0,0,0,0,0,0,0,2,1,6,6,1,59,9,-1,-1,-1,-1,5,E01029449,0,3
2024991522943,2024,991522943,2,1,0,-1,19,3,7,-1,0,0,0,0,0,0,1,1,-1,9,1,20,4,-1,-1,-1,-1,-1,-1,0,-1
2024421497096,2024,421497096,1,9,0,-1,19,2,6,-1,0,4,0,4,0,0,1,1,-1,9,1,19,4,-1,-1,-1,-1,10,E01021929,0,1
2024361493803,2024,361493803,1,1,0,-1,19,6,2,-1,0,1,0,0,0,0,2,1,-1,9,1,11,3,-1,-1,-1,-1,6,E01026475,0,1
2024010496983,2024,010496983,2,9,0,99,99,9,9,99,99,9,9,99,9,99,9,9,6,6,3,34,6,-1,-1,-1,-1,-1,-1,0,-1
2024061416878,2024,061416878,1,98,0,-1,19,1,6,-1,0,0,0,0,0,0,1,1,-1,1,1,45,7,-1,-1,-1,-1,-1,-1,0,-1
2024461462099,2024,461462099,1,9,-1,-1,3,3,7,-1,0,0,0,0,0,0,-1,9,-1,6,3,-1,-1,-1,-1,-1,-1,-1,-1,0,-1
2024520401435,2024,520401435,2,3,0,9,9,2,1,0,0,6,0,0,0,0,2,1,6,6,1,55,8,-1,-1,-1,-1,9,E01029022,0,1
2024991431870,2024,991431870,1,1,0,-1,19,1,5,-1,9,2,1,0,0,0,1,1,-1,6,1,31,6,-1,-1,-1,-1,4,-1,0,1
2024991527467,2024,991527467,2,9,0,-1,19,8,4,-1,0,0,1,0,0,0,1,1,-1,9,2,60,9,-1,-1,-1,-1,8,-1,0,3
2024010494211,2024,010494211,1,9,0,99,99,9,9,99,99,9,9,99,9,99,9,9,6,6,2,46,8,-1,-1,-1,-1,4,E01000608,0,1
2024421455381,2024,421455381,1,9,0,-1,19,-1,-1,-1,0,1,0,0,0,0,1,1,-1,6,3,-1,-1,-1,-1,-1,-1,-1,-1,0,-1
2024122400345,2024,122400345,2,9,0,18,19,8,4,0,0,8,1,0,0,0,2,1,6,6,3,-1,-1,-1,-1,-1,-1,-1,-1,0,-1
2024351508579,2024,351508579,2,9,0,-1,9,7,5,-1,0,4,0,0,0,0,4,1,-1,1,2,40,7,-1,-1,-1,-1,10,E01035555,0,3
2024371474356,2024,371474356,1,9,0,-1,19,7,3,-1,0,0,0,0,0,0,4,1,-1,6,3,-1,-1,-1,-1,-1,-1,-1,-1,0,-1
2024471400621,2024,471400621,1,1,0,-1,19,4,8,-1,0,1,0,0,0,0,1,1,-1,6,2,79,11,-1,-1,-1,-1,10,E01031741,0,2
2024131498304,2024,131498304,2,1,0,-1,19,6,2,-1,0,8,0,8,0,0,1,1,-1,6,1,24,5,-1,-1,-1,-1,1,E01010731,0,1
2024010495793,2024,010495793,2,19,0,18,19,7,3,0,0,0,1,0,2,11,1,1,2,2,1,36,7,-1,-1,-1,-1,6,E01004347,0,1
2024131448965,2024,131448965,2,20,0,-1,19,6,2,-1,0,1,0,0,0,0,1,1,-1,1,2,29,6,-1,-1,-1,-1,5,E01032551,0,3
2024302400089,2024,302400089,2,1,0,18,19,6,2,0,0,8,0,0,0,0,2,1,6,6,1,54,8,-1,-1,-1,-1,2,E01013538,0,1
2024401418097,2024,401418097,2,-1,0,-1,19,3,7,-1,0,1,0,0,0,0,4,1,-1,6,1,17,4,-1,-1,-1,-1,4,E01017597,1,1
2024161434158,2024,161434158,3,9,0,-1,4,7,3,-1,0,0,0,0,0,0,1,1,-1,6,1,35,6,-1,-1,-1,-1,1,E01027545,0,5
2024010497885,2024,010497885,2,1,0,18,19,1,5,0,0,8,0,0,0,0,1,1,1,1,2,38,7,-1,-1,-1,-1,5,E01003366,0,1
2024371528060,2024,371528060,1,9,0,-1,4,3,7,-1,0,0,0,0,0,0,1,1,-1,2,1,51,8,-1,-1,-1,-1,10,E01035535,0,4
2024340NN1282,2024,340NN1282,1,8,0,-1,19,3,7,-1,0,0,0,0,0,0,1,1,-1,1,1,50,8,-1,-1,-1,-1,2,E01026954,0,1
2024010542398,2024,010542398,1,9,0,99,99,9,9,99,99,0,9,99,9,99,2,9,6,6,1,32,6,-1,-1,-1,-1,-1,-1,0,-1
2024461511768,2024,461511768,2,-1,0,-1,19,5,1,-1,0,0,0,11,0,0,1,1,-1,9,1,15,3,-1,-1,-1,-1,10,E01024817,1,1
2024552400940,2024,552400940,2,9,0,18,19,1,5,0,0,8,0,0,1,0,4,1,6,6,1,78,11,-1,-1,-1,-1,9,E01017565,0,5
2024122400198,2024,122400198,2,1,0,18,19,3,7,0,0,8,0,0,0,0,1,1,2,2,1,59,9,-1,-1,-1,-1,5,E01027729,0,1
2024430405320,2024,430405320,1,1,0,9,9,4,8,0,0,0,0,0,0,0,1,1,6,6,1,32,6,-1,-1,-1,-1,-1,-1,0,-1
2024061399320,2024,061399320,5,9,0,-1,19,3,7,-1,0,0,0,0,0,0,1,1,-1,2,2,33,6,-1,-1,-1,-1,5,E01010818,0,4
2024440370385,2024,440370385,2,1,0,18,19,3,7,0,0,8,0,0,0,0,4,1,6,6,1,58,9,-1,-1,-1,-1,8,E01022944,0,1
2024010487832,2024,010487832,5,9,0,2,2,0,0,0,0,0,0,0,0,0,1,2,6,6,3,-1,-1,-1,-1,-1,-1,-1,-1,0,-1
2024101480742,2024,101480742,2,1,0,-1,19,4,8,-1,0,8,5,0,0,0,1,1,-1,6,1,57,9,-1,-1,-1,-1,10,E01008319,0,2
2024010510655,2024,010510655,1,1,9,99,99,9,9,99,99,9,9,99,9,99,9,1,1,1,2,55,8,-1,-1,-1,-1,5,E01003344,0,1
2024546676124,2024,546676124,2,10,0,2,2,0,0,0,0,0,0,0,0,0,2,1,6,6,3,-1,-1,-1,-1,-1,-1,-1,-1,0,-1
2024101481317,2024,101481317,2,1,0,-1,19,2,6,-1,0,0,0,0,0,0,1,1,-1,2,1,49,8,-1,-1,-1,-1,3,E01008510,0,2
2024991487268,2024,991487268,2,1,0,-1,19,7,3,-1,0,0,5,0,0,0,1,1,-1,9,1,65,9,-1,-1,-1,-1,-1,-1,0,-1
2024320488984,2024,320488984,1,9,0,-1,-1,6,2,0,0,0,0,0,0,0,4,1,6,6,1,-1,-1,-1,-1,-1,-1,-1,-1,0,-1
2024520403073,2024,520403073,1,9,0,18,19,5,1,0,0,6,0,0,0,0,3,1,6,6,2,70,10,-1,-1,-1,-1,8,E01020075,0,1
2024061504097,2024,061504097,2,1,0,-1,19,7,8,-1,2,0,9,0,0,0,2,1,-1,2,1,37,7,-1,-1,-1,-1,2,E01005548,0,1
2024311460078,2024,311460078,1,1,0,-1,19,3,7,-1,0,0,0,0,0,0,1,1,-1,6,1,15,3,-1,-1,-1,-1,-1,-1,0,-1
2024371422252,2024,371422252,1,98,0,-1,1,3,5,-1,0,0,0,11,0,0,2,1,-1,1,1,64,9,-1,-1,-1,-1,-1,-1,0,-1
2024320287279,2024,320287279,2,9,0,-1,-1,2,6,0,0,0,0,0,0,0,1,1,6,6,2,47,8,-1,-1,-1,-1,8,E01026372,0,3
2024991461377,2024,991461377,1,9,0,-1,5,5,1,-1,0,1,0,4,7,10,1,1,-1,9,1,82,11,-1,-1,-1,-1,-1,-1,0,-1
2024461491746,2024,461491746,1,9,0,-1,14,2,6,-1,0,1,1,0,1,11,1,1,-1,6,1,44,7,-1,-1,-1,-1,2,E01024517,0,1
2024340WN0412,2024,340WN0412,1,98,0,-1,12,0,0,-1,0,0,0,0,0,0,3,1,-1,6,1,47,8,-1,-1,-1,-1,-1,-1,0,-1
2024430152813,2024,430152813,1,9,0,18,19,2,6,0,0,0,0,0,0,0,1,1,6,6,2,60,9,-1,-1,-1,-1,7,E01035027,0,4
2024061470457,2024,061470457,2,9,-1,-1,-1,-1,-1,-1,-1,0,-1,-1,-1,0,-1,9,-1,6,3,-1,-1,-1,-1,-1,-1,-1,-1,0,-1
2024010528684,2024,010528684,4,9,0,18,19,5,1,0,0,8,0,0,0,0,1,1,6,6,1,29,6,-1,-1,-1,-1,9,E01000293,0,4
2024361405014,2024,361405014,2,9,0,-1,5,1,3,-1,0,8,0,0,0,0,1,1,-1,6,1,28,6,-1,-1,-1,-1,5,E01034772,0,3
2024371464141,2024,371464141,1,9,-1,-1,-1,-1,-1,-1,-1,0,-1,-1,-1,0,-1,9,-1,6,1,-1,-1,-1,-1,-1,-1,-1,-1,0,-1
2024531420558,2024,531420558,2,1,0,-1,19,3,7,-1,0,8,5,0,0,0,4,1,-1,6,1,33,6,-1,-1,-1,-1,2,E01022292,0,1
2024010526607,2024,010526607,2,1,0,18,19,5,1,0,0,8,0,0,0,0,3,1,2,2,1,48,8,-1,-1,-1,-1,5,E01003715,0,1
2024010518294,2024,010518294,1,9,9,18,19,7,3,0,0,1,9,0,9,0,1,9,6,6,3,-1,-1,-1,-1,-1,-1,-1,-1,0,-1
2024340WN5902,2024,340WN5902,2,1,0,-1,19,5,1,-1,0,1,0,0,0,0,4,1,-1,6,1,31,6,-1,-1,-1,-1,2,E01027161,0,1
2024010533999,2024,010533999,1,9,0,4,4,1,5,0,0,1,0,0,0,0,3,1,6,6,2,41,7,-1,-1,-1,-1,4,E01000719,0,2
2024622400565,2024,622400565,1,8,0,17,19,4,8,0,0,8,0,0,0,0,1,2,6,6,1,63,9,-1,-1,-1,-1,3,W01001678,0,3
2024430500059,2024,430500059,1,1,0,13,13,2,6,0,0,8,0,0,0,0,4,1,2,2,1,44,7,-1,-1,-1,-1,9,E01033305,0,1
2024351497687,2024,351497687,2,1,0,-1,19,7,3,-1,0,3,5,0,0,0,2,1,-1,2,1,45,7,-1,-1,-1,-1,1,E01015663,0,1
2024311504725,2024,311504725,1,9,0,-1,19,6,2,-1,0,0,1,0,7,0,1,1,-1,9,2,27,6,-1,-1,-1,-1,-1,-1,0,-1
2024622400054,2024,622400054,2,1,0,18,19,2,6,0,0,1,0,0,0,0,1,1,6,6,1,30,6,-1,-1,-1,-1,4,W01001311,0,4
2024061527000,2024,061527000,1,9,0,-1,9,2,8,-1,0,5,0,0,0,0,1,1,-1,6,2,35,6,-1,-1,-1,-1,2,E01004969,0,1
2024010542942,2024,010542942,1,9,0,18,19,7,3,0,0,0,0,0,0,0,2,1,6,6,1,31,6,-1,-1,-1,-1,-1,-1,0,-1
2024010501112,2024,010501112,2,9,0,99,99,9,9,99,99,9,9,99,9,99,1,9,6,6,3,-1,-1,-1,-1,-1,-1,-1,-1,0,-1
2024440279428,2024,440279428,1,1,0,18,19,6,2,0,0,0,0,0,0,0,3,1,6,6,2,22,5,-1,-1,-1,-1,10,E01022571,0,2
2024451457049,2024,451457049,2,98,0,-1,19,1,3,-1,0,1,0,0,0,0,-1,9,-1,6,3,-1,-1,-1,-1,-1,-1,-1,-1,0,-1
2024061488561,2024,061488561,2,9,0,-1,9,-1,-1,-1,0,9,5,99,0,0,3,1,-1,6,3,-1,-1,-1,-1,-1,-1,-1,-1,0,-1
2024141460578,2024,141460578,2,9,0,-1,19,1,4,-1,0,0,0,0,0,0,0,9,-1,6,3,-1,-1,-1,-1,-1,-1,-1,-1,0,-1
2024070779541,2024,070779541,2,1,0,-1,19,3,7,-1,0,1,2,0,0,0,2,1,-1,9,1,25,5,-1,-1,-1,-1,2,E01018714,0,1
2024311474030,2024,311474030,1,9,0,-1,5,5,3,-1,0,0,0,0,0,0,0,1,-1,6,-1,-1,-1,-1,-1,-1,-1,-1,-1,0,-1
2024302400590,2024,302400590,2,11,0,18,19,8,4,0,0,0,0,0,0,0,2,1,1,1,1,42,7,-1,-1,-1,-1,2,E01019571,0,4
2024430117885,2024,430117885,2,1,0,18,19,7,3,9,9,8,0,0,0,0,4,1,6,6,1,23,5,-1,-1,-1,-1,-1,-1,0,-1
2024552401065,2024,552401065,1,19,0,18,19,3,7,0,0,8,0,0,0,0,3,1,6,6,1,53,8,-1,-1,-1,-1,2,E01015313,0,2
2024421440544,2024,421440544,1,9,0,-1,19,-1,-1,-1,0,1,0,0,0,0,3,1,-1,6,3,-1,-1,-1,-1,-1,-1,-1,-1,0,-1
2024421500527,2024,421500527,1,1,0,-1,19,7,3,-1,0,0,5,0,0,0,0,1,-1,6,1,30,6,-1,-1,-1,-1,3,E01021713,0,1
2024610018524,2024,610018524,2,9,0,2,2,0,0,0,0,0,0,0,0,0,3,1,6,6,2,18,4,-1,-1,-1,-1,3,W01001429,0,1
2024302400447,2024,302400447,2,11,0,3,3,4,8,0,0,2,0,0,0,0,0,1,1,1,3,-1,-1,-1,-1,-1,-1,5,E01019456,0,4