collision_index,collision_year,collision_ref_no,vehicle_reference,vehicle_type,towing_and_articulation,vehicle_manoeuvre_historic,vehicle_manoeuvre,vehicle_direction_from,vehicle_direction_to,vehicle_location_restricted_lane_historic,vehicle_location_restricted_lane,junction_location,skidding_and_overturning,hit_object_in_carriageway,vehicle_leaving_carriageway,hit_object_off_carriageway,first_point_of_impact,vehicle_left_hand_drive,journey_purpose_of_driver_historic,journey_purpose_of_driver,sex_of_driver,age_of_driver,age_band_of_driver,engine_capacity_cc,propulsion_code,age_of_vehicle,generic_make_model,driver_imd_decile,lsoa_of_driver,escooter_flag,driver_distance_banding
2024010547766,2024,010547766,1,9,0,99,99,9,9,99,99,9,9,99,9,99,1,9,6,6,1,43,7,-1,-1,-1,-1,3,E01001712,0,1
2024010511634,2024,010511634,2,9,0,99,99,9,9,99,99,9,9,99,9,99,1,9,6,6,2,-1,-1,-1,-1,-1,-1,-1,-1,0,-1
2024010509339,2024,010509339,1,1,9,99,99,9,9,99,99,0,9,99,9,99,9,1,6,6,1,19,4,-1,-1,-1,-1,3,E01003605,0,1
2024010491841,2024,010491841,1,9,0,18,19,7,3,0,0,2,0,0,0,0,4,1,2,2,1,46,8,-1,-1,-1,-1,4,E01002241,0,1
2024010508081,2024,010508081,1,9,0,2,2,0,0,0,0,1,0,0,0,0,2,1,6,6,3,-1,-1,-1,-1,-1,-1,-1,-1,0,-1
2024131488520,2024,131488520,1,-1,0,-1,19,2,6,-1,9,8,0,0,0,0,3,1,-1,9,1,8,2,-1,-1,-1,-1,2,E01011139,1,1
2024231464895,2024,231464895,2,1,0,-1,19,2,6,-1,0,8,5,0,0,0,1,1,-1,6,1,20,4,-1,-1,-1,-1,10,E01031317,0,1
2024010551439,2024,010551439,2,98,0,99,99,9,9,99,99,9,9,99,9,99,9,9,6,6,3,-1,-1,-1,-1,-1,-1,-1,-1,0,-1
2024430585440,2024,430585440,2,1,0,18,19,8,4,0,0,0,0,0,0,0,1,1,2,2,1,57,9,-1,-1,-1,-1,6,E01028586,0,1
2024010529527,2024,010529527,1,90,0,99,99,9,9,99,99,9,9,99,9,99,9,1,6,6,3,-1,-1,-1,-1,-1,-1,-1,-1,0,-1
2024471507531,2024,471507531,1,1,0,-1,10,5,3,-1,0,6,0,0,0,0,0,1,-1,6,2,57,9,-1,-1,-1,-1,3,E01033328,0,1
2024041523980,2024,041523980,1,9,0,-1,9,7,7,-1,0,2,0,0,3,0,1,1,-1,1,2,73,10,-1,-1,-1,-1,9,E01025532,0,1
2024531477668,2024,531477668,2,1,0,-1,19,5,1,-1,0,8,0,0,0,0,4,1,-1,2,1,39,7,-1,-1,-1,-1,8,E01022144,0,1
2024631447236,2024,631447236,2,9,0,-1,19,4,8,-1,0,0,0,0,7,10,1,1,-1,6,1,44,7,-1,-1,-1,-1,4,W01000608,0,3
2024101400341,2024,101400341,1,9,0,-1,19,6,2,-1,0,1,0,0,0,0,1,1,-1,6,1,55,8,-1,-1,-1,-1,-1,-1,0,-1
2024421513244,2024,421513244,1,9,0,-1,19,3,7,-1,0,1,0,0,0,0,1,9,-1,6,3,-1,-1,-1,-1,-1,-1,-1,-1,0,-1
2024010487143,2024,010487143,1,1,9,99,99,9,9,99,99,0,9,8,9,99,1,1,2,2,2,39,7,-1,-1,-1,-1,6,E01001852,0,2
2024010493667,2024,010493667,1,3,0,99,99,9,9,99,99,0,9,99,9,99,1,1,1,1,1,27,6,-1,-1,-1,-1,3,E01002756,0,1
2024552401077,2024,552401077,2,1,0,18,19,6,2,0,0,8,0,0,0,0,4,1,6,6,1,41,7,-1,-1,-1,-1,8,E01020435,0,4
2024010491049,2024,010491049,1,3,0,13,13,6,2,0,0,1,1,0,0,0,1,1,2,2,1,26,6,-1,-1,-1,-1,9,E01004706,0,2
2024161440047,2024,161440047,2,1,0,-1,19,7,3,-1,0,1,0,0,0,0,1,1,-1,6,1,42,7,-1,-1,-1,-1,6,E01012914,0,1
2024440444484,2024,440444484,1,1,0,18,19,7,3,0,0,0,0,0,0,0,1,1,6,6,1,67,10,-1,-1,-1,-1,8,E01022958,0,1
2024052400405,2024,052400405,2,1,0,3,3,4,8,0,0,1,0,0,0,0,1,1,6,6,1,34,6,-1,-1,-1,-1,8,E01034411,0,1
202460Q076696,2024,60Q076696,1,9,0,18,19,1,5,0,0,7,0,0,0,0,3,1,6,6,3,-1,-1,-1,-1,-1,-1,-1,-1,0,-1
2024471531582,2024,471531582,1,19,0,-1,19,7,3,-1,0,1,0,0,0,0,1,1,-1,6,3,-1,-1,-1,-1,-1,-1,-1,-1,0,-1
2024421437644,2024,421437644,2,9,0,-1,19,5,1,-1,0,8,0,0,0,0,1,1,-1,9,1,62,9,-1,-1,-1,-1,6,E01021356,0,3
2024201502369,2024,201502369,1,9,0,-1,19,5,1,-1,0,1,0,4,1,11,1,9,-1,1,1,34,6,-1,-1,-1,-1,7,E01009949,0,1
2024010525597,2024,010525597,1,1,9,99,99,9,9,99,99,0,9,8,9,99,9,1,2,2,1,18,4,-1,-1,-1,-1,3,E01001242,0,1
2024471462235,2024,471462235,2,1,0,-1,19,3,7,-1,0,1,0,0,0,0,1,1,-1,6,1,25,5,-1,-1,-1,-1,6,E01016890,0,1
2024052400206,2024,052400206,1,8,0,2,2,0,0,0,0,0,0,0,0,0,3,1,1,1,3,-1,-1,-1,-1,-1,-1,-1,-1,0,-1
2024401433486,2024,401433486,1,9,0,-1,-1,-1,-1,-1,-1,0,-1,-1,-1,0,-1,9,-1,6,2,-1,-1,-1,-1,-1,-1,-1,-1,0,-1
2024421461414,2024,421461414,1,9,0,-1,9,3,8,-1,0,5,0,0,0,0,4,1,-1,9,1,40,7,-1,-1,-1,-1,7,E01021553,0,2
2024361443769,2024,361443769,1,1,0,-1,-1,-1,-1,-1,-1,0,-1,-1,-1,0,2,1,-1,6,1,53,8,-1,-1,-1,-1,2,E01035134,0,1
2024010489446,2024,010489446,2,9,0,99,99,9,9,99,99,9,9,99,9,99,9,9,6,6,3,-1,-1,-1,-1,-1,-1,-1,-1,0,-1
2024070547835,2024,070547835,2,1,0,18,19,8,4,0,0,0,0,0,1,0,3,1,6,6,1,48,8,-1,-1,-1,-1,3,E01006335,0,4
2024141394541,2024,141394541,1,9,0,-1,19,5,1,-1,0,1,0,0,0,0,1,9,-1,6,3,-1,-1,-1,-1,-1,-1,-1,-1,0,-1
2024522402503,2024,522402503,1,1,0,18,19,1,5,0,0,8,0,0,0,0,3,1,6,6,1,30,6,-1,-1,-1,-1,5,E01014533,0,1
2024010523222,2024,010523222,2,1,0,13,13,1,5,0,0,1,0,0,0,0,3,1,6,6,1,15,3,-1,-1,-1,-1,3,E01000032,0,3
2024010508055,2024,010508055,2,3,0,99,99,9,9,99,99,9,9,99,9,99,1,1,6,6,3,20,4,-1,-1,-1,-1,3,E01001154,0,1
2024061417099,2024,061417099,2,1,0,-1,9,3,5,-1,0,1,0,0,0,0,1,1,-1,6,2,20,4,-1,-1,-1,-1,4,E01005185,0,1
2024546603824,2024,546603824,2,1,0,18,19,1,5,0,0,1,0,0,0,0,2,1,6,6,1,48,8,-1,-1,-1,-1,9,E01032710,0,1
2024440183945,2024,440183945,1,9,0,18,19,6,2,0,0,0,0,0,0,0,1,1,6,6,1,23,5,-1,-1,-1,-1,4,E01033381,0,1
2024010541849,2024,010541849,1,19,0,99,99,9,9,99,99,0,9,99,9,99,1,9,6,6,3,-1,-1,-1,-1,-1,-1,-1,-1,0,-1
2024430523096,2024,430523096,1,9,0,18,19,4,8,0,0,3,0,0,0,0,4,1,6,6,3,-1,-1,-1,-1,-1,-1,-1,-1,0,-1
2024411396729,2024,411396729,2,9,0,-1,4,4,8,-1,0,0,0,0,0,0,1,1,-1,9,1,48,8,-1,-1,-1,-1,8,E01022068,0,3
2024010530559,2024,010530559,1,1,9,99,99,9,9,99,99,9,9,99,9,99,2,1,6,6,1,53,8,-1,-1,-1,-1,2,E01034190,0,1
2024141473818,2024,141473818,1,1,0,-1,19,5,1,-1,0,0,0,0,0,0,3,1,-1,6,1,64,9,-1,-1,-1,-1,1,E01007847,0,1
2024411548579,2024,411548579,2,1,0,-1,19,1,2,-1,0,8,5,0,0,0,1,1,-1,6,1,48,8,-1,-1,-1,-1,4,E01023403,0,1
2024451421161,2024,451421161,1,1,0,-1,19,6,2,-1,0,8,5,0,0,0,4,1,-1,9,1,32,6,-1,-1,-1,-1,4,E01030551,0,3
2024371476373,2024,371476373,1,9,0,-1,10,2,6,-1,0,1,0,0,0,0,0,1,-1,6,2,61,9,-1,-1,-1,-1,7,E01026524,0,4
2024531488860,2024,531488860,1,9,0,-1,5,5,6,-1,0,2,0,0,0,0,1,1,-1,9,1,29,6,-1,-1,-1,-1,1,E01032937,0,1
2024351438938,2024,351438938,2,1,0,-1,5,7,3,-1,0,0,0,0,0,0,0,1,-1,9,1,65,9,-1,-1,-1,-1,5,E01018142,0,1
2024010501802,2024,010501802,1,1,9,99,99,9,9,99,99,9,9,99,9,99,0,1,1,1,1,29,6,-1,-1,-1,-1,2,E01003087,0,1
2024231514652,2024,231514652,1,1,0,-1,19,3,7,-1,0,1,0,0,1,0,1,1,-1,9,1,53,8,-1,-1,-1,-1,8,E01031136,0,1
2024010496845,2024,010496845,2,9,0,99,99,9,9,99,99,9,9,99,9,99,1,9,6,6,3,-1,-1,-1,-1,-1,-1,-1,-1,0,-1
2024161448224,2024,161448224,2,90,0,-1,19,4,8,-1,0,0,5,0,0,0,2,1,-1,7,1,12,3,-1,-1,-1,-1,5,E01012824,0,1
2024131434876,2024,131434876,1,9,0,-1,7,6,1,-1,0,1,0,0,0,0,4,1,-1,6,3,-1,-1,-1,-1,-1,-1,-1,-1,0,-1
2024010517951,2024,010517951,1,9,0,18,19,1,5,0,0,1,0,0,0,0,1,1,6,6,3,-1,-1,-1,-1,-1,-1,-1,-1,0,-1
2024302400218,2024,302400218,3,19,0,2,2,0,0,0,0,0,0,0,0,0,0,1,6,6,3,-1,-1,-1,-1,-1,-1,-1,-1,0,-1
2024522401204,2024,522401204,1,1,0,10,10,3,1,0,0,6,0,0,0,0,3,1,6,6,2,36,7,-1,-1,-1,-1,4,E01014704,0,1
2024401475088,2024,401475088,2,1,0,-1,19,3,7,-1,0,0,5,0,0,0,0,1,-1,6,1,40,7,-1,-1,-1,-1,9,E01017603,0,1
2024471484485,2024,471484485,1,19,0,-1,19,3,7,-1,0,1,0,0,0,0,4,1,-1,6,3,-1,-1,-1,-1,-1,-1,-1,-1,0,-1
2024070479384,2024,070479384,1,1,0,5,5,3,7,0,0,0,0,0,0,0,1,1,6,6,2,11,3,-1,-1,-1,-1,4,E01018733,0,1
2024010500439,2024,010500439,2,9,0,99,99,9,9,99,99,9,9,99,9,99,9,9,6,6,3,-1,-1,-1,-1,-1,-1,-1,-1,0,-1
2024010543282,2024,010543282,1,-1,0,18,19,5,1,9,9,8,0,0,0,0,1,1,6,6,1,21,5,-1,-1,-1,-1,4,E01002402,1,1
2024052400969,2024,052400969,1,9,0,16,19,1,5,0,0,0,1,0,7,5,1,1,6,6,1,53,8,-1,-1,-1,-1,1,E01007119,0,1
2024421509965,2024,421509965,1,98,0,-1,1,7,3,-1,0,0,0,0,0,0,2,1,-1,6,1,-1,-1,-1,-1,-1,-1,-1,-1,0,-1
2024991547552,2024,991547552,2,9,0,-1,19,1,5,-1,0,1,0,0,1,0,1,2,-1,6,1,18,4,-1,-1,-1,-1,3,-1,0,1
2024010531187,2024,010531187,2,1,0,9,9,5,3,0,0,8,0,0,0,0,1,1,6,6,2,19,4,-1,-1,-1,-1,5,E01004612,0,1
2024010490668,2024,010490668,2,9,0,99,99,9,9,99,99,9,9,99,9,99,2,9,6,6,3,-1,-1,-1,-1,-1,-1,-1,-1,0,-1
2024201460897,2024,201460897,2,-1,0,-1,19,5,1,-1,0,8,0,0,0,0,1,1,-1,6,1,21,5,-1,-1,-1,-1,2,E01010315,1,1
2024451489197,2024,451489197,2,9,0,-1,19,5,1,-1,0,0,0,0,0,0,2,1,-1,6,2,38,7,-1,-1,-1,-1,9,E01030590,0,1
2024161456127,2024,161456127,1,9,0,-1,19,2,6,-1,0,0,0,0,0,0,1,1,-1,9,2,49,8,-1,-1,-1,-1,3,E01007557,0,2
2024010517796,2024,010517796,2,1,0,18,19,7,3,0,0,8,0,0,0,0,1,1,2,2,1,36,7,-1,-1,-1,-1,4,E01003230,0,2
2024501437102,2024,501437102,2,1,0,-1,19,5,1,-1,0,8,5,0,0,0,4,1,-1,2,1,68,10,-1,-1,-1,-1,8,E01020133,0,1
2024010545932,2024,010545932,1,90,0,99,99,9,9,99,99,9,9,99,9,99,1,9,6,6,3,-1,-1,-1,-1,-1,-1,-1,-1,0,-1
2024461404620,2024,461404620,1,10,0,-1,13,8,4,-1,0,0,0,0,0,0,3,9,-1,1,1,-1,-1,-1,-1,-1,-1,1,E01035316,0,1
2024991518014,2024,991518014,1,9,0,-1,19,6,2,-1,0,1,0,0,0,0,1,1,-1,6,2,30,6,-1,-1,-1,-1,7,-1,0,4
2024552400768,2024,552400768,2,11,0,4,4,2,6,0,0,0,0,0,0,0,1,1,1,1,1,60,9,-1,-1,-1,-1,4,E01032104,0,4
2024141516911,2024,141516911,1,9,0,-1,19,6,2,-1,0,0,0,0,0,0,4,1,-1,9,1,22,5,-1,-1,-1,-1,7,E01007439,0,1
2024461508210,2024,461508210,2,1,0,-1,19,3,7,-1,0,0,0,0,0,0,1,1,-1,6,1,48,8,-1,-1,-1,-1,7,E01024433,0,1
2024010496196,2024,010496196,1,9,0,18,19,2,6,0,0,0,0,0,0,0,1,1,6,6,3,-1,-1,-1,-1,-1,-1,2,E01001821,0,1
2024501500055,2024,501500055,2,1,0,-1,19,7,3,-1,0,0,0,0,0,0,3,1,-1,2,1,32,6,-1,-1,-1,-1,6,E01018915,0,3
2024311448847,2024,311448847,2,99,0,-1,6,6,5,-1,0,0,0,0,0,0,1,1,-1,6,3,-1,-1,-1,-1,-1,-1,-1,-1,0,-1
2024430243938,2024,430243938,1,-1,0,5,5,6,4,0,0,1,0,0,0,0,3,1,6,6,1,-1,-1,-1,-1,-1,-1,-1,-1,1,-1
2024311407692,2024,311407692,1,-1,0,-1,19,5,5,-1,0,8,0,0,0,0,3,1,-1,6,1,19,4,-1,-1,-1,-1,2,E01013965,1,1
2024361436470,2024,361436470,1,1,0,-1,19,3,7,-1,0,1,0,0,0,0,1,1,-1,6,1,37,7,-1,-1,-1,-1,9,E01026852,0,1
2024430273139,2024,430273139,2,1,0,18,19,1,5,0,0,8,0,0,0,0,3,1,4,7,1,12,3,-1,-1,-1,-1,6,E01016507,0,1
2024332401152,2024,332401152,1,9,0,-1,3,3,7,-1,0,1,0,0,0,0,2,1,-1,9,2,39,7,-1,-1,-1,-1,9,E01019857,0,2
2024010495240,2024,010495240,2,9,0,99,99,9,9,99,99,9,9,99,9,99,2,9,6,6,3,-1,-1,-1,-1,-1,-1,-1,-1,0,-1
2024552400466,2024,552400466,1,1,0,18,19,3,7,0,0,0,0,0,0,0,3,1,6,6,1,74,10,-1,-1,-1,-1,3,E01015439,0,1
2024010489385,2024,010489385,1,3,0,99,99,9,9,99,99,9,9,99,9,99,1,1,6,6,1,33,6,-1,-1,-1,-1,2,E01000626,0,4
2024122500068,2024,122500068,1,1,0,18,19,4,8,0,0,6,0,0,0,0,1,1,3,7,1,14,3,-1,-1,-1,-1,5,E01013359,0,1
2024371468609,2024,371468609,2,1,-1,-1,7,-1,-1,-1,0,3,0,0,0,0,4,1,-1,6,2,32,6,-1,-1,-1,-1,4,E01030215,0,1
2024421407659,2024,421407659,1,9,-1,-1,5,-1,-1,-1,0,0,0,0,0,0,1,9,-1,6,3,-1,-1,-1,-1,-1,-1,-1,-1,0,-1
2024010517636,2024,010517636,2,9,0,-1,-1,9,9,0,0,1,0,0,0,0,9,9,6,6,3,-1,-1,-1,-1,-1,-1,-1,-1,0,-1
2024430014410,2024,430014410,2,9,0,2,2,0,0,0,0,1,0,0,1,0,2,1,6,6,3,-1,-1,-1,-1,-1,-1,-1,-1,0,-1
2024061482740,2024,061482740,1,1,0,-1,19,-1,-1,-1,4,8,0,0,0,0,4,1,-1,2,2,52,8,-1,-1,-1,-1,8,E01006130,0,1
2024440207471,2024,440207471,1,9,0,3,3,3,7,0,0,1,0,0,0,0,2,1,2,2,1,55,8,-1,-1,-1,-1,8,E01023195,0,4
2024010494776,2024,010494776,1,23,9,99,99,9,9,99,99,9,9,99,9,99,9,1,1,1,1,27,6,-1,-1,-1,-1,6,E01001091,0,2
2024010489554,2024,010489554,1,9,0,99,99,9,9,99,99,9,9,99,9,99,1,9,6,6,3,-1,-1,-1,-1,-1,-1,-1,-1,0,-1
2024101493947,2024,101493947,2,1,0,-1,15,2,7,-1,0,0,0,0,0,0,1,1,-1,9,1,49,8,-1,-1,-1,-1,10,E01008418,0,2
2024010524873,2024,010524873,1,9,9,99,99,9,9,99,99,9,9,99,9,99,9,9,6,6,3,-1,-1,-1,-1,-1,-1,-1,-1,0,-1
2024010487936,2024,010487936,1,9,0,18,19,5,1,0,0,1,0,0,1,0,4,1,6,6,1,30,6,-1,-1,-1,-1,4,E01003036,0,1
2024440187704,2024,440187704,1,1,0,18,19,4,8,0,0,8,0,0,0,0,4,1,2,2,1,43,7,-1,-1,-1,-1,6,E01017025,0,1
2024461501548,2024,461501548,2,1,0,-1,99,5,1,-1,0,1,0,0,0,0,1,1,-1,6,2,10,2,-1,-1,-1,-1,5,E01024225,0,1
2024320495169,2024,320495169,1,9,0,-1,-1,6,2,0,0,0,0,0,0,0,1,1,-1,-1,1,42,7,-1,-1,-1,-1,6,E01016837,0,5
2024010519987,2024,010519987,2,1,3,3,3,4,8,0,0,0,0,0,0,0,1,1,6,6,1,18,4,-1,-1,-1,-1,7,E01004516,0,1
2024440330940,2024,440330940,2,9,0,18,19,1,5,0,0,0,0,0,0,0,3,1,6,6,1,91,11,-1,-1,-1,-1,10,E01022974,0,2
2024471502218,2024,471502218,1,9,0,-1,19,1,5,-1,0,0,1,0,0,0,1,1,-1,2,1,49,8,-1,-1,-1,-1,8,E01024145,0,4
2024010491582,2024,010491582,1,9,0,99,99,9,9,99,99,0,9,99,9,99,9,9,6,6,1,36,7,-1,-1,-1,-1,5,E01003955,0,1
2024471504560,2024,471504560,1,1,0,-1,19,3,7,-1,0,2,0,0,0,0,4,1,-1,9,1,17,4,-1,-1,-1,-1,3,E01031549,0,1
2024010499897,2024,010499897,2,19,0,99,99,9,9,99,99,9,9,99,9,99,1,9,6,6,3,-1,-1,-1,-1,-1,-1,-1,-1,0,-1
2024010514322,2024,010514322,2,9,0,6,6,7,7,0,0,2,0,0,0,0,1,1,6,6,1,50,8,-1,-1,-1,-1,3,E01035665,0,1
2024141501739,2024,141501739,2,1,0,-1,12,1,1,-1,0,1,0,0,0,0,0,1,-1,9,2,41,7,-1,-1,-1,-1,2,E01008101,0,1
2024421410801,2024,421410801,1,90,0,-1,1,5,3,-1,0,1,0,0,0,0,2,9,-1,6,3,30,6,-1,-1,-1,-1,-1,-1,0,-1
2024430595522,2024,430595522,1,1,0,18,19,3,7,0,0,0,0,0,0,0,3,1,6,6,1,15,3,-1,-1,-1,-1,-1,-1,0,-1
2024371567029,2024,371567029,2,9,0,-1,2,0,0,-1,0,0,0,0,0,0,2,1,-1,6,1,38,7,-1,-1,-1,-1,8,E01030060,0,4
2024010491333,2024,010491333,3,19,0,18,19,1,5,0,0,1,9,0,0,0,1,9,6,6,3,-1,-1,-1,-1,-1,-1,-1,-1,0,-1
2024610001024,2024,610001024,2,9,0,18,19,4,8,0,0,8,0,0,0,0,1,1,6,6,2,46,8,-1,-1,-1,-1,4,W01001415,0,1
2024320132724,2024,320132724,1,9,0,-1,-1,6,1,0,0,1,5,0,1,11,1,1,-1,-1,1,43,7,-1,-1,-1,-1,7,E01026051,0,3
2024231404279,2024,231404279,2,9,0,-1,19,8,4,-1,0,0,1,0,1,7,3,1,-1,6,1,35,6,-1,-1,-1,-1,6,E01016737,0,4
2024471461329,2024,471461329,1,9,4,-1,13,1,5,-1,0,0,0,0,0,0,4,9,-1,6,3,-1,-1,-1,-1,-1,-1,-1,-1,0,-1
2024430043346,2024,430043346,1,9,0,7,7,6,8,0,0,4,0,0,0,0,1,1,6,6,2,22,5,-1,-1,-1,-1,8,E01017688,0,1
2024010493392,2024,010493392,2,9,9,99,99,9,9,99,99,9,9,99,9,99,9,9,6,6,3,-1,-1,-1,-1,-1,-1,-1,-1,0,-1
2024440432936,2024,440432936,1,-1,0,18,19,8,4,0,0,0,0,0,0,0,1,1,6,6,3,-1,-1,-1,-1,-1,-1,-1,-1,1,-1
2024552401470,2024,552401470,1,10,0,18,19,6,2,0,0,0,0,0,0,0,1,1,6,6,3,-1,-1,-1,-1,-1,-1,-1,-1,0,-1
2024010519183,2024,010519183,1,9,9,99,99,9,9,99,99,0,9,99,9,99,9,9,6,6,3,-1,-1,-1,-1,-1,-1,-1,-1,0,-1
2024070312783,2024,070312783,1,-1,0,18,19,3,7,0,0,8,0,0,0,0,1,1,6,6,1,25,5,-1,-1,-1,-1,-1,-1,1,-1
2024161454215,2024,161454215,1,1,0,-1,19,5,1,-1,0,0,0,0,0,0,1,1,-1,9,1,33,6,-1,-1,-1,-1,7,E01013301,0,1
2024010540210,2024,010540210,2,1,0,15,15,5,1,0,0,1,0,0,0,0,1,1,6,6,1,49,8,-1,-1,-1,-1,3,E01003162,0,2
2024440512844,2024,440512844,1,9,0,18,19,6,2,0,0,1,0,0,0,0,4,1,6,6,3,-1,-1,-1,-1,-1,-1,-1,-1,0,-1
2024430052972,2024,430052972,1,9,0,18,19,2,6,0,0,6,0,0,3,11,1,1,6,6,1,76,11,-1,-1,-1,-1,3,E01017857,0,1
2024131449819,2024,131449819,2,1,0,-1,4,4,8,-1,0,2,0,0,0,0,1,1,-1,9,1,19,4,-1,-1,-1,-1,1,E01011735,0,1
2024010535892,2024,010535892,1,1,0,18,19,5,1,0,0,8,0,0,0,0,1,1,2,2,1,23,5,-1,-1,-1,-1,7,E01023572,0,2
2024520003247,2024,520003247,2,9,0,10,10,2,6,0,0,8,0,0,0,0,4,1,6,6,1,40,7,-1,-1,-1,-1,6,E01031876,0,4
2024421496227,2024,421496227,2,-1,0,-1,19,1,5,-1,0,1,2,0,0,0,1,1,-1,6,1,23,5,-1,-1,-1,-1,3,E01021860,1,1
2024070911513,2024,070911513,2,1,0,-1,19,4,4,-1,0,0,0,0,0,0,2,1,-1,9,1,72,10,-1,-1,-1,-1,3,E01018646,0,1
2024010491135,2024,010491135,1,3,0,4,4,1,5,0,0,1,0,0,0,0,1,1,6,6,1,50,8,-1,-1,-1,-1,3,E01000499,0,2
2024010532451,2024,010532451,2,1,0,18,19,3,7,4,4,1,5,0,0,0,1,1,6,6,2,43,7,-1,-1,-1,-1,6,E01003359,0,1
2024631436735,2024,631436735,2,9,0,-1,19,1,5,-1,0,0,1,0,0,0,3,1,-1,9,1,61,9,-1,-1,-1,-1,5,W01000971,0,4
2024547553824,2024,547553824,2,-1,0,18,19,7,3,0,0,0,0,0,0,0,3,1,6,6,1,24,5,-1,-1,-1,-1,9,E01015483,1,1
2024010494907,2024,010494907,2,1,0,18,19,1,5,0,0,8,0,0,0,0,4,1,2,2,1,27,6,-1,-1,-1,-1,2,E01004219,0,1
2024440203283,2024,440203283,2,9,0,18,19,7,3,0,0,8,0,0,0,0,4,1,6,6,2,35,6,-1,-1,-1,-1,10,E01022756,0,2
2024361418242,2024,361418242,2,1,0,-1,14,4,6,-1,0,4,0,0,0,0,3,1,-1,6,1,47,8,-1,-1,-1,-1,7,E01026881,0,1
2024430429158,2024,430429158,1,-1,0,18,19,-1,-1,0,0,1,0,0,0,0,1,1,6,6,1,40,7,-1,-1,-1,-1,-1,-1,1,-1
202417L106624,2024,17L106624,2,1,0,18,19,3,7,0,0,8,0,0,0,0,1,1,6,6,1,17,4,-1,-1,-1,-1,6,E01012152,0,1
2024302400458,2024,302400458,1,9,0,17,19,4,2,0,0,0,0,0,1,4,1,1,1,1,1,21,5,-1,-1,-1,-1,5,E01013498,0,1
2024010549270,2024,010549270,1,1,0,13,13,7,3,0,0,2,0,0,0,0,3,1,1,1,1,20,4,-1,-1,-1,-1,4,E01002706,0,1
2024430230442,2024,430230442,1,9,0,18,19,2,6,0,0,1,0,0,0,0,1,1,6,6,1,-1,-1,-1,-1,-1,-1,-1,-1,0,-1
2024010529249,2024,010529249,1,1,0,18,19,1,5,0,0,1,0,0,0,0,1,1,6,6,1,13,3,-1,-1,-1,-1,3,E01001742,0,1
2024041519430,2024,041519430,3,9,0,-1,3,2,6,-1,0,1,0,0,0,0,3,1,-1,2,1,58,9,-1,-1,-1,-1,3,E01012691,0,1
2024010510584,2024,010510584,2,1,0,13,13,7,3,0,0,1,0,0,3,0,3,1,2,2,1,62,9,-1,-1,-1,-1,4,E01001369,0,1
2024320170331,2024,320170331,2,9,0,-1,-1,5,1,0,0,8,0,0,0,0,4,1,1,1,1,46,8,-1,-1,-1,-1,3,E01034681,0,4
2024052401938,2024,052401938,2,1,0,18,19,7,3,0,0,1,0,0,1,0,3,1,6,6,1,34,6,-1,-1,-1,-1,8,E01006580,0,1
2024010524823,2024,010524823,1,1,9,99,99,9,9,99,99,9,9,99,9,99,9,1,6,6,1,29,6,-1,-1,-1,-1,2,E01001828,0,1
2024421495572,2024,421495572,1,9,0,-1,3,7,3,-1,0,0,0,0,0,0,1,9,-1,6,3,-1,-1,-1,-1,-1,-1,-1,-1,0,-1
2024430325999,2024,430325999,1,9,0,18,19,2,6,0,0,0,0,0,0,0,1,1,6,6,3,-1,-1,-1,-1,-1,-1,-1,-1,0,-1
2024010494272,2024,010494272,1,3,0,99,99,9,9,99,99,9,9,99,9,99,9,1,6,6,3,32,6,-1,-1,-1,-1,8,E01032776,0,3
2024041502865,2024,041502865,1,23,0,-1,13,3,7,-1,0,1,1,0,0,0,1,1,-1,9,1,21,5,-1,-1,-1,-1,6,E01025418,0,1
2024010552902,2024,010552902,2,9,9,99,99,9,9,99,99,9,9,99,9,99,9,9,6,6,3,-1,-1,-1,-1,-1,-1,-1,-1,0,-1
2024522402002,2024,522402002,2,1,0,16,19,3,6,0,0,8,0,0,0,0,1,1,6,6,1,16,4,-1,-1,-1,-1,2,E01014926,0,1
2024010525292,2024,010525292,2,22,0,5,5,0,1,0,0,1,0,0,0,0,4,1,6,6,2,56,9,-1,-1,-1,-1,4,E01001582,0,1
2024311477519,2024,311477519,2,9,0,-1,9,3,7,-1,0,5,0,0,0,0,4,2,-1,2,2,62,9,-1,-1,-1,-1,1,E01013824,0,1
2024302400782,2024,302400782,1,19,0,18,19,4,2,0,0,8,0,0,0,0,1,1,6,6,3,-1,-1,-1,-1,-1,-1,5,E01019456,0,3
2024010512230,2024,010512230,2,1,0,13,13,7,3,0,0,6,0,0,0,0,2,1,2,2,2,28,6,-1,-1,-1,-1,4,E01001946,0,2
2024061504469,2024,061504469,1,9,0,-1,7,4,7,-1,0,8,0,0,0,0,3,1,-1,6,1,29,6,-1,-1,-1,-1,1,E01004822,0,1
2024430072432,2024,430072432,2,2,0,18,19,5,1,0,0,8,0,1,0,0,1,1,2,2,1,-1,-1,-1,-1,-1,-1,-1,-1,0,-1
2024070744500,2024,070744500,2,1,0,-1,19,6,2,-1,0,0,0,0,0,0,1,1,-1,9,1,36,7,-1,-1,-1,-1,8,E01018558,0,1
2024520401796,2024,520401796,2,5,0,18,19,5,1,0,0,0,0,0,0,0,1,1,6,6,1,57,9,-1,-1,-1,-1,5,E01029108,0,1
2024010519187,2024,010519187,2,9,9,99,99,9,9,99,99,0,9,99,9,99,9,9,6,6,3,-1,-1,-1,-1,-1,-1,-1,-1,0,-1
2024411430818,2024,411430818,1,9,0,-1,19,2,6,-1,0,1,0,0,0,0,3,1,-1,9,2,80,11,-1,-1,-1,-1,10,E01023523,0,1
2024371470797,2024,371470797,2,9,-1,-1,10,3,1,-1,0,1,0,0,0,0,2,9,-1,6,2,-1,-1,-1,-1,-1,-1,-1,-1,0,-1
2024430339823,2024,430339823,2,9,0,17,19,1,4,0,0,8,0,0,0,0,4,1,1,1,1,53,8,-1,-1,-1,-1,10,E01023962,0,4
2024061511471,2024,061511471,2,9,0,-1,19,-1,-1,-1,0,0,0,0,0,0,9,1,-1,6,3,-1,-1,-1,-1,-1,-1,-1,-1,0,-1