collision_index,collision_year,collision_ref_no,vehicle_reference,vehicle_type,towing_and_articulation,vehicle_manoeuvre_historic,vehicle_manoeuvre,vehicle_direction_from,vehicle_direction_to,vehicle_location_restricted_lane_historic,vehicle_location_restricted_lane,junction_location,skidding_and_overturning,hit_object_in_carriageway,vehicle_leaving_carriageway,hit_object_off_carriageway,first_point_of_impact,vehicle_left_hand_drive,journey_purpose_of_driver_historic,journey_purpose_of_driver,sex_of_driver,age_of_driver,age_band_of_driver,engine_capacity_cc,propulsion_code,age_of_vehicle,generic_make_model,driver_imd_decile,lsoa_of_driver,escooter_flag,driver_distance_banding
2024421526800,2024,421526800,4,9,0,-1,19,1,5,-1,0,0,0,0,0,0,2,1,-1,6,-1,-1,-1,-1,-1,-1,-1,-1,-1,0,-1
2024201471992,2024,201471992,1,9,0,-1,19,8,4,-1,0,1,0,0,0,0,1,9,-1,6,2,-1,-1,-1,-1,-1,-1,-1,-1,0,-1
2024041483123,2024,041483123,2,22,0,-1,19,1,5,-1,0,2,0,0,0,0,0,1,-1,9,1,60,9,-1,-1,-1,-1,1,E01012754,0,1
2024421527685,2024,421527685,2,9,0,-1,19,4,7,-1,0,0,0,0,0,0,1,1,-1,6,1,27,6,-1,-1,-1,-1,3,E01034088,0,1
2024131532876,2024,131532876,1,2,0,-1,19,7,3,-1,9,0,0,0,0,0,4,1,-1,6,1,13,3,-1,-1,-1,-1,1,E01011869,0,1
2024610041624,2024,610041624,2,9,0,18,19,3,7,0,0,3,0,0,0,0,1,1,6,6,3,-1,-1,-1,-1,-1,-1,-1,-1,0,-1
2024201482413,2024,201482413,1,-1,0,-1,19,4,8,-1,0,2,0,0,0,0,1,1,-1,6,1,20,4,-1,-1,-1,-1,6,E01009931,1,1
2024501533746,2024,501533746,1,9,0,-1,19,7,3,-1,0,0,0,4,0,0,1,1,-1,6,1,26,6,-1,-1,-1,-1,1,E01018767,0,1
2024010496843,2024,010496843,2,9,0,18,19,5,1,0,0,4,0,0,0,0,1,1,6,6,2,33,6,-1,-1,-1,-1,5,E01000792,0,1
2024332400211,2024,332400211,1,1,0,-1,15,2,6,-1,0,8,0,0,1,4,1,1,-1,6,1,16,4,-1,-1,-1,-1,3,E01013683,0,1
2024131427688,2024,131427688,2,9,0,-1,14,8,4,-1,0,5,0,0,0,0,4,1,-1,1,1,51,8,-1,-1,-1,-1,4,E01010633,0,1
2024010542482,2024,010542482,2,1,0,13,13,5,1,0,0,0,0,0,0,0,1,1,6,6,1,29,6,-1,-1,-1,-1,4,E01001932,0,2
2024231509896,2024,231509896,2,1,0,-1,19,6,2,-1,0,0,0,0,0,0,2,1,-1,6,1,50,8,-1,-1,-1,-1,-1,-1,0,-1
2024061516526,2024,061516526,1,9,0,-1,19,4,8,-1,0,0,0,0,0,0,1,9,-1,6,1,32,6,-1,-1,-1,-1,8,E01034353,0,3
2024141457951,2024,141457951,2,19,0,-1,19,7,3,-1,0,1,0,0,0,0,1,9,-1,1,3,-1,-1,-1,-1,-1,-1,-1,-1,0,-1
2024430613036,2024,430613036,1,9,0,9,9,2,8,0,0,5,0,0,0,0,1,1,6,6,3,-1,-1,-1,-1,-1,-1,-1,-1,0,-1
2024481567216,2024,481567216,2,1,0,-1,9,7,5,-1,0,8,0,0,0,0,3,1,-1,9,2,27,6,-1,-1,-1,-1,-1,-1,0,-1
2024401498481,2024,401498481,1,1,0,-1,19,7,3,-1,0,1,0,0,0,0,1,1,-1,9,1,17,4,-1,-1,-1,-1,1,E01015736,0,1
2024430218753,2024,430218753,2,1,0,18,19,1,5,0,0,8,0,0,0,0,4,1,6,6,1,59,9,-1,-1,-1,-1,8,E01017669,0,2
2024311490969,2024,311490969,2,9,0,-1,3,1,4,-1,0,0,0,0,0,0,2,9,-1,6,1,58,9,-1,-1,-1,-1,4,E01028252,0,1
2024010487918,2024,010487918,2,3,0,13,13,7,3,0,0,1,0,0,0,0,1,1,6,6,1,19,4,-1,-1,-1,-1,5,E01000454,0,2
2024201510005,2024,201510005,1,99,0,-1,3,3,7,-1,0,1,0,0,0,0,1,9,-1,6,1,40,7,-1,-1,-1,-1,-1,-1,0,-1
2024201433112,2024,201433112,2,1,0,-1,19,3,8,-1,0,8,2,0,0,0,3,1,-1,2,1,38,7,-1,-1,-1,-1,2,E01010087,0,3
2024010496014,2024,010496014,2,9,0,5,5,1,5,0,0,0,0,0,0,0,3,1,6,6,2,48,8,-1,-1,-1,-1,2,E01001482,0,1
2024010490373,2024,010490373,1,11,0,4,4,5,1,2,2,8,0,0,0,0,0,1,1,1,1,27,6,-1,-1,-1,-1,3,E01034203,0,3
2024991524584,2024,991524584,2,1,0,-1,5,5,1,-1,0,1,0,0,0,0,1,1,-1,9,1,38,7,-1,-1,-1,-1,7,-1,0,1
2024451453170,2024,451453170,1,1,0,-1,14,2,5,-1,0,1,5,0,0,0,1,1,-1,2,1,48,8,-1,-1,-1,-1,6,E01030464,0,1
2024010503504,2024,010503504,2,1,0,5,5,3,7,0,0,1,0,0,0,0,1,1,6,6,2,35,6,-1,-1,-1,-1,3,E01003105,0,1
2024010510182,2024,010510182,1,1,9,99,99,9,9,99,99,9,9,99,9,99,9,1,2,2,1,26,6,-1,-1,-1,-1,3,E01000058,0,1
2024010546453,2024,010546453,1,1,9,99,99,9,9,99,99,9,9,99,9,99,9,1,2,2,2,25,5,-1,-1,-1,-1,7,E01000711,0,1
2024010530833,2024,010530833,1,9,0,18,19,7,3,0,0,0,0,0,0,0,1,1,6,6,3,-1,-1,-1,-1,-1,-1,-1,-1,0,-1
2024131447183,2024,131447183,2,9,0,-1,9,1,3,-1,0,8,1,0,7,10,3,1,-1,6,2,27,6,-1,-1,-1,-1,1,E01011677,0,3
2024371547272,2024,371547272,1,9,0,-1,19,1,5,-1,0,0,0,0,0,0,3,1,-1,6,1,56,9,-1,-1,-1,-1,10,E01026813,0,4
2024461460697,2024,461460697,2,90,0,-1,19,7,3,-1,0,0,0,0,0,0,0,9,-1,1,1,33,6,-1,-1,-1,-1,4,E01024364,0,4
2024141408702,2024,141408702,1,9,0,-1,19,8,5,-1,0,0,0,0,0,0,4,9,-1,6,3,-1,-1,-1,-1,-1,-1,-1,-1,0,-1
2024340WN9092,2024,340WN9092,1,1,0,-1,19,1,5,-1,0,2,0,0,0,0,1,1,-1,6,1,26,6,-1,-1,-1,-1,5,E01027236,0,1
2024201411315,2024,201411315,2,1,0,-1,19,4,8,-1,0,8,0,0,0,0,3,1,-1,9,1,14,3,-1,-1,-1,-1,2,E01008946,0,1
2024161467114,2024,161467114,2,9,0,-1,19,6,2,-1,0,1,0,0,7,4,1,1,-1,1,1,36,7,-1,-1,-1,-1,8,E01013018,0,1
2024010516845,2024,010516845,2,1,0,9,9,7,4,0,0,8,5,0,0,0,4,1,6,6,1,29,6,-1,-1,-1,-1,2,E01004206,0,1
2024320262669,2024,320262669,2,9,0,-1,-1,6,2,0,0,3,0,0,7,0,4,1,-1,-1,1,44,7,-1,-1,-1,-1,3,E01028229,0,4
2024010520613,2024,010520613,1,9,9,99,99,9,9,0,0,9,0,0,0,0,9,9,6,6,3,-1,-1,-1,-1,-1,-1,-1,-1,0,-1
2024302400011,2024,302400011,2,1,0,18,19,6,2,0,0,8,0,0,0,0,3,1,1,1,1,37,7,-1,-1,-1,-1,2,E01013453,0,1
2024010487591,2024,010487591,1,9,0,7,7,1,2,6,6,2,0,0,0,0,3,1,6,6,1,50,8,-1,-1,-1,-1,3,E01004287,0,1
2024361438253,2024,361438253,2,1,0,-1,19,6,2,-1,0,0,0,0,0,0,2,1,-1,6,1,71,10,-1,-1,-1,-1,9,E01026742,0,1
2024010514211,2024,010514211,1,9,0,3,3,5,1,0,0,0,0,8,0,0,3,1,6,6,2,39,7,-1,-1,-1,-1,-1,-1,0,-1
2024010507873,2024,010507873,2,9,0,99,99,9,9,99,99,9,9,99,9,99,1,9,6,6,3,-1,-1,-1,-1,-1,-1,-1,-1,0,-1
2024041464621,2024,041464621,2,9,0,-1,19,7,3,-1,0,1,0,0,0,0,1,1,-1,9,1,37,7,-1,-1,-1,-1,2,E01025101,0,1
2024010511978,2024,010511978,2,1,0,9,9,1,6,0,0,0,0,0,0,0,2,1,6,6,1,14,3,-1,-1,-1,-1,2,E01002872,0,1
2024010538386,2024,010538386,1,1,9,99,99,9,9,4,4,0,9,99,9,99,9,1,2,2,1,30,6,-1,-1,-1,-1,3,E01001920,0,1
2024440302540,2024,440302540,2,1,0,18,19,5,1,0,0,8,0,0,0,0,1,1,2,2,1,45,7,-1,-1,-1,-1,4,E01017020,0,1
2024131522952,2024,131522952,1,9,0,-1,-1,-1,-1,-1,-1,8,-1,-1,-1,0,-1,1,-1,6,3,-1,-1,-1,-1,-1,-1,-1,-1,0,-1
2024440459391,2024,440459391,2,9,0,9,9,1,5,0,0,5,0,0,0,0,1,1,6,6,3,-1,-1,-1,-1,-1,-1,-1,-1,0,-1
202460Q033026,2024,60Q033026,1,9,0,5,5,1,5,0,0,8,0,0,0,0,4,1,6,6,1,44,7,-1,-1,-1,-1,-1,-1,0,-1
2024401514802,2024,401514802,1,9,0,-1,19,-1,-1,-1,0,0,0,0,0,0,1,9,-1,6,3,-1,-1,-1,-1,-1,-1,-1,-1,0,-1
2024041461058,2024,041461058,2,9,0,-1,19,7,3,-1,0,1,0,0,0,0,1,1,-1,9,2,55,8,-1,-1,-1,-1,7,E01012614,0,1
2024520400236,2024,520400236,2,5,0,15,15,8,4,0,0,0,0,0,0,0,1,1,6,6,1,31,6,-1,-1,-1,-1,4,E01029230,0,2
2024010492443,2024,010492443,2,19,0,99,99,9,9,99,99,9,9,99,9,99,1,9,6,6,3,-1,-1,-1,-1,-1,-1,-1,-1,0,-1
2024201457270,2024,201457270,1,9,0,-1,5,6,4,-1,0,6,0,0,0,0,1,2,-1,6,2,-1,-1,-1,-1,-1,-1,-1,-1,0,-1
2024430360347,2024,430360347,1,9,0,13,13,4,8,0,0,0,0,0,4,6,4,1,6,6,1,26,6,-1,-1,-1,-1,10,E01027280,0,2
2024231443174,2024,231443174,1,20,0,-1,19,8,4,-1,0,0,0,0,0,0,9,9,-1,6,3,38,7,-1,-1,-1,-1,-1,-1,0,-1
2024010527295,2024,010527295,1,1,9,99,99,9,9,99,99,9,9,99,9,99,9,1,2,2,2,37,7,-1,-1,-1,-1,4,E01004446,0,1
2024010516376,2024,010516376,1,8,0,18,19,7,3,0,0,1,0,0,0,0,4,1,6,6,1,46,8,-1,-1,-1,-1,7,E01002812,0,2
2024010501625,2024,010501625,2,1,0,18,19,5,1,0,0,0,0,0,0,0,2,1,6,6,1,26,6,-1,-1,-1,-1,3,E01001982,0,1
2024052401547,2024,052401547,1,9,0,5,5,8,3,0,0,1,0,0,0,0,0,1,6,6,3,-1,-1,-1,-1,-1,-1,-1,-1,0,-1
2024010520854,2024,010520854,1,1,9,18,19,9,9,99,99,9,9,99,9,99,9,1,2,2,1,23,5,-1,-1,-1,-1,5,E01004056,0,1
2024010501372,2024,010501372,1,1,9,5,5,1,5,0,0,2,9,8,1,0,1,1,4,7,1,13,3,-1,-1,-1,-1,3,E01004240,0,1
2024991468999,2024,991468999,2,1,0,-1,19,7,3,-1,0,4,0,0,0,0,1,1,-1,9,1,33,6,-1,-1,-1,-1,9,-1,0,3
2024501423171,2024,501423171,1,9,0,-1,6,6,2,-1,0,0,0,0,0,0,1,9,-1,6,2,30,6,-1,-1,-1,-1,3,E01018990,0,3
2024411531590,2024,411531590,1,9,-1,-1,-1,-1,-1,-1,-1,0,-1,-1,-1,0,-1,9,-1,6,3,-1,-1,-1,-1,-1,-1,-1,-1,0,-1
2024371511251,2024,371511251,2,9,0,-1,9,5,2,-1,0,0,0,0,0,0,3,1,-1,1,1,42,7,-1,-1,-1,-1,6,E01030099,0,3
2024010554652,2024,010554652,1,1,9,99,99,9,9,99,99,9,9,99,9,99,9,1,1,1,1,47,8,-1,-1,-1,-1,-1,-1,0,-1
2024531532965,2024,531532965,2,1,0,-1,9,3,5,-1,0,3,0,0,0,0,1,1,-1,6,2,33,6,-1,-1,-1,-1,6,E01034777,0,1
2024501451032,2024,501451032,1,9,0,-1,9,4,8,-1,0,8,0,0,0,0,1,1,-1,6,1,34,6,-1,-1,-1,-1,3,E01019072,0,3
2024071009287,2024,071009287,1,9,9,-1,99,9,9,-1,99,2,9,99,9,99,9,9,-1,6,1,-1,-1,-1,-1,-1,-1,-1,-1,0,-1
2024991451403,2024,991451403,1,11,0,-1,5,7,3,-1,2,2,0,0,0,0,4,1,-1,1,3,24,5,-1,-1,-1,-1,-1,-1,0,-1
2024131477847,2024,131477847,2,9,0,-1,4,3,7,-1,0,8,0,0,0,0,1,1,-1,1,1,49,8,-1,-1,-1,-1,1,E01010811,0,1
2024010542155,2024,010542155,1,1,9,99,99,9,9,99,99,9,9,99,9,99,1,1,6,6,1,47,8,-1,-1,-1,-1,5,E01035712,0,1
2024351413120,2024,351413120,1,9,0,-1,19,-1,-1,-1,0,4,0,0,0,0,-1,9,-1,6,3,-1,-1,-1,-1,-1,-1,-1,-1,0,-1
2024531524324,2024,531524324,2,1,0,-1,19,6,2,-1,0,0,0,0,0,0,3,1,-1,2,1,47,8,-1,-1,-1,-1,1,E01022291,0,1
2024131482129,2024,131482129,2,90,0,-1,19,1,5,-1,0,1,0,0,0,0,3,1,-1,2,1,40,7,-1,-1,-1,-1,2,E01011137,0,2
2024340NN3872,2024,340NN3872,1,9,0,-1,4,1,5,-1,0,0,0,0,1,9,4,1,-1,6,1,25,5,-1,-1,-1,-1,4,E01032980,0,4
2024302401279,2024,302401279,1,20,4,9,9,6,4,0,0,1,0,0,0,0,4,1,6,6,3,-1,-1,-1,-1,-1,-1,5,E01019456,0,4
2024201447992,2024,201447992,2,90,0,-1,19,2,6,-1,0,8,0,0,0,0,1,9,-1,6,1,46,8,-1,-1,-1,-1,1,E01010054,0,1
2024010491448,2024,010491448,1,9,0,99,99,9,9,99,99,9,9,99,9,99,9,9,6,6,2,32,6,-1,-1,-1,-1,4,E01034601,0,1
2024010528275,2024,010528275,1,1,9,99,99,9,9,99,99,8,9,99,9,99,9,1,1,1,3,29,6,-1,-1,-1,-1,4,E01000571,0,1
2024010515081,2024,010515081,2,1,0,18,19,7,3,0,0,8,0,0,0,0,3,1,6,6,1,33,6,-1,-1,-1,-1,5,E01035696,0,1
2024061515621,2024,061515621,1,9,0,-1,19,6,2,-1,0,0,0,0,0,0,-1,1,-1,6,3,-1,-1,-1,-1,-1,-1,-1,-1,0,-1
2024010515767,2024,010515767,2,9,0,99,99,9,9,99,99,9,9,99,9,99,9,9,6,6,3,-1,-1,-1,-1,-1,-1,-1,-1,0,-1
2024411476018,2024,411476018,2,-1,-1,-1,-1,-1,-1,-1,-1,-1,-1,-1,-1,0,-1,1,-1,9,1,36,7,-1,-1,-1,-1,3,E01023793,1,1
2024010536504,2024,010536504,1,9,0,99,99,9,9,99,99,9,9,99,9,99,9,9,6,6,1,-1,-1,-1,-1,-1,-1,-1,-1,0,-1
2024141415947,2024,141415947,1,9,0,-1,15,-1,-1,-1,0,0,-1,0,-1,0,-1,9,-1,6,3,-1,-1,-1,-1,-1,-1,-1,-1,0,-1
2024501468459,2024,501468459,1,1,0,-1,5,3,5,-1,0,6,0,0,0,0,3,1,-1,6,1,15,3,-1,-1,-1,-1,4,E01018980,0,2
2024201480751,2024,201480751,2,1,0,-1,3,1,5,-1,0,1,0,0,0,0,4,1,-1,6,1,46,8,-1,-1,-1,-1,4,E01009907,0,1
2024161535876,2024,161535876,2,9,0,-1,19,3,7,-1,0,0,0,0,0,0,1,9,-1,6,3,-1,-1,-1,-1,-1,-1,-1,-1,0,-1
2024531441791,2024,531441791,1,97,0,-1,19,5,1,-1,0,0,1,10,0,0,4,1,-1,6,1,19,4,-1,-1,-1,-1,6,E01032935,0,2
2024010494687,2024,010494687,2,-1,0,18,19,1,5,0,0,2,0,0,0,0,4,1,6,6,1,25,5,-1,-1,-1,-1,6,E01002692,1,1
2024451483593,2024,451483593,1,9,0,-1,9,5,1,-1,0,5,0,0,0,0,1,1,-1,9,1,54,8,-1,-1,-1,-1,8,E01030875,0,1
2024421399043,2024,421399043,1,9,0,-1,19,1,5,-1,0,1,0,0,0,0,1,9,-1,6,2,-1,-1,-1,-1,-1,-1,-1,-1,0,-1
2024201397644,2024,201397644,1,9,0,-1,19,8,4,-1,0,0,0,0,0,0,0,1,-1,6,1,-1,-1,-1,-1,-1,-1,-1,-1,0,-1
2024101444420,2024,101444420,1,23,0,-1,19,5,1,-1,0,1,0,0,0,0,1,1,-1,6,1,22,5,-1,-1,-1,-1,2,E01008456,0,1
2024461463534,2024,461463534,1,90,0,-1,10,3,7,-1,0,2,0,0,0,0,1,1,-1,1,1,59,9,-1,-1,-1,-1,5,E01024198,0,2
2024010522508,2024,010522508,1,1,9,99,99,9,9,99,99,9,9,99,9,99,1,1,6,6,2,21,5,-1,-1,-1,-1,8,E01001965,0,3
2024010525609,2024,010525609,2,9,0,18,19,3,7,0,0,7,0,0,0,0,1,1,6,6,1,19,4,-1,-1,-1,-1,10,E01017816,0,4
2024440298139,2024,440298139,1,4,0,18,19,2,5,0,0,0,0,0,7,0,0,1,6,6,1,74,10,-1,-1,-1,-1,4,E01017217,0,4
2024430341946,2024,430341946,2,19,0,18,19,1,5,0,0,1,0,0,0,0,1,1,6,6,3,-1,-1,-1,-1,-1,-1,-1,-1,0,-1
2024131444172,2024,131444172,2,1,0,-1,19,6,2,-1,0,0,0,0,7,0,2,1,-1,9,1,10,2,-1,-1,-1,-1,1,E01011101,0,1
2024411462300,2024,411462300,2,98,0,-1,19,5,1,-1,0,1,0,12,0,0,1,1,-1,6,-1,-1,-1,-1,-1,-1,-1,-1,-1,0,-1
2024010510673,2024,010510673,1,3,0,5,5,1,5,0,0,1,0,0,0,0,1,1,6,6,1,23,5,-1,-1,-1,-1,6,E01002497,0,1
2024451414096,2024,451414096,2,9,0,-1,19,5,1,-1,0,0,0,0,0,0,3,1,-1,9,1,34,6,-1,-1,-1,-1,10,E01012967,0,5
2024010489667,2024,010489667,1,1,9,99,99,9,9,99,99,9,9,99,9,99,1,1,2,2,1,42,7,-1,-1,-1,-1,10,E01002967,0,3
2024131474450,2024,131474450,2,1,0,-1,19,2,6,-1,0,0,0,0,1,11,3,1,-1,6,1,18,4,-1,-1,-1,-1,6,E01010594,0,2
2024991506019,2024,991506019,2,9,0,-1,19,1,5,-1,0,6,0,4,3,0,2,1,-1,6,2,46,8,-1,-1,-1,-1,7,-1,0,4
2024161408818,2024,161408818,1,9,0,-1,19,7,3,-1,0,0,0,0,0,0,2,9,-1,9,1,58,9,-1,-1,-1,-1,2,E01013129,0,1
2024440546845,2024,440546845,1,19,0,5,5,2,6,0,0,8,0,0,0,0,1,1,6,6,3,-1,-1,-1,-1,-1,-1,-1,-1,0,-1
2024010535269,2024,010535269,3,1,0,18,19,3,7,0,0,1,0,0,0,0,2,1,2,2,1,46,8,-1,-1,-1,-1,8,E01017231,0,4
2024351413257,2024,351413257,2,9,0,-1,4,4,8,-1,0,0,0,0,0,0,2,1,-1,6,2,40,7,-1,-1,-1,-1,2,E01015599,0,1
2024201438748,2024,201438748,1,9,0,-1,19,8,4,-1,0,0,0,0,0,0,1,1,-1,6,3,-1,-1,-1,-1,-1,-1,-1,-1,0,-1
2024430516866,2024,430516866,2,9,0,18,19,6,2,0,0,4,0,0,0,0,1,1,6,6,1,-1,-1,-1,-1,-1,-1,-1,-1,0,-1
2024122401097,2024,122401097,2,1,0,18,19,8,4,0,0,8,0,0,0,0,3,1,6,6,1,56,9,-1,-1,-1,-1,6,E01027770,0,1
2024201475625,2024,201475625,2,9,0,-1,9,6,4,-1,0,5,0,0,0,0,3,9,-1,6,3,24,5,-1,-1,-1,-1,2,E01009043,0,1
2024122400349,2024,122400349,1,9,0,18,19,3,7,0,0,0,1,0,4,10,4,1,6,6,1,17,4,-1,-1,-1,-1,2,E01011781,0,4
2024010523035,2024,010523035,1,1,9,18,19,9,9,4,4,9,9,99,9,99,9,1,6,6,1,29,6,-1,-1,-1,-1,8,E01004507,0,1
2024631480799,2024,631480799,1,5,0,-1,19,2,6,-1,0,1,0,0,0,0,1,1,-1,9,1,39,7,-1,-1,-1,-1,8,E01024973,0,5
2024010544538,2024,010544538,2,9,0,4,4,5,1,0,0,0,1,0,0,0,1,1,2,2,2,32,6,-1,-1,-1,-1,4,E01001737,0,3
2024010544475,2024,010544475,1,1,0,15,15,7,3,0,0,1,0,0,0,0,1,1,6,6,1,18,4,-1,-1,-1,-1,4,E01004270,0,1
2024520400813,2024,520400813,2,9,0,18,19,3,6,0,0,0,0,0,0,0,1,1,6,6,2,58,9,-1,-1,-1,-1,8,E01029145,0,3
2024302400450,2024,302400450,1,5,0,7,7,8,4,0,0,3,0,0,0,0,1,1,6,6,1,54,8,-1,-1,-1,-1,6,E01013476,0,1
2024010544013,2024,010544013,1,9,0,18,19,2,6,0,0,1,0,0,0,0,1,1,6,6,1,-1,-1,-1,-1,-1,-1,-1,-1,0,-1
2024542584124,2024,542584124,1,9,0,18,19,7,3,0,0,0,0,0,0,0,1,1,6,6,3,-1,-1,-1,-1,-1,-1,-1,-1,0,-1
2024101510225,2024,101510225,1,1,0,-1,19,2,6,-1,0,8,0,0,0,0,1,1,-1,6,1,-1,-1,-1,-1,-1,-1,-1,-1,0,-1
2024010543418,2024,010543418,1,1,9,99,99,9,9,99,99,0,9,99,9,99,1,1,1,1,1,23,5,-1,-1,-1,-1,5,E01002202,0,3
2024010489547,2024,010489547,2,9,9,99,99,9,9,99,99,9,9,99,9,99,9,9,6,6,3,-1,-1,-1,-1,-1,-1,-1,-1,0,-1
2024010512591,2024,010512591,1,1,9,99,99,9,9,99,99,9,9,99,9,99,1,1,2,2,1,25,5,-1,-1,-1,-1,2,E01004541,0,1
2024501509165,2024,501509165,2,1,0,-1,19,2,6,-1,0,0,0,0,0,0,2,1,-1,9,1,59,9,-1,-1,-1,-1,5,E01020235,0,1
2024421464425,2024,421464425,3,9,0,-1,2,0,0,-1,0,1,0,0,0,0,1,1,-1,6,-1,-1,-1,-1,-1,-1,-1,-1,-1,0,-1
2024010490099,2024,010490099,2,9,0,18,19,1,5,0,0,8,0,0,0,0,1,1,6,6,2,52,8,-1,-1,-1,-1,8,E01001544,0,2
2024351541147,2024,351541147,1,1,-1,-1,-1,-1,-1,-1,-1,0,-1,-1,-1,0,-1,1,-1,6,3,-1,-1,-1,-1,-1,-1,-1,-1,0,-1
2024522403030,2024,522403030,1,1,0,18,19,7,3,4,4,8,0,0,0,0,1,1,6,6,1,43,7,-1,-1,-1,-1,4,E01014570,0,1
2024161525372,2024,161525372,2,1,0,-1,19,8,4,-1,0,0,0,8,0,0,1,1,-1,6,1,24,5,-1,-1,-1,-1,6,E01013163,0,1
2024010528369,2024,010528369,3,1,0,18,19,3,7,5,5,1,0,0,0,0,1,1,6,6,3,-1,-1,-1,-1,-1,-1,-1,-1,0,-1
2024010531529,2024,010531529,1,3,0,18,19,1,5,2,2,2,0,0,0,0,3,1,6,6,1,24,5,-1,-1,-1,-1,5,E01015952,0,4
2024010514630,2024,010514630,2,3,0,16,19,5,1,2,2,1,0,0,0,0,1,1,6,6,3,-1,-1,-1,-1,-1,-1,-1,-1,0,-1
2024451486142,2024,451486142,2,1,0,-1,3,7,2,-1,0,4,0,0,0,0,2,1,-1,9,2,58,9,-1,-1,-1,-1,8,E01030965,0,1
202460Q190906,2024,60Q190906,2,1,0,18,19,3,7,0,0,1,0,0,0,0,4,1,2,2,1,26,6,-1,-1,-1,-1,-1,-1,0,-1
2024340WN2732,2024,340WN2732,2,90,0,-1,-1,0,0,-1,0,2,0,0,0,0,2,1,-1,1,1,38,7,-1,-1,-1,-1,10,E01027324,0,2
2024131523519,2024,131523519,2,1,0,-1,19,2,6,-1,0,0,0,0,0,0,2,1,-1,2,1,49,8,-1,-1,-1,-1,1,E01010632,0,1
2024010551418,2024,010551418,1,9,0,9,9,5,3,0,0,1,0,0,0,0,1,1,6,6,2,41,7,-1,-1,-1,-1,3,E01001504,0,1
2024221514274,2024,221514274,1,1,0,-1,5,2,6,-1,0,0,0,0,0,0,1,1,-1,9,1,11,3,-1,-1,-1,-1,2,E01032453,0,1
2024010487490,2024,010487490,1,1,9,99,99,9,9,99,99,9,9,99,9,99,9,1,6,6,1,36,7,-1,-1,-1,-1,2,E01004732,0,1
2024461474647,2024,461474647,2,1,-1,-1,-1,-1,-1,-1,-1,-1,0,0,0,0,-1,1,-1,6,1,17,4,-1,-1,-1,-1,-1,-1,0,-1
2024461396165,2024,461396165,2,1,0,-1,7,6,2,-1,0,8,0,10,1,0,3,1,-1,6,1,72,10,-1,-1,-1,-1,7,E01032807,0,1
2024010497274,2024,010497274,2,9,0,9,9,1,7,0,0,2,1,0,0,0,1,1,6,6,1,24,5,-1,-1,-1,-1,-1,-1,0,-1
2024010510631,2024,010510631,2,9,0,9,9,8,6,0,0,6,0,0,0,0,0,1,1,1,2,61,9,-1,-1,-1,-1,-1,-1,0,-1
2024320305746,2024,320305746,4,9,0,-1,-1,8,4,0,0,0,0,0,0,0,1,1,6,6,1,67,10,-1,-1,-1,-1,6,E01026404,0,2
2024361535507,2024,361535507,1,9,0,-1,19,6,4,-1,0,8,0,0,0,0,1,1,-1,9,1,72,10,-1,-1,-1,-1,7,E01026526,0,4
2024351479687,2024,351479687,2,-1,0,-1,5,1,5,-1,9,8,0,0,0,0,2,1,-1,6,2,48,8,-1,-1,-1,-1,1,E01015639,1,1
2024421508184,2024,421508184,2,23,0,-1,-1,-1,-1,-1,-1,0,-1,-1,-1,0,-1,1,-1,6,1,13,3,-1,-1,-1,-1,3,E01015935,0,1
2024161528824,2024,161528824,1,9,0,-1,5,8,4,-1,0,4,0,0,1,0,1,1,-1,2,1,44,7,-1,-1,-1,-1,6,E01013276,0,4
2024351411434,2024,351411434,2,1,-1,-1,-1,-1,-1,-1,-1,0,-1,-1,-1,0,-1,1,-1,2,1,20,4,-1,-1,-1,-1,9,E01026269,0,4
2024070568014,2024,070568014,1,9,0,18,19,8,4,0,0,0,0,0,0,0,1,1,6,6,3,-1,-1,-1,-1,-1,-1,-1,-1,0,-1
2024010528516,2024,010528516,1,1,9,99,99,9,9,99,99,9,9,99,9,99,9,1,2,2,1,30,6,-1,-1,-1,-1,3,E01034484,0,1
2024610018424,2024,610018424,2,9,0,2,2,0,0,0,0,0,0,0,0,0,1,1,6,6,3,-1,-1,-1,-1,-1,-1,-1,-1,0,-1
2024991421534,2024,991421534,2,9,0,-1,19,6,3,-1,0,1,0,0,7,0,4,1,-1,2,1,60,9,-1,-1,-1,-1,3,-1,0,1
2024010534389,2024,010534389,2,9,9,99,99,9,9,99,99,0,9,99,9,99,9,9,6,6,3,-1,-1,-1,-1,-1,-1,-1,-1,0,-1
2024461474250,2024,461474250,2,9,0,-1,19,1,5,-1,0,0,0,0,0,0,4,9,-1,6,3,-1,-1,-1,-1,-1,-1,-1,-1,0,-1
2024010496391,2024,010496391,2,9,0,99,99,9,9,99,99,9,9,99,9,99,9,9,6,6,3,31,6,-1,-1,-1,-1,8,E01030991,0,4
2024371447286,2024,371447286,1,9,0,-1,19,7,3,-1,0,1,0,0,0,0,1,1,-1,6,2,66,10,-1,-1,-1,-1,4,E01030225,0,1
2024010543969,2024,010543969,2,1,0,12,12,7,3,0,0,0,0,0,0,0,1,1,6,6,1,51,8,-1,-1,-1,-1,6,E01003223,0,1
2024361500064,2024,361500064,1,9,-1,-1,-1,-1,-1,-1,-1,-1,-1,-1,-1,0,-1,9,-1,6,3,-1,-1,-1,-1,-1,-1,-1,-1,0,-1
2024010511936,2024,010511936,2,1,0,5,5,7,3,0,0,1,0,0,0,0,4,1,4,7,1,12,3,-1,-1,-1,-1,7,E01002499,0,1
2024131424733,2024,131424733,2,98,0,-1,9,1,1,-1,0,6,0,0,0,0,3,1,-1,1,1,58,9,-1,-1,-1,-1,9,E01010589,0,2
2024010491476,2024,010491476,1,9,0,18,19,7,3,0,0,2,0,0,0,0,4,1,6,6,2,57,9,-1,-1,-1,-1,5,E01002344,0,1
2024010517905,2024,010517905,2,9,9,99,99,9,9,9,9,0,9,99,9,99,9,9,6,6,2,-1,-1,-1,-1,-1,-1,-1,-1,0,-1
2024302401013,2024,302401013,2,97,0,18,19,8,4,0,0,1,0,0,0,0,1,1,6,6,1,27,6,-1,-1,-1,-1,1,E01033279,0,2
2024010508631,2024,010508631,2,1,0,18,19,1,5,0,0,1,0,4,0,0,1,1,6,6,1,20,4,-1,-1,-1,-1,8,E01000536,0,1