collision_index,collision_year,collision_ref_no,vehicle_reference,vehicle_type,towing_and_articulation,vehicle_manoeuvre_historic,vehicle_manoeuvre,vehicle_direction_from,vehicle_direction_to,vehicle_location_restricted_lane_historic,vehicle_location_restricted_lane,junction_location,skidding_and_overturning,hit_object_in_carriageway,vehicle_leaving_carriageway,hit_object_off_carriageway,first_point_of_impact,vehicle_left_hand_drive,journey_purpose_of_driver_historic,journey_purpose_of_driver,sex_of_driver,age_of_driver,age_band_of_driver,engine_capacity_cc,propulsion_code,age_of_vehicle,generic_make_model,driver_imd_decile,lsoa_of_driver,escooter_flag,driver_distance_banding
2024161427088,2024,161427088,2,9,0,-1,19,4,1,-1,0,1,0,0,0,0,1,9,-1,6,1,-1,-1,-1,-1,-1,-1,-1,-1,0,-1
2024131415324,2024,131415324,2,9,0,-1,9,5,1,-1,0,1,0,0,0,0,1,1,-1,2,1,53,8,-1,-1,-1,-1,8,E01027940,0,4
2024991512888,2024,991512888,2,1,0,-1,19,5,1,-1,0,0,0,0,0,0,1,1,-1,6,1,20,4,-1,-1,-1,-1,7,-1,0,1
2024131449846,2024,131449846,2,1,0,-1,19,3,7,-1,1,8,0,0,0,0,4,1,-1,6,1,24,5,-1,-1,-1,-1,2,E01011313,0,1
2024201492148,2024,201492148,2,1,0,-1,19,2,7,-1,0,8,0,0,0,0,4,1,-1,6,1,49,8,-1,-1,-1,-1,3,E01034737,0,1
2024010547723,2024,010547723,1,1,9,99,99,9,9,99,99,9,9,99,9,99,9,1,2,2,1,22,5,-1,-1,-1,-1,6,E01001201,0,1
2024161468482,2024,161468482,2,1,0,-1,19,6,2,-1,0,1,0,0,0,0,3,1,-1,6,1,-1,-1,-1,-1,-1,-1,7,E01012794,0,1
2024141463427,2024,141463427,2,98,0,-1,19,7,3,-1,0,1,0,0,0,0,1,9,-1,6,3,-1,-1,-1,-1,-1,-1,-1,-1,0,-1
2024061442120,2024,061442120,1,1,0,-1,3,-1,-1,-1,9,1,0,10,0,0,9,1,-1,7,1,16,4,-1,-1,-1,-1,1,E01005756,0,1
2024501447105,2024,501447105,2,1,0,-1,4,3,7,-1,0,8,5,0,0,0,1,1,-1,7,1,13,3,-1,-1,-1,-1,10,E01019986,0,1
2024010510875,2024,010510875,1,1,9,99,99,9,9,99,99,9,9,99,9,99,9,9,6,6,3,-1,-1,-1,-1,-1,-1,-1,-1,0,-1
2024010544678,2024,010544678,1,1,9,99,99,9,9,99,99,9,9,99,9,99,9,1,2,2,1,46,8,-1,-1,-1,-1,5,E01035486,0,2
2024211478486,2024,211478486,2,1,0,-1,19,7,3,-1,0,0,0,0,0,0,3,1,-1,6,1,63,9,-1,-1,-1,-1,-1,-1,0,-1
2024010488170,2024,010488170,1,9,0,99,99,9,9,99,99,9,9,99,9,99,2,9,1,1,1,28,6,-1,-1,-1,-1,8,E01003420,0,4
2024221489395,2024,221489395,3,9,0,-1,6,6,6,-1,0,0,0,0,0,0,0,9,-1,6,3,34,6,-1,-1,-1,-1,-1,-1,0,-1
2024340NN4372,2024,340NN4372,3,9,0,-1,10,1,7,-1,0,1,0,0,0,0,0,1,-1,2,2,50,8,-1,-1,-1,-1,10,E01025649,0,4
2024351463864,2024,351463864,1,9,0,-1,19,1,5,-1,0,0,0,0,0,0,1,1,-1,6,1,71,10,-1,-1,-1,-1,10,E01026303,0,1
2024010491107,2024,010491107,1,9,0,9,9,3,2,0,0,5,0,0,0,0,4,1,6,6,2,35,6,-1,-1,-1,-1,3,E01001190,0,1
2024010531487,2024,010531487,2,9,0,18,19,5,1,0,0,8,0,0,0,0,1,1,6,6,2,47,8,-1,-1,-1,-1,7,E01002203,0,1
2024461523184,2024,461523184,2,1,0,-1,5,7,1,-1,0,0,0,0,0,0,1,1,-1,9,1,66,10,-1,-1,-1,-1,5,E01024690,0,1
2024070624078,2024,070624078,1,5,0,6,6,7,7,0,0,6,0,0,0,0,0,1,6,6,1,69,10,-1,-1,-1,-1,6,E01012564,0,4
2024010494989,2024,010494989,3,9,0,18,19,1,5,0,0,8,0,0,0,0,1,1,6,6,1,24,5,-1,-1,-1,-1,10,E01023733,0,3
2024522402376,2024,522402376,1,-1,0,18,19,7,3,0,0,2,0,0,0,0,2,1,6,6,2,28,6,-1,-1,-1,-1,4,E01014961,1,1
2024010511258,2024,010511258,1,1,9,18,19,9,9,99,99,1,9,99,9,99,1,1,2,2,1,64,9,-1,-1,-1,-1,7,E01001208,0,1
2024010494281,2024,010494281,1,3,0,99,99,9,9,99,99,9,9,99,9,99,1,1,1,1,1,22,5,-1,-1,-1,-1,6,E01000631,0,1
2024010493792,2024,010493792,1,9,0,99,99,9,9,0,0,1,0,0,0,0,1,1,6,6,3,-1,-1,-1,-1,-1,-1,-1,-1,0,-1
2024201478159,2024,201478159,2,9,0,-1,19,6,2,-1,0,0,0,0,0,0,4,9,-1,6,3,-1,-1,-1,-1,-1,-1,-1,-1,0,-1
2024010561904,2024,010561904,2,1,0,16,19,7,3,0,0,8,0,0,0,0,4,1,2,2,1,56,9,-1,-1,-1,-1,2,E01001357,0,1
2024131520101,2024,131520101,1,11,0,-1,19,3,7,-1,0,0,0,0,0,0,1,1,-1,9,1,37,7,-1,-1,-1,-1,-1,-1,0,-1
2024010522822,2024,010522822,1,1,9,99,99,9,9,99,99,9,9,99,9,99,9,1,6,6,1,60,9,-1,-1,-1,-1,3,E01001831,0,1
2024010505855,2024,010505855,1,9,0,9,9,1,7,0,0,1,0,0,0,0,1,1,6,6,2,36,7,-1,-1,-1,-1,5,E01004414,0,1
2024411406310,2024,411406310,2,1,0,-1,14,7,7,-1,0,0,5,0,0,0,1,1,-1,9,1,43,7,-1,-1,-1,-1,8,E01035603,0,2
2024340WN3102,2024,340WN3102,1,19,0,-1,19,5,1,-1,0,1,5,0,0,0,1,1,-1,6,3,-1,-1,-1,-1,-1,-1,-1,-1,0,-1
2024010534037,2024,010534037,2,9,0,9,9,7,6,0,0,5,0,0,0,0,1,1,6,6,3,-1,-1,-1,-1,-1,-1,-1,-1,0,-1
2024440360398,2024,440360398,2,19,0,18,19,1,0,0,0,0,0,0,0,0,4,1,6,6,3,-1,-1,-1,-1,-1,-1,-1,-1,0,-1
2024461504990,2024,461504990,1,9,0,-1,5,8,4,-1,0,3,0,0,0,0,1,1,-1,6,2,39,7,-1,-1,-1,-1,4,E01016151,0,1
2024461448906,2024,461448906,1,9,0,-1,19,-1,-1,-1,0,0,0,0,0,0,1,9,-1,6,3,-1,-1,-1,-1,-1,-1,-1,-1,0,-1
2024010527126,2024,010527126,2,-1,9,18,19,7,3,4,4,8,9,0,0,0,1,9,6,6,1,-1,-1,-1,-1,-1,-1,-1,-1,1,-1
2024010493616,2024,010493616,1,9,0,9,9,8,6,0,0,8,0,0,0,0,3,1,1,1,1,41,7,-1,-1,-1,-1,9,E01003363,0,1
2024440056018,2024,440056018,2,8,0,2,2,0,0,0,0,0,0,0,0,0,4,1,1,1,3,-1,-1,-1,-1,-1,-1,-1,-1,0,-1
2024461429377,2024,461429377,2,9,0,-1,19,4,5,-1,0,0,0,0,0,0,2,9,-1,9,2,31,6,-1,-1,-1,-1,7,E01016123,0,1
2024201547705,2024,201547705,2,3,0,-1,12,6,2,-1,0,8,0,0,0,0,3,1,-1,6,1,24,5,-1,-1,-1,-1,4,E01009313,0,1
2024991485209,2024,991485209,1,1,0,-1,19,5,7,-1,0,1,0,0,0,0,1,1,-1,9,1,37,7,-1,-1,-1,-1,1,-1,0,1
2024461522527,2024,461522527,1,9,0,-1,19,2,6,-1,0,1,0,0,0,0,1,1,-1,9,1,21,5,-1,-1,-1,-1,4,E01024557,0,1
2024461401096,2024,461401096,5,9,0,-1,19,5,1,-1,0,0,1,0,0,0,1,9,-1,9,1,39,7,-1,-1,-1,-1,5,E01024356,0,2
2024010502353,2024,010502353,1,1,9,99,99,9,9,99,99,9,9,99,9,99,9,1,6,6,1,53,8,-1,-1,-1,-1,2,E01034190,0,1
2024531393650,2024,531393650,2,1,0,-1,19,5,3,-1,0,0,0,0,0,0,2,1,-1,2,1,54,8,-1,-1,-1,-1,2,E01022458,0,1
2024430608010,2024,430608010,2,9,0,18,19,-1,-1,0,0,4,0,0,0,0,1,1,6,6,2,55,8,-1,-1,-1,-1,-1,-1,0,-1
2024421450551,2024,421450551,1,1,0,-1,5,5,1,-1,0,6,0,0,0,0,3,1,-1,9,1,12,3,-1,-1,-1,-1,8,E01021599,0,1
2024010532942,2024,010532942,1,1,9,99,99,9,9,99,99,9,9,99,9,99,9,1,2,2,1,38,7,-1,-1,-1,-1,8,E01004156,0,1
2024411435235,2024,411435235,2,1,0,-1,3,2,6,-1,0,1,0,0,0,0,2,1,-1,9,1,14,3,-1,-1,-1,-1,6,E01021794,0,1
2024061486448,2024,061486448,1,1,0,-1,19,-1,-1,-1,0,1,0,0,0,0,3,1,-1,1,1,21,5,-1,-1,-1,-1,7,E01006169,0,1
2024010492616,2024,010492616,1,9,0,18,19,5,1,0,0,2,0,0,0,0,1,1,6,6,1,35,6,-1,-1,-1,-1,3,E01002404,0,1
2024302400930,2024,302400930,1,11,0,5,5,4,6,0,0,4,0,0,0,0,1,1,6,6,3,-1,-1,-1,-1,-1,-1,-1,-1,0,-1
2024461448857,2024,461448857,1,98,4,-1,5,-1,-1,-1,0,0,0,0,0,0,1,9,-1,1,1,-1,-1,-1,-1,-1,-1,-1,-1,0,-1
2024522401853,2024,522401853,2,9,0,18,19,7,3,0,0,0,0,0,0,0,1,1,6,6,3,-1,-1,-1,-1,-1,-1,-1,-1,0,-1
2024311430599,2024,311430599,1,9,0,-1,19,5,1,-1,9,0,0,0,0,0,-1,1,-1,6,3,-1,-1,-1,-1,-1,-1,-1,-1,0,-1
2024070268478,2024,070268478,2,9,0,18,19,8,4,0,0,4,0,0,0,0,4,1,6,6,2,78,11,-1,-1,-1,-1,9,E01018333,0,1
2024010487818,2024,010487818,1,9,0,18,19,3,7,0,0,0,0,0,0,0,1,1,6,6,2,25,5,-1,-1,-1,-1,9,E01002271,0,3
2024031399391,2024,031399391,1,9,0,-1,19,8,2,-1,0,0,1,0,0,0,4,9,-1,6,2,38,7,-1,-1,-1,-1,-1,-1,0,-1
2024070861582,2024,070861582,1,1,0,-1,19,9,9,-1,0,0,0,0,0,0,1,1,-1,6,3,-1,-1,-1,-1,-1,-1,-1,-1,0,-1
2024010488487,2024,010488487,2,9,0,18,19,7,3,0,0,2,0,0,0,0,1,1,6,6,3,-1,-1,-1,-1,-1,-1,-1,-1,0,-1
202417M106824,2024,17M106824,1,1,0,-1,9,7,6,-1,0,8,0,0,0,0,3,1,-1,9,1,22,5,-1,-1,-1,-1,3,E01012239,0,1
2024340NN0552,2024,340NN0552,1,9,0,-1,19,2,6,-1,0,1,0,0,0,0,1,1,-1,6,1,-1,-1,-1,-1,-1,-1,-1,-1,0,-1
2024122401052,2024,122401052,1,9,0,16,19,5,1,0,0,1,0,0,7,9,1,1,6,6,1,50,8,-1,-1,-1,-1,5,E01034968,0,3
2024430001241,2024,430001241,1,9,0,14,14,7,3,0,0,0,0,0,0,0,1,1,1,1,1,75,10,-1,-1,-1,-1,10,E01016315,0,1
2024061486598,2024,061486598,1,1,0,-1,4,6,2,-1,9,0,0,0,0,0,3,1,-1,6,1,56,9,-1,-1,-1,-1,1,E01034133,0,1
2024991415891,2024,991415891,2,1,0,-1,19,7,3,-1,0,1,2,0,0,0,1,1,-1,6,2,31,6,-1,-1,-1,-1,5,-1,0,4
2024311534101,2024,311534101,2,1,0,-1,4,4,8,-1,0,8,0,0,0,0,2,1,-1,6,3,46,8,-1,-1,-1,-1,3,E01028310,0,1
2024061448166,2024,061448166,2,1,0,-1,19,-1,-1,-1,0,1,0,4,0,0,1,1,-1,6,1,-1,-1,-1,-1,-1,-1,1,E01005762,0,1
2024440375194,2024,440375194,3,9,0,18,19,2,6,0,0,0,0,0,0,0,1,1,3,7,1,48,8,-1,-1,-1,-1,2,E01015861,0,5
2024430027147,2024,430027147,1,9,0,18,19,6,2,0,0,1,0,0,0,0,2,1,6,6,2,40,7,-1,-1,-1,-1,7,E01016574,0,2
202460Q065028,2024,60Q065028,1,21,1,18,19,3,7,0,0,0,0,0,0,0,4,1,1,1,3,-1,-1,-1,-1,-1,-1,-1,-1,0,-1
2024421422462,2024,421422462,2,1,0,-1,19,7,3,-1,0,8,0,0,0,0,1,1,-1,6,1,26,6,-1,-1,-1,-1,3,E01015900,0,1
2024471528770,2024,471528770,2,1,0,-1,5,7,3,-1,0,1,0,0,7,0,3,1,-1,1,1,35,6,-1,-1,-1,-1,2,E01016945,0,1
2024991470300,2024,991470300,1,9,0,-1,19,8,4,-1,0,0,0,0,0,0,0,1,-1,6,3,17,4,-1,-1,-1,-1,-1,-1,0,-1
2024141536520,2024,141536520,1,9,0,-1,7,5,7,-1,0,1,0,0,0,0,1,9,-1,6,1,41,7,-1,-1,-1,-1,6,E01007795,0,1
2024010548559,2024,010548559,1,1,9,99,99,9,9,99,99,9,9,99,9,99,1,1,2,2,1,43,7,-1,-1,-1,-1,4,E01000164,0,2
2024430030164,2024,430030164,2,9,0,18,19,4,8,0,0,0,0,0,0,0,1,1,6,6,1,74,10,-1,-1,-1,-1,-1,-1,0,-1
2024421485217,2024,421485217,2,1,0,-1,9,5,3,-1,1,8,0,0,0,0,1,1,-1,9,2,26,6,-1,-1,-1,-1,2,E01021703,0,1
2024010533839,2024,010533839,1,9,0,99,99,9,9,99,99,9,9,99,9,99,2,9,6,6,3,34,6,-1,-1,-1,-1,-1,-1,0,-1
2024010516048,2024,010516048,2,1,0,18,19,7,3,0,0,1,0,0,0,0,1,1,1,1,1,18,4,-1,-1,-1,-1,6,E01002662,0,1
2024201436689,2024,201436689,1,9,0,-1,9,2,6,-1,0,6,0,0,0,0,1,9,-1,6,2,18,4,-1,-1,-1,-1,-1,-1,0,-1
2024461404073,2024,461404073,2,9,0,-1,10,5,1,-1,0,1,0,0,0,0,2,9,-1,6,2,37,7,-1,-1,-1,-1,9,E01024331,0,1
2024522401573,2024,522401573,2,8,0,9,9,5,2,0,0,6,0,0,0,0,1,1,1,1,3,-1,-1,-1,-1,-1,-1,-1,-1,0,-1
2024320557420,2024,320557420,2,1,0,-1,-1,8,4,0,0,0,5,0,1,0,3,1,1,1,1,23,5,-1,-1,-1,-1,6,E01026047,0,1
2024010509610,2024,010509610,2,1,0,18,19,5,1,0,0,1,0,0,0,0,4,1,6,6,1,34,6,-1,-1,-1,-1,7,E01034361,0,3
2024440106382,2024,440106382,2,9,0,18,19,1,5,0,0,2,0,0,7,10,1,1,6,6,1,25,5,-1,-1,-1,-1,7,E01032748,0,2
2024221519314,2024,221519314,2,1,0,-1,19,3,7,-1,0,8,0,0,0,0,1,1,-1,2,1,44,7,-1,-1,-1,-1,9,E01035059,0,1
2024010512305,2024,010512305,1,1,0,18,19,5,1,0,0,1,0,0,0,0,2,1,6,6,1,20,4,-1,-1,-1,-1,2,E01001746,0,1
2024131509137,2024,131509137,3,1,0,-1,19,1,5,-1,0,0,0,0,0,0,0,1,-1,6,1,70,10,-1,-1,-1,-1,9,E01011086,0,2
2024010500715,2024,010500715,1,9,0,99,99,9,9,99,99,9,9,99,9,99,2,9,6,6,2,21,5,-1,-1,-1,-1,2,E01001554,0,1
2024010531179,2024,010531179,2,1,0,18,19,1,5,0,0,8,0,0,0,0,4,1,6,6,2,29,6,-1,-1,-1,-1,2,E01003207,0,1
2024552401164,2024,552401164,1,1,0,18,19,1,5,0,0,0,0,4,0,0,1,1,6,6,1,48,8,-1,-1,-1,-1,8,E01015447,0,2
2024440478652,2024,440478652,2,1,0,18,19,5,1,0,0,8,0,0,0,0,1,1,6,6,2,43,7,-1,-1,-1,-1,1,E01017154,0,1
2024010548038,2024,010548038,1,1,9,99,99,9,9,99,99,9,9,99,9,99,9,1,2,2,2,44,7,-1,-1,-1,-1,5,E01000583,0,1
2024070063283,2024,070063283,1,9,0,18,19,5,1,0,0,0,0,0,0,0,4,1,6,6,3,-1,-1,-1,-1,-1,-1,-1,-1,0,-1
2024052401984,2024,052401984,1,1,0,18,19,5,1,0,0,1,0,0,0,0,1,1,6,6,2,6,2,-1,-1,-1,-1,1,E01007089,0,1
2024010492283,2024,010492283,1,9,0,18,19,5,1,0,0,3,0,0,0,0,1,1,6,6,2,46,8,-1,-1,-1,-1,4,E01002279,0,1
2024522401535,2024,522401535,2,1,0,18,19,7,3,0,0,8,0,0,0,0,1,1,6,6,1,13,3,-1,-1,-1,-1,1,E01014585,0,1
2024010550200,2024,010550200,2,90,0,99,99,9,9,99,99,9,9,99,9,99,1,9,6,6,3,-1,-1,-1,-1,-1,-1,9,E01031685,0,4
2024052402756,2024,052402756,2,1,0,18,19,3,7,0,0,1,0,0,0,0,1,1,6,6,1,15,3,-1,-1,-1,-1,1,E01006461,0,1
2024010490823,2024,010490823,2,9,9,99,99,9,9,99,99,9,0,0,9,0,9,9,6,6,3,-1,-1,-1,-1,-1,-1,-1,-1,0,-1
2024440289551,2024,440289551,1,9,0,16,19,5,1,0,0,0,0,4,0,0,1,1,6,6,2,19,4,-1,-1,-1,-1,4,E01023106,0,1
2024010521359,2024,010521359,2,1,9,99,99,9,9,99,99,9,9,99,9,99,9,1,6,6,3,-1,-1,-1,-1,-1,-1,-1,-1,0,-1
2024010488941,2024,010488941,1,8,0,18,19,2,6,0,0,2,0,0,0,0,4,1,2,2,1,61,9,-1,-1,-1,-1,4,E01004355,0,2
2024010528036,2024,010528036,1,1,9,99,99,9,9,99,99,9,9,99,9,99,1,1,2,2,1,32,6,-1,-1,-1,-1,6,E01001573,0,1
2024010495021,2024,010495021,1,9,0,99,99,9,9,99,99,9,9,99,9,99,3,9,6,6,1,59,9,-1,-1,-1,-1,5,E01000620,0,1
2024070654495,2024,070654495,1,1,0,4,4,3,7,0,0,1,1,0,0,0,1,1,6,6,1,16,4,-1,-1,-1,-1,4,E01018452,0,1
2024461480438,2024,461480438,1,9,0,-1,19,1,5,-1,0,0,0,0,0,0,1,1,-1,6,1,30,6,-1,-1,-1,-1,5,E01024345,0,1
2024430041585,2024,430041585,1,9,0,18,19,8,4,0,0,0,0,0,0,0,1,1,6,6,3,-1,-1,-1,-1,-1,-1,-1,-1,0,-1
2024010493386,2024,010493386,2,19,0,5,5,2,6,0,0,1,0,0,0,0,1,1,6,6,1,27,6,-1,-1,-1,-1,2,E01016520,0,4
2024010542520,2024,010542520,1,9,9,99,99,9,9,99,99,9,9,99,9,99,9,9,6,6,3,-1,-1,-1,-1,-1,-1,-1,-1,0,-1
2024531466231,2024,531466231,2,1,0,-1,19,5,1,-1,0,2,0,11,1,0,3,1,-1,9,1,40,7,-1,-1,-1,-1,9,E01031935,0,3
2024471503245,2024,471503245,1,9,0,-1,19,3,1,-1,0,1,0,0,0,0,1,1,-1,9,1,69,10,-1,-1,-1,-1,10,E01016930,0,3
2024010543941,2024,010543941,1,1,9,99,99,9,9,99,99,0,9,99,9,99,9,1,2,2,1,50,8,-1,-1,-1,-1,5,E01002167,0,3
2024141483804,2024,141483804,2,9,0,-1,3,7,3,-1,0,0,0,0,0,0,1,9,-1,6,3,-1,-1,-1,-1,-1,-1,-1,-1,0,-1
2024141535631,2024,141535631,2,9,0,-1,5,4,8,-1,0,6,0,0,0,0,4,1,-1,2,2,53,8,-1,-1,-1,-1,6,E01008134,0,1
2024522403448,2024,522403448,2,9,0,18,19,5,1,0,0,8,0,4,0,0,1,1,6,6,1,27,6,-1,-1,-1,-1,3,E01014941,0,1
2024122500193,2024,122500193,4,4,0,4,4,5,1,0,0,0,0,0,0,0,0,1,6,6,1,63,9,-1,-1,-1,-1,2,E01013349,0,2
2024010503894,2024,010503894,2,9,0,5,5,1,5,0,0,8,0,0,0,0,1,1,6,6,3,-1,-1,-1,-1,-1,-1,-1,-1,0,-1
2024010488120,2024,010488120,1,3,0,99,99,9,9,99,99,9,9,99,9,99,1,1,6,6,1,48,8,-1,-1,-1,-1,3,E01004023,0,3
2024430030866,2024,430030866,2,9,0,16,19,1,3,0,0,8,0,0,0,0,1,9,6,6,1,-1,-1,-1,-1,-1,-1,-1,-1,0,-1
2024311493424,2024,311493424,1,9,0,-1,5,3,7,-1,1,2,0,0,0,0,4,1,-1,1,1,32,6,-1,-1,-1,-1,-1,-1,0,-1
2024010526098,2024,010526098,1,1,0,15,15,5,1,0,0,1,0,10,1,0,4,1,6,6,1,25,5,-1,-1,-1,-1,2,E01002669,0,1
2024201461468,2024,201461468,2,9,0,-1,19,6,2,-1,0,1,5,0,0,0,2,1,-1,6,-1,-1,-1,-1,-1,-1,-1,-1,-1,0,-1
2024131471028,2024,131471028,1,9,0,-1,19,7,3,-1,0,8,0,0,0,0,4,1,-1,2,2,43,7,-1,-1,-1,-1,4,E01011231,0,3
2024010548686,2024,010548686,2,1,0,18,19,3,7,0,0,2,0,0,0,0,1,1,2,2,1,60,9,-1,-1,-1,-1,8,E01003426,0,1
202417S412924,2024,17S412924,2,1,0,-1,19,8,4,-1,0,8,0,0,0,0,1,1,-1,9,1,58,9,-1,-1,-1,-1,-1,-1,0,-1
2024131413039,2024,131413039,2,1,0,-1,19,1,3,-1,0,8,0,0,0,0,1,1,-1,6,1,56,9,-1,-1,-1,-1,1,E01010742,0,1
2024122400613,2024,122400613,2,9,0,18,19,8,4,0,0,0,0,0,1,0,3,1,6,6,1,72,10,-1,-1,-1,-1,7,E01027571,0,2
2024010540766,2024,010540766,2,97,0,99,99,9,9,99,99,9,9,99,9,99,1,9,6,6,3,-1,-1,-1,-1,-1,-1,-1,-1,0,-1
2024010495687,2024,010495687,2,9,0,18,19,3,7,0,0,0,0,0,0,0,2,1,1,1,1,37,7,-1,-1,-1,-1,3,E01004567,0,1
2024501488081,2024,501488081,2,9,0,-1,19,8,4,-1,0,0,0,0,0,0,1,1,-1,9,2,50,8,-1,-1,-1,-1,8,E01018510,0,5
2024991415736,2024,991415736,1,9,0,-1,19,3,7,-1,0,1,0,0,0,0,1,1,-1,7,2,44,7,-1,-1,-1,-1,9,-1,0,1
2024522401447,2024,522401447,2,9,0,18,19,3,7,0,0,4,0,0,0,0,3,1,6,6,3,-1,-1,-1,-1,-1,-1,-1,-1,0,-1
2024520403046,2024,520403046,3,19,0,18,19,4,8,0,0,8,0,0,0,0,1,1,6,6,1,56,9,-1,-1,-1,-1,9,W01001968,0,4
2024991484600,2024,991484600,2,1,0,-1,19,4,8,-1,0,1,0,0,0,0,1,1,-1,2,1,49,8,-1,-1,-1,-1,8,-1,0,2
2024010493246,2024,010493246,2,9,0,99,99,9,9,99,99,5,9,99,9,99,1,9,6,6,3,-1,-1,-1,-1,-1,-1,-1,-1,0,-1
2024471431867,2024,471431867,1,5,0,-1,4,1,1,-1,0,0,1,0,0,0,1,1,-1,6,1,58,9,-1,-1,-1,-1,7,E01017086,0,4
2024010519452,2024,010519452,1,9,0,18,19,7,3,0,0,2,0,0,0,0,4,1,6,6,3,24,5,-1,-1,-1,-1,-1,-1,0,-1
2024010539505,2024,010539505,2,1,0,16,19,1,3,0,0,2,0,0,0,0,1,1,1,1,1,24,5,-1,-1,-1,-1,4,E01000473,0,1
2024430540489,2024,430540489,2,1,0,18,19,2,6,0,0,0,0,0,0,0,3,1,6,6,1,36,7,-1,-1,-1,-1,8,E01016780,0,1
2024201439434,2024,201439434,2,-1,0,-1,19,4,7,-1,0,0,0,0,0,0,4,1,-1,2,1,26,6,-1,-1,-1,-1,4,E01010015,1,1
2024440397401,2024,440397401,2,1,0,18,19,5,1,0,0,8,0,0,0,0,3,1,6,6,1,46,8,-1,-1,-1,-1,9,E01014465,0,5
2024131489706,2024,131489706,1,9,0,-1,9,3,5,-1,0,5,0,0,0,0,4,1,-1,6,1,38,7,-1,-1,-1,-1,10,E01028089,0,4
2024320269503,2024,320269503,2,1,0,-1,-1,2,6,0,0,0,0,4,0,0,1,1,6,6,1,15,3,-1,-1,-1,-1,9,E01026304,0,1
2024991396354,2024,991396354,2,9,0,-1,9,3,7,-1,0,2,0,0,0,0,1,1,-1,6,3,40,7,-1,-1,-1,-1,-1,-1,0,-1
2024471449637,2024,471449637,1,9,0,-1,19,1,5,-1,0,1,0,0,0,0,3,2,-1,6,1,44,7,-1,-1,-1,-1,6,E01031817,0,1
2024010491787,2024,010491787,2,9,0,9,9,3,8,0,0,1,0,0,0,0,4,1,1,1,1,24,5,-1,-1,-1,-1,-1,-1,0,-1
2024520401333,2024,520401333,1,19,0,4,4,2,5,0,0,1,0,0,0,0,1,1,6,6,1,45,7,-1,-1,-1,-1,10,E01029115,0,2
2024451437854,2024,451437854,1,1,0,-1,19,1,5,-1,0,0,0,0,0,0,1,1,-1,6,1,31,6,-1,-1,-1,-1,3,E01031482,0,4
2024010533485,2024,010533485,1,1,0,18,19,5,1,0,0,0,0,12,0,0,1,1,6,6,1,28,6,-1,-1,-1,-1,4,E01003020,0,3
2024451458719,2024,451458719,2,1,0,-1,19,1,5,-1,0,1,5,0,0,0,1,1,-1,9,1,40,7,-1,-1,-1,-1,6,E01030424,0,3
2024351441152,2024,351441152,2,9,0,-1,19,5,1,-1,0,0,0,0,1,0,4,1,-1,6,1,48,8,-1,-1,-1,-1,5,E01018157,0,1
2024010498280,2024,010498280,2,1,0,18,19,1,5,0,0,2,0,0,0,0,1,1,6,6,1,11,3,-1,-1,-1,-1,9,E01000712,0,1
2024991432007,2024,991432007,1,97,0,-1,19,7,3,-1,0,0,0,0,0,0,1,1,-1,6,1,18,4,-1,-1,-1,-1,1,-1,0,1
2024161479224,2024,161479224,1,1,0,-1,19,3,7,-1,4,0,0,0,0,0,0,1,-1,6,1,27,6,-1,-1,-1,-1,4,E01012776,0,1
2024461491662,2024,461491662,1,9,0,-1,19,2,6,-1,0,0,0,4,1,0,2,9,-1,6,1,41,7,-1,-1,-1,-1,-1,-1,0,-1
2024161407576,2024,161407576,1,1,0,-1,19,3,7,-1,0,1,0,0,0,0,4,1,-1,1,1,29,6,-1,-1,-1,-1,1,E01012850,0,1
2024201480594,2024,201480594,2,-1,0,-1,19,2,6,-1,0,0,0,8,0,0,1,1,-1,2,1,25,5,-1,-1,-1,-1,1,E01033648,1,1
2024351452608,2024,351452608,1,9,0,-1,2,0,0,-1,-1,0,0,0,0,0,3,1,-1,6,3,-1,-1,-1,-1,-1,-1,-1,-1,0,-1
2024461471443,2024,461471443,2,1,0,-1,19,3,7,-1,0,1,0,0,0,0,1,1,-1,6,1,12,3,-1,-1,-1,-1,4,E01024492,0,1
2024440009050,2024,440009050,2,1,0,17,19,7,4,0,0,8,0,0,0,0,1,1,6,6,1,52,8,-1,-1,-1,-1,8,E01023170,0,1
2024332401184,2024,332401184,1,1,0,-1,5,1,5,-1,0,1,0,0,0,0,1,1,-1,9,1,66,10,-1,-1,-1,-1,6,E01013609,0,1
2024010527820,2024,010527820,1,1,9,99,99,9,9,99,99,0,9,99,9,99,1,1,2,2,1,29,6,-1,-1,-1,-1,4,E01003031,0,1
2024161506562,2024,161506562,1,9,9,-1,99,1,5,-1,99,0,9,99,9,0,9,9,-1,6,1,-1,-1,-1,-1,-1,-1,-1,-1,0,-1
2024421452332,2024,421452332,1,9,0,-1,19,6,2,-1,0,1,0,0,0,0,1,9,-1,6,3,-1,-1,-1,-1,-1,-1,-1,-1,0,-1
2024332400114,2024,332400114,1,9,0,-1,9,3,8,-1,0,6,0,0,0,0,4,1,-1,6,1,83,11,-1,-1,-1,-1,7,E01025674,0,1
2024451458951,2024,451458951,1,9,0,-1,19,1,5,-1,0,1,0,0,2,4,1,1,-1,9,1,18,4,-1,-1,-1,-1,4,E01030788,0,3
2024371440775,2024,371440775,1,9,0,-1,4,7,3,-1,0,0,0,0,0,0,4,1,-1,9,1,41,7,-1,-1,-1,-1,6,E01030002,0,2
2024371442531,2024,371442531,1,9,0,-1,19,2,8,-1,0,3,0,0,0,0,1,9,-1,6,3,-1,-1,-1,-1,-1,-1,-1,-1,0,-1
2024101520936,2024,101520936,1,9,0,-1,19,5,1,-1,0,8,0,0,0,0,0,9,-1,6,3,-1,-1,-1,-1,-1,-1,-1,-1,0,-1
2024041569079,2024,041569079,2,1,0,-1,19,6,2,-1,0,0,0,0,0,0,1,1,-1,6,1,65,9,-1,-1,-1,-1,3,E01024889,0,3
2024010496160,2024,010496160,2,9,0,9,9,2,7,0,0,1,0,0,0,0,1,1,6,6,1,33,6,-1,-1,-1,-1,9,E01023036,0,5