collision_index,collision_year,collision_ref_no,vehicle_reference,vehicle_type,towing_and_articulation,vehicle_manoeuvre_historic,vehicle_manoeuvre,vehicle_direction_from,vehicle_direction_to,vehicle_location_restricted_lane_historic,vehicle_location_restricted_lane,junction_location,skidding_and_overturning,hit_object_in_carriageway,vehicle_leaving_carriageway,hit_object_off_carriageway,first_point_of_impact,vehicle_left_hand_drive,journey_purpose_of_driver_historic,journey_purpose_of_driver,sex_of_driver,age_of_driver,age_band_of_driver,engine_capacity_cc,propulsion_code,age_of_vehicle,generic_make_model,driver_imd_decile,lsoa_of_driver,escooter_flag,driver_distance_banding
2024461429649,2024,461429649,2,9,0,-1,9,2,3,-1,0,1,0,0,0,0,2,9,-1,9,2,45,7,-1,-1,-1,-1,6,E01024234,0,2
2024010494211,2024,010494211,2,9,0,99,99,9,9,99,99,9,9,99,9,99,9,9,6,6,3,-1,-1,-1,-1,-1,-1,-1,-1,0,-1
2024461429022,2024,461429022,1,9,0,-1,7,6,5,-1,0,6,0,0,0,0,3,1,-1,2,1,36,7,-1,-1,-1,-1,5,E01035293,0,1
2024122500040,2024,122500040,2,16,0,18,19,8,4,0,0,0,0,0,0,0,3,1,6,6,2,29,6,-1,-1,-1,-1,5,E01027777,0,1
2024131525720,2024,131525720,1,23,0,-1,19,3,7,-1,0,0,0,0,0,0,1,1,-1,9,1,17,4,-1,-1,-1,-1,1,E01010617,0,1
2024430043583,2024,430043583,1,9,0,16,19,4,8,0,0,0,2,0,7,9,1,1,6,6,1,18,4,-1,-1,-1,-1,8,E01016801,0,2
2024010487453,2024,010487453,1,9,0,5,5,6,2,0,0,8,0,0,0,0,1,1,6,6,3,-1,-1,-1,-1,-1,-1,-1,-1,0,-1
2024461460203,2024,461460203,1,1,0,-1,19,3,7,-1,0,4,0,0,0,0,1,1,-1,9,1,18,4,-1,-1,-1,-1,7,E01016087,0,1
2024010533364,2024,010533364,2,1,0,18,19,3,7,0,0,8,0,0,0,0,1,1,6,6,1,12,3,-1,-1,-1,-1,3,E01003911,0,1
2024320248200,2024,320248200,2,1,0,-1,-1,4,8,0,0,8,0,0,0,0,4,1,-1,-1,1,64,9,-1,-1,-1,-1,8,E01026335,0,1
2024302400015,2024,302400015,1,9,0,17,19,6,3,0,0,0,0,0,0,0,1,1,6,6,3,-1,-1,-1,-1,-1,-1,5,E01019456,0,4
2024010550421,2024,010550421,2,21,1,18,19,5,1,0,0,8,0,0,0,0,3,2,1,1,1,44,7,-1,-1,-1,-1,-1,-1,0,-1
2024430520868,2024,430520868,1,9,0,12,12,4,8,0,0,0,0,0,0,0,3,1,6,6,3,-1,-1,-1,-1,-1,-1,-1,-1,0,-1
2024010497171,2024,010497171,2,1,0,18,19,1,5,0,0,1,0,0,0,0,1,1,6,6,1,18,4,-1,-1,-1,-1,2,E01000121,0,1
2024052401703,2024,052401703,1,9,0,18,19,6,2,0,0,4,0,0,0,0,4,1,6,6,3,-1,-1,-1,-1,-1,-1,-1,-1,0,-1
2024010507453,2024,010507453,1,11,0,99,99,9,9,99,99,9,9,99,9,99,1,1,1,1,1,54,8,-1,-1,-1,-1,2,E01034208,0,3
2024010506542,2024,010506542,2,1,0,5,5,4,8,0,0,8,0,0,0,0,3,1,6,6,2,39,7,-1,-1,-1,-1,7,E01003651,0,1
2024332401037,2024,332401037,2,9,0,-1,2,0,0,-1,0,0,0,0,0,0,1,1,-1,6,3,-1,-1,-1,-1,-1,-1,-1,-1,0,-1
2024141523888,2024,141523888,1,97,0,-1,4,6,1,-1,0,2,0,0,0,0,1,1,-1,6,1,15,3,-1,-1,-1,-1,1,E01007466,0,1
2024311412570,2024,311412570,2,1,0,-1,19,7,3,-1,0,1,0,0,0,0,1,1,-1,2,1,58,9,-1,-1,-1,-1,5,E01013816,0,1
2024361495833,2024,361495833,2,1,0,-1,19,2,6,-1,0,0,0,0,1,0,2,1,-1,6,1,30,6,-1,-1,-1,-1,5,E01026433,0,1
2024991523453,2024,991523453,1,9,0,-1,9,7,4,-1,0,2,0,0,0,0,1,1,-1,9,1,50,8,-1,-1,-1,-1,2,-1,0,2
2024052402381,2024,052402381,2,1,0,18,19,2,6,0,0,1,0,0,0,0,4,1,2,2,1,25,5,-1,-1,-1,-1,1,E01033747,0,1
2024141462463,2024,141462463,2,1,0,-1,19,3,7,-1,0,0,0,0,0,0,3,1,-1,6,1,76,11,-1,-1,-1,-1,9,E01007603,0,1
2024070135002,2024,070135002,1,9,0,18,19,8,4,6,6,0,0,0,0,0,4,1,6,6,2,55,8,-1,-1,-1,-1,3,E01018729,0,1
2024221430135,2024,221430135,1,9,0,-1,1,3,7,-1,0,8,0,0,0,0,2,9,-1,6,1,73,10,-1,-1,-1,-1,8,E01014040,0,1
2024010533675,2024,010533675,2,1,0,9,9,5,4,0,0,4,0,0,0,0,3,1,6,6,2,55,8,-1,-1,-1,-1,3,E01000523,0,1
2024010489501,2024,010489501,2,3,0,3,3,7,3,0,0,1,0,0,0,0,2,1,1,1,2,40,7,-1,-1,-1,-1,2,E01002100,0,1
2024361400669,2024,361400669,1,-1,0,-1,19,1,3,-1,0,1,0,0,0,0,0,1,-1,7,1,49,8,-1,-1,-1,-1,5,E01026873,1,4
2024430352282,2024,430352282,2,1,0,3,3,5,1,0,0,1,0,0,0,0,2,1,6,6,1,62,9,-1,-1,-1,-1,8,E01017814,0,1
2024430026588,2024,430026588,1,9,0,18,19,4,8,0,0,0,0,4,0,0,1,1,1,1,1,61,9,-1,-1,-1,-1,10,E01016318,0,1
2024332400130,2024,332400130,1,9,0,-1,19,8,2,-1,0,0,0,0,0,0,1,1,-1,6,1,50,8,-1,-1,-1,-1,7,E01025812,0,3
2024430073648,2024,430073648,2,1,0,18,19,1,5,0,0,8,0,0,0,0,1,1,3,7,2,36,7,-1,-1,-1,-1,8,E01028510,0,1
2024010531953,2024,010531953,1,9,0,99,99,9,9,99,99,9,9,99,9,99,1,9,6,6,3,-1,-1,-1,-1,-1,-1,-1,-1,0,-1
2024421507430,2024,421507430,1,1,0,-1,19,5,5,-1,5,1,0,0,0,0,1,1,-1,6,1,33,6,-1,-1,-1,-1,7,E01001474,0,3
2024010494256,2024,010494256,2,9,0,2,2,0,0,2,2,2,0,0,0,0,2,1,6,6,3,-1,-1,-1,-1,-1,-1,-1,-1,0,-1
2024440362419,2024,440362419,1,20,0,4,4,2,6,0,0,0,1,0,0,0,1,1,1,1,1,24,5,-1,-1,-1,-1,3,E01022801,0,4
2024061528520,2024,061528520,1,99,0,-1,9,6,4,-1,0,1,0,0,0,0,-1,9,-1,6,3,-1,-1,-1,-1,-1,-1,-1,-1,0,-1
2024131458970,2024,131458970,1,1,0,-1,19,7,3,-1,0,8,5,0,0,0,1,1,-1,6,1,72,10,-1,-1,-1,-1,7,E01024914,0,3
2024010521548,2024,010521548,2,9,0,4,4,5,1,0,0,1,0,0,0,0,2,1,1,1,1,34,6,-1,-1,-1,-1,2,E01010336,0,5
2024421473775,2024,421473775,1,-1,0,-1,19,-1,-1,-1,0,0,0,0,0,0,1,1,-1,6,3,-1,-1,-1,-1,-1,-1,-1,-1,1,-1
2024010512206,2024,010512206,1,1,0,18,19,5,1,0,0,1,0,0,0,0,1,1,2,2,1,22,5,-1,-1,-1,-1,3,E01003326,0,1
2024201540107,2024,201540107,1,9,0,-1,19,8,4,-1,0,1,0,0,0,0,2,9,-1,6,3,-1,-1,-1,-1,-1,-1,-1,-1,0,-1
2024010496332,2024,010496332,2,9,0,18,19,3,7,0,0,0,0,0,0,0,1,1,6,6,2,23,5,-1,-1,-1,-1,2,E01004247,0,2
2024991465378,2024,991465378,1,9,0,-1,19,0,0,-1,0,0,0,0,0,0,3,1,-1,6,2,32,6,-1,-1,-1,-1,1,-1,0,1
2024141489907,2024,141489907,2,9,0,-1,19,1,5,-1,0,8,0,0,0,0,1,9,-1,6,3,-1,-1,-1,-1,-1,-1,-1,-1,0,-1
2024201501360,2024,201501360,2,1,0,-1,19,2,6,-1,9,8,0,0,0,0,1,1,-1,6,1,43,7,-1,-1,-1,-1,-1,-1,0,-1
2024991488485,2024,991488485,1,9,0,-1,19,1,5,-1,0,1,0,0,0,0,1,1,-1,2,1,38,7,-1,-1,-1,-1,7,-1,0,2
2024010543177,2024,010543177,2,9,0,99,99,9,9,99,99,9,9,99,9,99,9,9,6,6,3,-1,-1,-1,-1,-1,-1,-1,-1,0,-1
2024311441735,2024,311441735,1,9,0,-1,19,-1,-1,-1,0,0,0,0,0,0,1,1,-1,6,3,-1,-1,-1,-1,-1,-1,-1,-1,0,-1
2024010513059,2024,010513059,1,1,9,99,99,9,9,99,99,9,9,99,9,99,9,1,2,2,1,55,8,-1,-1,-1,-1,3,E01003251,0,1
2024501439792,2024,501439792,2,9,0,-1,19,7,3,-1,0,0,0,0,0,0,2,1,-1,2,1,35,6,-1,-1,-1,-1,5,E01019065,0,4
2024451460662,2024,451460662,2,9,0,-1,19,7,3,-1,0,0,0,0,1,7,2,2,-1,9,2,24,5,-1,-1,-1,-1,3,E01003438,0,4
2024302401063,2024,302401063,2,9,0,7,7,5,7,0,0,6,0,0,0,0,3,1,6,6,3,-1,-1,-1,-1,-1,-1,5,E01019456,0,3
2024010545896,2024,010545896,1,1,0,18,19,1,5,4,4,0,0,0,0,0,1,1,2,2,1,38,7,-1,-1,-1,-1,10,E01017751,0,4
2024311483053,2024,311483053,1,1,0,-1,19,6,2,-1,5,4,0,0,0,0,1,1,-1,6,1,27,6,-1,-1,-1,-1,-1,-1,0,-1
2024010487292,2024,010487292,2,9,0,16,19,1,5,0,0,8,0,0,0,0,1,1,6,6,2,35,6,-1,-1,-1,-1,3,E01034609,0,1
2024010542046,2024,010542046,1,9,0,18,19,5,1,0,0,8,1,0,0,0,1,1,6,6,1,21,5,-1,-1,-1,-1,3,E01002542,0,2
2024041430565,2024,041430565,2,98,0,-1,19,7,3,-1,0,0,0,0,0,0,1,1,-1,6,3,-1,-1,-1,-1,-1,-1,-1,-1,0,-1
2024161441379,2024,161441379,2,-1,0,-1,19,1,5,-1,0,0,0,0,0,0,0,1,-1,9,2,9,2,-1,-1,-1,-1,1,E01032595,1,1
2024451395025,2024,451395025,2,9,0,-1,19,7,3,-1,0,8,0,0,0,0,1,9,-1,6,3,40,7,-1,-1,-1,-1,-1,-1,0,-1
2024430424657,2024,430424657,2,19,0,18,19,4,1,0,0,0,0,0,0,0,4,1,6,6,1,30,6,-1,-1,-1,-1,4,E01002973,0,4
2024010543904,2024,010543904,1,1,9,99,99,9,9,4,4,0,9,99,9,99,9,1,6,6,2,49,8,-1,-1,-1,-1,3,E01004240,0,1
2024221429939,2024,221429939,2,9,0,-1,4,4,8,-1,0,1,0,0,0,0,1,9,-1,6,1,37,7,-1,-1,-1,-1,-1,-1,0,-1
2024430363787,2024,430363787,2,9,0,4,4,1,5,0,0,0,0,0,0,0,2,1,6,6,1,63,9,-1,-1,-1,-1,9,E01024997,0,5
2024010512226,2024,010512226,2,1,0,17,19,5,1,0,0,0,0,10,0,0,4,1,2,2,1,57,9,-1,-1,-1,-1,10,E01030418,0,2
2024311440421,2024,311440421,1,1,0,-1,19,5,1,-1,0,0,0,0,0,0,2,1,-1,9,1,12,3,-1,-1,-1,-1,-1,-1,0,-1
2024010548441,2024,010548441,1,9,0,18,19,5,1,9,9,2,0,0,1,0,1,1,6,6,3,-1,-1,-1,-1,-1,-1,-1,-1,0,-1
2024010496689,2024,010496689,1,9,0,99,99,9,9,99,99,9,9,99,9,99,2,9,6,6,2,19,4,-1,-1,-1,-1,10,E01002389,0,2
2024531423672,2024,531423672,2,1,0,-1,5,6,2,-1,0,8,0,0,0,0,3,1,-1,6,1,44,7,-1,-1,-1,-1,7,E01022303,0,1
2024052401503,2024,052401503,1,9,0,18,19,5,1,0,0,1,0,0,0,0,1,1,6,6,3,-1,-1,-1,-1,-1,-1,-1,-1,0,-1
2024471430975,2024,471430975,1,9,0,-1,-1,-1,-1,-1,-1,0,-1,-1,-1,0,-1,9,-1,6,3,-1,-1,-1,-1,-1,-1,-1,-1,0,-1
2024010503023,2024,010503023,1,1,9,99,99,9,9,99,99,9,9,99,9,99,1,1,1,1,1,24,5,-1,-1,-1,-1,5,E01000975,0,1
2024010525095,2024,010525095,2,1,9,99,99,9,9,99,99,6,9,99,9,99,1,1,1,1,1,-1,-1,-1,-1,-1,-1,-1,-1,0,-1
2024052400409,2024,052400409,1,9,0,18,19,3,7,0,0,2,0,0,0,0,1,1,6,6,1,-1,-1,-1,-1,-1,-1,-1,-1,0,-1
2024010497398,2024,010497398,2,98,0,99,99,9,9,99,99,9,9,99,9,99,9,9,6,6,3,-1,-1,-1,-1,-1,-1,6,E01003226,0,1
2024010494088,2024,010494088,1,21,0,5,5,1,5,0,0,1,0,0,0,0,1,1,1,1,1,44,7,-1,-1,-1,-1,2,E01003070,0,2
2024411492835,2024,411492835,2,1,0,-1,19,1,5,-1,0,8,0,0,0,0,1,1,-1,6,1,35,6,-1,-1,-1,-1,9,E01023660,0,1
2024010487436,2024,010487436,1,11,0,5,5,3,7,0,0,8,0,0,0,0,1,1,1,1,1,55,8,-1,-1,-1,-1,1,E01004670,0,1
2024430598727,2024,430598727,2,9,0,18,19,4,8,0,0,1,0,0,0,0,1,1,6,6,1,26,6,-1,-1,-1,-1,9,E01035266,0,2
2024320617752,2024,320617752,1,9,0,-1,-1,4,8,0,0,1,0,0,0,0,1,1,6,6,3,-1,-1,-1,-1,-1,-1,-1,-1,0,-1
2024061482443,2024,061482443,1,9,0,-1,9,-1,-1,-1,0,5,1,7,2,10,3,1,-1,6,2,-1,-1,-1,-1,-1,-1,2,E01005280,0,1
2024201484509,2024,201484509,1,99,0,-1,4,2,6,-1,0,0,0,0,0,0,1,9,-1,9,3,-1,-1,-1,-1,-1,-1,-1,-1,0,-1
2024070639551,2024,070639551,1,9,0,-1,-1,2,6,0,0,0,0,0,0,0,4,1,6,6,3,-1,-1,-1,-1,-1,-1,-1,-1,0,-1
2024061470921,2024,061470921,1,1,0,-1,19,-1,-1,-1,0,8,2,0,0,0,1,1,-1,9,1,62,9,-1,-1,-1,-1,2,E01004855,0,1
2024411529293,2024,411529293,1,20,-1,-1,-1,-1,-1,-1,-1,0,-1,-1,-1,0,-1,9,-1,6,3,-1,-1,-1,-1,-1,-1,-1,-1,0,-1
2024471472527,2024,471472527,2,99,-1,-1,12,3,7,-1,0,0,0,0,0,0,0,9,-1,6,3,-1,-1,-1,-1,-1,-1,-1,-1,0,-1
2024010530588,2024,010530588,1,1,0,18,19,7,3,0,0,5,0,0,0,0,1,1,6,6,1,39,7,-1,-1,-1,-1,2,E01003995,0,1
2024010546806,2024,010546806,1,9,0,-1,-1,3,7,0,0,0,0,0,0,0,3,1,6,6,2,56,9,-1,-1,-1,-1,-1,-1,0,-1
2024010511613,2024,010511613,2,9,0,99,99,9,9,99,99,9,9,99,9,99,1,9,6,6,3,-1,-1,-1,-1,-1,-1,-1,-1,0,-1
2024010524000,2024,010524000,1,1,0,18,19,7,3,0,0,0,5,0,0,0,1,1,6,6,1,36,7,-1,-1,-1,-1,9,E01000894,0,3
2024010509665,2024,010509665,2,9,0,99,99,9,9,99,99,9,9,99,9,99,9,9,6,6,3,-1,-1,-1,-1,-1,-1,-1,-1,0,-1
2024010531323,2024,010531323,1,1,9,18,19,6,2,99,99,9,9,99,9,99,9,1,6,6,3,-1,-1,-1,-1,-1,-1,-1,-1,0,-1
2024440309864,2024,440309864,1,90,0,18,19,3,7,0,0,0,0,0,0,0,1,1,6,6,3,-1,-1,-1,-1,-1,-1,-1,-1,0,-1
2024520401456,2024,520401456,2,9,9,18,19,1,7,0,0,8,0,0,0,0,1,9,6,6,3,-1,-1,-1,-1,-1,-1,-1,-1,0,-1
2024522401974,2024,522401974,1,9,0,18,19,2,6,0,0,0,0,0,0,0,1,1,6,6,3,-1,-1,-1,-1,-1,-1,-1,-1,0,-1
2024010533082,2024,010533082,1,1,0,18,19,5,1,0,0,1,0,0,0,0,1,1,6,6,1,48,8,-1,-1,-1,-1,4,E01001023,0,1
2024010496196,2024,010496196,2,9,0,3,3,2,6,0,0,0,0,0,0,0,2,1,2,2,2,40,7,-1,-1,-1,-1,3,E01004434,0,1
2024061519582,2024,061519582,2,1,0,-1,19,5,1,-1,0,0,0,0,0,0,1,1,-1,6,2,27,6,-1,-1,-1,-1,2,E01006352,0,1
2024010536218,2024,010536218,1,1,9,99,99,9,9,99,99,9,9,99,9,99,9,1,2,2,2,38,7,-1,-1,-1,-1,2,E01002767,0,1
2024010532940,2024,010532940,2,20,1,99,99,9,9,99,99,9,9,99,9,99,2,9,6,6,3,57,9,-1,-1,-1,-1,-1,-1,0,-1
2024211463202,2024,211463202,2,9,0,-1,19,1,5,-1,0,1,0,0,0,0,3,1,-1,9,2,36,7,-1,-1,-1,-1,6,E01029371,0,1
2024401465270,2024,401465270,1,21,1,-1,12,1,5,-1,0,0,0,0,0,0,3,2,-1,1,1,33,6,-1,-1,-1,-1,-1,-1,0,-1
2024141557883,2024,141557883,1,9,0,-1,1,1,5,-1,0,0,0,0,0,0,2,9,-1,6,1,-1,-1,-1,-1,-1,-1,-1,-1,0,-1
2024201471461,2024,201471461,1,9,0,-1,19,1,5,-1,0,6,0,0,0,0,0,9,-1,6,3,-1,-1,-1,-1,-1,-1,-1,-1,0,-1
2024471501813,2024,471501813,2,9,-1,-1,12,7,3,-1,0,0,0,0,0,0,3,9,-1,6,3,-1,-1,-1,-1,-1,-1,-1,-1,0,-1
2024010516070,2024,010516070,2,9,9,99,99,9,9,99,99,9,9,99,9,99,9,9,6,6,3,-1,-1,-1,-1,-1,-1,-1,-1,0,-1
2024010547833,2024,010547833,2,1,0,18,19,7,3,0,0,8,0,0,0,0,1,1,6,6,1,16,4,-1,-1,-1,-1,7,E01004700,0,1
2024481472306,2024,481472306,1,1,0,-1,19,3,7,-1,0,0,0,0,0,0,3,1,-1,2,2,53,8,-1,-1,-1,-1,-1,-1,0,-1
2024451513591,2024,451513591,2,9,0,-1,5,3,7,-1,0,0,0,0,0,0,3,1,-1,6,2,-1,-1,-1,-1,-1,-1,-1,-1,0,-1
2024010544869,2024,010544869,1,1,9,99,99,9,9,99,99,9,9,99,9,99,9,1,2,2,2,35,6,-1,-1,-1,-1,5,E01004513,0,1
2024070580423,2024,070580423,1,9,0,-1,-1,7,3,0,0,0,0,0,0,0,2,1,6,6,1,56,9,-1,-1,-1,-1,9,E01018696,0,3
2024052400363,2024,052400363,2,1,0,18,19,6,2,0,0,8,0,0,0,0,1,1,6,6,1,33,6,-1,-1,-1,-1,1,E01006762,0,1
2024010493152,2024,010493152,1,97,0,18,19,5,1,0,0,1,0,0,0,0,1,1,6,6,3,-1,-1,-1,-1,-1,-1,-1,-1,0,-1
2024010549759,2024,010549759,1,19,0,9,9,3,1,0,0,8,0,0,0,0,1,1,1,1,1,67,10,-1,-1,-1,-1,3,E01034387,0,1
2024010548497,2024,010548497,1,1,9,99,99,9,9,99,99,9,9,99,9,99,9,1,2,2,1,34,6,-1,-1,-1,-1,4,E01004392,0,1
2024991511465,2024,991511465,1,9,0,-1,19,1,4,-1,0,0,1,0,0,0,1,1,-1,9,1,63,9,-1,-1,-1,-1,4,-1,0,4
2024320215323,2024,320215323,2,9,0,-1,-1,8,4,0,0,1,0,0,0,0,2,1,6,6,1,34,6,-1,-1,-1,-1,1,E01026383,0,1
2024440469255,2024,440469255,2,1,0,15,15,3,7,0,0,8,0,0,0,0,1,1,6,6,1,27,6,-1,-1,-1,-1,8,E01017231,0,1
2024610012124,2024,610012124,1,5,0,16,19,5,8,0,0,0,1,10,0,0,1,1,6,6,1,62,9,-1,-1,-1,-1,2,E01014640,0,4
2024201405666,2024,201405666,2,1,0,-1,19,6,2,-1,0,8,0,0,0,0,1,1,-1,1,1,47,8,-1,-1,-1,-1,3,E01008950,0,2
2024161453715,2024,161453715,1,1,0,-1,19,4,8,-1,4,1,0,0,0,0,1,1,-1,6,1,44,7,-1,-1,-1,-1,9,E01012957,0,1
2024161500937,2024,161500937,1,11,-1,-1,-1,-1,-1,-1,-1,0,-1,-1,-1,0,-1,9,-1,1,3,-1,-1,-1,-1,-1,-1,-1,-1,0,-1
2024010545095,2024,010545095,2,1,0,16,19,5,1,1,1,0,0,0,0,0,3,1,6,6,1,46,8,-1,-1,-1,-1,2,E01032787,0,1
2024070360400,2024,070360400,1,-1,0,18,19,5,1,0,0,1,0,0,0,0,1,1,6,6,1,11,3,-1,-1,-1,-1,-1,-1,1,-1
2024031502736,2024,031502736,2,1,0,-1,19,1,1,-1,0,1,0,0,0,0,2,1,-1,6,1,41,7,-1,-1,-1,-1,-1,-1,0,-1
2024340NN0652,2024,340NN0652,1,9,0,-1,13,2,6,-1,0,2,0,0,0,0,1,1,-1,6,3,-1,-1,-1,-1,-1,-1,-1,-1,0,-1
2024361452656,2024,361452656,1,19,0,-1,19,4,8,-1,0,0,0,0,0,0,1,1,-1,6,1,50,8,-1,-1,-1,-1,5,E01018069,0,3
2024010493652,2024,010493652,1,9,0,9,9,5,2,0,0,5,0,0,0,0,1,1,6,6,1,23,5,-1,-1,-1,-1,8,E01000236,0,1
2024131443351,2024,131443351,2,1,0,-1,19,3,7,-1,0,1,5,0,0,0,1,1,-1,9,1,57,9,-1,-1,-1,-1,4,E01010678,0,1
2024010541054,2024,010541054,2,1,9,99,99,9,9,99,99,9,9,99,9,99,9,1,6,6,1,29,6,-1,-1,-1,-1,3,E01004403,0,1
2024010545434,2024,010545434,1,9,0,18,19,1,5,0,0,1,0,0,0,0,1,1,6,6,3,-1,-1,-1,-1,-1,-1,-1,-1,0,-1
2024070974755,2024,070974755,1,9,0,-1,19,7,3,-1,0,2,0,0,1,4,1,1,-1,9,1,43,7,-1,-1,-1,-1,1,E01012381,0,3
2024440216078,2024,440216078,2,1,0,18,19,1,5,0,0,0,0,0,0,0,3,1,6,6,1,60,9,-1,-1,-1,-1,8,E01023066,0,2
2024351553743,2024,351553743,2,1,0,-1,19,6,2,-1,0,0,0,0,0,0,1,1,-1,6,1,14,3,-1,-1,-1,-1,-1,-1,0,-1
2024544947124,2024,544947124,2,9,0,18,19,3,7,0,0,0,0,0,1,0,1,1,6,6,1,31,6,-1,-1,-1,-1,5,E01034642,0,5
2024201486358,2024,201486358,2,22,0,-1,19,6,7,-1,0,2,0,0,0,0,1,1,-1,6,1,91,11,-1,-1,-1,-1,3,E01009553,0,1
2024440513238,2024,440513238,2,1,0,18,19,4,8,0,0,8,0,0,0,0,3,1,6,6,1,28,6,-1,-1,-1,-1,1,E01017205,0,1
2024010548450,2024,010548450,2,9,0,99,99,9,9,99,99,9,9,99,9,99,1,9,6,6,3,-1,-1,-1,-1,-1,-1,-1,-1,0,-1
2024430535843,2024,430535843,2,1,0,18,19,5,1,0,0,3,0,0,0,0,1,1,6,6,1,69,10,-1,-1,-1,-1,8,E01016319,0,1
2024010497014,2024,010497014,2,3,0,18,19,7,3,2,2,1,5,0,0,0,1,1,1,1,1,25,5,-1,-1,-1,-1,2,E01003712,0,3
2024471496200,2024,471496200,2,1,0,-1,5,3,7,-1,0,0,0,0,0,0,4,1,-1,7,1,9,2,-1,-1,-1,-1,2,E01034826,0,1
2024010522192,2024,010522192,1,1,0,18,19,7,3,4,4,1,0,0,0,0,1,1,6,6,1,38,7,-1,-1,-1,-1,9,E01004559,0,1
2024131515790,2024,131515790,2,9,0,-1,19,5,1,-1,0,8,0,0,0,0,3,1,-1,6,2,57,9,-1,-1,-1,-1,8,E01011743,0,3
2024361437990,2024,361437990,2,9,-1,-1,19,7,3,-1,0,1,0,0,0,0,-1,9,-1,6,3,-1,-1,-1,-1,-1,-1,-1,-1,0,-1
2024052402670,2024,052402670,1,-1,0,18,19,8,4,0,0,8,0,0,0,0,1,1,6,6,1,25,5,-1,-1,-1,-1,-1,-1,1,-1
2024201437802,2024,201437802,1,8,0,-1,12,4,6,-1,0,3,0,0,0,0,3,9,-1,6,1,30,6,-1,-1,-1,-1,-1,-1,0,-1
2024201437778,2024,201437778,2,1,0,-1,19,1,5,-1,0,0,0,0,0,0,4,1,-1,9,1,20,4,-1,-1,-1,-1,1,E01009479,0,1
202460Q008432,2024,60Q008432,2,90,0,18,19,1,5,0,0,1,0,0,0,0,1,1,6,6,1,44,7,-1,-1,-1,-1,-1,-1,0,-1
2024501494610,2024,501494610,2,1,0,-1,9,3,1,-1,0,8,0,0,1,0,2,1,-1,2,1,60,9,-1,-1,-1,-1,4,E01020032,0,2
2024430261781,2024,430261781,2,2,0,18,19,4,8,0,0,0,0,0,0,0,4,1,6,6,1,30,6,-1,-1,-1,-1,-1,-1,0,-1
2024440099948,2024,440099948,1,9,0,14,14,1,5,0,0,0,0,0,0,0,1,1,2,2,2,39,7,-1,-1,-1,-1,4,E01017121,0,1
2024351430816,2024,351430816,1,1,0,-1,19,1,5,-1,0,0,0,0,0,0,2,1,-1,6,2,48,8,-1,-1,-1,-1,9,E01018238,0,1
2024320234534,2024,320234534,1,9,0,6,6,6,6,0,0,8,0,0,0,0,1,1,1,1,1,22,5,-1,-1,-1,-1,4,E01026016,0,3
2024141515868,2024,141515868,2,1,0,-1,19,5,1,-1,0,2,0,0,0,0,1,1,-1,6,1,33,6,-1,-1,-1,-1,1,E01007945,0,2
2024010518570,2024,010518570,1,1,9,99,99,9,9,99,99,9,9,99,9,99,1,1,3,7,1,13,3,-1,-1,-1,-1,3,E01002235,0,1
2024061467427,2024,061467427,2,9,0,-1,13,1,1,-1,0,2,0,4,0,0,4,9,-1,6,3,30,6,-1,-1,-1,-1,-1,-1,0,-1
2024311465387,2024,311465387,1,9,0,-1,4,3,7,-1,0,0,0,0,0,0,1,1,-1,6,1,30,6,-1,-1,-1,-1,-1,-1,0,-1
2024421463894,2024,421463894,2,1,0,-1,19,3,7,-1,0,0,0,0,0,0,2,1,-1,6,1,73,10,-1,-1,-1,-1,-1,-1,0,-1
2024201484509,2024,201484509,2,9,0,-1,3,2,6,-1,0,0,0,0,0,0,2,9,-1,9,1,23,5,-1,-1,-1,-1,1,E01009103,0,1
2024471414113,2024,471414113,1,9,0,-1,19,6,2,-1,0,0,0,0,0,0,0,9,-1,6,3,-1,-1,-1,-1,-1,-1,-1,-1,0,-1
2024991485733,2024,991485733,1,9,0,-1,9,1,2,-1,0,8,0,0,0,0,3,1,-1,9,2,61,9,-1,-1,-1,-1,7,-1,0,1
2024010500586,2024,010500586,1,9,0,99,99,9,9,99,99,9,9,99,9,99,9,9,6,6,3,61,9,-1,-1,-1,-1,2,E01001479,0,3
202454A565424,2024,54A565424,1,1,0,18,19,3,7,0,0,1,5,0,0,0,4,1,4,7,1,13,3,-1,-1,-1,-1,6,E01015553,0,1
2024302400926,2024,302400926,1,9,0,18,19,3,7,0,0,1,0,0,0,0,1,1,6,6,2,45,7,-1,-1,-1,-1,2,E01019542,0,1
2024010486931,2024,010486931,1,9,0,18,19,1,5,0,0,0,1,4,0,0,1,1,6,6,2,77,11,-1,-1,-1,-1,8,E01001538,0,1
2024010527156,2024,010527156,2,1,0,14,14,3,7,0,0,1,0,0,0,0,4,1,6,6,2,64,9,-1,-1,-1,-1,-1,-1,0,-1
2024471457216,2024,471457216,2,1,0,-1,19,1,5,-1,0,1,0,0,0,0,2,1,-1,9,1,62,9,-1,-1,-1,-1,8,E01031815,0,1
2024010521284,2024,010521284,1,1,9,99,99,9,9,99,99,6,9,99,9,99,2,1,2,2,2,49,8,-1,-1,-1,-1,7,E01004372,0,1
2024052400457,2024,052400457,1,8,0,18,19,5,1,0,0,1,0,0,0,0,1,1,2,2,1,56,9,-1,-1,-1,-1,5,E01007039,0,1
2024141420458,2024,141420458,2,9,0,-1,9,1,7,-1,0,6,0,0,2,11,4,1,-1,9,1,69,10,-1,-1,-1,-1,1,E01007783,0,1
2024010488224,2024,010488224,2,9,0,3,3,1,5,0,0,6,0,0,0,0,0,1,6,6,2,46,8,-1,-1,-1,-1,6,E01000430,0,1
2024131459353,2024,131459353,1,9,0,-1,19,7,3,-1,0,4,0,0,0,0,1,1,-1,6,1,-1,-1,-1,-1,-1,-1,-1,-1,0,-1
2024552400966,2024,552400966,2,9,0,18,19,5,2,0,0,0,0,0,0,0,3,1,6,6,3,-1,-1,-1,-1,-1,-1,-1,-1,0,-1
2024041409639,2024,041409639,2,1,0,-1,19,7,3,-1,0,8,0,0,0,0,3,1,-1,6,1,61,9,-1,-1,-1,-1,1,E01012638,0,1
2024411442592,2024,411442592,1,9,0,-1,5,5,1,-1,0,6,0,0,0,0,1,9,-1,6,1,36,7,-1,-1,-1,-1,10,E01023471,0,1