collision_index,collision_year,collision_ref_no,vehicle_reference,vehicle_type,towing_and_articulation,vehicle_manoeuvre_historic,vehicle_manoeuvre,vehicle_direction_from,vehicle_direction_to,vehicle_location_restricted_lane_historic,vehicle_location_restricted_lane,junction_location,skidding_and_overturning,hit_object_in_carriageway,vehicle_leaving_carriageway,hit_object_off_carriageway,first_point_of_impact,vehicle_left_hand_drive,journey_purpose_of_driver_historic,journey_purpose_of_driver,sex_of_driver,age_of_driver,age_band_of_driver,engine_capacity_cc,propulsion_code,age_of_vehicle,generic_make_model,driver_imd_decile,lsoa_of_driver,escooter_flag,driver_distance_banding
2024052400613,2024,052400613,2,1,0,18,19,3,7,0,0,0,0,0,0,0,4,1,6,6,1,62,9,-1,-1,-1,-1,1,E01007133,0,1
2024010499156,2024,010499156,2,9,0,99,99,9,9,99,99,9,9,99,9,99,1,9,6,6,3,-1,-1,-1,-1,-1,-1,-1,-1,0,-1
2024010544252,2024,010544252,2,1,0,18,19,5,1,0,0,1,0,0,0,0,3,1,1,1,1,34,6,-1,-1,-1,-1,5,E01002565,0,2
2024101437350,2024,101437350,1,11,0,-1,19,3,7,-1,0,0,0,0,0,0,1,9,-1,6,3,-1,-1,-1,-1,-1,-1,-1,-1,0,-1
2024010524152,2024,010524152,1,5,0,18,19,1,5,0,0,0,0,10,1,0,0,1,6,6,1,35,6,-1,-1,-1,-1,-1,-1,0,-1
2024010523739,2024,010523739,1,19,0,15,15,6,2,0,0,1,0,0,0,0,2,1,6,6,1,52,8,-1,-1,-1,-1,5,E01026724,0,5
2024340NN4472,2024,340NN4472,1,9,0,-1,9,5,3,-1,0,8,0,0,0,0,1,1,-1,6,1,-1,-1,-1,-1,-1,-1,-1,-1,0,-1
2024101509354,2024,101509354,2,19,0,-1,5,3,1,-1,0,6,0,0,0,0,3,1,-1,1,1,53,8,-1,-1,-1,-1,-1,-1,0,-1
2024010492576,2024,010492576,1,1,9,99,99,9,9,99,99,9,9,99,9,99,1,1,6,6,1,30,6,-1,-1,-1,-1,4,E01032764,0,1
2024991490786,2024,991490786,1,9,0,-1,9,4,1,-1,0,1,0,0,0,0,3,1,-1,1,1,48,8,-1,-1,-1,-1,-1,-1,0,-1
2024010513818,2024,010513818,2,9,0,99,99,9,9,99,99,0,9,99,9,99,9,9,6,6,3,-1,-1,-1,-1,-1,-1,-1,-1,0,-1
2024451420159,2024,451420159,1,9,0,-1,8,7,1,-1,0,3,0,0,0,0,1,1,-1,6,3,50,8,-1,-1,-1,-1,-1,-1,0,-1
2024010489386,2024,010489386,2,9,0,99,99,9,9,99,99,9,9,99,9,99,9,9,6,6,3,-1,-1,-1,-1,-1,-1,-1,-1,0,-1
2024010487765,2024,010487765,1,9,0,99,99,9,9,0,0,0,0,0,0,0,1,1,6,6,2,-1,-1,-1,-1,-1,-1,-1,-1,0,-1
2024991424341,2024,991424341,1,9,0,-1,19,3,7,-1,0,0,5,0,0,0,4,1,-1,2,2,42,7,-1,-1,-1,-1,7,-1,0,2
2024070877672,2024,070877672,1,-1,0,-1,19,3,7,-1,0,6,0,0,0,0,4,1,-1,6,1,27,6,-1,-1,-1,-1,1,E01012433,0,1
2024052402247,2024,052402247,2,-1,0,18,19,8,4,0,0,8,0,0,0,0,1,1,2,2,1,26,6,-1,-1,-1,-1,5,E01007099,1,2
2024070891998,2024,070891998,1,9,0,-1,99,1,5,-1,0,0,0,0,0,0,1,1,-1,6,3,-1,-1,-1,-1,-1,-1,-1,-1,0,-1
2024010490665,2024,010490665,1,9,0,99,99,9,9,99,99,9,9,99,9,99,1,9,6,6,3,-1,-1,-1,-1,-1,-1,-1,-1,0,-1
2024311535524,2024,311535524,1,9,0,-1,19,4,8,-1,0,0,0,0,0,0,1,9,-1,6,3,-1,-1,-1,-1,-1,-1,-1,-1,0,-1
2024131504501,2024,131504501,1,9,0,-1,-1,-1,-1,-1,-1,0,-1,-1,-1,-1,-1,1,-1,6,3,-1,-1,-1,-1,-1,-1,-1,-1,0,-1
2024451405365,2024,451405365,1,9,0,-1,11,3,7,-1,0,0,0,7,0,0,1,1,-1,2,1,18,4,-1,-1,-1,-1,3,E01002276,0,4
2024010494377,2024,010494377,2,10,0,99,99,9,9,99,99,9,9,99,9,99,2,9,6,6,3,-1,-1,-1,-1,-1,-1,-1,-1,0,-1
2024440367586,2024,440367586,2,9,0,2,2,0,0,0,0,0,0,0,0,0,2,1,6,6,3,-1,-1,-1,-1,-1,-1,-1,-1,0,-1
2024501484789,2024,501484789,3,1,0,-1,3,7,3,-1,9,1,5,0,0,0,1,1,-1,6,2,51,8,-1,-1,-1,-1,4,E01015175,0,1
2024041429553,2024,041429553,1,97,0,-1,19,1,5,-1,0,1,0,0,0,0,1,1,-1,6,3,-1,-1,-1,-1,-1,-1,-1,-1,0,-1
2024201497671,2024,201497671,2,9,0,-1,5,8,4,-1,9,6,0,0,0,0,1,9,-1,6,1,40,7,-1,-1,-1,-1,-1,-1,0,-1
2024010537305,2024,010537305,1,1,9,99,99,9,9,99,99,0,9,99,9,99,9,1,1,1,1,21,5,-1,-1,-1,-1,6,E01002628,0,2
2024010486913,2024,010486913,2,9,0,9,9,5,3,0,0,8,0,0,0,0,4,1,6,6,2,43,7,-1,-1,-1,-1,4,E01033729,0,1
2024052401898,2024,052401898,1,9,0,15,15,3,7,0,0,0,0,0,0,0,0,1,6,6,3,-1,-1,-1,-1,-1,-1,-1,-1,0,-1
2024010488356,2024,010488356,1,9,0,18,19,5,1,0,0,0,0,0,0,0,1,1,6,6,1,72,10,-1,-1,-1,-1,3,E01001112,0,1
2024311535524,2024,311535524,2,8,0,-1,5,1,1,-1,0,0,0,0,0,0,1,9,-1,6,3,-1,-1,-1,-1,-1,-1,-1,-1,0,-1
2024311441245,2024,311441245,2,-1,0,-1,14,2,8,-1,0,1,0,0,0,0,1,1,-1,2,2,50,8,-1,-1,-1,-1,2,E01013962,1,1
2024010495141,2024,010495141,2,98,0,7,7,9,9,99,99,9,9,99,9,99,9,9,6,6,3,-1,-1,-1,-1,-1,-1,-1,-1,0,-1
2024041463671,2024,041463671,1,1,0,-1,19,1,5,-1,0,8,0,0,0,0,1,1,-1,6,1,13,3,-1,-1,-1,-1,3,E01025271,0,1
2024622400223,2024,622400223,2,9,0,4,4,4,8,0,0,0,0,0,0,0,2,2,6,6,3,-1,-1,-1,-1,-1,-1,-1,-1,0,-1
2024549530624,2024,549530624,1,9,4,18,19,2,6,0,0,0,0,0,0,0,4,1,1,1,1,23,5,-1,-1,-1,-1,9,E01031886,0,1
2024351518687,2024,351518687,2,1,0,-1,-1,-1,-1,-1,-1,-1,-1,-1,-1,0,2,1,-1,6,2,11,3,-1,-1,-1,-1,6,E01018281,0,1
2024010496843,2024,010496843,1,9,0,9,9,1,7,0,0,1,0,0,0,0,1,1,6,6,2,35,6,-1,-1,-1,-1,5,E01016158,0,4
2024430245431,2024,430245431,1,9,0,18,19,5,1,0,0,2,1,0,5,7,3,1,6,6,1,28,6,-1,-1,-1,-1,5,E01022761,0,4
2024131440346,2024,131440346,2,1,0,-1,19,3,7,-1,0,0,0,0,0,0,1,1,-1,2,2,26,6,-1,-1,-1,-1,-1,-1,0,-1
2024332400625,2024,332400625,2,1,0,-1,14,5,1,-1,0,0,1,0,0,0,1,1,-1,2,1,33,6,-1,-1,-1,-1,3,E01034022,0,1
2024061410311,2024,061410311,2,9,-1,-1,-1,-1,-1,-1,-1,-1,-1,-1,-1,0,-1,9,-1,6,3,-1,-1,-1,-1,-1,-1,-1,-1,0,-1
2024101456948,2024,101456948,2,9,0,-1,19,3,7,-1,0,0,0,0,0,0,1,1,-1,6,2,23,5,-1,-1,-1,-1,10,E01008264,0,1
2024010530672,2024,010530672,2,9,0,11,11,9,9,99,99,0,9,99,9,99,9,9,6,6,3,-1,-1,-1,-1,-1,-1,-1,-1,0,-1
2024061396817,2024,061396817,2,1,0,-1,19,5,8,-1,0,8,0,0,0,0,1,1,-1,6,1,11,3,-1,-1,-1,-1,1,E01005107,0,1
2024131435645,2024,131435645,1,21,0,-1,-1,-1,-1,-1,-1,0,-1,-1,-1,-1,-1,1,-1,6,3,-1,-1,-1,-1,-1,-1,-1,-1,0,-1
2024010492927,2024,010492927,2,9,0,99,99,9,9,99,99,1,9,99,9,99,1,9,6,6,1,33,6,-1,-1,-1,-1,2,E01002588,0,2
2024991503836,2024,991503836,2,1,0,-1,19,2,6,-1,2,1,0,0,0,0,1,1,-1,6,1,28,6,-1,-1,-1,-1,-1,-1,0,-1
2024302400567,2024,302400567,1,9,0,7,7,8,2,0,0,2,1,0,0,0,1,1,6,6,3,-1,-1,-1,-1,-1,-1,5,E01019456,0,4
2024371434627,2024,371434627,1,2,0,-1,19,4,7,-1,0,1,0,0,0,0,1,1,-1,7,1,16,4,-1,-1,-1,-1,4,E01030251,0,2
2024061500327,2024,061500327,2,9,0,-1,3,0,7,-1,0,0,0,4,0,0,2,1,-1,6,2,36,7,-1,-1,-1,-1,1,E01005683,0,1
2024430026154,2024,430026154,1,9,0,18,19,3,7,0,0,0,0,0,0,0,1,1,6,6,2,-1,-1,-1,-1,-1,-1,-1,-1,0,-1
2024440066592,2024,440066592,2,1,0,18,19,1,5,0,0,8,0,0,0,0,3,1,2,2,1,50,8,-1,-1,-1,-1,4,E01017282,0,1
2024430218261,2024,430218261,2,1,0,18,19,1,5,0,0,8,0,0,0,0,1,1,6,6,1,34,6,-1,-1,-1,-1,9,E01028492,0,1
2024631517962,2024,631517962,1,9,0,-1,19,4,8,-1,0,0,0,0,0,0,1,1,-1,6,3,-1,-1,-1,-1,-1,-1,-1,-1,0,-1
2024430034926,2024,430034926,1,9,0,18,19,6,2,0,0,0,0,0,0,0,1,1,6,6,2,-1,-1,-1,-1,-1,-1,-1,-1,0,-1
2024010545614,2024,010545614,2,1,0,15,15,1,5,0,0,8,0,0,0,0,2,1,6,6,1,28,6,-1,-1,-1,-1,5,E01003449,0,2
2024501454771,2024,501454771,1,90,-1,-1,19,3,7,-1,0,0,0,0,0,0,3,9,-1,6,1,-1,-1,-1,-1,-1,-1,-1,-1,0,-1
2024010518441,2024,010518441,1,9,0,18,19,3,7,0,0,8,0,0,0,0,4,1,6,6,3,-1,-1,-1,-1,-1,-1,-1,-1,0,-1
2024531487247,2024,531487247,3,9,0,-1,2,0,0,-1,0,0,0,0,0,0,1,1,-1,6,-1,-1,-1,-1,-1,-1,-1,-1,-1,0,-1
2024141531977,2024,141531977,1,9,0,-1,19,3,7,-1,0,1,0,0,0,0,4,9,-1,6,3,-1,-1,-1,-1,-1,-1,-1,-1,0,-1
2024547955524,2024,547955524,3,9,0,18,19,5,1,0,0,8,0,0,0,0,2,1,6,6,1,63,9,-1,-1,-1,-1,9,E01031999,0,3
2024010493452,2024,010493452,3,19,0,18,19,3,7,0,0,1,0,0,0,0,0,1,1,1,1,30,6,-1,-1,-1,-1,8,E01034386,0,2
2024010501526,2024,010501526,1,9,0,99,99,9,9,99,99,0,9,99,9,99,2,9,6,6,1,31,6,-1,-1,-1,-1,4,E01004031,0,2
2024401430459,2024,401430459,2,1,-1,-1,14,7,3,-1,0,0,0,0,0,0,-1,1,-1,6,2,11,3,-1,-1,-1,-1,5,E01017542,0,1
2024501448835,2024,501448835,2,1,0,-1,19,4,8,-1,0,0,2,10,0,0,1,1,-1,2,1,27,6,-1,-1,-1,-1,3,E01020018,0,1
2024302401539,2024,302401539,2,9,0,18,19,1,5,0,0,0,0,0,0,0,1,1,6,6,2,43,7,-1,-1,-1,-1,4,E01013617,0,4
2024471434919,2024,471434919,2,1,0,-1,19,3,7,-1,0,1,0,0,0,0,3,1,-1,6,1,90,11,-1,-1,-1,-1,9,E01016980,0,1
2024010524000,2024,010524000,2,1,0,18,19,3,7,0,0,0,0,0,0,0,2,1,6,6,1,30,6,-1,-1,-1,-1,4,E01004678,0,3
2024131532031,2024,131532031,1,9,0,-1,19,7,3,-1,0,7,0,0,0,0,-1,1,-1,6,3,-1,-1,-1,-1,-1,-1,-1,-1,0,-1
2024451539734,2024,451539734,2,9,-1,-1,-1,-1,-1,-1,-1,0,-1,-1,-1,0,-1,9,-1,6,3,50,8,-1,-1,-1,-1,-1,-1,0,-1
2024421498477,2024,421498477,1,1,0,-1,19,-1,-1,-1,9,0,0,0,0,0,4,1,-1,6,1,13,3,-1,-1,-1,-1,10,E01021965,0,1
2024010511444,2024,010511444,2,9,0,5,5,5,1,0,0,1,0,0,0,0,1,9,6,6,3,-1,-1,-1,-1,-1,-1,-1,-1,0,-1
2024010534652,2024,010534652,1,1,9,99,99,9,9,99,99,0,9,99,9,99,1,1,2,2,1,47,8,-1,-1,-1,-1,3,E01001620,0,3
2024522402437,2024,522402437,1,1,0,18,19,1,5,2,2,1,0,0,0,0,3,1,6,6,1,37,7,-1,-1,-1,-1,6,E01014508,0,1
2024471472854,2024,471472854,1,9,0,-1,19,3,5,-1,0,0,0,0,0,0,3,1,-1,2,2,29,6,-1,-1,-1,-1,4,E01031386,0,3
2024010535139,2024,010535139,2,1,9,18,19,5,1,4,4,1,0,99,0,0,3,1,2,2,1,37,7,-1,-1,-1,-1,4,E01004331,0,1
2024411460313,2024,411460313,1,19,-1,-1,7,1,3,-1,0,0,0,0,0,0,1,9,-1,6,3,-1,-1,-1,-1,-1,-1,-1,-1,0,-1
2024302400499,2024,302400499,2,1,0,18,19,5,1,0,0,0,1,0,1,0,3,1,1,1,1,43,7,-1,-1,-1,-1,1,E01013568,0,1
2024501468996,2024,501468996,1,9,0,-1,19,5,1,-1,0,0,0,0,0,0,1,2,-1,6,1,36,7,-1,-1,-1,-1,-1,-1,0,-1
2024501522785,2024,501522785,2,1,0,-1,9,2,1,-1,0,1,0,0,0,0,3,1,-1,9,1,30,6,-1,-1,-1,-1,4,E01015147,0,1
2024440160190,2024,440160190,2,1,0,9,9,4,6,0,0,8,0,0,0,0,4,1,4,7,1,14,3,-1,-1,-1,-1,5,E01017028,0,1
2024991407870,2024,991407870,1,9,0,-1,9,3,1,-1,0,6,0,0,0,0,1,1,-1,1,1,41,7,-1,-1,-1,-1,2,-1,0,4
2024991485832,2024,991485832,1,9,0,-1,13,5,1,-1,0,0,1,0,0,0,1,1,-1,9,1,17,4,-1,-1,-1,-1,10,-1,0,3
2024440272535,2024,440272535,2,9,0,7,7,8,3,0,0,3,0,0,0,0,0,1,6,6,3,-1,-1,-1,-1,-1,-1,-1,-1,0,-1
2024131488263,2024,131488263,4,9,0,-1,3,7,3,-1,0,1,0,0,0,0,3,1,-1,6,2,26,6,-1,-1,-1,-1,3,E01011257,0,1
2024070826182,2024,070826182,2,1,0,-1,19,3,7,-1,0,3,0,0,0,0,3,1,-1,1,1,41,7,-1,-1,-1,-1,-1,-1,0,-1
2024010496866,2024,010496866,2,9,0,99,99,9,9,99,99,9,9,99,9,99,9,9,6,6,3,-1,-1,-1,-1,-1,-1,-1,-1,0,-1
2024010514052,2024,010514052,1,9,0,99,99,9,9,99,99,9,9,99,9,99,4,1,6,6,3,-1,-1,-1,-1,-1,-1,-1,-1,0,-1
2024052402689,2024,052402689,2,1,0,18,19,8,4,0,0,1,0,0,0,0,3,1,6,6,1,10,2,-1,-1,-1,-1,1,E01007055,0,1
2024302400131,2024,302400131,2,9,0,18,19,6,1,0,0,8,0,0,0,0,1,1,2,2,2,38,7,-1,-1,-1,-1,5,E01013595,0,2
2024061505706,2024,061505706,2,1,0,-1,19,5,1,-1,0,2,0,0,0,0,1,1,-1,9,1,24,5,-1,-1,-1,-1,1,E01005190,0,1
2024471472928,2024,471472928,3,9,0,-1,10,4,2,-1,0,5,0,0,0,0,2,1,-1,2,1,49,8,-1,-1,-1,-1,8,E01021163,0,3
2024430308730,2024,430308730,2,19,0,18,19,2,6,0,0,1,0,0,0,0,1,1,6,6,1,34,6,-1,-1,-1,-1,9,E01028610,0,2
2024440390499,2024,440390499,2,1,0,14,14,7,3,0,0,8,0,8,0,0,1,1,6,6,2,44,7,-1,-1,-1,-1,4,E01017123,0,1
2024531475839,2024,531475839,1,9,0,-1,13,5,1,-1,0,0,1,0,7,1,1,1,-1,9,1,28,6,-1,-1,-1,-1,6,E01017710,0,4
2024131422950,2024,131422950,1,9,0,-1,-1,-1,-1,-1,-1,-1,-1,-1,-1,0,-1,1,-1,6,3,-1,-1,-1,-1,-1,-1,-1,-1,0,-1
2024201498418,2024,201498418,2,1,0,-1,19,8,4,-1,0,8,0,0,0,0,1,1,-1,6,1,19,4,-1,-1,-1,-1,1,E01009363,0,1
2024010488151,2024,010488151,1,9,0,9,9,1,7,0,0,5,0,0,0,0,3,1,6,6,2,32,6,-1,-1,-1,-1,3,E01000024,0,1
2024440026602,2024,440026602,1,-1,0,18,19,1,5,0,0,8,0,0,0,0,1,1,6,6,1,24,5,-1,-1,-1,-1,3,E01017194,1,1
2024061505154,2024,061505154,2,9,0,-1,8,-1,-1,-1,0,1,0,0,0,0,1,1,-1,6,3,-1,-1,-1,-1,-1,-1,-1,-1,0,-1
202417M111124,2024,17M111124,2,9,0,-1,7,5,7,-1,0,8,0,0,0,0,4,1,-1,6,1,-1,-1,-1,-1,-1,-1,-1,-1,0,-1
2024622400329,2024,622400329,1,9,0,18,19,3,7,0,0,1,0,0,0,0,1,1,6,6,2,78,11,-1,-1,-1,-1,10,W01001728,0,1
2024010512037,2024,010512037,1,9,0,1,1,6,2,0,0,0,0,0,0,0,4,1,6,6,1,69,10,-1,-1,-1,-1,5,E01002660,0,1
2024111534996,2024,111534996,2,1,0,-1,19,5,1,-1,5,0,0,0,0,0,1,1,-1,9,1,16,4,-1,-1,-1,-1,1,E01012359,0,1
2024010527111,2024,010527111,2,1,0,13,13,1,5,0,0,0,0,0,0,0,4,1,2,2,1,50,8,-1,-1,-1,-1,3,E01035644,0,1
2024010550783,2024,010550783,1,9,9,99,99,9,9,99,99,9,9,99,9,99,9,1,6,6,3,-1,-1,-1,-1,-1,-1,-1,-1,0,-1
2024010545395,2024,010545395,2,9,0,18,19,1,5,0,0,8,0,0,0,0,1,1,6,6,1,28,6,-1,-1,-1,-1,6,E01035711,0,1
2024552400482,2024,552400482,2,9,0,9,9,3,1,0,0,5,0,0,0,0,3,1,6,6,2,34,6,-1,-1,-1,-1,6,E01015440,0,1
2024031458136,2024,031458136,2,9,0,-1,9,3,1,-1,0,1,0,0,0,0,1,1,-1,9,1,66,10,-1,-1,-1,-1,-1,-1,0,-1
2024440115629,2024,440115629,2,9,0,17,19,4,8,0,0,0,0,0,0,0,1,1,6,6,1,36,7,-1,-1,-1,-1,10,E01022470,0,1
2024211418129,2024,211418129,4,9,0,-1,3,5,1,-1,0,0,0,0,0,0,2,9,-1,6,1,83,11,-1,-1,-1,-1,-1,-1,0,-1
2024052402657,2024,052402657,1,9,0,11,11,7,2,0,0,0,0,0,0,0,0,1,6,6,3,-1,-1,-1,-1,-1,-1,-1,-1,0,-1
2024010518525,2024,010518525,2,1,0,18,19,8,4,0,0,1,0,0,0,0,1,1,6,6,1,33,6,-1,-1,-1,-1,4,E01002695,0,1
202460Q092526,2024,60Q092526,1,9,0,18,19,7,3,0,0,0,0,0,0,0,1,1,6,6,1,76,11,-1,-1,-1,-1,-1,-1,0,-1
2024141555071,2024,141555071,1,9,0,-1,19,7,3,-1,0,0,0,0,0,0,2,1,-1,6,1,64,9,-1,-1,-1,-1,10,E01007915,0,3
2024440459898,2024,440459898,2,-1,0,18,19,3,7,0,0,0,0,0,0,0,1,1,6,6,1,18,4,-1,-1,-1,-1,1,E01017031,1,1
2024010496704,2024,010496704,2,3,0,18,19,3,7,0,0,0,0,0,0,0,1,1,6,6,1,30,6,-1,-1,-1,-1,3,E01003588,0,1
2024131435766,2024,131435766,2,1,0,-1,19,6,2,-1,0,1,2,0,0,0,1,1,-1,2,1,53,8,-1,-1,-1,-1,2,E01011250,0,2
2024131475364,2024,131475364,2,9,0,-1,2,0,0,-1,0,8,0,0,0,0,1,2,-1,6,-1,-1,-1,-1,-1,-1,-1,-1,-1,0,-1
2024101439000,2024,101439000,2,9,0,-1,20,8,4,-1,1,0,5,0,7,0,1,1,-1,9,2,33,6,-1,-1,-1,-1,6,-1,0,5
2024010517645,2024,010517645,1,1,9,99,99,9,9,99,99,0,9,99,9,99,9,1,6,6,1,56,9,-1,-1,-1,-1,5,E01003022,0,2
2024221464937,2024,221464937,1,9,0,-1,5,6,2,-1,0,1,0,0,0,0,3,1,-1,9,2,19,4,-1,-1,-1,-1,4,E01014015,0,3
2024010531684,2024,010531684,1,98,0,9,9,3,8,0,0,1,0,0,9,0,0,9,6,6,3,-1,-1,-1,-1,-1,-1,-1,-1,0,-1
2024101487461,2024,101487461,1,9,0,-1,19,3,7,-1,0,8,0,0,0,0,1,9,-1,6,2,60,9,-1,-1,-1,-1,-1,-1,0,-1
2024010542735,2024,010542735,1,9,0,-1,-1,4,8,0,0,2,2,10,3,4,1,1,6,6,1,20,4,-1,-1,-1,-1,4,E01030747,0,2
2024430108359,2024,430108359,1,4,0,18,19,5,1,0,0,8,0,0,0,0,1,1,2,2,1,37,7,-1,-1,-1,-1,6,E01017851,0,1
2024010518435,2024,010518435,2,1,0,10,10,6,3,0,0,2,2,0,0,0,4,1,2,2,1,50,8,-1,-1,-1,-1,4,E01034155,0,2
2024340WN9012,2024,340WN9012,1,5,0,-1,13,4,8,-1,0,0,0,0,1,9,1,1,-1,6,1,27,6,-1,-1,-1,-1,7,E01027277,0,1
2024010496259,2024,010496259,2,9,0,99,99,9,9,99,99,9,9,99,9,99,1,9,6,6,3,41,7,-1,-1,-1,-1,2,E01003057,0,1
2024010496976,2024,010496976,1,3,0,99,99,9,9,99,99,9,9,99,9,99,9,1,1,1,1,27,6,-1,-1,-1,-1,5,E01000994,0,1
2024010542728,2024,010542728,1,1,0,18,19,3,7,0,0,8,1,0,0,0,1,1,6,6,1,23,5,-1,-1,-1,-1,-1,-1,0,-1
2024010543188,2024,010543188,1,9,0,99,99,9,9,99,99,9,9,99,9,99,2,9,6,6,3,-1,-1,-1,-1,-1,-1,-1,-1,0,-1
2024440503224,2024,440503224,2,9,0,4,4,7,3,0,0,1,0,0,0,0,1,1,6,6,1,61,9,-1,-1,-1,-1,8,E01022718,0,1
2024201480665,2024,201480665,2,1,0,-1,19,4,8,-1,0,8,0,0,0,0,1,1,-1,6,1,30,6,-1,-1,-1,-1,-1,-1,0,-1
2024131490179,2024,131490179,2,1,0,-1,19,1,5,-1,0,8,1,0,0,0,1,1,-1,2,1,20,4,-1,-1,-1,-1,1,E01011625,0,2
2024041498402,2024,041498402,1,9,0,-1,5,3,7,-1,0,4,0,0,0,0,2,1,-1,7,2,37,7,-1,-1,-1,-1,1,E01025139,0,1
2024061478900,2024,061478900,1,1,0,-1,99,-1,-1,-1,0,8,5,0,0,0,3,1,-1,2,1,54,8,-1,-1,-1,-1,9,E01005055,0,1
2024302400939,2024,302400939,3,19,0,2,2,0,0,0,0,0,0,0,0,0,3,1,6,6,3,-1,-1,-1,-1,-1,-1,-1,-1,0,-1
2024131511677,2024,131511677,1,9,0,-1,19,7,3,-1,0,0,0,0,0,0,3,1,-1,9,1,19,4,-1,-1,-1,-1,2,E01011925,0,3
2024010488650,2024,010488650,1,9,0,18,19,7,3,0,0,8,0,0,0,0,1,1,6,6,2,41,7,-1,-1,-1,-1,2,E01001654,0,1
2024131421958,2024,131421958,2,1,0,-1,19,1,1,-1,0,1,0,0,0,0,1,1,-1,6,1,42,7,-1,-1,-1,-1,5,E01010882,0,1
2024052400032,2024,052400032,1,1,0,18,19,1,5,0,0,0,0,0,0,0,1,1,6,6,3,-1,-1,-1,-1,-1,-1,-1,-1,0,-1
2024451460802,2024,451460802,2,9,0,-1,13,1,1,-1,0,0,0,0,0,0,4,1,-1,6,3,30,6,-1,-1,-1,-1,-1,-1,0,-1
2024010519387,2024,010519387,1,9,0,99,99,9,9,4,4,3,0,99,9,99,4,9,6,6,3,-1,-1,-1,-1,-1,-1,-1,-1,0,-1
2024211532915,2024,211532915,2,1,0,-1,19,6,2,-1,0,8,0,0,0,0,4,1,-1,6,1,35,6,-1,-1,-1,-1,-1,-1,0,-1
2024211439273,2024,211439273,1,9,0,-1,19,5,1,-1,0,0,0,0,0,0,1,9,-1,6,1,19,4,-1,-1,-1,-1,7,E01029695,0,1
2024010547658,2024,010547658,2,1,0,-1,-1,7,3,0,0,1,0,0,0,0,3,1,2,2,1,62,9,-1,-1,-1,-1,4,E01000634,0,1
2024610004624,2024,610004624,1,23,0,18,19,1,5,0,0,6,0,0,0,0,1,1,6,6,1,12,3,-1,-1,-1,-1,1,W01001646,0,1
2024311481674,2024,311481674,1,9,0,-1,19,5,1,-1,0,1,0,0,0,0,1,9,-1,6,3,-1,-1,-1,-1,-1,-1,-1,-1,0,-1
2024010526810,2024,010526810,1,1,9,99,99,9,9,99,99,0,9,99,9,99,9,1,1,1,1,31,6,-1,-1,-1,-1,2,E01003252,0,1
2024131509060,2024,131509060,2,1,0,-1,19,1,4,-1,0,8,1,0,0,0,3,1,-1,6,1,31,6,-1,-1,-1,-1,1,E01011434,0,1
2024520401373,2024,520401373,1,9,0,18,19,1,5,0,0,0,0,0,7,10,1,1,6,6,1,67,10,-1,-1,-1,-1,8,E01032112,0,3
2024010510248,2024,010510248,1,9,0,11,11,7,3,0,0,0,0,0,0,0,4,1,6,6,3,-1,-1,-1,-1,-1,-1,-1,-1,0,-1
2024131530085,2024,131530085,2,9,0,-1,19,8,4,-1,0,0,0,0,0,0,1,1,-1,9,1,75,10,-1,-1,-1,-1,-1,-1,0,-1
2024131449387,2024,131449387,1,1,0,-1,19,5,1,-1,0,8,0,0,0,0,1,1,-1,6,1,20,4,-1,-1,-1,-1,2,E01034260,0,3
2024061530078,2024,061530078,3,99,0,-1,19,1,3,-1,0,0,0,0,0,0,4,9,-1,6,3,-1,-1,-1,-1,-1,-1,-1,-1,0,-1
2024010532317,2024,010532317,2,9,0,18,19,1,5,0,0,1,0,0,0,0,1,1,6,6,3,-1,-1,-1,-1,-1,-1,-1,-1,0,-1
2024041426794,2024,041426794,1,9,0,-1,13,3,7,-1,0,0,0,0,0,0,1,1,-1,6,3,-1,-1,-1,-1,-1,-1,-1,-1,0,-1
2024131435296,2024,131435296,1,9,0,-1,-1,-1,-1,-1,0,2,-1,-1,-1,-1,-1,1,-1,6,3,-1,-1,-1,-1,-1,-1,-1,-1,0,-1
2024052402231,2024,052402231,1,9,0,5,5,8,4,0,0,8,0,0,6,0,3,1,2,2,1,25,5,-1,-1,-1,-1,10,E01007146,0,3
2024161427283,2024,161427283,2,1,0,-1,4,1,3,-1,0,1,0,0,0,0,1,1,-1,6,1,63,9,-1,-1,-1,-1,-1,-1,0,-1
2024010500032,2024,010500032,1,1,0,18,19,1,5,2,2,0,0,0,0,0,3,1,6,6,1,36,7,-1,-1,-1,-1,5,E01001276,0,1
2024010519746,2024,010519746,1,21,0,18,19,4,8,0,0,0,0,0,0,0,4,1,6,6,3,-1,-1,-1,-1,-1,-1,-1,-1,0,-1
2024421523747,2024,421523747,2,9,-1,-1,19,5,1,-1,0,1,0,0,0,0,0,9,-1,6,3,-1,-1,-1,-1,-1,-1,-1,-1,0,-1
2024010533304,2024,010533304,2,1,0,18,19,7,3,4,4,1,2,0,1,0,1,1,6,6,2,41,7,-1,-1,-1,-1,4,E01001355,0,1
2024131435637,2024,131435637,2,-1,0,-1,19,2,6,-1,0,6,1,0,0,0,4,1,-1,9,2,18,4,-1,-1,-1,-1,2,E01011295,1,1
2024010521155,2024,010521155,1,1,9,18,19,6,2,99,99,9,9,99,9,99,9,1,6,6,1,59,9,-1,-1,-1,-1,9,E01002988,0,1
2024010523562,2024,010523562,2,-1,0,18,19,6,2,5,5,1,0,0,0,0,1,1,6,6,1,28,6,-1,-1,-1,-1,3,E01001792,1,1
2024010503328,2024,010503328,1,9,0,18,19,7,3,0,0,8,0,0,0,0,1,1,6,6,3,-1,-1,-1,-1,-1,-1,-1,-1,0,-1
2024010514388,2024,010514388,1,9,0,99,99,9,9,99,99,0,9,99,9,99,9,9,2,2,1,28,6,-1,-1,-1,-1,8,E01001399,0,3
2024131492141,2024,131492141,2,1,0,-1,19,5,1,-1,0,1,0,0,0,0,1,1,-1,6,2,8,2,-1,-1,-1,-1,1,E01011283,0,1
2024201440355,2024,201440355,1,-1,0,-1,19,6,2,-1,0,0,0,0,0,0,1,9,-1,6,1,18,4,-1,-1,-1,-1,-1,-1,1,-1
2024430405754,2024,430405754,1,21,1,12,12,8,4,0,0,0,0,0,0,0,1,2,6,6,1,-1,-1,-1,-1,-1,-1,-1,-1,0,-1
2024411514710,2024,411514710,2,9,0,-1,19,1,5,-1,0,0,2,0,0,0,2,1,-1,6,2,65,9,-1,-1,-1,-1,6,E01015659,0,4