collision_index,collision_year,collision_ref_no,vehicle_reference,vehicle_type,towing_and_articulation,vehicle_manoeuvre_historic,vehicle_manoeuvre,vehicle_direction_from,vehicle_direction_to,vehicle_location_restricted_lane_historic,vehicle_location_restricted_lane,junction_location,skidding_and_overturning,hit_object_in_carriageway,vehicle_leaving_carriageway,hit_object_off_carriageway,first_point_of_impact,vehicle_left_hand_drive,journey_purpose_of_driver_historic,journey_purpose_of_driver,sex_of_driver,age_of_driver,age_band_of_driver,engine_capacity_cc,propulsion_code,age_of_vehicle,generic_make_model,driver_imd_decile,lsoa_of_driver,escooter_flag,driver_distance_banding
2024411521115,2024,411521115,2,1,0,-1,19,7,3,-1,5,0,0,0,0,0,9,1,-1,9,1,29,6,-1,-1,-1,-1,6,E01023769,0,1
2024061492984,2024,061492984,2,1,0,-1,19,5,1,-1,4,1,0,0,0,0,3,1,-1,6,1,50,8,-1,-1,-1,-1,6,E01005172,0,1
2024122400427,2024,122400427,2,1,0,18,19,6,2,0,0,8,0,0,0,0,2,1,6,6,1,47,8,-1,-1,-1,-1,10,E01013387,0,1
2024131449537,2024,131449537,1,9,0,-1,5,1,5,-1,0,8,0,0,0,0,1,1,-1,9,1,21,5,-1,-1,-1,-1,3,E01011098,0,4
2024161430406,2024,161430406,2,1,0,-1,19,4,8,-1,0,0,0,0,0,0,2,1,-1,6,1,13,3,-1,-1,-1,-1,-1,-1,0,-1
2024010508669,2024,010508669,1,1,9,99,99,9,9,99,99,9,9,99,9,99,0,1,6,6,2,33,6,-1,-1,-1,-1,7,E01003199,0,2
2024221498921,2024,221498921,2,9,0,-1,19,1,5,-1,0,8,0,0,0,0,1,9,-1,6,1,19,4,-1,-1,-1,-1,8,E01031182,0,4
2024531518328,2024,531518328,3,9,0,-1,3,1,5,-1,0,0,0,0,0,0,2,9,-1,6,3,-1,-1,-1,-1,-1,-1,-1,-1,0,-1
2024311518251,2024,311518251,2,1,0,-1,19,2,6,-1,0,8,0,0,0,0,3,1,-1,6,1,20,4,-1,-1,-1,-1,6,E01029621,0,4
2024010523329,2024,010523329,1,1,9,99,99,9,9,99,99,9,9,99,9,99,9,1,2,2,1,24,5,-1,-1,-1,-1,5,E01032790,0,1
2024010530744,2024,010530744,2,1,0,11,11,7,3,0,0,2,0,0,0,0,4,1,6,6,1,57,9,-1,-1,-1,-1,6,E01001902,0,2
2024010544714,2024,010544714,1,90,0,99,99,9,9,99,99,9,9,99,9,99,9,1,6,6,3,-1,-1,-1,-1,-1,-1,5,E01003276,0,1
2024401427135,2024,401427135,1,90,-1,-1,-1,-1,-1,-1,9,-1,0,0,0,0,-1,9,-1,6,3,-1,-1,-1,-1,-1,-1,-1,-1,0,-1
2024540162024,2024,540162024,1,3,0,18,19,8,4,0,0,0,0,0,0,0,1,1,6,6,1,28,6,-1,-1,-1,-1,3,E01015510,0,1
2024010509990,2024,010509990,2,9,0,9,9,7,5,0,0,5,1,0,6,0,1,1,6,6,2,25,5,-1,-1,-1,-1,4,E01004571,0,1
2024131415205,2024,131415205,2,9,0,-1,19,5,1,-1,0,2,0,0,0,0,1,1,-1,9,1,21,5,-1,-1,-1,-1,1,E01005585,0,3
2024522401516,2024,522401516,1,1,0,18,19,3,7,0,0,0,0,10,1,0,4,1,6,6,1,29,6,-1,-1,-1,-1,6,E01033338,0,1
2024201434992,2024,201434992,1,9,0,-1,19,2,6,-1,0,0,0,0,0,0,1,1,-1,6,3,-1,-1,-1,-1,-1,-1,-1,-1,0,-1
2024520001791,2024,520001791,2,9,0,9,9,9,9,0,0,8,0,0,0,0,3,1,6,6,3,-1,-1,-1,-1,-1,-1,-1,-1,0,-1
2024141423780,2024,141423780,1,-1,0,-1,19,4,8,-1,4,0,0,0,0,0,1,9,-1,7,1,14,3,-1,-1,-1,-1,8,E01007618,1,1
2024552400849,2024,552400849,1,9,0,7,7,2,4,0,0,6,0,0,0,0,3,1,2,2,1,59,9,-1,-1,-1,-1,7,E01020424,0,1
2024070460728,2024,070460728,2,1,0,18,19,5,1,0,0,2,0,0,0,0,3,1,4,7,1,11,3,-1,-1,-1,-1,9,E01018655,0,1
2024010498664,2024,010498664,1,10,0,2,2,0,0,0,0,0,0,0,0,0,0,1,6,6,3,-1,-1,-1,-1,-1,-1,-1,-1,0,-1
2024010529816,2024,010529816,2,10,0,2,2,0,0,0,0,1,0,0,0,0,1,1,6,6,3,-1,-1,-1,-1,-1,-1,-1,-1,0,-1
2024010522661,2024,010522661,2,-1,0,18,19,3,7,0,0,0,0,0,0,0,1,1,6,6,1,53,8,-1,-1,-1,-1,2,E01001250,1,1
2024361437323,2024,361437323,2,1,0,-1,19,5,1,-1,0,0,0,0,0,0,3,1,-1,2,2,43,7,-1,-1,-1,-1,1,E01026624,0,1
2024061493623,2024,061493623,1,1,0,-1,-1,-1,-1,-1,-1,-1,-1,-1,-1,0,-1,1,-1,6,1,41,7,-1,-1,-1,-1,4,E01005991,0,1
2024010489454,2024,010489454,2,9,0,3,3,1,5,0,0,8,0,0,0,0,2,1,6,6,1,49,8,-1,-1,-1,-1,4,E01004711,0,1
2024010530579,2024,010530579,1,1,9,18,19,9,9,99,99,0,9,99,9,99,9,1,2,2,1,25,5,-1,-1,-1,-1,6,E01003033,0,1
2024440392293,2024,440392293,2,9,0,4,4,8,4,0,0,1,0,0,0,0,1,1,6,6,3,-1,-1,-1,-1,-1,-1,-1,-1,0,-1
2024161417044,2024,161417044,2,9,-1,-1,19,7,3,-1,0,8,0,0,0,0,4,9,-1,6,1,-1,-1,-1,-1,-1,-1,-1,-1,0,-1
202460Q080469,2024,60Q080469,2,9,0,7,7,8,4,0,0,1,0,0,0,0,1,1,6,6,1,60,9,-1,-1,-1,-1,-1,-1,0,-1
2024052402071,2024,052402071,2,-1,0,18,19,5,1,0,0,0,0,0,0,0,0,1,6,6,1,43,7,-1,-1,-1,-1,-1,-1,1,-1
2024302400116,2024,302400116,2,9,0,9,9,6,4,0,0,5,0,0,0,0,3,1,6,6,2,49,8,-1,-1,-1,-1,8,E01019834,0,1
2024010495938,2024,010495938,2,9,0,99,99,9,9,0,0,0,9,99,9,99,1,9,6,6,3,-1,-1,-1,-1,-1,-1,-1,-1,0,-1
2024311500966,2024,311500966,1,1,0,-1,19,7,3,-1,0,0,0,0,0,0,2,1,-1,1,1,33,6,-1,-1,-1,-1,-1,-1,0,-1
2024430135657,2024,430135657,1,9,0,9,9,4,2,0,0,5,0,0,0,0,1,1,6,6,1,-1,-1,-1,-1,-1,-1,-1,-1,0,-1
2024471494069,2024,471494069,2,9,0,-1,19,6,2,-1,0,0,0,0,0,0,0,9,-1,6,3,-1,-1,-1,-1,-1,-1,-1,-1,0,-1
2024440484502,2024,440484502,2,9,0,13,13,2,6,0,0,0,0,0,0,0,4,1,6,6,3,-1,-1,-1,-1,-1,-1,-1,-1,0,-1
2024221431973,2024,221431973,1,9,0,-1,9,1,8,-1,0,5,0,0,0,0,1,1,-1,6,1,64,9,-1,-1,-1,-1,10,E01032300,0,1
2024451492912,2024,451492912,1,1,-1,-1,-1,-1,-1,-1,-1,-1,-1,-1,-1,0,-1,1,-1,6,2,56,9,-1,-1,-1,-1,-1,-1,0,-1
2024010529603,2024,010529603,1,1,0,18,19,1,5,0,0,8,0,0,0,0,1,1,6,6,1,23,5,-1,-1,-1,-1,-1,-1,0,-1
2024501463737,2024,501463737,1,9,0,-1,19,7,3,-1,0,0,0,0,0,0,1,1,-1,6,2,31,6,-1,-1,-1,-1,5,E01019938,0,1
2024010488259,2024,010488259,1,9,0,4,4,3,7,0,0,1,0,11,1,2,1,1,2,2,1,24,5,-1,-1,-1,-1,4,E01002558,0,3
2024010494049,2024,010494049,2,9,9,99,99,9,9,0,0,9,9,0,0,0,9,1,6,6,1,20,4,-1,-1,-1,-1,3,E01000043,0,1
202417M103824,2024,17M103824,1,9,0,18,19,4,8,0,0,1,0,0,0,0,1,1,6,6,2,-1,-1,-1,-1,-1,-1,-1,-1,0,-1
2024010489957,2024,010489957,1,8,0,6,6,5,5,0,0,0,0,0,0,0,1,1,2,2,1,52,8,-1,-1,-1,-1,2,E01001339,0,2
2024101427186,2024,101427186,2,9,0,-1,19,3,7,-1,0,1,0,0,0,0,1,1,-1,6,2,67,10,-1,-1,-1,-1,-1,-1,0,-1
2024552401440,2024,552401440,2,1,0,18,19,8,4,0,0,8,0,0,0,0,2,1,6,6,1,41,7,-1,-1,-1,-1,1,E01015384,0,1
2024010490357,2024,010490357,1,9,0,99,99,9,9,99,99,9,9,99,9,99,9,9,6,6,1,62,9,-1,-1,-1,-1,8,E01002199,0,1
2024231524175,2024,231524175,1,9,0,-1,19,4,8,-1,0,0,0,0,0,0,1,9,-1,6,3,45,7,-1,-1,-1,-1,-1,-1,0,-1
2024430300746,2024,430300746,2,1,0,18,19,2,5,0,0,8,0,0,0,0,3,1,6,6,1,65,9,-1,-1,-1,-1,-1,-1,0,-1
2024991483638,2024,991483638,2,9,0,-1,9,3,8,-1,0,0,0,0,0,0,1,1,-1,9,2,33,6,-1,-1,-1,-1,5,-1,0,2
2024201480935,2024,201480935,2,1,0,-1,19,3,7,-1,0,8,0,0,0,0,4,1,-1,6,1,23,5,-1,-1,-1,-1,3,E01010422,0,1
2024211487745,2024,211487745,2,9,0,-1,9,6,3,-1,0,1,0,0,0,0,4,9,-1,1,1,27,6,-1,-1,-1,-1,4,E01014312,0,3
2024010487457,2024,010487457,1,19,0,18,19,1,5,0,0,1,0,0,0,0,1,1,6,6,1,33,6,-1,-1,-1,-1,2,E01003961,0,3
2024471500409,2024,471500409,2,1,0,-1,19,5,1,-1,0,8,0,0,0,0,1,1,-1,6,1,69,10,-1,-1,-1,-1,8,E01031812,0,3
2024101475454,2024,101475454,1,97,0,-1,19,5,1,-1,9,0,2,0,0,0,4,1,-1,6,1,-1,-1,-1,-1,-1,-1,-1,-1,0,-1
2024010493739,2024,010493739,2,11,9,9,9,5,2,0,0,9,0,0,0,0,2,1,6,6,3,-1,-1,-1,-1,-1,-1,-1,-1,0,-1
2024052401088,2024,052401088,1,9,0,18,19,2,6,0,0,1,0,0,1,10,1,1,6,6,3,-1,-1,-1,-1,-1,-1,-1,-1,0,-1
2024010500729,2024,010500729,2,9,0,99,99,9,9,99,99,9,9,99,9,99,1,9,6,6,3,-1,-1,-1,-1,-1,-1,-1,-1,0,-1
2024451450417,2024,451450417,2,21,1,-1,19,4,4,-1,0,0,0,0,0,0,1,2,-1,1,1,33,6,-1,-1,-1,-1,-1,-1,0,-1
2024010493493,2024,010493493,2,1,0,18,19,5,1,0,0,1,9,99,9,99,2,1,4,7,2,11,3,-1,-1,-1,-1,2,E01033709,0,1
2024010499080,2024,010499080,1,1,9,99,99,9,9,99,99,9,9,99,9,99,9,1,6,6,1,34,6,-1,-1,-1,-1,2,E01002786,0,1
2024302500210,2024,302500210,2,20,0,-1,2,0,0,-1,0,0,0,0,0,0,0,1,-1,6,2,50,8,-1,-1,-1,-1,3,E01019690,0,2
2024501505597,2024,501505597,1,9,0,-1,19,5,1,-1,0,0,0,7,0,0,1,1,-1,1,1,36,7,-1,-1,-1,-1,2,E01019055,0,1
2024631447908,2024,631447908,1,90,0,-1,13,8,4,-1,0,8,0,0,0,0,1,1,-1,6,1,20,4,-1,-1,-1,-1,1,W01000631,0,1
2024340WN1072,2024,340WN1072,1,21,0,-1,9,6,1,-1,0,8,0,0,0,1,1,1,-1,1,1,50,8,-1,-1,-1,-1,-1,-1,0,-1
2024201486191,2024,201486191,2,9,0,-1,3,0,0,-1,0,0,0,0,0,0,0,9,-1,6,1,46,8,-1,-1,-1,-1,1,E01033894,0,1
2024430004390,2024,430004390,1,19,0,18,19,1,5,0,0,4,0,9,7,1,1,1,1,1,1,30,6,-1,-1,-1,-1,-1,-1,0,-1
2024461438802,2024,461438802,1,9,0,-1,19,1,5,-1,0,0,0,0,0,0,1,9,-1,9,3,-1,-1,-1,-1,-1,-1,-1,-1,0,-1
2024010493145,2024,010493145,1,1,9,99,99,9,9,99,99,9,9,99,9,99,9,1,2,2,1,65,9,-1,-1,-1,-1,10,E01000896,0,1
2024430209901,2024,430209901,2,97,0,18,19,2,5,0,0,4,0,0,0,0,4,1,6,6,1,20,4,-1,-1,-1,-1,-1,-1,0,-1
2024161396807,2024,161396807,1,9,0,-1,19,3,7,-1,0,0,0,0,0,0,1,9,-1,9,3,-1,-1,-1,-1,-1,-1,-1,-1,0,-1
2024520001798,2024,520001798,2,9,9,99,99,9,9,0,0,0,0,0,0,0,9,9,6,6,3,-1,-1,-1,-1,-1,-1,-1,-1,0,-1
2024302400104,2024,302400104,2,9,0,18,19,8,4,0,0,0,0,0,0,0,2,1,6,6,2,44,7,-1,-1,-1,-1,2,E01013477,0,1
2024010506395,2024,010506395,4,9,0,2,2,0,0,0,0,2,0,4,0,0,1,1,6,6,3,-1,-1,-1,-1,-1,-1,-1,-1,0,-1
2024010524430,2024,010524430,2,1,0,16,19,1,3,9,9,2,0,0,0,0,4,1,6,6,1,18,4,-1,-1,-1,-1,2,E01002072,0,1
2024991431234,2024,991431234,2,9,0,-1,19,6,2,-1,0,0,0,0,0,0,1,1,-1,9,1,62,9,-1,-1,-1,-1,1,-1,0,1
2024131488793,2024,131488793,2,1,0,-1,19,1,5,-1,0,8,0,0,0,0,1,1,-1,9,1,14,3,-1,-1,-1,-1,3,E01011323,0,1
2024440471930,2024,440471930,1,1,0,18,19,2,6,0,0,8,0,0,0,0,1,1,1,1,1,39,7,-1,-1,-1,-1,3,E01017082,0,1
2024522403078,2024,522403078,1,-1,0,18,19,2,6,0,0,8,0,0,0,0,3,1,6,6,1,44,7,-1,-1,-1,-1,8,E01014637,1,1
2024010491230,2024,010491230,2,9,0,99,99,9,9,99,99,9,9,99,9,99,2,9,6,6,3,-1,-1,-1,-1,-1,-1,-1,-1,0,-1
2024451439229,2024,451439229,2,9,0,-1,9,5,1,-1,0,5,0,0,0,0,1,1,-1,9,2,87,11,-1,-1,-1,-1,8,E01030916,0,3
2024231447693,2024,231447693,1,3,0,-1,19,5,1,-1,0,8,0,0,0,0,1,1,-1,6,1,22,5,-1,-1,-1,-1,4,E01031026,0,1
2024231429684,2024,231429684,2,1,0,-1,19,6,2,-1,0,8,0,0,0,0,4,1,-1,6,1,66,10,-1,-1,-1,-1,9,E01031289,0,1
2024430161232,2024,430161232,4,9,0,4,4,5,1,0,0,0,0,0,0,0,2,1,6,6,1,19,4,-1,-1,-1,-1,6,E01002661,0,3
2024010493075,2024,010493075,2,9,0,18,19,1,5,0,0,8,0,0,0,0,4,1,6,6,2,52,8,-1,-1,-1,-1,8,E01030469,0,4
2024451519099,2024,451519099,2,1,0,-1,14,3,7,-1,0,0,0,0,0,0,1,1,-1,2,1,60,9,-1,-1,-1,-1,7,E01030734,0,1
2024010506111,2024,010506111,1,9,0,13,13,7,3,0,0,0,1,0,0,0,2,1,6,6,1,28,6,-1,-1,-1,-1,-1,-1,0,-1
2024101455212,2024,101455212,2,9,0,-1,19,5,1,-1,0,0,0,0,0,0,1,1,-1,1,1,43,7,-1,-1,-1,-1,7,E01008877,0,1
2024991473188,2024,991473188,1,5,0,-1,19,7,4,-1,0,0,0,0,7,0,4,1,-1,9,1,37,7,-1,-1,-1,-1,5,E01027553,0,4
2024010507513,2024,010507513,1,1,9,99,99,9,9,99,99,9,9,99,9,99,9,1,6,6,2,28,6,-1,-1,-1,-1,5,E01002798,0,1
2024010496686,2024,010496686,1,8,0,18,19,7,3,0,0,2,0,10,7,2,1,1,6,6,1,40,7,-1,-1,-1,-1,3,E01033944,0,1
2024311488253,2024,311488253,2,1,0,-1,12,3,7,-1,0,8,0,0,0,0,2,1,-1,9,2,53,8,-1,-1,-1,-1,-1,-1,0,-1
2024320722922,2024,320722922,2,1,0,-1,-1,3,7,0,0,8,0,0,0,0,4,1,6,6,1,14,3,-1,-1,-1,-1,9,E01034697,0,1
2024010537378,2024,010537378,2,9,0,99,99,9,9,99,99,9,9,99,9,99,1,9,6,6,3,-1,-1,-1,-1,-1,-1,-1,-1,0,-1
2024070659593,2024,070659593,1,1,0,18,19,5,1,0,0,1,0,0,0,0,1,1,6,6,1,-1,-1,-1,-1,-1,-1,8,E01018359,0,1
2024451433173,2024,451433173,1,19,0,-1,19,6,2,-1,0,0,1,0,0,0,3,1,-1,2,1,45,7,-1,-1,-1,-1,7,E01031616,0,4
2024010538320,2024,010538320,1,21,0,18,19,4,8,0,0,0,0,0,0,0,3,1,1,1,1,66,10,-1,-1,-1,-1,9,E01017406,0,4
2024522402681,2024,522402681,2,-1,0,18,19,5,1,0,0,0,0,0,0,0,1,1,6,6,1,25,5,-1,-1,-1,-1,8,E01015003,1,1
2024122400799,2024,122400799,2,9,0,11,11,1,4,0,0,3,1,7,7,1,2,1,6,6,1,51,8,-1,-1,-1,-1,9,E01013431,0,1
2024340WN3332,2024,340WN3332,2,9,0,-1,19,5,1,-1,0,1,0,0,1,9,3,1,-1,6,1,45,7,-1,-1,-1,-1,8,E01027028,0,1
2024501528088,2024,501528088,3,1,0,-1,19,-1,-1,-1,0,9,0,0,0,0,1,1,-1,2,1,63,9,-1,-1,-1,-1,6,E01018808,0,1
2024052402458,2024,052402458,1,9,0,18,19,3,7,0,0,0,0,0,0,0,0,1,1,1,1,-1,-1,-1,-1,-1,-1,-1,-1,0,-1
2024010487287,2024,010487287,1,9,0,18,19,5,1,0,0,0,0,0,0,0,2,1,6,6,1,40,7,-1,-1,-1,-1,3,E01002672,0,3
2024010500788,2024,010500788,2,9,9,99,99,9,9,99,99,0,9,99,9,99,9,9,6,6,3,-1,-1,-1,-1,-1,-1,-1,-1,0,-1
2024010528342,2024,010528342,2,8,0,99,99,9,9,99,99,9,9,99,9,99,2,9,6,6,3,-1,-1,-1,-1,-1,-1,7,E01016491,0,1
2024041453622,2024,041453622,1,9,0,-1,14,7,3,-1,0,1,1,0,7,0,1,1,-1,9,1,58,9,-1,-1,-1,-1,9,E01010774,0,4
2024131565479,2024,131565479,2,1,0,-1,19,5,1,-1,0,2,0,0,0,0,1,1,-1,6,1,25,5,-1,-1,-1,-1,2,E01011010,0,1
2024411540872,2024,411540872,2,1,0,-1,19,5,1,-1,0,8,0,0,0,0,3,1,-1,6,2,32,6,-1,-1,-1,-1,10,E01023460,0,1
2024010532560,2024,010532560,2,9,0,9,9,2,8,0,0,8,0,0,0,0,1,1,6,6,2,25,5,-1,-1,-1,-1,4,E01033915,0,1
2024161394361,2024,161394361,1,9,0,-1,19,8,4,-1,0,0,0,0,0,0,1,1,-1,9,1,45,7,-1,-1,-1,-1,2,E01012871,0,2
2024010493051,2024,010493051,2,9,0,99,99,9,9,99,99,9,9,99,9,99,9,9,6,6,3,-1,-1,-1,-1,-1,-1,-1,-1,0,-1
2024010511384,2024,010511384,1,9,0,99,99,9,9,99,99,9,9,99,9,99,2,9,6,6,1,59,9,-1,-1,-1,-1,2,E01003502,0,1
2024302400103,2024,302400103,1,9,0,6,6,6,6,0,0,8,0,0,0,0,3,1,6,6,1,33,6,-1,-1,-1,-1,3,E01019577,0,1
2024070124795,2024,070124795,1,1,0,18,19,7,3,0,0,8,0,0,0,0,1,1,6,6,1,64,9,-1,-1,-1,-1,5,E01018728,0,3
2024111395110,2024,111395110,2,1,0,-1,19,1,5,-1,0,8,0,0,1,0,1,1,-1,9,1,63,9,-1,-1,-1,-1,-1,-1,0,-1
2024401403810,2024,401403810,1,9,0,-1,19,7,3,-1,0,1,0,0,0,0,1,9,-1,6,3,-1,-1,-1,-1,-1,-1,-1,-1,0,-1
2024421530546,2024,421530546,1,-1,0,-1,14,2,4,-1,9,2,5,0,0,0,1,1,-1,9,1,18,4,-1,-1,-1,-1,3,E01021418,1,2
2024522401125,2024,522401125,2,-1,0,18,19,4,8,0,0,8,0,0,0,0,1,1,6,6,2,29,6,-1,-1,-1,-1,1,E01014729,1,1
2024522401742,2024,522401742,2,9,0,1,1,1,5,0,0,8,0,0,0,0,2,1,6,6,1,-1,-1,-1,-1,-1,-1,-1,-1,0,-1
2024052401729,2024,052401729,6,9,0,18,19,4,8,0,0,0,0,0,0,0,2,1,6,6,1,21,5,-1,-1,-1,-1,2,E01006868,0,4
2024131498358,2024,131498358,1,9,0,-1,19,1,5,-1,0,0,0,0,0,0,1,1,-1,9,2,35,6,-1,-1,-1,-1,4,E01010855,0,1
2024010526211,2024,010526211,1,1,9,5,5,9,9,99,99,9,9,99,9,99,9,1,6,6,1,50,8,-1,-1,-1,-1,4,E01003209,0,1
2024010526382,2024,010526382,1,9,0,17,19,5,1,0,0,1,0,0,0,0,2,1,6,6,1,52,8,-1,-1,-1,-1,8,E01000393,0,1
2024131474707,2024,131474707,2,22,0,-1,19,1,5,-1,0,8,0,0,0,0,3,1,-1,9,1,75,10,-1,-1,-1,-1,8,E01011605,0,1
2024141532266,2024,141532266,1,9,0,-1,19,2,6,-1,0,1,0,0,0,0,4,1,-1,6,1,52,8,-1,-1,-1,-1,7,E01034252,0,1
202417L204324,2024,17L204324,1,9,0,-1,14,8,4,-1,0,0,0,0,0,0,1,1,-1,6,2,-1,-1,-1,-1,-1,-1,-1,-1,0,-1
2024010546902,2024,010546902,2,1,0,10,10,3,1,0,0,8,0,0,0,0,1,1,6,6,1,45,7,-1,-1,-1,-1,2,E01001753,0,1
2024101496620,2024,101496620,1,9,0,-1,5,1,5,-1,0,3,0,0,0,0,0,1,-1,6,3,-1,-1,-1,-1,-1,-1,-1,-1,0,-1
2024522401397,2024,522401397,2,1,0,18,19,5,1,0,0,2,0,7,0,0,2,1,6,6,1,61,9,-1,-1,-1,-1,7,E01014803,0,1
2024411395112,2024,411395112,1,9,0,-1,4,-1,-1,-1,0,0,0,0,0,0,1,9,-1,6,3,-1,-1,-1,-1,-1,-1,-1,-1,0,-1
2024302401368,2024,302401368,1,9,0,9,9,2,7,0,0,1,0,0,0,0,1,1,6,6,1,31,6,-1,-1,-1,-1,6,E01019786,0,2
2024061530902,2024,061530902,1,-1,0,-1,5,-1,-1,-1,99,9,0,0,0,0,4,1,-1,6,1,13,3,-1,-1,-1,-1,1,E01005340,0,1
2024421423292,2024,421423292,2,9,0,-1,3,5,1,-1,0,1,0,0,0,0,2,9,-1,6,1,27,6,-1,-1,-1,-1,7,E01015979,0,1
2024351463908,2024,351463908,2,1,0,-1,7,1,5,-1,0,0,0,0,0,0,4,1,-1,7,1,12,3,-1,-1,-1,-1,5,E01018069,0,1
2024340WN4912,2024,340WN4912,1,9,0,-1,19,7,3,-1,0,0,0,0,0,0,4,1,-1,9,2,28,6,-1,-1,-1,-1,5,E01027192,0,1
2024010545477,2024,010545477,1,19,0,99,99,9,9,0,0,6,0,0,0,0,2,9,6,6,3,-1,-1,-1,-1,-1,-1,-1,-1,0,-1
2024161396594,2024,161396594,1,1,0,-1,19,2,6,-1,0,1,0,0,0,0,1,1,-1,6,1,22,5,-1,-1,-1,-1,-1,-1,0,-1
2024991515834,2024,991515834,1,9,0,-1,19,5,1,-1,0,0,0,0,0,0,3,1,-1,2,2,25,5,-1,-1,-1,-1,10,-1,0,1
2024340NN3432,2024,340NN3432,1,4,0,-1,19,1,5,-1,0,1,1,0,0,0,0,1,-1,1,1,40,7,-1,-1,-1,-1,4,E01027352,0,1
2024221525576,2024,221525576,1,3,0,-1,3,6,2,-1,0,8,0,0,1,0,2,1,-1,1,1,38,7,-1,-1,-1,-1,2,E01013994,0,1
2024520401336,2024,520401336,1,9,0,18,19,3,7,0,0,0,0,0,0,0,1,1,6,6,1,48,8,-1,-1,-1,-1,8,E01035118,0,1
2024041460975,2024,041460975,1,9,0,-1,19,-1,-1,-1,0,0,0,0,0,0,-1,9,-1,6,3,-1,-1,-1,-1,-1,-1,-1,-1,0,-1
2024141508063,2024,141508063,2,1,0,-1,19,7,8,-1,0,1,5,0,0,0,2,1,-1,6,1,8,2,-1,-1,-1,-1,2,E01007579,0,1
2024991429117,2024,991429117,2,9,0,-1,4,7,3,-1,0,0,0,0,0,0,1,1,-1,2,1,24,5,-1,-1,-1,-1,7,-1,0,3
202460Q190906,2024,60Q190906,1,9,0,5,5,5,7,0,0,1,0,0,0,0,1,1,6,6,3,-1,-1,-1,-1,-1,-1,-1,-1,0,-1
2024440538465,2024,440538465,1,9,0,7,7,6,8,0,0,1,0,0,0,0,4,1,6,6,1,44,7,-1,-1,-1,-1,7,E01002986,0,4
2024061404537,2024,061404537,2,9,0,-1,19,5,1,-1,0,0,0,0,0,0,0,1,-1,2,1,51,8,-1,-1,-1,-1,-1,-1,0,-1
2024471508890,2024,471508890,2,1,0,-1,19,5,2,-1,9,2,0,0,0,0,1,1,-1,6,1,43,7,-1,-1,-1,-1,2,E01031432,0,1
2024010549035,2024,010549035,1,97,0,99,99,9,9,99,99,9,9,99,9,99,1,1,6,6,3,-1,-1,-1,-1,-1,-1,-1,-1,0,-1
2024340WN3862,2024,340WN3862,1,9,0,-1,11,1,5,-1,0,0,0,0,0,0,0,1,-1,6,1,-1,-1,-1,-1,-1,-1,-1,-1,0,-1
2024010503453,2024,010503453,1,1,9,99,99,9,9,99,99,1,9,99,9,99,9,1,2,2,1,35,6,-1,-1,-1,-1,4,E01004031,0,1
2024010500396,2024,010500396,2,9,0,99,99,9,9,99,99,9,9,99,9,99,9,9,6,6,3,-1,-1,-1,-1,-1,-1,-1,-1,0,-1
2024501433564,2024,501433564,2,1,0,-1,19,1,5,-1,0,1,1,0,0,0,3,1,-1,7,1,13,3,-1,-1,-1,-1,3,E01019975,0,1
2024522402922,2024,522402922,2,9,0,18,19,6,2,0,0,8,0,0,0,0,1,1,6,6,3,-1,-1,-1,-1,-1,-1,-1,-1,0,-1
2024221515085,2024,221515085,3,9,0,-1,4,2,6,-1,0,0,0,0,0,0,0,9,-1,6,3,56,9,-1,-1,-1,-1,-1,-1,0,-1
2024010495020,2024,010495020,1,9,0,18,19,3,7,0,0,8,0,0,0,0,4,1,1,1,1,52,8,-1,-1,-1,-1,4,E01004427,0,2
2024522402574,2024,522402574,1,1,0,18,19,8,4,0,0,8,0,0,0,0,9,1,6,6,1,24,5,-1,-1,-1,-1,6,E01015005,0,2
2024471487780,2024,471487780,2,9,0,-1,19,1,5,-1,0,1,0,0,0,0,3,1,-1,9,2,33,6,-1,-1,-1,-1,5,E01031743,0,1
2024010494482,2024,010494482,1,3,0,18,19,1,5,0,0,8,0,0,0,0,9,1,1,1,1,25,5,-1,-1,-1,-1,9,E01000201,0,1
2024061454879,2024,061454879,1,9,0,-1,4,-1,-1,-1,0,0,0,0,0,0,2,1,-1,7,2,46,8,-1,-1,-1,-1,1,E01006249,0,1
2024041397984,2024,041397984,1,97,0,-1,19,3,7,-1,0,1,5,0,3,11,1,1,-1,9,1,72,10,-1,-1,-1,-1,1,E01012707,0,2
2024471406003,2024,471406003,1,9,0,-1,19,5,1,-1,0,0,0,0,0,0,1,1,-1,9,1,52,8,-1,-1,-1,-1,5,E01034819,0,4
2024451478611,2024,451478611,1,1,0,-1,19,1,5,-1,9,0,0,0,0,0,1,1,-1,9,1,58,9,-1,-1,-1,-1,6,E01030546,0,1
2024501459536,2024,501459536,2,23,0,-1,9,7,3,-1,0,1,0,0,0,0,1,1,-1,2,2,53,8,-1,-1,-1,-1,5,E01019947,0,1
2024010509694,2024,010509694,1,4,0,99,99,9,9,99,99,9,9,99,9,99,1,1,6,6,3,-1,-1,-1,-1,-1,-1,-1,-1,0,-1
2024010532844,2024,010532844,1,1,9,99,99,9,9,99,99,9,9,99,9,99,9,1,1,1,1,24,5,-1,-1,-1,-1,2,E01001786,0,1
2024311457598,2024,311457598,1,9,0,-1,5,1,2,-1,0,0,0,0,0,0,1,1,-1,1,1,34,6,-1,-1,-1,-1,10,E01033103,0,4
2024010499710,2024,010499710,1,1,9,99,99,9,9,99,99,9,9,99,9,99,1,1,2,2,2,50,8,-1,-1,-1,-1,6,E01004488,0,2
2024991486131,2024,991486131,1,9,0,-1,19,6,2,-1,0,0,0,0,0,0,1,1,-1,1,1,41,7,-1,-1,-1,-1,-1,-1,0,-1
2024471478975,2024,471478975,1,9,0,-1,3,3,7,-1,0,0,0,0,0,0,1,9,-1,6,1,-1,-1,-1,-1,-1,-1,-1,-1,0,-1
2024622500015,2024,622500015,1,11,0,4,4,1,5,0,0,1,0,0,0,0,0,1,1,1,3,-1,-1,-1,-1,-1,-1,-1,-1,0,-1
2024041395690,2024,041395690,2,1,0,-1,19,1,5,-1,0,1,0,0,0,0,1,1,-1,9,1,28,6,-1,-1,-1,-1,3,E01025374,0,1