collision_index,collision_year,collision_ref_no,vehicle_reference,vehicle_type,towing_and_articulation,vehicle_manoeuvre_historic,vehicle_manoeuvre,vehicle_direction_from,vehicle_direction_to,vehicle_location_restricted_lane_historic,vehicle_location_restricted_lane,junction_location,skidding_and_overturning,hit_object_in_carriageway,vehicle_leaving_carriageway,hit_object_off_carriageway,first_point_of_impact,vehicle_left_hand_drive,journey_purpose_of_driver_historic,journey_purpose_of_driver,sex_of_driver,age_of_driver,age_band_of_driver,engine_capacity_cc,propulsion_code,age_of_vehicle,generic_make_model,driver_imd_decile,lsoa_of_driver,escooter_flag,driver_distance_banding
2024461501788,2024,461501788,2,-1,0,-1,19,6,2,-1,9,2,0,0,0,0,1,1,-1,9,1,14,3,-1,-1,-1,-1,5,E01024588,1,1
2024361525162,2024,361525162,1,9,0,-1,19,1,5,-1,0,4,0,0,0,0,4,1,-1,6,1,53,8,-1,-1,-1,-1,1,E01026793,0,1
2024430406783,2024,430406783,2,1,0,15,15,8,4,0,0,1,0,0,0,0,3,1,6,6,1,29,6,-1,-1,-1,-1,-1,-1,0,-1
2024544225624,2024,544225624,2,1,0,18,19,3,7,0,0,8,0,0,0,0,4,1,6,6,1,34,6,-1,-1,-1,-1,9,E01015535,0,1
2024430168584,2024,430168584,2,1,0,18,19,3,7,0,0,8,0,0,0,0,4,1,2,2,1,38,7,-1,-1,-1,-1,8,E01028541,0,1
2024101421529,2024,101421529,1,9,0,-1,19,2,6,-1,9,1,0,0,0,0,3,1,-1,6,-1,-1,-1,-1,-1,-1,-1,-1,-1,0,-1
2024522401819,2024,522401819,2,19,0,4,4,2,6,0,0,0,0,0,0,0,0,1,6,6,1,-1,-1,-1,-1,-1,-1,-1,-1,0,-1
2024340WN0292,2024,340WN0292,2,9,0,-1,4,6,2,-1,0,0,0,0,0,0,2,1,-1,6,3,-1,-1,-1,-1,-1,-1,-1,-1,0,-1
2024010495804,2024,010495804,1,9,0,99,99,9,9,99,99,9,9,99,9,99,9,9,6,6,2,41,7,-1,-1,-1,-1,4,E01001481,0,1
2024061489266,2024,061489266,3,1,0,-1,19,3,7,-1,4,8,2,0,0,0,4,1,-1,9,1,34,6,-1,-1,-1,-1,4,E01006186,0,1
2024351407899,2024,351407899,2,1,0,-1,-1,-1,-1,-1,0,8,0,0,0,0,2,1,-1,2,2,24,5,-1,-1,-1,-1,6,E01017965,0,1
2024010491047,2024,010491047,2,4,0,13,13,1,5,0,0,1,0,0,1,0,3,1,6,6,1,52,8,-1,-1,-1,-1,7,E01034716,0,4
2024231397677,2024,231397677,1,9,0,-1,19,4,8,-1,0,1,0,0,0,0,1,9,-1,6,2,25,5,-1,-1,-1,-1,-1,-1,0,-1
2024320478121,2024,320478121,2,1,0,-1,-1,2,6,0,0,2,5,0,0,0,3,1,6,6,1,85,11,-1,-1,-1,-1,9,E01026354,0,1
2024520401267,2024,520401267,3,9,0,18,19,1,5,0,0,0,0,0,0,0,1,1,6,6,2,29,6,-1,-1,-1,-1,2,E01029110,0,1
2024421483678,2024,421483678,2,5,0,-1,19,2,6,-1,0,0,0,0,0,0,1,1,-1,9,1,20,4,-1,-1,-1,-1,4,E01021955,0,2
2024122500210,2024,122500210,1,9,0,18,19,6,2,0,0,0,0,0,7,0,1,1,6,6,1,38,7,-1,-1,-1,-1,7,E01027600,0,4
2024131463171,2024,131463171,6,9,0,-1,19,3,7,-1,0,0,0,0,0,0,2,1,-1,9,2,23,5,-1,-1,-1,-1,2,E01011872,0,3
2024010496724,2024,010496724,1,9,0,99,99,9,9,99,99,0,9,99,9,99,9,9,6,6,2,-1,-1,-1,-1,-1,-1,4,E01000029,0,1
2024411437264,2024,411437264,2,19,0,-1,5,3,7,-1,0,4,0,0,0,0,1,1,-1,1,1,31,6,-1,-1,-1,-1,4,E01033834,0,4
2024010540650,2024,010540650,2,10,0,99,99,9,9,99,99,9,9,99,9,99,1,9,6,6,3,-1,-1,-1,-1,-1,-1,-1,-1,0,-1
2024061404537,2024,061404537,1,5,0,-1,13,5,1,-1,0,0,1,10,8,3,1,1,-1,6,1,51,8,-1,-1,-1,-1,9,E01004807,0,1
2024991418783,2024,991418783,2,9,0,-1,19,3,8,-1,0,0,0,0,0,0,3,1,-1,9,2,51,8,-1,-1,-1,-1,2,-1,0,2
2024010561184,2024,010561184,2,98,0,99,99,9,9,99,99,9,9,99,9,99,2,9,6,6,3,-1,-1,-1,-1,-1,-1,4,E01034225,0,2
2024010501526,2024,010501526,3,1,9,99,99,9,9,99,99,0,9,99,9,99,0,1,6,6,3,-1,-1,-1,-1,-1,-1,-1,-1,0,-1
2024010493477,2024,010493477,1,9,0,99,99,9,9,99,99,0,9,99,9,99,9,9,6,6,2,52,8,-1,-1,-1,-1,2,E01002969,0,1
2024010489386,2024,010489386,1,3,0,99,99,9,9,99,99,9,9,99,9,99,9,1,2,2,3,39,7,-1,-1,-1,-1,9,E01003795,0,2
2024430616520,2024,430616520,1,11,0,18,19,6,2,0,0,0,0,0,0,0,4,1,1,1,1,-1,-1,-1,-1,-1,-1,-1,-1,0,-1
2024411482143,2024,411482143,1,98,-1,-1,-1,-1,-1,-1,-1,-1,-1,-1,-1,0,-1,9,-1,6,1,-1,-1,-1,-1,-1,-1,-1,-1,0,-1
2024411417113,2024,411417113,1,99,-1,-1,-1,-1,-1,-1,-1,0,-1,-1,-1,0,-1,9,-1,6,3,-1,-1,-1,-1,-1,-1,-1,-1,0,-1
2024041519612,2024,041519612,1,9,0,-1,19,-1,-1,-1,0,1,0,0,0,0,-1,9,-1,6,3,-1,-1,-1,-1,-1,-1,-1,-1,0,-1
2024991396995,2024,991396995,1,9,0,-1,19,1,5,-1,0,5,0,4,0,0,1,2,-1,9,2,24,5,-1,-1,-1,-1,8,-1,0,2
2024010511135,2024,010511135,1,9,0,18,19,7,3,9,9,2,0,0,7,2,1,1,6,6,2,19,4,-1,-1,-1,-1,5,E01000454,0,1
2024131489957,2024,131489957,1,-1,0,-1,19,1,5,-1,9,8,0,0,0,0,1,1,-1,6,3,-1,-1,-1,-1,-1,-1,-1,-1,1,-1
2024430232589,2024,430232589,1,9,0,18,19,1,5,0,0,0,0,0,0,0,1,1,6,6,1,-1,-1,-1,-1,-1,-1,-1,-1,0,-1
2024520401301,2024,520401301,1,9,0,10,10,5,3,0,0,6,0,0,0,0,1,1,6,6,1,35,6,-1,-1,-1,-1,4,E01035114,0,4
2024010552166,2024,010552166,2,9,0,99,99,9,9,99,99,9,9,99,9,99,9,9,6,6,3,-1,-1,-1,-1,-1,-1,-1,-1,0,-1
2024544584924,2024,544584924,1,9,0,18,19,3,7,0,0,1,0,0,0,0,1,1,6,6,1,24,5,-1,-1,-1,-1,6,E01034798,0,4
2024211451360,2024,211451360,1,9,0,-1,7,8,2,-1,0,0,0,0,0,0,4,1,-1,6,1,80,11,-1,-1,-1,-1,-1,-1,0,-1
2024010490216,2024,010490216,1,9,0,7,7,5,8,0,0,6,0,0,0,0,9,1,6,6,1,71,10,-1,-1,-1,-1,3,E01000908,0,3
2024610015424,2024,610015424,1,9,0,18,19,1,5,0,0,8,0,0,0,0,3,1,6,6,2,36,7,-1,-1,-1,-1,6,W01001680,0,1
2024411411875,2024,411411875,2,9,0,-1,9,1,7,-1,0,6,0,0,0,0,1,1,-1,6,-1,46,8,-1,-1,-1,-1,10,E01023550,0,1
2024010534093,2024,010534093,1,1,9,99,99,9,9,99,99,9,9,99,9,99,9,1,6,6,1,26,6,-1,-1,-1,-1,4,E01002070,0,2
2024131412630,2024,131412630,2,1,0,-1,19,1,5,-1,9,8,0,0,0,0,4,1,-1,7,2,9,2,-1,-1,-1,-1,1,E01011373,0,1
2024010511697,2024,010511697,2,9,0,6,6,9,9,99,99,0,9,99,9,99,9,9,6,6,3,-1,-1,-1,-1,-1,-1,-1,-1,0,-1
2024430199400,2024,430199400,2,1,0,18,19,6,2,0,0,0,0,0,0,0,1,1,6,6,2,-1,-1,-1,-1,-1,-1,7,E01022477,0,4
2024010543896,2024,010543896,2,1,9,99,99,9,9,99,99,9,9,99,9,99,9,1,6,6,3,-1,-1,-1,-1,-1,-1,-1,-1,0,-1
2024501433564,2024,501433564,1,9,0,-1,7,7,3,-1,0,1,0,0,0,0,1,9,-1,6,2,-1,-1,-1,-1,-1,-1,-1,-1,0,-1
2024052402738,2024,052402738,2,1,0,18,19,8,4,0,0,1,0,0,0,0,1,1,6,6,1,34,6,-1,-1,-1,-1,1,E01006616,0,1
2024070691727,2024,070691727,1,9,0,9,9,2,6,0,0,1,0,0,0,0,1,1,1,1,1,55,8,-1,-1,-1,-1,5,E01008005,0,5
2024010488371,2024,010488371,2,1,0,18,19,5,1,0,0,1,0,0,0,0,1,1,2,2,1,75,10,-1,-1,-1,-1,6,E01035705,0,1
2024070349643,2024,070349643,3,9,0,3,3,3,7,0,0,0,0,0,0,0,2,1,2,2,1,47,8,-1,-1,-1,-1,9,E01018529,0,1
2024201538065,2024,201538065,1,99,0,-1,19,2,6,-1,0,0,0,0,0,0,1,9,-1,6,3,-1,-1,-1,-1,-1,-1,-1,-1,0,-1
2024010494660,2024,010494660,1,11,0,5,5,2,6,2,2,1,0,0,0,0,0,1,6,6,1,50,8,-1,-1,-1,-1,4,E01015962,0,4
2024201433083,2024,201433083,1,9,0,-1,19,6,2,-1,0,1,0,0,0,0,1,1,-1,6,3,36,7,-1,-1,-1,-1,-1,-1,0,-1
2024010490067,2024,010490067,2,9,9,99,99,9,9,99,99,9,9,99,9,99,1,9,6,6,3,-1,-1,-1,-1,-1,-1,-1,-1,0,-1
2024440144430,2024,440144430,2,9,0,18,19,2,6,0,0,8,0,0,0,0,3,1,6,6,2,31,6,-1,-1,-1,-1,-1,-1,0,-1
2024010513340,2024,010513340,2,9,0,99,99,9,9,99,99,9,9,99,9,99,1,9,6,6,3,-1,-1,-1,-1,-1,-1,-1,-1,0,-1
2024141430621,2024,141430621,1,23,0,-1,13,8,4,-1,0,0,1,4,0,0,1,1,-1,6,3,-1,-1,-1,-1,-1,-1,-1,-1,0,-1
2024451492562,2024,451492562,2,3,0,-1,99,3,7,-1,99,8,9,0,0,0,1,1,-1,6,3,20,4,-1,-1,-1,-1,-1,-1,0,-1
2024010544494,2024,010544494,1,9,0,99,99,9,9,99,99,0,9,99,9,99,2,1,6,6,3,-1,-1,-1,-1,-1,-1,-1,-1,0,-1
2024070543751,2024,070543751,1,9,0,18,19,4,8,0,0,0,0,0,0,0,1,1,6,6,1,-1,-1,-1,-1,-1,-1,-1,-1,0,-1
2024052401455,2024,052401455,1,-1,0,18,19,6,2,0,0,0,0,0,0,0,1,1,6,6,2,18,4,-1,-1,-1,-1,5,E01006491,1,3
2024401462573,2024,401462573,1,1,0,-1,19,3,7,-1,0,0,0,0,0,0,1,1,-1,6,1,11,3,-1,-1,-1,-1,-1,-1,0,-1
2024430513112,2024,430513112,2,1,0,18,19,2,6,2,2,8,0,0,0,0,1,1,4,7,1,13,3,-1,-1,-1,-1,2,E01016443,0,1
2024411543344,2024,411543344,1,98,5,-1,-1,-1,-1,-1,0,8,1,0,-1,0,4,9,-1,6,1,-1,-1,-1,-1,-1,-1,4,E01023560,0,2
2024161407492,2024,161407492,1,1,0,-1,19,2,6,-1,0,8,0,0,0,0,0,1,-1,2,1,60,9,-1,-1,-1,-1,1,E01013142,0,1
2024531495875,2024,531495875,1,9,0,-1,19,3,7,-1,0,1,0,0,1,0,1,9,-1,6,2,69,10,-1,-1,-1,-1,9,E01028485,0,4
2024010512626,2024,010512626,1,90,0,18,19,1,5,0,0,9,0,0,0,0,9,9,6,6,3,-1,-1,-1,-1,-1,-1,-1,-1,0,-1
2024430127573,2024,430127573,1,1,0,18,19,2,6,0,0,4,0,0,0,0,4,1,2,2,1,46,8,-1,-1,-1,-1,5,E01016615,0,2
2024461518259,2024,461518259,1,9,4,-1,19,1,5,-1,0,0,0,0,1,4,4,1,-1,1,1,18,4,-1,-1,-1,-1,10,E01024781,0,3
2024520001887,2024,520001887,2,3,0,18,19,-1,-1,0,0,1,0,0,0,0,1,1,6,6,1,17,4,-1,-1,-1,-1,8,E01014419,0,3
2024471416539,2024,471416539,1,9,0,-1,19,3,7,-1,0,8,0,0,2,4,1,1,-1,6,1,68,10,-1,-1,-1,-1,9,E01031497,0,2
2024201439978,2024,201439978,2,90,0,-1,5,7,3,-1,0,0,0,0,0,0,3,1,-1,6,2,7,2,-1,-1,-1,-1,1,E01009957,0,1
2024010490443,2024,010490443,1,9,0,18,19,1,5,0,0,0,0,0,0,0,1,1,6,6,1,19,4,-1,-1,-1,-1,2,E01004214,0,1
2024421454078,2024,421454078,2,1,0,-1,19,5,1,-1,0,0,0,0,0,0,2,1,-1,9,1,64,9,-1,-1,-1,-1,7,E01021334,0,2
2024552401485,2024,552401485,1,19,0,18,19,4,8,0,0,0,0,0,0,0,1,1,2,2,1,46,8,-1,-1,-1,-1,2,E01015305,0,1
2024221417203,2024,221417203,1,1,0,-1,19,2,6,-1,4,8,0,0,0,0,4,1,-1,6,1,71,10,-1,-1,-1,-1,8,E01032226,0,1
2024461442495,2024,461442495,1,21,4,-1,19,3,7,-1,0,5,0,0,0,0,1,9,-1,1,1,-1,-1,-1,-1,-1,-1,-1,-1,0,-1
2024211420971,2024,211420971,1,9,0,-1,14,2,2,-1,0,1,0,0,0,0,4,9,-1,6,3,40,7,-1,-1,-1,-1,-1,-1,0,-1
2024010548513,2024,010548513,2,1,0,13,13,3,7,0,0,2,0,0,0,0,1,1,1,1,1,28,6,-1,-1,-1,-1,3,E01002766,0,1
2024010526648,2024,010526648,2,9,0,18,19,5,1,0,0,1,0,0,0,0,1,1,6,6,1,20,4,-1,-1,-1,-1,5,E01002507,0,1
2024010491333,2024,010491333,2,9,0,18,19,1,5,0,0,1,9,0,0,0,9,1,6,6,1,34,6,-1,-1,-1,-1,2,E01033587,0,1
2024010513647,2024,010513647,1,9,0,18,19,5,1,0,0,0,0,0,0,0,1,1,6,6,3,24,5,-1,-1,-1,-1,-1,-1,0,-1
2024010513284,2024,010513284,1,9,0,99,99,9,9,99,99,0,9,99,9,99,0,9,6,6,3,-1,-1,-1,-1,-1,-1,-1,-1,0,-1
2024461439261,2024,461439261,2,9,0,-1,2,0,0,-1,0,0,0,0,0,0,1,1,-1,6,2,73,10,-1,-1,-1,-1,4,E01024208,0,1
2024010541442,2024,010541442,2,1,0,14,14,5,1,0,0,0,1,0,1,0,3,1,6,6,2,20,4,-1,-1,-1,-1,3,E01000630,0,1
2024010497137,2024,010497137,2,9,0,99,99,9,9,99,99,9,9,99,9,99,9,9,6,6,3,-1,-1,-1,-1,-1,-1,-1,-1,0,-1
2024201484735,2024,201484735,1,97,0,-1,19,8,4,-1,0,0,2,4,0,0,1,1,-1,6,1,24,5,-1,-1,-1,-1,-1,-1,0,-1
2024461447884,2024,461447884,1,19,-1,-1,19,5,1,-1,0,0,0,0,0,0,1,9,-1,6,3,-1,-1,-1,-1,-1,-1,-1,-1,0,-1
2024430530167,2024,430530167,1,90,0,18,19,2,6,0,0,0,0,0,0,0,1,1,6,6,1,18,4,-1,-1,-1,-1,6,E01017687,0,1
2024430341701,2024,430341701,2,9,0,9,9,8,6,0,0,3,0,0,0,0,1,1,6,6,3,-1,-1,-1,-1,-1,-1,-1,-1,0,-1
2024010492779,2024,010492779,2,9,0,99,99,9,9,99,99,9,9,99,9,99,9,9,6,6,1,48,8,-1,-1,-1,-1,-1,-1,0,-1
2024351503901,2024,351503901,1,9,0,-1,4,5,1,-1,0,0,0,0,0,0,2,1,-1,9,1,56,9,-1,-1,-1,-1,10,E01018244,0,2
2024351519394,2024,351519394,2,1,0,-1,19,8,4,-1,0,6,2,0,0,0,0,1,-1,9,1,57,9,-1,-1,-1,-1,4,E01018009,0,1
2024311515676,2024,311515676,2,1,0,-1,19,5,1,-1,0,0,0,0,1,0,4,1,-1,6,1,31,6,-1,-1,-1,-1,-1,-1,0,-1
2024101536104,2024,101536104,2,9,-1,-1,99,-1,-1,-1,0,0,0,99,0,0,1,1,-1,6,3,-1,-1,-1,-1,-1,-1,-1,-1,0,-1
2024010494942,2024,010494942,1,11,0,4,4,3,7,0,0,1,0,0,0,0,0,1,1,1,2,51,8,-1,-1,-1,-1,5,E01001348,0,1
2024440313105,2024,440313105,1,9,0,2,2,3,7,0,0,0,0,0,0,0,3,1,4,7,2,28,6,-1,-1,-1,-1,10,E01023044,0,2
2024361469564,2024,361469564,1,1,0,-1,19,-1,-1,-1,0,0,0,0,0,0,1,1,-1,6,1,-1,-1,-1,-1,-1,-1,10,E01026838,0,3
2024610018224,2024,610018224,2,90,0,3,3,3,7,0,0,6,0,0,0,0,1,1,6,6,1,18,4,-1,-1,-1,-1,3,W01001368,0,1
2024340WN0612,2024,340WN0612,1,9,0,-1,19,1,5,-1,0,1,0,0,0,0,4,1,-1,6,1,-1,-1,-1,-1,-1,-1,-1,-1,0,-1
2024010551059,2024,010551059,1,1,0,11,11,1,5,0,0,0,5,0,0,0,3,1,1,1,1,21,5,-1,-1,-1,-1,-1,-1,0,-1
2024311400184,2024,311400184,2,98,0,-1,19,1,5,-1,0,1,0,0,0,0,1,1,-1,1,1,53,8,-1,-1,-1,-1,-1,-1,0,-1
2024440134516,2024,440134516,2,1,0,18,19,3,7,0,0,1,0,0,0,0,1,1,6,6,1,52,8,-1,-1,-1,-1,10,E01022837,0,3
2024201415407,2024,201415407,1,9,0,-1,19,7,3,-1,0,1,0,0,0,0,1,1,-1,6,1,25,5,-1,-1,-1,-1,-1,-1,0,-1
2024311483157,2024,311483157,2,1,0,-1,19,7,3,-1,0,8,0,0,0,0,3,1,-1,6,1,17,4,-1,-1,-1,-1,-1,-1,0,-1
2024302401288,2024,302401288,1,19,0,18,19,7,3,0,0,0,0,0,0,0,4,1,6,6,3,-1,-1,-1,-1,-1,-1,5,E01019456,0,4
2024010545088,2024,010545088,1,3,0,8,8,4,6,9,9,1,0,0,0,0,1,1,1,1,1,29,6,-1,-1,-1,-1,-1,-1,0,-1
2024131402400,2024,131402400,1,9,0,-1,19,1,1,-1,0,0,0,7,0,0,1,1,-1,6,1,21,5,-1,-1,-1,-1,1,E01010712,0,2
2024101414163,2024,101414163,1,9,0,-1,19,2,6,-1,0,6,0,0,0,0,1,9,-1,6,1,87,11,-1,-1,-1,-1,-1,-1,0,-1
2024010528098,2024,010528098,2,1,0,18,19,1,5,4,4,1,0,0,0,0,1,1,1,1,2,25,5,-1,-1,-1,-1,3,E01003056,0,1
202417S201524,2024,17S201524,2,19,0,4,4,2,6,0,0,1,0,0,0,0,2,1,1,1,1,48,8,-1,-1,-1,-1,-1,-1,0,-1
2024010540175,2024,010540175,2,9,0,4,4,5,1,0,0,1,0,0,0,0,0,1,6,6,1,54,8,-1,-1,-1,-1,3,E01003135,0,1
2024161450128,2024,161450128,1,9,0,-1,19,6,2,-1,0,0,0,0,0,0,4,1,-1,6,3,-1,-1,-1,-1,-1,-1,-1,-1,0,-1
2024010516171,2024,010516171,1,1,9,99,99,9,9,99,99,0,9,8,9,99,1,1,6,6,1,59,9,-1,-1,-1,-1,9,E01004713,0,1
2024131429544,2024,131429544,2,1,0,-1,19,5,1,-1,5,8,0,0,0,0,1,1,-1,1,1,35,6,-1,-1,-1,-1,1,E01011433,0,1
2024161397840,2024,161397840,3,-1,0,-1,19,5,1,-1,0,4,0,0,0,0,2,9,-1,9,1,16,4,-1,-1,-1,-1,5,E01013317,1,1
2024041533658,2024,041533658,1,9,0,-1,19,7,3,-1,0,1,0,0,0,0,1,1,-1,9,1,22,5,-1,-1,-1,-1,2,E01012696,0,1
2024991514800,2024,991514800,1,9,0,-1,19,3,7,-1,0,0,0,0,0,0,3,1,-1,6,2,37,7,-1,-1,-1,-1,-1,-1,0,-1
2024501427033,2024,501427033,2,1,0,-1,19,7,1,-1,0,0,0,0,0,0,3,1,-1,9,1,39,7,-1,-1,-1,-1,3,E01018788,0,1
2024440400512,2024,440400512,2,9,0,9,9,1,5,0,0,4,0,0,0,0,1,1,6,6,3,-1,-1,-1,-1,-1,-1,-1,-1,0,-1
2024010492508,2024,010492508,1,9,9,99,99,9,9,99,99,0,9,99,9,99,9,9,6,6,3,-1,-1,-1,-1,-1,-1,-1,-1,0,-1
2024010499700,2024,010499700,2,1,0,18,19,4,8,0,0,1,0,0,0,0,3,1,2,2,1,50,8,-1,-1,-1,-1,5,E01003022,0,1
2024430154150,2024,430154150,1,1,0,18,19,6,2,9,9,0,0,0,0,0,4,1,6,6,2,45,7,-1,-1,-1,-1,8,E01028510,0,1
2024221498223,2024,221498223,1,1,0,-1,19,7,3,-1,0,8,0,0,7,0,1,1,-1,2,1,48,8,-1,-1,-1,-1,7,E01032153,0,1
2024520500079,2024,520500079,1,9,0,18,19,7,3,0,0,0,0,0,0,0,3,1,6,6,2,73,10,-1,-1,-1,-1,6,E01020433,0,2
2024010527660,2024,010527660,1,1,9,99,99,9,9,99,99,9,9,99,9,99,9,1,6,6,1,21,5,-1,-1,-1,-1,8,E01004110,0,1
2024430606903,2024,430606903,2,9,0,18,19,1,5,0,0,1,0,0,0,0,1,1,6,6,1,-1,-1,-1,-1,-1,-1,-1,-1,0,-1
2024361416720,2024,361416720,2,1,0,-1,19,2,7,-1,0,1,5,0,0,0,4,1,-1,2,2,42,7,-1,-1,-1,-1,2,E01026662,0,1
2024440065147,2024,440065147,1,9,0,18,19,4,8,0,0,4,0,0,0,0,1,1,2,2,2,37,7,-1,-1,-1,-1,9,E01022785,0,1
2024401473843,2024,401473843,1,9,-1,-1,-1,-1,-1,-1,-1,0,-1,-1,-1,0,-1,9,-1,1,1,80,11,-1,-1,-1,-1,4,E01035430,0,4
2024471461588,2024,471461588,2,1,0,-1,19,7,3,-1,0,1,0,0,0,0,1,1,-1,6,2,-1,-1,-1,-1,-1,-1,4,E01016891,0,1
2024430179940,2024,430179940,1,9,0,18,19,2,6,0,0,0,0,0,0,0,1,1,6,6,2,-1,-1,-1,-1,-1,-1,-1,-1,0,-1
2024201413884,2024,201413884,1,1,0,-1,19,3,7,-1,0,1,0,0,0,0,1,1,-1,1,1,-1,-1,-1,-1,-1,-1,-1,-1,0,-1
2024351500886,2024,351500886,2,1,-1,-1,4,7,3,-1,0,3,0,0,1,0,-1,1,-1,2,1,39,7,-1,-1,-1,-1,1,E01015596,0,1
2024101454637,2024,101454637,2,1,0,-1,19,5,1,-1,9,0,2,0,0,0,1,1,-1,2,1,45,7,-1,-1,-1,-1,9,E01008238,0,1
2024302401202,2024,302401202,2,22,0,18,19,4,8,0,0,2,0,0,0,0,4,1,6,6,1,42,7,-1,-1,-1,-1,2,E01019563,0,1
2024131490179,2024,131490179,1,9,0,-1,19,1,5,-1,0,8,0,0,0,0,2,1,-1,6,2,44,7,-1,-1,-1,-1,7,E01011588,0,1
2024522402924,2024,522402924,1,1,0,18,19,6,2,0,0,1,0,0,0,0,3,1,6,6,1,62,9,-1,-1,-1,-1,9,-1,0,5
2024201496018,2024,201496018,2,1,0,-1,19,5,1,-1,0,1,0,0,0,0,2,1,-1,6,1,50,8,-1,-1,-1,-1,1,E01009397,0,1
2024991445168,2024,991445168,2,9,0,-1,19,7,3,-1,0,0,0,0,0,0,2,1,-1,9,1,59,9,-1,-1,-1,-1,-1,-1,0,-1
2024411427521,2024,411427521,3,9,0,-1,19,4,8,-1,0,0,0,0,0,0,1,1,-1,6,1,31,6,-1,-1,-1,-1,5,E01023786,0,1
2024131496451,2024,131496451,1,9,0,-1,19,7,3,-1,0,8,0,0,0,0,1,1,-1,9,1,45,7,-1,-1,-1,-1,4,E01005217,0,4
2024161472588,2024,161472588,2,1,0,-1,19,4,8,-1,0,8,0,0,0,0,1,1,-1,6,1,57,9,-1,-1,-1,-1,7,E01013185,0,1
2024201434413,2024,201434413,1,99,0,-1,9,3,2,-1,0,2,0,0,0,0,4,9,-1,6,3,-1,-1,-1,-1,-1,-1,-1,-1,0,-1
2024010488800,2024,010488800,1,3,0,99,99,9,9,99,99,9,9,99,9,99,9,1,1,1,2,29,6,-1,-1,-1,-1,2,E01001509,0,2
2024332400593,2024,332400593,2,9,0,-1,19,1,5,-1,0,0,0,0,0,0,0,1,-1,8,1,33,6,-1,-1,-1,-1,-1,-1,0,-1
2024010500279,2024,010500279,3,-1,0,13,13,6,2,0,0,1,0,4,0,0,1,1,6,6,1,35,6,-1,-1,-1,-1,9,E01031838,1,4
2024010487092,2024,010487092,2,9,9,99,99,9,9,0,0,3,9,99,9,99,9,9,6,6,3,-1,-1,-1,-1,-1,-1,5,E01003757,0,2
2024070873259,2024,070873259,1,1,0,-1,19,8,4,-1,0,0,2,0,0,0,0,1,-1,9,1,54,8,-1,-1,-1,-1,8,E01018391,0,3
2024471483757,2024,471483757,2,9,0,-1,19,1,5,-1,0,0,0,0,0,0,4,1,-1,6,3,-1,-1,-1,-1,-1,-1,-1,-1,0,-1
2024401489485,2024,401489485,1,9,0,-1,7,2,4,-1,0,2,0,0,0,0,1,1,-1,6,1,88,11,-1,-1,-1,-1,8,E01017670,0,1
2024430053204,2024,430053204,3,9,0,2,2,0,0,0,0,0,0,0,0,11,1,1,6,6,3,-1,-1,-1,-1,-1,-1,-1,-1,0,-1
2024991444436,2024,991444436,2,9,0,-1,2,0,0,-1,0,0,0,0,0,0,1,1,-1,6,3,-1,-1,-1,-1,-1,-1,-1,-1,0,-1
2024010531199,2024,010531199,1,1,9,99,99,9,9,99,99,9,9,99,9,99,1,1,2,2,2,19,4,-1,-1,-1,-1,3,E01004004,0,1
2024471394521,2024,471394521,2,9,0,-1,19,3,7,-1,0,1,0,0,0,0,4,9,-1,6,1,50,8,-1,-1,-1,-1,8,E01021036,0,3
2024421474514,2024,421474514,1,1,0,-1,7,8,7,-1,0,0,2,0,7,0,1,1,-1,6,1,18,4,-1,-1,-1,-1,-1,-1,0,-1
2024522401927,2024,522401927,1,9,0,11,11,8,4,0,0,0,0,0,0,0,4,1,6,6,3,-1,-1,-1,-1,-1,-1,-1,-1,0,-1
2024622400177,2024,622400177,1,-1,0,18,19,6,2,0,0,8,0,0,0,0,1,1,2,2,1,18,4,-1,-1,-1,-1,1,W01001867,1,1
2024371490513,2024,371490513,2,9,0,-1,19,5,1,-1,0,0,0,0,0,0,4,1,-1,6,1,66,10,-1,-1,-1,-1,2,E01026596,0,4
2024052402549,2024,052402549,1,23,0,18,19,7,3,0,0,1,1,0,0,0,1,1,6,6,1,23,5,-1,-1,-1,-1,1,E01006984,0,1
2024041453631,2024,041453631,1,9,0,-1,19,-1,-1,-1,0,1,0,0,0,0,1,9,-1,6,3,-1,-1,-1,-1,-1,-1,-1,-1,0,-1
2024361501780,2024,361501780,2,1,0,-1,19,3,7,-1,9,0,0,0,0,0,1,1,-1,6,1,12,3,-1,-1,-1,-1,1,E01026690,0,1
2024430426553,2024,430426553,2,19,0,18,19,4,8,0,0,8,0,0,0,0,1,1,6,6,1,-1,-1,-1,-1,-1,-1,-1,-1,0,-1
2024371412493,2024,371412493,2,19,0,-1,19,3,7,-1,0,0,0,0,0,0,3,1,-1,6,1,47,8,-1,-1,-1,-1,9,E01030145,0,1
2024351471508,2024,351471508,2,1,0,-1,19,-1,-1,-1,4,8,0,0,0,0,1,1,-1,2,1,29,6,-1,-1,-1,-1,5,E01017954,0,1
2024010531661,2024,010531661,2,1,0,9,9,5,2,0,0,3,1,0,0,0,3,1,6,6,2,30,6,-1,-1,-1,-1,6,E01004482,0,1
2024141419583,2024,141419583,1,9,0,-1,19,2,7,-1,0,1,0,0,0,0,4,1,-1,6,1,57,9,-1,-1,-1,-1,1,E01007714,0,3
2024061430928,2024,061430928,2,22,0,-1,19,7,3,-1,0,6,0,0,0,0,1,1,-1,9,1,87,11,-1,-1,-1,-1,-1,-1,0,-1
2024010501578,2024,010501578,1,1,9,99,99,9,9,99,99,1,9,99,9,99,0,1,6,6,2,25,5,-1,-1,-1,-1,2,E01000550,0,1
2024522500302,2024,522500302,2,19,0,13,13,5,8,0,0,4,0,0,0,0,0,1,6,6,3,-1,-1,-1,-1,-1,-1,-1,-1,0,-1
2024201464912,2024,201464912,1,9,0,-1,5,3,7,-1,0,6,0,0,0,0,1,1,-1,6,-1,-1,-1,-1,-1,-1,-1,-1,-1,0,-1
2024311460425,2024,311460425,1,9,0,-1,19,3,1,-1,0,6,0,0,0,0,3,9,-1,6,3,-1,-1,-1,-1,-1,-1,-1,-1,0,-1
2024101457393,2024,101457393,1,9,0,-1,19,1,5,-1,0,8,0,0,0,0,1,1,-1,9,1,33,6,-1,-1,-1,-1,3,E01008742,0,1
2024141410993,2024,141410993,2,1,0,-1,4,3,7,-1,0,0,0,0,0,0,1,1,-1,9,1,-1,-1,-1,-1,-1,-1,9,E01013077,0,3