collision_index,collision_year,collision_ref_no,vehicle_reference,vehicle_type,towing_and_articulation,vehicle_manoeuvre_historic,vehicle_manoeuvre,vehicle_direction_from,vehicle_direction_to,vehicle_location_restricted_lane_historic,vehicle_location_restricted_lane,junction_location,skidding_and_overturning,hit_object_in_carriageway,vehicle_leaving_carriageway,hit_object_off_carriageway,first_point_of_impact,vehicle_left_hand_drive,journey_purpose_of_driver_historic,journey_purpose_of_driver,sex_of_driver,age_of_driver,age_band_of_driver,engine_capacity_cc,propulsion_code,age_of_vehicle,generic_make_model,driver_imd_decile,lsoa_of_driver,escooter_flag,driver_distance_banding
2024010540982,2024,010540982,1,9,0,15,15,3,7,0,0,1,9,99,0,0,4,9,6,6,3,-1,-1,-1,-1,-1,-1,-1,-1,0,-1
2024501434170,2024,501434170,1,9,0,-1,9,1,7,-1,0,6,0,0,0,0,3,1,-1,9,1,46,8,-1,-1,-1,-1,8,E01019962,0,1
2024010512104,2024,010512104,1,9,9,7,7,5,7,99,99,5,9,0,7,0,1,9,6,6,3,-1,-1,-1,-1,-1,-1,-1,-1,0,-1
2024010509861,2024,010509861,5,9,0,2,2,0,0,9,9,0,0,0,0,0,3,1,6,6,3,-1,-1,-1,-1,-1,-1,-1,-1,0,-1
2024231476132,2024,231476132,2,5,0,-1,19,4,8,-1,0,8,1,0,0,0,1,1,-1,9,1,40,7,-1,-1,-1,-1,8,E01033250,0,1
2024010521928,2024,010521928,1,1,9,18,19,9,9,2,2,0,9,99,9,99,1,1,6,6,1,27,6,-1,-1,-1,-1,2,E01003253,0,1
2024622400709,2024,622400709,3,8,0,18,19,4,8,0,0,1,0,0,0,0,3,1,1,1,1,23,5,-1,-1,-1,-1,2,W01001261,0,1
2024522401140,2024,522401140,1,9,0,4,4,6,2,0,0,0,0,0,0,0,2,1,6,6,1,30,6,-1,-1,-1,-1,1,E01014658,0,2
2024440336581,2024,440336581,1,1,0,18,19,9,9,0,0,8,0,0,0,0,9,1,6,6,1,72,10,-1,-1,-1,-1,9,E01023064,0,1
2024010498276,2024,010498276,1,3,0,99,99,9,9,99,99,9,9,99,9,99,9,1,1,1,3,27,6,-1,-1,-1,-1,2,E01002075,0,1
2024311512079,2024,311512079,2,9,0,-1,19,2,6,-1,0,8,0,0,0,0,1,1,-1,6,1,23,5,-1,-1,-1,-1,4,E01032613,0,3
2024010516502,2024,010516502,1,1,9,99,99,9,9,99,99,0,9,99,9,99,0,1,2,2,1,35,6,-1,-1,-1,-1,6,E01001245,0,1
2024010510586,2024,010510586,2,19,9,99,99,9,9,99,99,9,9,99,9,99,9,9,6,6,3,-1,-1,-1,-1,-1,-1,-1,-1,0,-1
2024010550032,2024,010550032,1,10,0,18,19,6,2,0,0,1,0,0,3,0,1,1,6,6,3,-1,-1,-1,-1,-1,-1,-1,-1,0,-1
2024991480507,2024,991480507,1,9,0,-1,19,6,3,-1,0,2,0,0,0,0,4,9,-1,6,3,-1,-1,-1,-1,-1,-1,-1,-1,0,-1
2024101499757,2024,101499757,1,9,0,-1,19,5,1,-1,0,1,0,0,0,0,1,1,-1,9,1,71,10,-1,-1,-1,-1,4,E01008779,0,1
2024221532518,2024,221532518,1,1,0,-1,19,2,6,-1,0,2,0,0,0,0,2,1,-1,6,1,32,6,-1,-1,-1,-1,1,E01032434,0,1
2024546568924,2024,546568924,1,1,0,18,19,4,8,0,0,0,0,0,0,0,1,1,6,6,1,34,6,-1,-1,-1,-1,9,E01032695,0,1
2024411520957,2024,411520957,2,1,0,-1,19,6,2,-1,0,8,5,0,0,0,1,1,-1,9,1,17,4,-1,-1,-1,-1,2,E01023641,0,1
2024991536030,2024,991536030,1,9,0,-1,19,3,7,-1,0,1,0,0,0,0,4,1,-1,9,2,52,8,-1,-1,-1,-1,8,-1,0,1
2024010523914,2024,010523914,1,9,0,9,9,5,3,0,0,5,0,0,0,0,3,1,6,6,2,64,9,-1,-1,-1,-1,5,E01001157,0,1
2024461406048,2024,461406048,4,9,0,-1,19,1,5,-1,0,1,0,0,0,0,0,9,-1,6,3,-1,-1,-1,-1,-1,-1,-1,-1,0,-1
2024131450859,2024,131450859,1,9,0,-1,-1,-1,-1,-1,-1,8,-1,-1,-1,0,-1,1,-1,6,3,-1,-1,-1,-1,-1,-1,-1,-1,0,-1
2024010544837,2024,010544837,1,1,9,99,99,9,9,99,99,9,9,99,9,99,9,1,2,2,1,43,7,-1,-1,-1,-1,10,E01000283,0,2
2024351414070,2024,351414070,1,9,-1,-1,-1,6,1,-1,-1,-1,1,0,0,0,-1,9,-1,6,3,-1,-1,-1,-1,-1,-1,-1,-1,0,-1
2024311535685,2024,311535685,2,9,0,-1,4,2,6,-1,0,1,0,0,1,0,2,1,-1,9,1,67,10,-1,-1,-1,-1,-1,-1,0,-1
2024201416694,2024,201416694,1,9,0,-1,7,3,5,-1,0,5,0,0,0,0,1,9,-1,6,3,-1,-1,-1,-1,-1,-1,-1,-1,0,-1
2024010493588,2024,010493588,2,1,0,7,7,5,6,0,0,8,0,0,0,0,1,1,2,2,2,29,6,-1,-1,-1,-1,3,E01000024,0,1
2024411399544,2024,411399544,1,9,0,-1,19,4,1,-1,0,1,0,0,0,0,4,9,-1,6,3,-1,-1,-1,-1,-1,-1,-1,-1,0,-1
2024101477820,2024,101477820,2,1,0,-1,19,6,2,-1,0,0,2,0,1,0,0,1,-1,9,1,66,10,-1,-1,-1,-1,9,E01027367,0,3
2024221462448,2024,221462448,1,9,0,-1,19,8,2,-1,0,0,0,0,0,0,1,1,-1,6,1,25,5,-1,-1,-1,-1,-1,-1,0,-1
2024111501226,2024,111501226,2,9,0,-1,19,7,4,-1,0,1,0,0,0,0,1,1,-1,9,1,37,7,-1,-1,-1,-1,9,E01012336,0,1
2024010559786,2024,010559786,1,9,0,99,99,9,9,0,0,0,9,0,0,0,1,9,6,6,1,-1,-1,-1,-1,-1,-1,-1,-1,0,-1
2024440256724,2024,440256724,2,1,0,18,19,5,1,0,0,2,0,0,0,0,3,1,6,6,1,39,7,-1,-1,-1,-1,-1,-1,0,-1
2024010551498,2024,010551498,2,1,9,18,19,9,9,99,99,9,9,99,9,99,1,1,6,6,1,28,6,-1,-1,-1,-1,6,E01002662,0,3
2024010540985,2024,010540985,2,1,0,18,19,3,7,0,0,1,0,0,0,0,2,1,1,1,1,27,6,-1,-1,-1,-1,2,E01004067,0,1
2024351486682,2024,351486682,1,9,0,-1,19,-1,-1,-1,0,0,0,0,0,0,4,9,-1,6,3,-1,-1,-1,-1,-1,-1,-1,-1,0,-1
2024101398741,2024,101398741,1,9,0,-1,4,1,5,-1,0,4,0,0,0,0,1,9,-1,6,2,-1,-1,-1,-1,-1,-1,-1,-1,0,-1
2024101440905,2024,101440905,2,1,0,-1,19,8,6,-1,0,1,0,0,0,0,1,1,-1,9,1,65,9,-1,-1,-1,-1,1,E01008689,0,1
2024361447811,2024,361447811,2,1,0,-1,19,5,2,-1,0,8,5,0,0,0,4,1,-1,6,1,14,3,-1,-1,-1,-1,6,E01026774,0,1
2024991462329,2024,991462329,1,90,0,-1,7,6,8,-1,9,1,0,0,0,0,4,1,-1,9,1,8,2,-1,-1,-1,-1,2,-1,0,1
2024231459463,2024,231459463,2,9,0,-1,2,0,0,-1,0,0,0,0,0,0,2,1,-1,6,1,32,6,-1,-1,-1,-1,8,E01031294,0,1
2024010493636,2024,010493636,2,8,0,18,19,8,4,0,0,8,0,0,0,0,1,1,1,1,1,61,9,-1,-1,-1,-1,4,E01004417,0,4
2024991467384,2024,991467384,2,1,0,-1,12,1,6,-1,0,1,0,0,0,0,0,1,-1,2,2,50,8,-1,-1,-1,-1,-1,-1,0,-1
2024201416646,2024,201416646,2,1,0,-1,19,8,4,-1,0,8,0,0,0,0,3,1,-1,6,2,24,5,-1,-1,-1,-1,1,E01034934,0,1
2024421512023,2024,421512023,2,9,0,-1,2,0,0,-1,9,0,0,0,0,0,2,1,-1,6,3,-1,-1,-1,-1,-1,-1,-1,-1,0,-1
2024501456124,2024,501456124,1,5,0,-1,19,3,7,-1,0,0,1,0,0,0,4,1,-1,9,1,68,10,-1,-1,-1,-1,-1,-1,0,-1
2024332400813,2024,332400813,2,9,0,-1,19,1,5,-1,0,8,0,0,0,0,1,1,-1,1,1,26,6,-1,-1,-1,-1,2,E01032602,0,2
2024010488423,2024,010488423,1,11,0,3,3,6,2,2,2,2,0,0,0,0,2,1,1,1,1,58,9,-1,-1,-1,-1,-1,-1,0,-1
2024421431005,2024,421431005,1,97,0,-1,19,6,2,-1,5,0,0,0,0,0,1,1,-1,9,1,20,4,-1,-1,-1,-1,4,E01021850,0,1
2024302400566,2024,302400566,2,-1,0,18,19,2,6,0,0,2,0,0,0,0,1,1,6,6,1,16,4,-1,-1,-1,-1,-1,-1,1,-1
2024010532218,2024,010532218,1,1,9,99,99,9,9,99,99,9,9,99,9,99,2,1,2,2,2,44,7,-1,-1,-1,-1,9,E01000717,0,1
2024461412769,2024,461412769,1,9,0,-1,5,1,5,-1,0,0,0,0,0,0,1,9,-1,6,3,24,5,-1,-1,-1,-1,1,E01024612,0,1
2024010527721,2024,010527721,1,1,9,99,99,9,9,99,99,9,9,99,9,99,9,1,6,6,1,18,4,-1,-1,-1,-1,2,E01001550,0,1
2024010522593,2024,010522593,2,1,0,3,3,7,3,9,9,1,0,0,0,0,1,1,6,6,2,66,10,-1,-1,-1,-1,2,E01033702,0,1
2024010518090,2024,010518090,2,1,9,99,99,9,9,99,99,9,9,8,9,99,9,1,2,2,1,36,7,-1,-1,-1,-1,3,E01000640,0,1
2024332400685,2024,332400685,4,9,0,-1,11,1,5,-1,0,8,0,0,0,0,0,1,-1,6,3,-1,-1,-1,-1,-1,-1,-1,-1,0,-1
202417S206924,2024,17S206924,2,1,0,-1,19,7,3,-1,0,6,0,0,0,0,1,1,-1,9,1,12,3,-1,-1,-1,-1,1,E01012245,0,1
2024010526377,2024,010526377,2,1,0,18,19,3,7,9,9,1,0,0,0,0,1,1,6,6,1,55,8,-1,-1,-1,-1,2,E01003330,0,3
2024522401600,2024,522401600,2,9,0,18,19,2,6,0,0,1,0,0,0,0,1,1,6,6,3,-1,-1,-1,-1,-1,-1,-1,-1,0,-1
2024010491229,2024,010491229,1,1,9,99,99,9,9,99,99,9,9,99,9,99,9,1,6,6,1,36,7,-1,-1,-1,-1,2,E01035692,0,1
2024041521881,2024,041521881,1,9,0,-1,19,-1,-1,-1,0,0,0,0,0,0,-1,9,-1,6,3,-1,-1,-1,-1,-1,-1,-1,-1,0,-1
2024131504293,2024,131504293,1,9,0,-1,9,4,8,-1,0,0,0,0,0,0,3,1,-1,1,1,47,8,-1,-1,-1,-1,2,E01032923,0,4
2024991400583,2024,991400583,1,9,0,-1,19,7,3,-1,0,0,2,0,2,10,3,1,-1,9,1,63,9,-1,-1,-1,-1,7,-1,0,4
2024221442650,2024,221442650,2,1,0,-1,19,1,6,-1,0,8,0,0,0,0,4,1,-1,9,1,62,9,-1,-1,-1,-1,7,E01033527,0,2
2024520402588,2024,520402588,2,9,0,5,5,2,6,0,0,8,0,0,0,0,1,1,6,6,1,36,7,-1,-1,-1,-1,6,E01029219,0,1
2024010495675,2024,010495675,2,3,0,14,14,6,2,0,0,0,1,0,0,0,4,1,2,2,1,36,7,-1,-1,-1,-1,3,E01035710,0,3
2024010538040,2024,010538040,1,90,0,18,19,7,3,4,4,2,5,0,0,0,1,1,6,6,3,-1,-1,-1,-1,-1,-1,-1,-1,0,-1
2024010507278,2024,010507278,2,22,0,18,19,1,5,0,0,0,0,0,0,0,3,1,6,6,2,60,9,-1,-1,-1,-1,4,E01002103,0,1
2024101416904,2024,101416904,1,9,0,-1,5,5,1,-1,0,0,0,0,0,0,1,1,-1,1,1,40,7,-1,-1,-1,-1,-1,-1,0,-1
2024070237924,2024,070237924,2,9,0,4,4,6,8,0,0,1,0,0,0,0,2,1,6,6,1,40,7,-1,-1,-1,-1,3,E01012369,0,1
2024010498656,2024,010498656,1,9,9,99,99,9,9,99,99,9,9,99,9,99,2,9,6,6,1,21,5,-1,-1,-1,-1,2,E01003546,0,1
2024547986424,2024,547986424,1,9,0,18,19,1,5,0,0,4,0,0,0,0,1,1,6,6,3,-1,-1,-1,-1,-1,-1,-1,-1,0,-1
2024421499699,2024,421499699,3,9,0,-1,19,1,5,-1,0,0,0,0,0,0,3,1,-1,6,1,37,7,-1,-1,-1,-1,7,E01021702,0,1
2024010488671,2024,010488671,2,1,0,18,19,3,7,0,0,0,0,8,0,0,4,1,1,1,1,20,4,-1,-1,-1,-1,-1,-1,0,-1
2024061451191,2024,061451191,1,11,0,-1,19,3,7,-1,0,1,0,0,0,0,0,9,-1,1,1,52,8,-1,-1,-1,-1,1,E01005093,0,1
2024010518705,2024,010518705,2,1,0,12,12,1,5,0,0,4,0,0,0,0,4,1,6,6,2,51,8,-1,-1,-1,-1,4,E01002313,0,1
2024010496745,2024,010496745,2,9,0,99,99,9,9,99,99,6,9,99,9,99,1,9,6,6,3,-1,-1,-1,-1,-1,-1,5,E01016577,0,2
2024010491736,2024,010491736,1,3,0,18,19,6,2,2,2,1,0,0,0,0,1,1,2,2,1,65,9,-1,-1,-1,-1,-1,-1,0,-1
2024052402391,2024,052402391,1,19,0,1,1,8,4,0,0,1,0,0,0,0,2,1,6,6,3,-1,-1,-1,-1,-1,-1,-1,-1,0,-1
2024010508152,2024,010508152,1,1,9,99,99,9,9,99,99,9,9,99,9,99,9,1,2,2,2,33,6,-1,-1,-1,-1,4,E01000571,0,2
2024010492728,2024,010492728,1,9,0,99,99,9,9,99,99,9,9,99,9,99,2,9,2,2,2,42,7,-1,-1,-1,-1,10,E01023160,0,5
2024552400658,2024,552400658,2,9,0,18,19,8,4,0,0,0,0,0,0,0,1,1,2,2,1,31,6,-1,-1,-1,-1,8,E01017145,0,4
2024351398371,2024,351398371,2,1,0,-1,4,5,1,-1,0,8,0,0,0,0,1,1,-1,7,1,43,7,-1,-1,-1,-1,7,E01017989,0,1
2024545051624,2024,545051624,3,9,0,4,4,5,1,0,0,1,0,0,0,0,2,1,6,6,2,44,7,-1,-1,-1,-1,3,E01015503,0,4
2024010509850,2024,010509850,2,9,0,5,5,0,7,9,9,0,0,0,0,0,4,1,6,6,1,60,9,-1,-1,-1,-1,4,E01003074,0,1
2024531502487,2024,531502487,2,1,0,-1,2,6,2,-1,0,0,0,0,0,0,3,1,-1,7,1,17,4,-1,-1,-1,-1,8,E01022209,0,1
2024010490276,2024,010490276,2,8,0,6,6,5,5,2,2,0,0,0,0,0,1,1,6,6,1,52,8,-1,-1,-1,-1,3,E01004211,0,1
2024070563068,2024,070563068,1,1,0,9,9,3,2,0,0,8,0,0,0,0,3,1,6,6,1,28,6,-1,-1,-1,-1,8,E01018668,0,1
2024010519919,2024,010519919,2,3,0,13,13,9,9,99,99,0,9,99,9,99,1,1,6,6,3,-1,-1,-1,-1,-1,-1,-1,-1,0,-1
2024010499559,2024,010499559,2,1,0,13,13,5,1,0,0,0,0,0,0,0,1,1,6,6,1,33,6,-1,-1,-1,-1,7,E01003013,0,1
2024231462322,2024,231462322,2,9,0,-1,3,5,1,-1,0,0,0,0,0,0,2,1,-1,2,1,45,7,-1,-1,-1,-1,2,E01009997,0,4
2024201447568,2024,201447568,2,1,0,-1,19,4,8,-1,0,0,0,8,0,0,1,1,-1,2,1,24,5,-1,-1,-1,-1,2,E01009018,0,1
2024501449897,2024,501449897,1,9,0,-1,19,3,7,-1,0,1,1,0,0,0,1,1,-1,2,1,28,6,-1,-1,-1,-1,3,E01015096,0,1
2024141481728,2024,141481728,2,1,0,-1,5,7,3,-1,9,0,0,0,0,0,1,1,-1,6,1,-1,-1,-1,-1,-1,-1,1,E01008102,0,1
2024010535973,2024,010535973,2,1,0,18,19,3,7,0,0,8,1,0,0,0,4,1,6,6,1,54,8,-1,-1,-1,-1,7,E01003139,0,1
2024361415792,2024,361415792,1,9,-1,-1,-1,-1,-1,-1,-1,0,-1,-1,-1,0,-1,9,-1,6,1,-1,-1,-1,-1,-1,-1,-1,-1,0,-1
2024351452904,2024,351452904,1,9,0,-1,19,4,8,-1,0,1,0,0,0,0,1,9,-1,6,1,44,7,-1,-1,-1,-1,8,E01032996,0,4
2024340WN2662,2024,340WN2662,2,-1,0,-1,19,5,1,-1,0,3,0,0,0,0,4,1,-1,9,1,20,4,-1,-1,-1,-1,4,E01035418,1,1
2024440165416,2024,440165416,2,1,0,18,19,2,6,0,0,8,0,0,0,0,1,1,6,6,1,61,9,-1,-1,-1,-1,8,E01022765,0,1
2024461393694,2024,461393694,12,9,0,-1,4,4,8,-1,0,0,0,0,0,0,4,1,-1,9,2,52,8,-1,-1,-1,-1,8,E01016095,0,4
2024461435790,2024,461435790,1,9,0,-1,19,3,7,-1,0,0,0,0,0,0,1,1,-1,1,1,35,6,-1,-1,-1,-1,5,E01033091,0,2
2024161507216,2024,161507216,2,1,0,-1,19,1,5,-1,0,6,0,0,0,0,1,1,-1,6,1,15,3,-1,-1,-1,-1,-1,-1,0,-1
2024320064058,2024,320064058,1,9,0,-1,-1,6,8,0,0,0,2,0,2,0,4,1,-1,-1,1,28,6,-1,-1,-1,-1,6,E01026380,0,2
2024371492475,2024,371492475,1,9,0,-1,19,6,4,-1,0,0,0,0,0,0,1,1,-1,9,1,78,11,-1,-1,-1,-1,7,E01030038,0,2
2024052402495,2024,052402495,2,1,0,18,19,2,5,0,0,0,0,0,0,0,4,1,6,6,1,21,5,-1,-1,-1,-1,1,E01007087,0,1
2024531480798,2024,531480798,1,9,0,-1,6,6,2,-1,0,1,0,0,0,0,2,9,-1,6,3,-1,-1,-1,-1,-1,-1,-1,-1,0,-1
2024010531559,2024,010531559,1,1,9,99,99,9,9,99,99,9,9,99,9,99,1,1,6,6,1,49,8,-1,-1,-1,-1,4,E01004642,0,1
2024010529466,2024,010529466,3,9,0,2,2,0,0,9,9,0,0,0,0,0,3,1,6,6,3,-1,-1,-1,-1,-1,-1,-1,-1,0,-1
2024340WN3472,2024,340WN3472,1,99,0,-1,-1,0,0,-1,0,0,0,0,0,0,0,1,-1,1,3,-1,-1,-1,-1,-1,-1,-1,-1,0,-1
2024610012324,2024,610012324,2,4,0,18,19,4,8,0,0,1,0,0,0,0,1,1,6,6,1,27,6,-1,-1,-1,-1,5,W01001490,0,2
2024451452643,2024,451452643,1,90,0,-1,19,7,3,-1,0,0,0,0,0,0,1,2,-1,1,1,30,6,-1,-1,-1,-1,-1,-1,0,-1
2024101517180,2024,101517180,1,9,-1,-1,-1,-1,-1,-1,-1,-1,-1,-1,-1,0,1,9,-1,6,1,-1,-1,-1,-1,-1,-1,-1,-1,0,-1
2024421396505,2024,421396505,1,9,0,-1,19,3,7,-1,0,0,0,0,0,0,1,1,-1,2,2,88,11,-1,-1,-1,-1,5,E01015832,0,2
2024351455208,2024,351455208,2,9,-1,-1,-1,-1,-1,-1,-1,0,-1,-1,-1,0,-1,9,-1,1,2,40,7,-1,-1,-1,-1,6,E01015620,0,1
2024451467183,2024,451467183,2,98,-1,-1,-1,-1,-1,-1,-1,0,-1,-1,-1,0,-1,9,-1,1,1,63,9,-1,-1,-1,-1,-1,-1,0,-1
2024010518053,2024,010518053,1,19,0,99,99,9,9,99,99,5,9,99,9,99,1,9,6,6,3,-1,-1,-1,-1,-1,-1,3,E01004060,0,1
202417M109524,2024,17M109524,2,9,0,-1,9,5,2,-1,0,8,0,0,0,0,1,1,-1,6,2,-1,-1,-1,-1,-1,-1,-1,-1,0,-1
2024131435773,2024,131435773,2,23,0,-1,19,8,4,-1,0,2,0,0,0,0,1,1,-1,6,1,32,6,-1,-1,-1,-1,-1,-1,0,-1
2024991439631,2024,991439631,2,1,0,-1,19,2,7,-1,0,1,0,0,0,0,4,1,-1,9,1,52,8,-1,-1,-1,-1,-1,-1,0,-1
2024440327729,2024,440327729,1,1,0,18,19,1,5,0,0,8,0,0,0,0,1,1,2,2,1,19,4,-1,-1,-1,-1,2,E01017219,0,1
2024440309468,2024,440309468,1,9,0,18,19,8,4,0,0,1,0,0,0,0,1,1,6,6,2,38,7,-1,-1,-1,-1,1,E01017130,0,1
2024211427878,2024,211427878,2,3,0,-1,19,5,1,-1,0,3,1,10,0,0,1,1,-1,6,1,50,8,-1,-1,-1,-1,-1,-1,0,-1
2024201532186,2024,201532186,2,1,0,-1,19,8,4,-1,0,8,0,0,0,0,4,1,-1,6,1,48,8,-1,-1,-1,-1,4,E01009394,0,1
2024991483445,2024,991483445,1,9,0,-1,19,1,5,-1,0,0,0,0,0,0,1,1,-1,9,1,64,9,-1,-1,-1,-1,6,-1,0,1
2024010546088,2024,010546088,1,9,0,3,3,3,7,0,0,2,0,0,0,0,3,1,6,6,1,33,6,-1,-1,-1,-1,9,E01033956,0,4
2024010496775,2024,010496775,3,1,0,18,19,1,5,0,0,1,0,0,0,0,1,1,6,6,1,39,7,-1,-1,-1,-1,2,E01003912,0,1
2024201531712,2024,201531712,2,1,0,-1,19,1,1,-1,0,0,0,0,0,0,2,1,-1,2,1,25,5,-1,-1,-1,-1,5,E01010339,0,1
2024161397637,2024,161397637,3,9,0,-1,3,7,3,-1,0,1,0,0,0,0,-1,9,-1,6,1,20,4,-1,-1,-1,-1,-1,-1,0,-1
2024421531934,2024,421531934,1,98,-1,-1,19,5,1,-1,0,0,0,0,0,0,1,9,-1,6,3,-1,-1,-1,-1,-1,-1,-1,-1,0,-1
2024451473605,2024,451473605,2,9,0,-1,4,1,5,-1,0,0,0,0,0,0,3,1,-1,9,1,32,6,-1,-1,-1,-1,10,E01030680,0,1
2024531530924,2024,531530924,1,9,0,-1,5,7,5,-1,0,0,0,0,0,0,1,1,-1,6,1,72,10,-1,-1,-1,-1,9,E01022453,0,1
2024501410132,2024,501410132,2,1,0,-1,19,3,7,-1,9,1,0,0,0,0,3,1,-1,6,1,15,3,-1,-1,-1,-1,3,E01015063,0,2
2024552500077,2024,552500077,2,99,0,18,19,7,3,0,0,6,0,0,0,0,1,1,6,6,3,-1,-1,-1,-1,-1,-1,-1,-1,0,-1
2024010494836,2024,010494836,1,9,0,5,5,7,3,0,0,4,0,0,0,0,1,1,2,2,1,37,7,-1,-1,-1,-1,8,E01000539,0,1
2024010505528,2024,010505528,2,99,9,99,99,9,9,99,99,9,9,99,9,99,9,9,6,6,2,-1,-1,-1,-1,-1,-1,-1,-1,0,-1
2024991458512,2024,991458512,1,1,0,-1,19,5,1,-1,0,1,5,0,0,0,1,1,-1,6,1,19,4,-1,-1,-1,-1,-1,-1,0,-1
2024010544676,2024,010544676,1,1,9,99,99,9,9,99,99,9,9,99,9,99,9,1,6,6,2,27,6,-1,-1,-1,-1,4,E01003127,0,1
2024332400127,2024,332400127,2,9,0,-1,19,3,7,-1,0,1,0,0,0,0,1,1,-1,6,3,-1,-1,-1,-1,-1,-1,-1,-1,0,-1
2024320480586,2024,320480586,2,9,0,-1,-1,1,5,0,0,8,0,0,0,0,1,1,-1,-1,1,30,6,-1,-1,-1,-1,-1,-1,0,-1
2024010551497,2024,010551497,2,-1,0,-1,-1,3,7,0,0,1,0,0,0,0,4,1,6,6,2,33,6,-1,-1,-1,-1,3,E01001508,1,1
2024501524409,2024,501524409,1,9,0,-1,19,6,2,-1,0,0,0,0,0,0,2,1,-1,6,1,45,7,-1,-1,-1,-1,6,E01018853,0,4
2024440289244,2024,440289244,2,1,0,4,4,1,5,0,0,2,0,0,0,0,0,1,4,7,1,14,3,-1,-1,-1,-1,5,E01017028,0,1
2024522401405,2024,522401405,1,23,0,18,19,1,5,0,0,8,0,0,0,0,1,1,6,6,1,20,4,-1,-1,-1,-1,7,E01035218,0,2
2024010528302,2024,010528302,3,1,9,99,99,9,9,99,99,9,9,99,9,99,2,1,6,6,1,-1,-1,-1,-1,-1,-1,10,E01034726,0,4
2024122401183,2024,122401183,2,9,0,9,9,7,5,0,0,6,0,0,0,0,4,1,6,6,1,66,10,-1,-1,-1,-1,10,E01012968,0,5
2024421477419,2024,421477419,1,9,4,-1,19,3,7,-1,0,0,0,0,0,0,1,9,-1,6,3,-1,-1,-1,-1,-1,-1,-1,-1,0,-1
2024161518843,2024,161518843,2,98,0,-1,8,3,5,-1,0,0,9,99,0,0,3,2,-1,6,1,-1,-1,-1,-1,-1,-1,-1,-1,0,-1
2024070464585,2024,070464585,1,9,0,15,15,2,6,0,0,1,0,0,0,0,1,1,1,1,1,55,8,-1,-1,-1,-1,6,E01018682,0,4
2024401505038,2024,401505038,2,-1,0,-1,19,2,6,-1,0,1,5,0,0,0,1,1,-1,9,1,12,3,-1,-1,-1,-1,2,E01017474,1,1
2024471405768,2024,471405768,1,9,0,-1,19,5,1,-1,0,0,5,0,0,0,4,1,-1,9,1,40,7,-1,-1,-1,-1,8,E01021115,0,3
2024201511625,2024,201511625,1,9,0,-1,19,4,8,-1,0,0,0,10,1,0,3,1,-1,6,3,-1,-1,-1,-1,-1,-1,-1,-1,0,-1
2024522402431,2024,522402431,2,-1,0,18,19,3,7,5,5,0,0,0,0,0,1,1,6,6,1,-1,-1,-1,-1,-1,-1,-1,-1,1,-1
2024461528503,2024,461528503,1,9,0,-1,19,1,5,-1,0,0,0,0,0,0,0,9,-1,6,3,30,6,-1,-1,-1,-1,-1,-1,0,-1
2024052400573,2024,052400573,2,9,0,2,2,0,0,0,0,0,0,0,0,0,3,1,6,6,3,-1,-1,-1,-1,-1,-1,-1,-1,0,-1
2024221404503,2024,221404503,2,1,0,-1,19,3,7,-1,0,0,0,0,0,0,2,1,-1,2,1,40,7,-1,-1,-1,-1,8,E01032376,0,1
2024010491552,2024,010491552,2,8,0,18,19,1,5,0,0,0,0,0,0,0,2,1,1,1,1,27,6,-1,-1,-1,-1,4,E01021776,0,4
2024430503141,2024,430503141,2,9,0,18,19,8,4,0,0,1,0,0,0,0,1,1,6,6,1,-1,-1,-1,-1,-1,-1,-1,-1,0,-1
2024041516823,2024,041516823,1,9,0,-1,19,1,5,-1,0,0,0,0,0,0,1,9,-1,6,1,-1,-1,-1,-1,-1,-1,-1,-1,0,-1
2024041488191,2024,041488191,1,1,0,-1,19,8,4,-1,0,8,0,0,0,0,1,1,-1,9,1,75,10,-1,-1,-1,-1,8,E01024944,0,1
2024010541842,2024,010541842,2,1,9,99,99,9,9,99,99,9,9,99,9,99,1,1,2,2,2,41,7,-1,-1,-1,-1,6,E01002062,0,2
2024440294111,2024,440294111,2,9,0,9,9,4,2,0,0,6,0,0,0,0,1,1,6,6,2,-1,-1,-1,-1,-1,-1,-1,-1,0,-1
2024010492052,2024,010492052,1,3,0,99,99,9,9,99,99,9,9,99,9,99,9,1,1,1,3,35,6,-1,-1,-1,-1,9,E01000765,0,1
2024010497301,2024,010497301,1,1,9,99,99,9,9,99,99,9,9,99,9,99,9,1,6,6,3,36,7,-1,-1,-1,-1,4,E01035485,0,1
2024201408562,2024,201408562,1,9,0,-1,19,2,4,-1,0,0,0,0,0,0,1,9,-1,6,1,16,4,-1,-1,-1,-1,-1,-1,0,-1
2024131395383,2024,131395383,1,9,0,-1,-1,-1,-1,-1,-1,-1,-1,-1,-1,-1,-1,1,-1,6,3,-1,-1,-1,-1,-1,-1,-1,-1,0,-1
2024531516803,2024,531516803,2,1,0,-1,19,1,5,-1,0,2,0,0,0,0,1,1,-1,6,2,61,9,-1,-1,-1,-1,9,E01022129,0,1
2024320770621,2024,320770621,2,1,0,-1,-1,4,2,0,0,1,0,0,0,0,1,1,-1,-1,1,58,9,-1,-1,-1,-1,7,E01026066,0,1
2024061506361,2024,061506361,1,1,0,-1,19,6,2,-1,0,0,0,4,0,0,1,1,-1,2,1,61,9,-1,-1,-1,-1,2,E01005954,0,1
2024010488992,2024,010488992,2,1,0,14,14,3,7,0,0,1,0,0,0,0,4,1,6,6,1,28,6,-1,-1,-1,-1,3,E01034221,0,1
2024201526290,2024,201526290,1,9,0,-1,19,8,5,-1,0,0,0,0,0,0,1,9,-1,6,3,-1,-1,-1,-1,-1,-1,-1,-1,0,-1
2024552500120,2024,552500120,2,1,0,18,19,5,1,0,0,8,0,0,0,0,1,1,6,6,1,50,8,-1,-1,-1,-1,2,E01032659,0,1
2024311479237,2024,311479237,1,9,0,-1,7,3,7,-1,0,0,0,0,0,0,0,1,-1,1,1,23,5,-1,-1,-1,-1,6,E01028220,0,1
2024010498301,2024,010498301,2,1,0,9,9,3,1,0,0,8,0,0,0,0,1,1,6,6,2,36,7,-1,-1,-1,-1,3,E01035673,0,1
2024010487961,2024,010487961,1,5,0,15,15,1,5,0,0,1,0,0,0,0,1,1,6,6,1,36,7,-1,-1,-1,-1,6,E01004560,0,1