collision_index,collision_year,collision_ref_no,vehicle_reference,vehicle_type,towing_and_articulation,vehicle_manoeuvre_historic,vehicle_manoeuvre,vehicle_direction_from,vehicle_direction_to,vehicle_location_restricted_lane_historic,vehicle_location_restricted_lane,junction_location,skidding_and_overturning,hit_object_in_carriageway,vehicle_leaving_carriageway,hit_object_off_carriageway,first_point_of_impact,vehicle_left_hand_drive,journey_purpose_of_driver_historic,journey_purpose_of_driver,sex_of_driver,age_of_driver,age_band_of_driver,engine_capacity_cc,propulsion_code,age_of_vehicle,generic_make_model,driver_imd_decile,lsoa_of_driver,escooter_flag,driver_distance_banding
2024101503758,2024,101503758,2,1,0,-1,19,4,8,-1,4,8,0,0,0,0,1,1,-1,6,2,31,6,-1,-1,-1,-1,1,E01008164,0,1
2024010507513,2024,010507513,2,9,0,99,99,9,9,99,99,9,9,99,9,99,0,9,6,6,3,-1,-1,-1,-1,-1,-1,-1,-1,0,-1
2024161489258,2024,161489258,2,9,0,-1,19,1,5,-1,0,1,0,0,0,0,1,1,-1,6,2,-1,-1,-1,-1,-1,-1,9,E01013191,0,1
2024052401479,2024,052401479,2,1,0,18,19,1,5,0,0,4,0,0,0,0,1,1,6,6,1,12,3,-1,-1,-1,-1,-1,-1,0,-1
2024471430808,2024,471430808,1,1,0,-1,19,2,6,-1,0,0,5,12,1,0,1,1,-1,9,1,68,10,-1,-1,-1,-1,9,E01021191,0,2
2024010496177,2024,010496177,1,3,0,18,19,7,3,0,0,3,0,0,0,0,1,1,2,2,1,18,4,-1,-1,-1,-1,4,E01032639,0,1
2024061520729,2024,061520729,2,1,0,-1,19,3,7,-1,0,8,0,0,0,0,4,1,-1,9,1,19,4,-1,-1,-1,-1,-1,-1,0,-1
2024401450116,2024,401450116,1,9,0,-1,99,-1,-1,-1,0,3,0,0,0,0,1,1,-1,6,1,18,4,-1,-1,-1,-1,9,E01033821,0,2
2024010535684,2024,010535684,2,1,0,-1,-1,3,7,0,0,1,0,0,0,0,1,1,6,6,1,19,4,-1,-1,-1,-1,5,E01003953,0,1
2024052400027,2024,052400027,1,8,0,5,5,6,2,0,0,1,0,0,0,0,4,1,6,6,3,-1,-1,-1,-1,-1,-1,-1,-1,0,-1
2024010549924,2024,010549924,2,1,9,99,99,9,9,4,4,9,9,99,9,99,9,1,6,6,3,-1,-1,-1,-1,-1,-1,-1,-1,0,-1
2024010493550,2024,010493550,1,9,0,5,5,1,5,0,0,1,0,0,0,0,1,1,2,2,1,22,5,-1,-1,-1,-1,4,E01001232,0,1
2024010514792,2024,010514792,2,1,0,13,13,5,1,0,0,1,5,0,0,0,1,1,2,2,1,38,7,-1,-1,-1,-1,8,E01002824,0,2
2024010514038,2024,010514038,2,1,0,18,19,3,7,0,0,3,0,0,0,0,1,1,6,6,1,33,6,-1,-1,-1,-1,9,E01004135,0,2
2024141397999,2024,141397999,1,97,0,-1,13,1,1,-1,0,0,1,0,7,0,0,1,-1,6,3,-1,-1,-1,-1,-1,-1,-1,-1,0,-1
2024361526747,2024,361526747,1,19,0,-1,6,-1,-1,-1,0,1,0,99,0,0,2,1,-1,6,3,-1,-1,-1,-1,-1,-1,-1,-1,0,-1
2024461533619,2024,461533619,2,1,0,-1,19,2,7,-1,0,8,0,0,0,0,4,1,-1,9,2,73,10,-1,-1,-1,-1,10,E01024474,0,1
2024141512535,2024,141512535,1,19,0,-1,19,1,5,-1,0,0,0,0,0,0,4,9,-1,6,3,-1,-1,-1,-1,-1,-1,-1,-1,0,-1
2024010555469,2024,010555469,2,9,9,99,99,9,9,99,99,9,9,99,9,99,9,9,6,6,3,-1,-1,-1,-1,-1,-1,-1,-1,0,-1
2024361404443,2024,361404443,1,9,-1,-1,19,5,1,-1,0,0,0,0,0,0,1,9,-1,6,3,-1,-1,-1,-1,-1,-1,-1,-1,0,-1
2024421401781,2024,421401781,2,-1,0,-1,3,3,7,-1,0,0,5,0,0,0,1,1,-1,2,1,24,5,-1,-1,-1,-1,4,E01021849,1,1
2024201444974,2024,201444974,1,23,0,-1,19,5,1,-1,0,8,0,0,0,0,2,1,-1,2,1,20,4,-1,-1,-1,-1,3,E01010501,0,1
2024010512718,2024,010512718,1,1,9,99,99,9,9,99,99,9,9,99,9,99,9,1,6,6,3,-1,-1,-1,-1,-1,-1,-1,-1,0,-1
2024340WN0102,2024,340WN0102,1,-1,0,-1,19,3,7,-1,9,1,0,0,0,0,1,1,-1,6,1,-1,-1,-1,-1,-1,-1,-1,-1,1,-1
2024501413400,2024,501413400,3,9,0,-1,2,8,4,-1,0,0,0,0,0,0,2,9,-1,6,1,56,9,-1,-1,-1,-1,4,E01018951,0,3
2024610057124,2024,610057124,2,9,0,4,4,2,6,0,0,0,0,0,0,0,0,1,6,6,3,-1,-1,-1,-1,-1,-1,-1,-1,0,-1
2024991411391,2024,991411391,1,9,0,-1,12,3,6,-1,0,0,0,0,0,0,3,1,-1,2,1,47,8,-1,-1,-1,-1,8,-1,0,1
2024010510271,2024,010510271,2,5,0,99,99,9,9,99,99,9,9,99,9,99,1,1,6,6,3,-1,-1,-1,-1,-1,-1,-1,-1,0,-1
2024201398861,2024,201398861,2,9,0,-1,19,5,1,-1,0,1,0,0,0,0,0,9,-1,6,3,-1,-1,-1,-1,-1,-1,-1,-1,0,-1
2024211482033,2024,211482033,1,9,0,-1,-1,4,1,-1,0,0,-1,-1,-1,0,-1,9,-1,6,3,-1,-1,-1,-1,-1,-1,-1,-1,0,-1
2024311509117,2024,311509117,2,9,0,-1,7,5,8,-1,0,0,0,0,0,0,4,9,-1,6,3,-1,-1,-1,-1,-1,-1,-1,-1,0,-1
2024302400807,2024,302400807,1,19,0,18,19,1,5,0,0,0,0,0,0,0,3,1,6,6,3,-1,-1,-1,-1,-1,-1,5,E01019456,0,3
2024010491140,2024,010491140,2,9,0,99,99,9,9,99,99,9,9,99,9,99,1,9,6,6,3,-1,-1,-1,-1,-1,-1,-1,-1,0,-1
2024101506755,2024,101506755,1,19,0,-1,19,5,7,-1,0,8,0,0,0,0,1,9,-1,6,1,30,6,-1,-1,-1,-1,-1,-1,0,-1
2024161534873,2024,161534873,2,9,0,-1,19,6,1,-1,0,3,0,0,0,0,1,2,-1,6,3,-1,-1,-1,-1,-1,-1,-1,-1,0,-1
2024440240498,2024,440240498,1,1,0,18,19,5,1,0,0,0,0,0,0,0,1,1,6,6,1,46,8,-1,-1,-1,-1,10,E01030428,0,4
2024010497561,2024,010497561,2,4,0,18,19,7,3,0,0,1,0,0,0,0,0,1,6,6,1,-1,-1,-1,-1,-1,-1,-1,-1,0,-1
2024010490116,2024,010490116,1,2,0,99,99,9,9,99,99,9,9,99,9,99,9,1,6,6,1,56,9,-1,-1,-1,-1,4,E01002101,0,1
2024010550225,2024,010550225,2,1,9,99,99,9,9,99,99,9,9,99,9,99,9,1,6,6,1,-1,-1,-1,-1,-1,-1,-1,-1,0,-1
2024201448593,2024,201448593,1,21,1,-1,19,3,7,-1,0,0,1,0,0,0,1,9,-1,1,1,55,8,-1,-1,-1,-1,-1,-1,0,-1
2024552400998,2024,552400998,2,1,0,18,19,4,8,0,0,8,0,0,0,0,1,1,6,6,1,45,7,-1,-1,-1,-1,5,E01029183,0,2
2024631449742,2024,631449742,1,9,0,-1,19,1,5,-1,0,1,0,0,0,0,3,1,-1,6,3,-1,-1,-1,-1,-1,-1,-1,-1,0,-1
2024320275101,2024,320275101,2,1,0,-1,-1,8,4,0,0,1,5,0,0,0,1,1,6,6,1,29,6,-1,-1,-1,-1,6,E01026020,0,1
2024371402680,2024,371402680,2,90,-1,-1,-1,-1,-1,-1,-1,0,-1,-1,-1,0,-1,1,-1,6,1,32,6,-1,-1,-1,-1,2,E01029987,0,1
2024010494310,2024,010494310,1,8,0,99,99,9,9,99,99,0,9,99,9,99,2,9,1,1,1,48,8,-1,-1,-1,-1,4,E01002594,0,1
2024411415823,2024,411415823,1,9,0,-1,19,4,8,-1,0,0,0,0,0,0,4,1,-1,1,1,30,6,-1,-1,-1,-1,6,E01023598,0,3
2024010533452,2024,010533452,2,1,9,99,99,9,9,99,99,9,9,99,9,99,1,1,6,6,3,-1,-1,-1,-1,-1,-1,-1,-1,0,-1
2024351540092,2024,351540092,2,20,1,-1,19,7,3,-1,0,0,0,0,0,0,4,1,-1,1,1,31,6,-1,-1,-1,-1,2,E01008892,0,5
2024161506466,2024,161506466,1,1,9,-1,12,8,3,-1,0,0,9,99,9,0,1,1,-1,6,1,13,3,-1,-1,-1,-1,1,E01012889,0,1
2024010538582,2024,010538582,1,1,9,99,99,9,9,99,99,9,9,99,9,99,9,1,6,6,2,34,6,-1,-1,-1,-1,3,E01002809,0,1
2024340WN7352,2024,340WN7352,1,9,0,-1,19,5,1,-1,0,0,0,0,0,0,1,1,-1,2,1,47,8,-1,-1,-1,-1,5,E01027126,0,4
2024010497243,2024,010497243,2,9,0,99,99,9,9,99,99,9,9,99,9,99,1,9,6,6,3,-1,-1,-1,-1,-1,-1,-1,-1,0,-1
2024411455698,2024,411455698,1,9,-1,-1,-1,-1,-1,-1,-1,-1,-1,-1,-1,0,-1,9,-1,6,3,-1,-1,-1,-1,-1,-1,-1,-1,0,-1
2024421433053,2024,421433053,2,1,0,-1,19,5,1,-1,0,3,0,0,0,0,4,1,-1,6,1,38,7,-1,-1,-1,-1,3,E01021823,0,1
2024010535283,2024,010535283,1,1,9,99,99,9,9,99,99,9,9,99,9,99,1,1,2,2,1,54,8,-1,-1,-1,-1,5,E01004441,0,1
2024440515712,2024,440515712,2,9,0,18,19,2,6,0,0,8,0,0,0,0,2,1,6,6,3,-1,-1,-1,-1,-1,-1,-1,-1,0,-1
2024361475072,2024,361475072,2,19,0,-1,2,8,8,-1,0,8,0,0,0,0,3,1,-1,6,1,43,7,-1,-1,-1,-1,1,E01026467,0,1
2024010546164,2024,010546164,1,97,9,99,99,9,9,0,0,1,9,0,0,0,9,1,6,6,3,-1,-1,-1,-1,-1,-1,-1,-1,0,-1
2024041483412,2024,041483412,2,1,0,-1,19,3,7,-1,0,8,0,0,0,0,1,1,-1,2,1,22,5,-1,-1,-1,-1,9,E01024994,0,1
2024010492026,2024,010492026,2,9,0,99,99,9,9,99,99,6,9,99,9,99,9,9,6,6,3,-1,-1,-1,-1,-1,-1,-1,-1,0,-1
2024010543155,2024,010543155,2,9,0,99,99,9,9,99,99,9,9,99,9,99,9,9,6,6,3,-1,-1,-1,-1,-1,-1,-1,-1,0,-1
2024141422964,2024,141422964,2,9,0,-1,12,7,3,-1,0,3,0,0,0,0,1,1,-1,9,1,39,7,-1,-1,-1,-1,1,E01007500,0,1
2024161419067,2024,161419067,1,21,0,-1,19,5,1,-1,0,0,0,0,1,0,4,1,-1,1,1,40,7,-1,-1,-1,-1,-1,-1,0,-1
2024320648924,2024,320648924,2,1,0,-1,-1,4,8,0,0,8,0,0,0,0,1,1,-1,-1,2,52,8,-1,-1,-1,-1,9,E01026214,0,1
2024010491268,2024,010491268,1,3,0,99,99,9,9,99,99,9,9,99,9,99,9,1,1,1,1,47,8,-1,-1,-1,-1,3,E01035667,0,1
2024010522332,2024,010522332,1,2,0,13,13,1,5,0,0,1,5,10,1,2,1,1,6,6,1,17,4,-1,-1,-1,-1,2,E01000429,0,1
2024010513871,2024,010513871,1,8,0,13,13,3,7,0,0,0,0,0,0,0,4,1,6,6,3,-1,-1,-1,-1,-1,-1,-1,-1,0,-1
2024010531780,2024,010531780,1,1,9,99,99,9,9,99,99,9,9,99,9,99,1,1,6,6,1,23,5,-1,-1,-1,-1,3,E01002797,0,1
2024101440449,2024,101440449,1,1,-1,-1,19,3,7,-1,9,8,0,0,0,0,1,1,-1,6,1,37,7,-1,-1,-1,-1,1,E01008392,0,1
2024010487070,2024,010487070,1,3,0,99,99,9,9,99,99,9,9,99,9,99,1,1,6,6,3,26,6,-1,-1,-1,-1,5,E01000512,0,1
2024010524090,2024,010524090,2,9,0,99,99,9,9,99,99,9,9,99,9,99,9,9,6,6,3,-1,-1,-1,-1,-1,-1,-1,-1,0,-1
2024991531857,2024,991531857,1,11,0,-1,12,7,5,-1,0,2,0,0,0,0,3,9,-1,9,1,-1,-1,-1,-1,-1,-1,1,-1,0,1
2024311531750,2024,311531750,2,1,0,-1,19,7,3,-1,0,1,1,0,0,0,1,1,-1,2,1,14,3,-1,-1,-1,-1,9,E01028121,0,1
2024010520187,2024,010520187,2,1,0,9,9,3,1,7,6,6,0,0,0,0,1,1,1,1,2,31,6,-1,-1,-1,-1,2,E01004040,0,1
2024440541208,2024,440541208,1,1,0,18,19,3,7,0,0,8,0,0,0,0,4,1,6,6,1,62,9,-1,-1,-1,-1,7,E01023113,0,1
2024471489221,2024,471489221,1,-1,0,-1,19,2,5,-1,9,1,2,0,0,0,1,1,-1,9,1,14,3,-1,-1,-1,-1,1,E01020912,1,1
2024411474656,2024,411474656,2,1,0,-1,5,7,3,-1,0,8,0,0,0,0,1,1,-1,6,2,47,8,-1,-1,-1,-1,3,E01023650,0,1
2024071065145,2024,071065145,1,9,9,-1,9,2,6,-1,0,8,0,0,0,0,3,9,-1,6,3,-1,-1,-1,-1,-1,-1,-1,-1,0,-1
2024501467933,2024,501467933,1,19,0,-1,19,7,3,-1,0,1,0,0,0,0,3,1,-1,1,2,25,5,-1,-1,-1,-1,6,E01020143,0,1
2024061491799,2024,061491799,1,1,0,-1,19,1,5,-1,0,1,0,0,0,0,1,1,-1,6,1,-1,-1,-1,-1,-1,-1,-1,-1,0,-1
2024461393694,2024,461393694,13,9,0,-1,4,4,8,-1,0,0,0,0,0,0,4,1,-1,9,2,47,8,-1,-1,-1,-1,8,E01016132,0,3
2024552401009,2024,552401009,2,1,0,18,19,8,4,0,0,8,0,0,0,0,3,1,6,6,1,26,6,-1,-1,-1,-1,5,E01015427,0,1
2024421417215,2024,421417215,1,9,0,-1,1,7,3,-1,0,0,0,0,0,0,2,1,-1,6,1,23,5,-1,-1,-1,-1,1,E01015841,0,1
2024501510245,2024,501510245,1,9,0,-1,19,8,3,-1,0,4,0,0,0,0,1,1,-1,6,1,23,5,-1,-1,-1,-1,5,E01018885,0,5
2024371411380,2024,371411380,2,9,0,-1,19,1,3,-1,0,1,0,0,0,0,1,1,-1,9,1,20,4,-1,-1,-1,-1,8,E01029909,0,1
2024610032024,2024,610032024,1,9,0,18,19,7,3,0,0,0,0,0,0,0,1,1,1,1,1,62,9,-1,-1,-1,-1,5,W01001611,0,1
2024320432719,2024,320432719,1,9,0,-1,-1,4,8,0,0,0,0,0,0,0,1,1,-1,-1,1,53,8,-1,-1,-1,-1,1,E01026109,0,1
2024311394343,2024,311394343,1,9,0,-1,9,5,4,-1,0,0,0,0,0,0,2,1,-1,2,2,27,6,-1,-1,-1,-1,4,E01013555,0,4
2024522402757,2024,522402757,2,9,0,4,4,6,2,0,0,8,0,0,0,0,2,1,6,6,1,27,6,-1,-1,-1,-1,5,E01014518,0,2
2024010488129,2024,010488129,1,3,0,99,99,9,9,99,99,0,9,8,9,99,9,1,1,1,1,40,7,-1,-1,-1,-1,7,E01004695,0,1
2024522401945,2024,522401945,1,97,0,18,19,7,3,0,0,0,0,0,0,0,1,1,6,6,3,-1,-1,-1,-1,-1,-1,-1,-1,0,-1
2024501454938,2024,501454938,2,1,0,-1,19,3,7,-1,0,8,2,0,0,0,4,1,-1,6,1,59,9,-1,-1,-1,-1,7,E01015136,0,1
2024101440230,2024,101440230,1,9,0,-1,1,5,3,-1,0,1,0,0,0,0,2,9,-1,6,2,40,7,-1,-1,-1,-1,-1,-1,0,-1
2024991487788,2024,991487788,1,9,0,-1,13,5,1,-1,0,1,0,0,0,0,4,9,-1,6,3,20,4,-1,-1,-1,-1,-1,-1,0,-1
2024010504408,2024,010504408,2,9,0,99,99,9,9,99,99,9,9,99,9,99,9,9,6,6,3,-1,-1,-1,-1,-1,-1,5,E01003743,0,1
2024010487572,2024,010487572,2,9,9,99,99,9,9,99,99,9,9,99,9,99,9,9,6,6,3,-1,-1,-1,-1,-1,-1,-1,-1,0,-1
2024052401620,2024,052401620,1,1,0,18,19,7,3,0,0,8,0,0,0,0,1,1,2,2,1,15,3,-1,-1,-1,-1,2,E01007300,0,2
2024010495309,2024,010495309,2,9,9,99,99,9,9,99,99,9,9,99,9,99,1,9,6,6,3,-1,-1,-1,-1,-1,-1,-1,-1,0,-1
2024340WN5652,2024,340WN5652,1,90,0,-1,19,1,5,-1,0,0,0,0,0,0,1,1,-1,6,3,-1,-1,-1,-1,-1,-1,-1,-1,0,-1
2024622400836,2024,622400836,2,9,0,18,19,4,8,0,0,1,0,0,0,0,1,1,6,6,1,21,5,-1,-1,-1,-1,9,W01001968,0,3
2024010510267,2024,010510267,1,1,9,99,99,9,9,99,99,9,9,99,9,99,9,1,2,2,2,25,5,-1,-1,-1,-1,4,E01004437,0,1
2024010530276,2024,010530276,2,9,9,99,99,9,9,99,99,9,9,99,9,99,9,9,6,6,3,-1,-1,-1,-1,-1,-1,-1,-1,0,-1
2024461441077,2024,461441077,1,98,1,-1,11,6,2,-1,0,0,0,0,0,0,3,9,-1,6,3,-1,-1,-1,-1,-1,-1,-1,-1,0,-1
2024010490912,2024,010490912,1,3,0,99,99,9,9,99,99,9,9,99,9,99,9,1,1,1,1,27,6,-1,-1,-1,-1,3,E01033933,0,1
2024430064621,2024,430064621,3,19,0,18,19,6,2,0,0,0,0,0,0,0,1,1,6,6,1,34,6,-1,-1,-1,-1,6,E01016732,0,1
2024471399956,2024,471399956,2,1,0,-1,8,8,2,-1,0,0,0,0,0,0,4,1,-1,9,1,78,11,-1,-1,-1,-1,3,E01031562,0,1
2024010518525,2024,010518525,1,9,0,1,1,4,8,0,0,1,0,0,0,0,2,1,6,6,1,23,5,-1,-1,-1,-1,-1,-1,0,-1
2024010529365,2024,010529365,1,1,9,99,99,9,9,99,99,9,9,99,9,99,9,1,2,2,2,20,4,-1,-1,-1,-1,-1,-1,0,-1
2024311428725,2024,311428725,1,9,0,-1,19,4,8,-1,0,1,0,0,0,0,3,1,-1,2,2,36,7,-1,-1,-1,-1,6,E01028078,0,1
2024501500434,2024,501500434,2,9,0,-1,19,4,8,-1,0,0,0,0,0,0,3,1,-1,6,2,34,6,-1,-1,-1,-1,3,E01034171,0,2
2024010548800,2024,010548800,1,1,0,18,19,7,3,0,0,2,0,0,0,0,3,1,2,2,2,30,6,-1,-1,-1,-1,4,E01003165,0,1
2024421475905,2024,421475905,1,9,0,-1,19,1,5,-1,0,0,0,0,0,0,1,1,-1,6,3,46,8,-1,-1,-1,-1,-1,-1,0,-1
2024010495798,2024,010495798,2,9,0,99,99,9,9,99,99,9,9,99,9,99,9,9,6,6,3,-1,-1,-1,-1,-1,-1,2,E01003604,0,1
2024544353224,2024,544353224,2,1,0,18,19,6,2,0,0,1,0,0,0,0,3,1,1,1,2,41,7,-1,-1,-1,-1,-1,-1,0,-1
2024010494987,2024,010494987,2,9,0,99,99,9,9,99,99,9,9,99,9,99,1,9,6,6,3,42,7,-1,-1,-1,-1,2,E01001820,0,1
2024010536958,2024,010536958,1,1,9,99,99,9,9,99,99,1,9,99,9,99,9,1,6,6,3,-1,-1,-1,-1,-1,-1,6,E01004178,0,1
2024010492923,2024,010492923,2,9,0,18,19,7,3,0,0,0,0,0,0,0,2,1,6,6,1,52,8,-1,-1,-1,-1,6,E01002616,0,3
2024161462455,2024,161462455,2,9,0,-1,19,1,5,-1,0,1,0,0,0,0,1,1,-1,6,3,-1,-1,-1,-1,-1,-1,-1,-1,0,-1
2024201493917,2024,201493917,1,9,0,-1,14,7,3,-1,0,0,0,0,0,0,1,9,-1,6,3,-1,-1,-1,-1,-1,-1,-1,-1,0,-1
2024201440823,2024,201440823,2,9,0,-1,19,6,2,-1,0,8,0,0,0,0,1,1,-1,9,2,26,6,-1,-1,-1,-1,2,E01009091,0,2
2024421447667,2024,421447667,1,3,0,-1,14,3,7,-1,0,6,0,4,0,0,1,1,-1,6,1,27,6,-1,-1,-1,-1,9,E01015857,0,2
2024010491632,2024,010491632,1,3,9,99,99,9,9,99,99,9,9,99,9,99,1,1,1,1,1,24,5,-1,-1,-1,-1,8,E01000311,0,2
2024430525515,2024,430525515,1,9,0,18,19,3,7,0,0,0,0,0,1,4,1,1,6,6,1,58,9,-1,-1,-1,-1,7,E01015581,0,4
2024052401523,2024,052401523,1,9,0,17,19,8,5,0,0,0,0,0,1,2,1,1,6,6,2,67,10,-1,-1,-1,-1,5,E01006951,0,1
2024070033009,2024,070033009,1,9,0,18,19,2,6,0,0,0,1,0,0,4,1,1,6,6,1,29,6,-1,-1,-1,-1,7,E01012475,0,1
2024161396423,2024,161396423,2,1,0,-1,19,8,4,-1,0,0,0,0,0,0,2,1,-1,6,2,62,9,-1,-1,-1,-1,4,E01012799,0,1
2024440246025,2024,440246025,3,9,0,2,2,0,0,0,0,0,0,0,0,0,2,1,6,6,1,-1,-1,-1,-1,-1,-1,-1,-1,0,-1
2024141402031,2024,141402031,2,-1,0,-1,19,8,3,-1,0,0,0,0,0,0,1,9,-1,6,1,23,5,-1,-1,-1,-1,1,E01007532,1,1
2024311499960,2024,311499960,1,9,0,-1,19,5,1,-1,0,1,0,0,0,0,3,1,-1,9,2,33,6,-1,-1,-1,-1,4,E01013903,0,2
2024010546721,2024,010546721,1,1,0,-1,-1,1,5,0,0,1,0,0,0,0,3,1,2,2,2,52,8,-1,-1,-1,-1,5,E01003077,0,1
2024371447566,2024,371447566,1,9,0,-1,5,8,2,-1,0,0,0,0,0,0,4,1,-1,9,1,80,11,-1,-1,-1,-1,5,E01030073,0,1
2024440527681,2024,440527681,2,1,0,18,19,1,5,0,0,8,0,0,0,0,4,1,2,2,1,33,6,-1,-1,-1,-1,2,E01017106,0,1
2024302400002,2024,302400002,1,9,0,18,19,2,6,0,0,0,1,0,8,11,1,1,6,6,1,31,6,-1,-1,-1,-1,8,E01019781,0,2
2024052401117,2024,052401117,2,1,0,18,19,3,7,0,0,6,0,0,0,0,1,1,6,6,1,72,10,-1,-1,-1,-1,4,E01006976,0,1
2024471444877,2024,471444877,2,9,0,-1,2,0,0,-1,0,1,0,0,0,0,2,1,-1,6,-1,-1,-1,-1,-1,-1,-1,-1,-1,0,-1
2024461531580,2024,461531580,2,1,0,-1,19,3,1,-1,0,1,0,0,0,0,4,1,-1,6,2,-1,-1,-1,-1,-1,-1,5,E01023992,0,1
2024631497921,2024,631497921,2,9,0,-1,19,4,8,-1,0,0,0,0,0,0,0,1,-1,6,3,-1,-1,-1,-1,-1,-1,-1,-1,0,-1
2024010540217,2024,010540217,2,1,0,9,9,7,5,0,0,1,0,0,0,0,1,1,6,6,1,18,4,-1,-1,-1,-1,10,E01023810,0,2
2024231524818,2024,231524818,1,19,0,-1,19,6,2,-1,0,0,0,0,0,0,1,1,-1,9,1,72,10,-1,-1,-1,-1,4,E01031086,0,1
2024010490388,2024,010490388,1,9,0,14,14,1,5,0,0,0,0,4,0,0,1,1,6,6,2,81,11,-1,-1,-1,-1,9,E01003365,0,1
2024991451126,2024,991451126,2,9,0,-1,19,6,2,-1,0,1,2,0,7,0,2,1,-1,9,1,21,5,-1,-1,-1,-1,5,-1,0,3
2024332400119,2024,332400119,2,1,0,-1,19,8,4,-1,0,8,0,0,0,0,2,1,-1,2,1,48,8,-1,-1,-1,-1,5,E01025747,0,1
2024010544262,2024,010544262,1,19,0,99,99,9,9,99,99,9,9,99,9,99,9,9,6,6,3,-1,-1,-1,-1,-1,-1,-1,-1,0,-1
2024522500176,2024,522500176,2,9,0,7,7,7,1,0,0,6,0,0,0,0,1,1,6,6,3,-1,-1,-1,-1,-1,-1,-1,-1,0,-1
2024131471959,2024,131471959,2,1,0,-1,19,5,1,-1,0,4,0,0,0,0,1,1,-1,6,2,36,7,-1,-1,-1,-1,2,E01011726,0,1
2024311448841,2024,311448841,1,1,0,-1,5,6,6,-1,0,0,0,0,0,0,4,1,-1,2,1,40,7,-1,-1,-1,-1,-1,-1,0,-1
2024401414639,2024,401414639,1,9,0,-1,19,8,2,-1,0,6,0,11,0,0,1,9,-1,6,3,-1,-1,-1,-1,-1,-1,-1,-1,0,-1
2024010531657,2024,010531657,1,1,0,18,19,3,7,4,4,1,0,0,0,0,1,1,2,2,1,27,6,-1,-1,-1,-1,7,E01004476,0,2
2024010509863,2024,010509863,1,1,9,99,99,9,9,99,99,9,9,99,9,99,1,1,6,6,1,42,7,-1,-1,-1,-1,7,E01001937,0,1
2024010502668,2024,010502668,1,1,9,99,99,9,9,99,99,9,9,8,9,99,1,1,6,6,1,21,5,-1,-1,-1,-1,4,E01033263,0,5
2024010490843,2024,010490843,1,9,0,99,99,9,9,99,99,9,9,99,9,99,1,9,6,6,2,42,7,-1,-1,-1,-1,3,E01002721,0,1
2024451511656,2024,451511656,1,16,0,-1,19,5,1,-1,0,8,5,0,0,0,0,1,-1,9,2,55,8,-1,-1,-1,-1,6,E01004163,0,3
2024010549820,2024,010549820,2,1,0,18,19,3,7,9,9,1,0,0,0,0,3,1,2,2,1,48,8,-1,-1,-1,-1,3,E01003531,0,2
2024332400057,2024,332400057,1,9,0,-1,19,5,1,-1,0,0,0,0,0,0,1,1,-1,6,3,-1,-1,-1,-1,-1,-1,-1,-1,0,-1
2024010545621,2024,010545621,1,1,9,99,99,9,9,99,99,9,9,99,9,99,9,1,1,1,1,35,6,-1,-1,-1,-1,8,E01003225,0,1
2024544435024,2024,544435024,2,9,0,3,3,3,7,0,0,1,0,0,0,0,2,1,6,6,3,-1,-1,-1,-1,-1,-1,-1,-1,0,-1
2024501489170,2024,501489170,2,9,0,-1,19,1,5,-1,0,3,0,0,0,0,2,1,-1,6,1,-1,-1,-1,-1,-1,-1,-1,-1,0,-1
2024010498057,2024,010498057,2,19,0,9,9,5,3,0,0,8,0,0,0,0,4,1,6,6,3,-1,-1,-1,-1,-1,-1,-1,-1,0,-1
2024430466520,2024,430466520,2,1,0,18,19,2,6,0,0,1,0,0,0,0,3,1,6,6,1,15,3,-1,-1,-1,-1,6,E01016502,0,1
2024610021724,2024,610021724,2,1,0,18,19,5,1,0,0,4,0,0,0,0,1,1,6,6,1,-1,-1,-1,-1,-1,-1,6,E01014642,0,3
2024421506993,2024,421506993,1,9,0,-1,-1,-1,-1,-1,-1,-1,-1,-1,-1,0,-1,9,-1,6,2,-1,-1,-1,-1,-1,-1,-1,-1,0,-1
2024010499977,2024,010499977,1,1,9,99,99,9,9,99,99,9,9,99,9,99,1,1,2,2,1,36,7,-1,-1,-1,-1,2,E01003592,0,1
2024471421532,2024,471421532,2,9,0,-1,19,7,3,-1,0,0,0,0,0,0,1,1,-1,9,1,41,7,-1,-1,-1,-1,3,E01016922,0,2
2024221400395,2024,221400395,1,9,0,-1,19,5,1,-1,0,0,0,0,0,0,1,9,-1,6,2,48,8,-1,-1,-1,-1,-1,-1,0,-1
2024010522228,2024,010522228,1,9,0,18,19,1,5,2,2,0,0,0,0,0,3,1,6,6,3,-1,-1,-1,-1,-1,-1,-1,-1,0,-1
2024401533886,2024,401533886,1,9,0,-1,9,5,3,-1,0,8,0,0,0,0,3,1,-1,1,1,51,8,-1,-1,-1,-1,4,E01015804,0,1
2024010529474,2024,010529474,2,1,9,99,99,9,9,99,99,9,9,99,9,99,9,1,6,6,1,25,5,-1,-1,-1,-1,1,E01001115,0,1
2024430085110,2024,430085110,2,97,0,18,19,5,1,0,0,8,0,0,0,0,1,1,6,6,1,18,4,-1,-1,-1,-1,4,E01016446,0,1
2024471442093,2024,471442093,2,1,0,-1,19,3,7,-1,0,0,0,0,0,0,4,1,-1,9,1,49,8,-1,-1,-1,-1,8,E01031491,0,1
2024430477096,2024,430477096,2,9,0,13,13,8,4,0,0,0,0,0,0,0,4,1,6,6,3,-1,-1,-1,-1,-1,-1,-1,-1,0,-1
2024131420438,2024,131420438,1,9,0,-1,19,5,5,-1,0,0,0,0,0,0,1,1,-1,6,1,79,11,-1,-1,-1,-1,8,E01011459,0,3
2024311426788,2024,311426788,1,9,0,-1,9,6,2,-1,0,8,0,10,0,0,1,1,-1,9,1,26,6,-1,-1,-1,-1,7,E01028100,0,2
2024451410261,2024,451410261,2,9,0,-1,19,1,4,-1,0,1,0,0,0,0,1,9,-1,6,3,44,7,-1,-1,-1,-1,-1,-1,0,-1
2024201399468,2024,201399468,1,9,0,-1,7,6,8,-1,9,5,0,0,0,0,4,9,-1,6,1,-1,-1,-1,-1,-1,-1,-1,-1,0,-1
2024340WN5112,2024,340WN5112,5,9,0,-1,2,0,0,-1,0,0,0,0,0,0,1,1,-1,6,3,-1,-1,-1,-1,-1,-1,-1,-1,0,-1