collision_index,collision_year,collision_ref_no,vehicle_reference,vehicle_type,towing_and_articulation,vehicle_manoeuvre_historic,vehicle_manoeuvre,vehicle_direction_from,vehicle_direction_to,vehicle_location_restricted_lane_historic,vehicle_location_restricted_lane,junction_location,skidding_and_overturning,hit_object_in_carriageway,vehicle_leaving_carriageway,hit_object_off_carriageway,first_point_of_impact,vehicle_left_hand_drive,journey_purpose_of_driver_historic,journey_purpose_of_driver,sex_of_driver,age_of_driver,age_band_of_driver,engine_capacity_cc,propulsion_code,age_of_vehicle,generic_make_model,driver_imd_decile,lsoa_of_driver,escooter_flag,driver_distance_banding
2024010497733,2024,010497733,1,1,9,99,99,9,9,99,99,9,9,99,9,99,9,1,6,6,1,33,6,-1,-1,-1,-1,2,E01034149,0,2
2024351442761,2024,351442761,1,9,0,-1,6,1,1,-1,0,0,0,0,0,0,3,1,-1,6,1,90,11,-1,-1,-1,-1,8,E01018236,0,1
2024010496605,2024,010496605,1,9,0,5,5,3,7,0,0,0,0,0,0,0,3,1,6,6,1,66,10,-1,-1,-1,-1,2,E01001820,0,1
2024010486916,2024,010486916,2,9,0,99,99,9,9,99,99,9,9,99,9,99,9,9,6,6,2,23,5,-1,-1,-1,-1,6,E01003703,0,1
2024201522096,2024,201522096,2,-1,0,-1,19,6,2,-1,0,0,0,0,0,0,0,9,-1,6,1,30,6,-1,-1,-1,-1,9,E01009804,1,2
2024052402022,2024,052402022,1,19,0,18,19,1,5,0,0,0,0,0,0,0,3,1,6,6,3,-1,-1,-1,-1,-1,-1,-1,-1,0,-1
2024010535594,2024,010535594,2,1,0,18,19,7,3,0,0,1,2,0,0,0,1,1,2,2,1,51,8,-1,-1,-1,-1,4,E01001369,0,1
2024201450220,2024,201450220,1,9,0,-1,6,2,2,-1,0,0,0,0,0,0,1,9,-1,1,2,47,8,-1,-1,-1,-1,-1,-1,0,-1
2024461450130,2024,461450130,1,9,0,-1,19,3,7,-1,0,8,0,0,0,0,4,9,-1,6,3,-1,-1,-1,-1,-1,-1,-1,-1,0,-1
2024010522901,2024,010522901,2,1,9,99,99,9,9,0,0,1,0,0,9,99,9,1,6,6,1,8,2,-1,-1,-1,-1,2,E01001842,0,1
2024010525246,2024,010525246,1,1,9,18,19,9,9,99,99,9,9,8,9,99,9,1,2,2,1,30,6,-1,-1,-1,-1,3,E01035495,0,1
2024991418229,2024,991418229,1,90,0,-1,19,7,3,-1,0,6,5,0,1,10,1,1,-1,6,1,15,3,-1,-1,-1,-1,-1,-1,0,-1
2024131485483,2024,131485483,2,22,0,-1,19,3,7,-1,9,0,0,0,0,0,0,1,-1,9,2,54,8,-1,-1,-1,-1,1,E01011780,0,1
2024201477933,2024,201477933,2,9,0,-1,19,8,4,-1,0,1,0,0,0,0,4,9,-1,6,1,-1,-1,-1,-1,-1,-1,7,E01029642,0,2
2024010519899,2024,010519899,1,1,9,99,99,9,9,99,99,9,9,99,9,99,1,1,2,2,1,30,6,-1,-1,-1,-1,8,E01004507,0,1
2024131488024,2024,131488024,1,90,0,-1,19,3,7,-1,0,0,0,0,0,0,1,1,-1,6,1,38,7,-1,-1,-1,-1,3,E01011822,0,1
2024041421463,2024,041421463,1,98,0,-1,3,1,5,-1,0,1,0,0,0,0,2,1,-1,1,1,53,8,-1,-1,-1,-1,4,E01025113,0,1
2024201512906,2024,201512906,4,9,0,-1,3,1,5,-1,0,2,0,0,0,0,2,1,-1,2,2,60,9,-1,-1,-1,-1,8,E01010164,0,1
2024351462975,2024,351462975,1,9,0,-1,-1,-1,-1,-1,-1,0,-1,-1,-1,0,-1,9,-1,6,3,-1,-1,-1,-1,-1,-1,-1,-1,0,-1
2024471402210,2024,471402210,2,1,0,-1,19,8,4,-1,0,1,0,0,0,0,2,1,-1,6,2,70,10,-1,-1,-1,-1,4,E01031546,0,1
2024041493114,2024,041493114,1,9,0,-1,19,-1,-1,-1,0,0,0,0,0,0,-1,9,-1,6,3,-1,-1,-1,-1,-1,-1,-1,-1,0,-1
2024010512506,2024,010512506,1,9,0,99,99,9,9,99,99,9,9,99,9,99,9,9,6,6,2,35,6,-1,-1,-1,-1,6,E01001266,0,1
2024010498841,2024,010498841,3,9,0,2,2,0,0,6,6,0,0,0,0,0,3,1,6,6,3,-1,-1,-1,-1,-1,-1,-1,-1,0,-1
2024610057224,2024,610057224,2,9,0,9,9,4,2,0,0,1,0,0,0,0,1,1,6,6,3,31,6,-1,-1,-1,-1,4,W01002032,0,3
2024549936624,2024,549936624,1,97,0,18,19,5,1,0,0,0,0,0,0,0,1,1,6,6,3,-1,-1,-1,-1,-1,-1,-1,-1,0,-1
2024430126347,2024,430126347,1,19,0,18,19,1,5,0,0,8,0,0,0,0,1,1,6,6,1,-1,-1,-1,-1,-1,-1,-1,-1,0,-1
2024421478422,2024,421478422,1,1,0,-1,19,2,4,-1,0,8,0,0,0,0,1,1,-1,9,1,28,6,-1,-1,-1,-1,6,E01004728,0,4
2024010511176,2024,010511176,2,1,0,18,19,4,8,0,0,1,0,0,0,0,4,1,6,6,2,27,6,-1,-1,-1,-1,8,E01034386,0,1
2024010512061,2024,010512061,2,1,0,18,19,5,1,0,0,1,2,0,7,11,1,1,6,6,1,45,7,-1,-1,-1,-1,4,E01004039,0,2
2024520500213,2024,520500213,2,9,9,4,4,5,1,0,0,2,0,0,0,0,9,9,6,6,3,-1,-1,-1,-1,-1,-1,-1,-1,0,-1
2024201547790,2024,201547790,1,1,0,-1,19,2,6,-1,0,8,0,0,0,0,1,1,-1,2,1,26,6,-1,-1,-1,-1,1,E01008996,0,1
2024010515471,2024,010515471,2,1,0,18,19,7,3,0,0,0,0,0,0,0,1,1,6,6,1,20,4,-1,-1,-1,-1,5,E01032777,0,1
2024010510164,2024,010510164,2,1,0,15,15,2,6,0,0,1,0,0,0,0,1,1,6,6,1,19,4,-1,-1,-1,-1,3,E01004435,0,2
2024201407592,2024,201407592,1,9,0,-1,19,7,3,-1,0,0,0,0,0,0,1,9,-1,6,3,-1,-1,-1,-1,-1,-1,-1,-1,0,-1
2024010513729,2024,010513729,2,9,0,99,99,9,9,99,99,9,9,99,9,99,3,9,6,6,3,-1,-1,-1,-1,-1,-1,-1,-1,0,-1
2024440292954,2024,440292954,1,1,0,9,9,1,5,0,0,0,0,0,0,0,3,1,4,7,1,14,3,-1,-1,-1,-1,7,E01022963,0,1
2024351506943,2024,351506943,1,21,4,-1,9,8,4,-1,0,0,0,0,0,0,1,2,-1,1,1,66,10,-1,-1,-1,-1,5,E01024198,0,5
2024131403132,2024,131403132,3,9,0,-1,2,0,0,-1,0,1,0,0,0,0,1,1,-1,6,-1,-1,-1,-1,-1,-1,-1,-1,-1,0,-1
2024010545373,2024,010545373,3,9,0,-1,-1,1,5,0,0,2,0,0,0,0,1,1,6,6,1,39,7,-1,-1,-1,-1,4,E01002315,0,1
2024131397433,2024,131397433,2,1,0,-1,9,7,3,-1,0,3,1,0,0,0,1,1,-1,9,1,31,6,-1,-1,-1,-1,2,E01011281,0,1
2024401490009,2024,401490009,2,9,-1,-1,13,1,5,-1,0,2,0,0,0,0,-1,9,-1,6,3,-1,-1,-1,-1,-1,-1,-1,-1,0,-1
2024041510116,2024,041510116,1,1,0,-1,19,1,5,-1,0,0,5,0,0,0,1,1,-1,2,1,40,7,-1,-1,-1,-1,7,E01025400,0,2
2024010490993,2024,010490993,1,9,0,6,6,5,5,0,0,2,0,0,0,0,1,1,6,6,1,29,6,-1,-1,-1,-1,8,E01023312,0,3
2024991513644,2024,991513644,2,9,0,-1,19,6,2,-1,0,1,0,0,0,0,1,1,-1,9,1,80,11,-1,-1,-1,-1,10,-1,0,3
2024010506758,2024,010506758,2,1,0,18,19,1,5,0,0,8,0,0,0,0,1,1,6,6,1,58,9,-1,-1,-1,-1,9,E01004659,0,1
2024201497681,2024,201497681,2,9,0,-1,3,8,4,-1,0,1,0,0,0,0,2,1,-1,9,2,24,5,-1,-1,-1,-1,4,E01009552,0,4
2024010501465,2024,010501465,1,1,9,99,99,9,9,99,99,9,9,99,9,99,9,1,2,2,2,42,7,-1,-1,-1,-1,7,E01004018,0,1
2024070369443,2024,070369443,2,3,0,18,19,4,8,0,0,0,0,0,0,0,1,1,6,6,1,20,4,-1,-1,-1,-1,-1,-1,0,-1
2024010493494,2024,010493494,1,3,0,99,99,9,9,99,99,9,9,99,9,99,9,1,3,7,1,51,8,-1,-1,-1,-1,7,E01003434,0,1
2024340NN2782,2024,340NN2782,2,9,0,-1,2,0,0,-1,0,0,0,0,0,0,1,1,-1,6,3,-1,-1,-1,-1,-1,-1,-1,-1,0,-1
2024070653575,2024,070653575,1,19,0,9,9,1,7,0,0,8,0,0,0,0,3,1,1,1,1,-1,-1,-1,-1,-1,-1,-1,-1,0,-1
2024201560356,2024,201560356,1,9,0,-1,19,4,1,-1,0,0,0,0,0,0,1,9,-1,6,3,-1,-1,-1,-1,-1,-1,-1,-1,0,-1
2024531496928,2024,531496928,1,9,0,-1,4,7,3,-1,0,1,1,0,0,0,1,1,-1,9,2,29,6,-1,-1,-1,-1,8,E01022463,0,3
2024332400374,2024,332400374,1,1,0,-1,19,4,8,-1,0,8,0,0,0,0,2,1,-1,9,1,53,8,-1,-1,-1,-1,7,E01025623,0,1
2024010530837,2024,010530837,1,1,9,18,19,9,9,99,99,0,9,99,9,99,2,1,6,6,1,32,6,-1,-1,-1,-1,7,E01004597,0,1
2024201466584,2024,201466584,1,9,0,-1,19,2,6,-1,0,1,0,0,0,0,1,9,-1,6,1,-1,-1,-1,-1,-1,-1,-1,-1,0,-1
2024622400548,2024,622400548,2,17,0,7,7,8,2,0,0,1,0,0,0,0,1,1,6,6,3,-1,-1,-1,-1,-1,-1,-1,-1,0,-1
2024041440849,2024,041440849,1,9,0,-1,19,7,1,-1,5,1,0,0,0,0,1,9,-1,6,3,-1,-1,-1,-1,-1,-1,-1,-1,0,-1
2024061511019,2024,061511019,1,9,0,-1,-1,-1,-1,-1,-1,-1,-1,-1,-1,0,-1,1,-1,6,3,-1,-1,-1,-1,-1,-1,-1,-1,0,-1
202417H104124,2024,17H104124,2,1,0,-1,19,5,1,-1,0,0,0,0,0,0,1,1,-1,9,1,31,6,-1,-1,-1,-1,1,E01011980,0,1
2024010527818,2024,010527818,2,19,4,1,1,1,5,6,6,0,0,4,0,0,2,1,1,1,1,26,6,-1,-1,-1,-1,8,E01017660,0,4
2024231462127,2024,231462127,2,9,0,-1,19,7,4,-1,0,8,0,0,1,0,4,1,-1,9,1,61,9,-1,-1,-1,-1,7,E01031213,0,1
2024010528489,2024,010528489,1,3,0,18,19,2,6,0,0,0,0,0,0,0,1,1,6,6,1,26,6,-1,-1,-1,-1,2,E01003207,0,3
2024131461105,2024,131461105,2,1,0,-1,19,1,5,-1,0,6,0,4,0,0,1,1,-1,6,1,49,8,-1,-1,-1,-1,1,E01032500,0,1
2024041408431,2024,041408431,2,1,0,-1,19,5,1,-1,5,0,0,0,0,0,4,1,-1,7,1,15,3,-1,-1,-1,-1,8,E01025602,0,1
2024101470326,2024,101470326,1,9,0,-1,5,2,4,-1,0,8,0,0,0,0,4,1,-1,9,2,50,8,-1,-1,-1,-1,10,E01008563,0,1
2024991460462,2024,991460462,1,19,0,-1,5,1,1,-1,0,4,0,0,0,0,1,1,-1,6,1,45,7,-1,-1,-1,-1,4,-1,0,4
2024430417699,2024,430417699,2,1,0,18,19,7,3,0,0,8,0,0,0,0,1,1,6,6,2,25,5,-1,-1,-1,-1,-1,-1,0,-1
2024052400225,2024,052400225,1,19,0,13,13,7,3,0,0,1,0,0,0,0,4,1,6,6,3,-1,-1,-1,-1,-1,-1,-1,-1,0,-1
2024061530573,2024,061530573,1,90,0,-1,19,7,6,-1,0,0,0,0,0,0,4,9,-1,6,3,-1,-1,-1,-1,-1,-1,-1,-1,0,-1
2024010509618,2024,010509618,2,1,9,99,99,9,9,99,99,0,9,99,9,99,1,1,6,6,3,-1,-1,-1,-1,-1,-1,-1,-1,0,-1
2024141496203,2024,141496203,2,9,0,-1,19,4,8,-1,0,0,0,0,1,9,1,1,-1,1,1,41,7,-1,-1,-1,-1,4,E01007786,0,1
2024471439571,2024,471439571,1,9,0,-1,19,8,6,-1,0,0,1,0,1,4,1,1,-1,1,1,51,8,-1,-1,-1,-1,6,E01035332,0,1
2024061404954,2024,061404954,1,3,0,-1,19,7,3,-1,0,1,0,0,0,0,1,1,-1,9,1,15,3,-1,-1,-1,-1,1,E01004787,0,1
2024631527044,2024,631527044,1,9,0,-1,19,8,4,-1,0,1,0,0,0,0,1,1,-1,6,3,-1,-1,-1,-1,-1,-1,-1,-1,0,-1
2024522402391,2024,522402391,1,-1,0,18,19,1,5,0,0,8,0,0,0,0,1,1,6,6,2,21,5,-1,-1,-1,-1,7,E01014538,1,1
2024311440099,2024,311440099,1,9,0,-1,7,3,6,-1,9,0,1,10,7,0,1,1,-1,6,1,32,6,-1,-1,-1,-1,7,E01028157,0,2
2024371484896,2024,371484896,2,1,0,-1,19,7,3,-1,0,8,0,0,0,0,4,1,-1,9,1,55,8,-1,-1,-1,-1,8,E01030288,0,1
2024010492070,2024,010492070,1,1,0,18,19,3,7,9,9,0,0,0,0,0,1,1,6,6,1,24,5,-1,-1,-1,-1,-1,-1,0,-1
2024311411806,2024,311411806,2,1,0,-1,19,2,6,-1,0,0,0,0,0,0,1,1,-1,6,1,35,6,-1,-1,-1,-1,1,E01028055,0,1
2024010510842,2024,010510842,1,-1,0,18,19,3,7,0,0,1,0,0,0,0,1,1,1,1,1,20,4,-1,-1,-1,-1,3,E01035498,1,1
2024161502507,2024,161502507,2,9,0,-1,3,1,5,-1,0,0,0,0,0,0,2,9,-1,6,1,40,7,-1,-1,-1,-1,5,E01012768,0,1
2024552400426,2024,552400426,2,9,0,18,19,6,2,0,0,8,0,0,0,0,1,1,6,6,2,18,4,-1,-1,-1,-1,8,E01020345,0,3
2024461441018,2024,461441018,2,9,0,-1,19,2,4,-1,0,0,0,0,0,0,1,9,-1,2,1,27,6,-1,-1,-1,-1,7,E01024564,0,3
2024010506870,2024,010506870,1,1,9,99,99,9,9,99,99,9,9,99,9,99,9,1,3,7,2,25,5,-1,-1,-1,-1,7,E01004499,0,2
2024010494982,2024,010494982,1,9,0,99,99,9,9,99,99,9,9,99,9,99,2,9,6,6,1,31,6,-1,-1,-1,-1,9,E01000424,0,1
2024061488513,2024,061488513,1,9,0,-1,19,5,1,-1,0,1,0,0,0,0,1,9,-1,6,3,-1,-1,-1,-1,-1,-1,-1,-1,0,-1
2024111451904,2024,111451904,2,98,0,-1,4,7,3,-1,0,0,0,0,0,0,2,1,-1,6,1,55,8,-1,-1,-1,-1,1,E01008285,0,4
2024131394041,2024,131394041,1,9,0,-1,19,1,5,-1,0,0,1,0,4,0,1,1,-1,6,1,22,5,-1,-1,-1,-1,1,E01010608,0,1
2024531500468,2024,531500468,1,9,0,-1,19,8,4,-1,0,0,0,4,0,0,1,1,-1,9,1,81,11,-1,-1,-1,-1,9,E01022431,0,2
2024332400335,2024,332400335,1,1,0,-1,19,5,1,-1,0,8,0,0,0,0,1,1,-1,2,2,39,7,-1,-1,-1,-1,8,E01025612,0,1
2024401468384,2024,401468384,2,1,-1,-1,-1,-1,-1,-1,-1,0,-1,-1,-1,0,3,1,-1,9,1,53,8,-1,-1,-1,-1,4,E01017535,0,1
2024211475077,2024,211475077,2,23,0,-1,19,5,8,-1,0,1,2,0,0,0,1,1,-1,9,1,26,6,-1,-1,-1,-1,4,E01029394,0,2
2024542710524,2024,542710524,2,22,0,18,19,5,1,0,0,6,0,0,0,0,3,1,6,6,2,58,9,-1,-1,-1,-1,9,E01032105,0,1
2024311446493,2024,311446493,2,1,0,-1,19,4,6,-1,9,0,0,0,7,0,3,1,-1,7,1,11,3,-1,-1,-1,-1,-1,-1,0,-1
2024010490299,2024,010490299,1,9,0,5,5,0,1,0,0,1,0,0,0,0,3,1,6,6,1,60,9,-1,-1,-1,-1,6,E01003233,0,1
2024430533962,2024,430533962,2,9,0,3,3,4,8,0,0,1,0,0,0,0,2,1,6,6,2,-1,-1,-1,-1,-1,-1,-1,-1,0,-1
2024320477830,2024,320477830,2,9,0,9,9,6,4,0,0,5,0,0,0,0,3,1,1,1,1,64,9,-1,-1,-1,-1,9,E01026263,0,3
2024411473255,2024,411473255,2,1,-1,-1,-1,-1,-1,-1,-1,-1,-1,-1,-1,0,3,1,-1,9,2,28,6,-1,-1,-1,-1,10,E01023745,0,1
2024451508889,2024,451508889,1,1,0,-1,19,1,1,-1,0,8,1,0,0,0,1,1,-1,9,1,49,8,-1,-1,-1,-1,10,E01030303,0,2
2024351471520,2024,351471520,2,1,0,-1,19,5,1,-1,0,0,0,0,0,0,3,1,-1,6,1,19,4,-1,-1,-1,-1,2,E01015605,0,1
2024141475855,2024,141475855,1,9,0,-1,5,5,4,-1,0,8,0,0,0,0,1,1,-1,9,1,23,5,-1,-1,-1,-1,7,E01007741,0,1
2024545883424,2024,545883424,1,1,0,18,19,2,6,0,0,0,0,0,0,0,1,1,2,2,1,55,8,-1,-1,-1,-1,10,E01031924,0,1
2024440490864,2024,440490864,2,9,0,4,4,7,3,0,0,0,0,0,0,0,2,1,3,7,1,-1,-1,-1,-1,-1,-1,-1,-1,0,-1
2024141470610,2024,141470610,1,9,0,-1,19,8,3,-1,0,4,0,0,0,0,2,9,-1,2,2,19,4,-1,-1,-1,-1,6,E01007455,0,2
2024052401870,2024,052401870,2,5,0,18,19,8,4,0,0,0,0,0,0,0,1,1,6,6,1,49,8,-1,-1,-1,-1,2,E01006765,0,1
2024101523318,2024,101523318,1,90,0,-1,5,2,6,-1,0,1,0,0,0,0,1,1,-1,6,1,44,7,-1,-1,-1,-1,3,E01008208,0,1
2024061478850,2024,061478850,2,1,0,-1,19,3,7,-1,0,8,0,0,0,0,3,1,-1,6,1,12,3,-1,-1,-1,-1,1,E01005195,0,1
2024201424218,2024,201424218,1,9,0,-1,19,1,5,-1,0,1,1,0,0,0,1,9,-1,6,1,33,6,-1,-1,-1,-1,1,E01009332,0,1
2024481567216,2024,481567216,1,1,0,-1,19,3,7,-1,0,8,0,0,0,0,1,1,-1,6,1,30,6,-1,-1,-1,-1,-1,-1,0,-1
2024201477138,2024,201477138,1,9,0,-1,1,5,1,-1,0,0,0,0,0,0,2,9,-1,6,3,-1,-1,-1,-1,-1,-1,-1,-1,0,-1
2024101484061,2024,101484061,2,1,0,-1,19,7,3,-1,0,8,5,0,0,0,1,1,-1,6,1,25,5,-1,-1,-1,-1,6,E01027490,0,1
2024141428644,2024,141428644,2,1,0,-1,19,7,3,-1,0,0,0,0,0,0,3,1,-1,6,1,20,4,-1,-1,-1,-1,3,E01007679,0,1
2024991480765,2024,991480765,2,1,0,-1,19,6,2,-1,0,8,5,0,0,0,3,1,-1,2,1,58,9,-1,-1,-1,-1,10,-1,0,1
2024052401533,2024,052401533,2,9,0,18,19,3,1,0,0,2,0,0,0,0,1,1,6,6,3,-1,-1,-1,-1,-1,-1,-1,-1,0,-1
2024520401143,2024,520401143,1,9,0,18,19,2,5,0,0,2,0,0,1,3,1,1,6,6,2,69,10,-1,-1,-1,-1,5,E01029222,0,1
2024991477433,2024,991477433,1,9,0,-1,7,4,6,-1,0,0,0,0,0,0,1,1,-1,6,1,38,7,-1,-1,-1,-1,5,E01012635,0,5
2024010539025,2024,010539025,1,1,0,18,19,1,5,0,0,8,0,0,0,0,1,1,6,6,2,35,6,-1,-1,-1,-1,3,E01002807,0,1
2024141480048,2024,141480048,2,9,0,-1,2,0,0,-1,0,1,0,0,0,0,3,1,-1,6,-1,-1,-1,-1,-1,-1,-1,-1,-1,0,-1
2024440057304,2024,440057304,1,1,0,18,19,1,5,0,0,8,0,0,0,0,1,1,2,2,1,54,8,-1,-1,-1,-1,10,E01030796,0,1
2024010534175,2024,010534175,2,23,0,18,19,5,1,0,0,1,0,0,0,0,2,1,6,6,1,51,8,-1,-1,-1,-1,7,E01003853,0,2
2024141505614,2024,141505614,2,1,0,-1,19,8,4,-1,0,1,5,0,0,0,1,1,-1,6,1,8,2,-1,-1,-1,-1,2,E01007806,0,1
2024991447422,2024,991447422,1,9,0,-1,4,2,6,-1,0,1,0,0,0,0,1,1,-1,1,3,39,7,-1,-1,-1,-1,4,-1,0,4
2024061417639,2024,061417639,2,1,0,-1,19,6,2,-1,0,1,0,0,0,0,1,1,-1,2,1,60,9,-1,-1,-1,-1,7,E01005995,0,2
2024131449167,2024,131449167,2,-1,0,-1,5,6,2,-1,0,8,0,0,0,0,1,1,-1,6,-1,-1,-1,-1,-1,-1,-1,-1,-1,1,-1
2024010507977,2024,010507977,2,9,0,18,19,7,3,0,0,0,0,0,0,0,0,1,6,6,3,-1,-1,-1,-1,-1,-1,-1,-1,0,-1
2024122500126,2024,122500126,1,1,0,12,12,4,8,0,0,1,0,0,0,0,0,1,6,6,2,49,8,-1,-1,-1,-1,9,E01013429,0,1
2024421494524,2024,421494524,2,9,0,-1,19,2,6,-1,0,0,0,0,0,0,2,1,-1,9,1,40,7,-1,-1,-1,-1,6,E01021344,0,4
2024010515144,2024,010515144,2,9,0,99,99,9,9,99,99,9,9,99,9,99,9,9,6,6,3,-1,-1,-1,-1,-1,-1,3,E01004364,0,1
2024361459313,2024,361459313,2,1,0,-1,19,1,5,-1,0,8,0,0,0,0,3,1,-1,2,2,48,8,-1,-1,-1,-1,9,E01026544,0,1
2024231447634,2024,231447634,1,9,0,-1,4,2,4,-1,0,0,0,0,0,0,2,9,-1,6,2,46,8,-1,-1,-1,-1,10,E01031101,0,2
2024052400331,2024,052400331,1,8,0,18,19,7,3,0,0,0,0,0,0,0,4,1,6,6,3,-1,-1,-1,-1,-1,-1,-1,-1,0,-1
2024201416716,2024,201416716,1,9,0,-1,19,6,2,-1,0,0,0,0,0,0,1,1,-1,6,1,-1,-1,-1,-1,-1,-1,-1,-1,0,-1
2024061448038,2024,061448038,1,1,0,-1,19,7,3,-1,4,8,0,0,0,0,4,1,-1,9,1,53,8,-1,-1,-1,-1,4,E01006113,0,1
2024430047935,2024,430047935,1,17,0,18,19,6,2,0,0,0,0,0,0,0,3,1,1,1,1,-1,-1,-1,-1,-1,-1,-1,-1,0,-1
2024411535878,2024,411535878,1,9,-1,-1,-1,-1,-1,-1,-1,-1,-1,-1,-1,0,-1,9,-1,6,3,-1,-1,-1,-1,-1,-1,-1,-1,0,-1
2024311468937,2024,311468937,2,99,4,-1,19,1,5,-1,0,0,0,0,0,0,0,9,-1,1,1,-1,-1,-1,-1,-1,-1,-1,-1,0,-1
2024010493693,2024,010493693,2,1,0,18,19,5,1,0,0,2,0,0,1,0,2,1,6,6,1,23,5,-1,-1,-1,-1,5,E01003307,0,1
2024010521569,2024,010521569,1,11,0,13,13,5,1,4,4,1,0,0,0,0,2,1,6,6,3,-1,-1,-1,-1,-1,-1,-1,-1,0,-1
2024010495688,2024,010495688,1,19,0,17,19,3,7,0,0,0,0,0,0,0,1,1,1,1,2,28,6,-1,-1,-1,-1,8,E01024343,0,4
2024201542254,2024,201542254,1,9,0,-1,19,6,2,-1,0,1,0,0,0,0,1,9,-1,1,1,41,7,-1,-1,-1,-1,10,E01032140,0,4
2024131529920,2024,131529920,1,9,0,-1,19,5,1,-1,0,0,0,10,4,2,1,1,-1,9,1,23,5,-1,-1,-1,-1,2,E01011126,0,2
2024440174837,2024,440174837,1,1,0,18,19,7,3,0,0,1,0,0,0,0,1,1,6,6,2,50,8,-1,-1,-1,-1,2,E01017106,0,1
2024010496666,2024,010496666,1,8,0,18,19,3,7,0,0,3,0,0,0,0,1,1,1,1,1,72,10,-1,-1,-1,-1,5,E01003740,0,3
2024010495658,2024,010495658,2,1,0,18,19,7,3,2,2,8,0,0,0,0,1,1,6,6,2,24,5,-1,-1,-1,-1,-1,-1,0,-1
2024430006051,2024,430006051,1,9,0,18,19,6,2,0,0,1,0,0,1,1,1,1,2,2,2,42,7,-1,-1,-1,-1,9,E01017825,0,1
2024141501318,2024,141501318,1,97,0,-1,19,4,8,-1,0,1,0,0,0,0,1,1,-1,6,1,24,5,-1,-1,-1,-1,1,E01007532,0,1
2024141492235,2024,141492235,2,23,0,-1,19,8,4,-1,0,1,0,0,0,0,1,1,-1,6,1,18,4,-1,-1,-1,-1,3,E01007569,0,1
2024430432783,2024,430432783,1,9,0,18,19,7,3,0,0,8,2,0,3,0,1,1,6,6,1,19,4,-1,-1,-1,-1,8,E01026993,0,3
2024351535928,2024,351535928,1,1,0,-1,19,2,5,-1,0,1,0,0,0,0,3,1,-1,6,1,21,5,-1,-1,-1,-1,10,E01018256,0,2
2024401486370,2024,401486370,1,1,0,-1,19,2,6,-1,0,0,0,0,0,0,1,1,-1,6,1,-1,-1,-1,-1,-1,-1,-1,-1,0,-1
2024010526771,2024,010526771,1,1,0,18,19,5,1,9,9,5,0,0,0,0,1,1,6,6,1,35,6,-1,-1,-1,-1,2,E01034477,0,1
2024411412454,2024,411412454,1,9,-1,-1,-1,-1,-1,-1,-1,0,-1,-1,-1,0,-1,9,-1,6,3,-1,-1,-1,-1,-1,-1,-1,-1,0,-1
2024461440137,2024,461440137,3,90,0,-1,19,7,3,-1,0,0,0,0,0,0,0,9,-1,1,3,-1,-1,-1,-1,-1,-1,-1,-1,0,-1
2024201479650,2024,201479650,1,9,0,-1,19,2,6,-1,0,6,0,0,0,0,2,1,-1,6,2,57,9,-1,-1,-1,-1,1,E01009366,0,1
2024010528182,2024,010528182,2,1,0,18,19,1,5,0,0,2,5,0,1,0,2,1,6,6,1,29,6,-1,-1,-1,-1,1,E01002071,0,1
2024010487103,2024,010487103,1,5,0,18,19,3,7,0,0,8,2,0,0,0,1,1,6,6,1,-1,-1,-1,-1,-1,-1,-1,-1,0,-1
2024010499339,2024,010499339,1,1,9,99,99,9,9,99,99,0,9,99,9,99,1,1,6,6,3,-1,-1,-1,-1,-1,-1,-1,-1,0,-1
2024531412555,2024,531412555,2,1,-1,-1,19,1,5,-1,0,0,0,0,0,0,-1,1,-1,2,1,26,6,-1,-1,-1,-1,6,E01022175,0,1
2024061521528,2024,061521528,4,9,0,-1,4,1,5,-1,0,0,0,0,0,0,1,1,-1,2,2,22,5,-1,-1,-1,-1,4,E01025288,0,4
2024010492602,2024,010492602,2,9,0,99,99,9,9,99,99,9,9,99,9,99,1,9,6,6,3,75,10,-1,-1,-1,-1,1,E01002036,0,1
2024010511252,2024,010511252,2,1,0,5,5,1,5,0,0,1,0,0,0,0,1,1,6,6,2,26,6,-1,-1,-1,-1,-1,-1,0,-1
2024010489077,2024,010489077,3,9,0,2,2,0,0,0,0,1,0,0,0,0,2,1,6,6,3,-1,-1,-1,-1,-1,-1,-1,-1,0,-1
2024430324259,2024,430324259,2,19,0,18,19,2,6,0,0,3,0,0,0,0,2,1,1,1,1,42,7,-1,-1,-1,-1,6,E01016837,0,2
2024070294034,2024,070294034,2,90,0,18,19,7,3,0,0,1,0,0,0,0,1,1,6,6,1,15,3,-1,-1,-1,-1,8,E01012495,0,1
2024161528560,2024,161528560,1,1,0,-1,7,8,2,-1,4,1,0,0,0,0,1,1,-1,6,1,30,6,-1,-1,-1,-1,1,E01012856,0,1
2024111404652,2024,111404652,2,9,0,-1,19,8,4,-1,0,0,1,0,0,0,4,1,-1,2,1,55,8,-1,-1,-1,-1,8,E01012269,0,3
2024311521720,2024,311521720,2,-1,0,-1,19,3,7,-1,0,8,2,0,0,0,1,1,-1,6,1,35,6,-1,-1,-1,-1,-1,-1,1,-1
2024401401301,2024,401401301,1,19,0,-1,19,4,8,-1,0,8,0,0,9,0,1,9,-1,2,1,28,6,-1,-1,-1,-1,7,E01017577,0,1
2024211473402,2024,211473402,2,1,0,-1,19,1,5,-1,0,0,2,0,0,0,1,1,-1,9,1,53,8,-1,-1,-1,-1,8,E01018515,0,2
2024411435079,2024,411435079,2,1,-1,-1,-1,5,1,-1,-1,-1,-1,-1,-1,0,-1,1,-1,6,1,63,9,-1,-1,-1,-1,4,E01023937,0,1
2024552400164,2024,552400164,2,1,0,18,19,6,2,0,0,8,0,0,0,0,4,1,6,6,1,20,4,-1,-1,-1,-1,4,E01034278,0,1
2024461514260,2024,461514260,1,9,0,-1,19,1,5,-1,0,0,0,0,0,0,3,9,-1,6,3,-1,-1,-1,-1,-1,-1,-1,-1,0,-1
2024211522845,2024,211522845,3,9,0,-1,3,8,4,-1,0,1,0,0,0,0,2,1,-1,2,1,52,8,-1,-1,-1,-1,8,E01034097,0,3
2024010498790,2024,010498790,2,1,0,18,19,3,7,0,0,8,0,0,0,0,1,1,2,2,2,28,6,-1,-1,-1,-1,4,E01004406,0,3