collision_index,collision_year,collision_ref_no,vehicle_reference,vehicle_type,towing_and_articulation,vehicle_manoeuvre_historic,vehicle_manoeuvre,vehicle_direction_from,vehicle_direction_to,vehicle_location_restricted_lane_historic,vehicle_location_restricted_lane,junction_location,skidding_and_overturning,hit_object_in_carriageway,vehicle_leaving_carriageway,hit_object_off_carriageway,first_point_of_impact,vehicle_left_hand_drive,journey_purpose_of_driver_historic,journey_purpose_of_driver,sex_of_driver,age_of_driver,age_band_of_driver,engine_capacity_cc,propulsion_code,age_of_vehicle,generic_make_model,driver_imd_decile,lsoa_of_driver,escooter_flag,driver_distance_banding
2024991499294,2024,991499294,1,9,0,-1,1,3,7,-1,0,2,0,4,0,0,2,1,-1,6,3,35,6,-1,-1,-1,-1,-1,-1,0,-1
2024161460553,2024,161460553,2,1,0,-1,19,3,7,-1,0,1,1,0,0,0,1,1,-1,6,1,36,7,-1,-1,-1,-1,4,E01013320,0,1
2024010546859,2024,010546859,2,1,0,18,19,3,7,0,0,1,0,0,0,0,1,1,6,6,2,35,6,-1,-1,-1,-1,5,E01003341,0,1
2024101407957,2024,101407957,2,9,0,-1,19,1,5,-1,0,8,0,0,7,0,4,1,-1,9,1,64,9,-1,-1,-1,-1,4,E01008624,0,1
2024522402430,2024,522402430,2,3,0,18,19,5,1,0,0,6,0,0,0,0,1,1,6,6,3,-1,-1,-1,-1,-1,-1,-1,-1,0,-1
2024430552660,2024,430552660,2,1,0,18,19,1,5,0,0,8,0,0,0,0,4,1,2,2,1,68,10,-1,-1,-1,-1,4,E01016462,0,1
2024471475654,2024,471475654,1,9,0,-1,11,4,7,-1,0,0,1,0,0,0,4,1,-1,9,1,46,8,-1,-1,-1,-1,6,E01031601,0,1
2024991409991,2024,991409991,1,9,0,-1,19,7,3,-1,0,1,0,0,0,0,4,1,-1,6,1,61,9,-1,-1,-1,-1,-1,-1,0,-1
2024461449063,2024,461449063,2,-1,0,-1,5,8,4,-1,0,7,0,0,0,0,3,1,-1,6,1,64,9,-1,-1,-1,-1,-1,-1,0,-1
2024501409919,2024,501409919,2,9,0,-1,19,3,7,-1,0,0,0,0,0,0,1,9,-1,6,2,40,7,-1,-1,-1,-1,-1,-1,0,-1
2024041533200,2024,041533200,2,9,0,-1,11,5,1,-1,0,4,0,0,0,0,2,1,-1,9,1,64,9,-1,-1,-1,-1,6,E01025418,0,1
2024320442144,2024,320442144,1,1,0,-1,-1,2,6,9,9,0,0,0,0,11,1,1,-1,-1,1,44,7,-1,-1,-1,-1,4,E01026253,0,3
2024451474944,2024,451474944,1,9,0,-1,7,5,1,-1,0,0,1,0,0,0,1,1,-1,9,2,20,4,-1,-1,-1,-1,9,E01017841,0,4
2024010498823,2024,010498823,2,1,0,18,19,1,5,0,0,8,0,0,0,0,1,1,6,6,1,24,5,-1,-1,-1,-1,-1,-1,0,-1
2024991483235,2024,991483235,2,9,0,-1,19,7,2,-1,0,0,0,0,0,0,0,1,-1,9,1,39,7,-1,-1,-1,-1,2,-1,0,1
2024201514218,2024,201514218,2,1,0,-1,19,1,1,-1,0,0,0,0,0,0,4,1,-1,6,1,29,6,-1,-1,-1,-1,1,E01010238,0,2
2024010487359,2024,010487359,1,9,0,99,99,9,9,0,0,9,9,99,9,99,2,9,6,6,2,22,5,-1,-1,-1,-1,9,E01031497,0,4
2024332400805,2024,332400805,1,9,0,-1,19,3,7,-1,0,0,1,0,0,0,4,1,-1,2,1,54,8,-1,-1,-1,-1,9,E01025870,0,1
2024131482206,2024,131482206,2,9,0,-1,-1,-1,-1,-1,-1,0,-1,-1,-1,0,-1,1,-1,6,3,-1,-1,-1,-1,-1,-1,-1,-1,0,-1
2024161525120,2024,161525120,2,23,0,-1,5,1,5,-1,0,0,0,0,0,0,1,1,-1,7,2,18,4,-1,-1,-1,-1,1,E01013208,0,1
2024481437407,2024,481437407,1,19,0,-1,6,3,3,-1,0,0,0,0,0,0,0,1,-1,6,1,40,7,-1,-1,-1,-1,-1,-1,0,-1
2024631400560,2024,631400560,1,9,0,-1,19,2,6,-1,0,0,5,0,1,10,1,1,-1,6,1,29,6,-1,-1,-1,-1,8,W01000116,0,3
2024231526585,2024,231526585,1,9,0,-1,19,6,2,-1,0,0,0,0,0,0,1,1,-1,9,2,52,8,-1,-1,-1,-1,5,E01031088,0,3
2024101510679,2024,101510679,2,1,0,-1,19,2,6,-1,0,0,5,0,0,0,2,1,-1,2,2,40,7,-1,-1,-1,-1,4,E01008471,0,2
2024522403341,2024,522403341,2,9,0,9,9,8,6,0,0,5,0,0,0,0,1,1,6,6,1,-1,-1,-1,-1,-1,-1,-1,-1,0,-1
2024161469202,2024,161469202,2,-1,0,-1,7,7,1,-1,0,1,1,0,0,0,-1,9,-1,6,1,32,6,-1,-1,-1,-1,2,E01033104,1,1
2024010529191,2024,010529191,2,1,0,18,19,3,7,0,0,1,0,0,1,0,3,1,6,6,1,58,9,-1,-1,-1,-1,2,E01004255,0,1
2024010494663,2024,010494663,1,9,0,18,19,5,1,0,0,0,1,6,4,11,1,1,6,6,2,67,10,-1,-1,-1,-1,3,E01035679,0,1
2024991399986,2024,991399986,1,9,0,-1,9,1,5,-1,0,1,0,0,0,0,1,1,-1,6,2,26,6,-1,-1,-1,-1,6,-1,0,1
2024430326684,2024,430326684,2,9,0,13,13,4,8,0,0,0,0,0,0,0,4,1,6,6,3,-1,-1,-1,-1,-1,-1,-1,-1,0,-1
2024041529741,2024,041529741,3,11,0,-1,19,1,5,-1,0,6,0,0,0,0,0,9,-1,6,3,-1,-1,-1,-1,-1,-1,-1,-1,0,-1
2024440501058,2024,440501058,2,9,0,17,19,4,8,0,0,8,0,0,0,0,1,1,6,6,1,46,8,-1,-1,-1,-1,9,E01022595,0,1
2024010497427,2024,010497427,4,9,0,14,14,3,7,0,0,8,0,0,0,0,1,1,6,6,3,-1,-1,-1,-1,-1,-1,-1,-1,0,-1
2024631536098,2024,631536098,1,90,0,-1,19,5,1,-1,0,0,0,0,1,11,1,1,-1,9,2,25,5,-1,-1,-1,-1,9,W01001639,0,5
2024361405668,2024,361405668,1,1,0,-1,19,1,2,-1,0,0,0,0,0,0,0,1,-1,2,2,36,7,-1,-1,-1,-1,8,E01026840,0,1
2024122400993,2024,122400993,2,9,0,18,19,3,7,0,0,1,0,0,0,0,1,1,6,6,2,30,6,-1,-1,-1,-1,3,E01001468,0,5
2024991484846,2024,991484846,2,99,0,-1,19,8,4,-1,0,0,0,0,0,0,3,9,-1,6,3,30,6,-1,-1,-1,-1,-1,-1,0,-1
2024461425571,2024,461425571,3,9,0,-1,19,7,3,-1,0,2,0,0,0,0,2,9,-1,6,2,40,7,-1,-1,-1,-1,6,E01024189,0,1
2024430020645,2024,430020645,2,9,0,18,19,3,7,0,0,1,0,0,0,0,1,1,6,6,1,45,7,-1,-1,-1,-1,-1,-1,0,-1
2024201451814,2024,201451814,1,9,0,-1,19,6,2,-1,0,1,0,0,0,0,1,1,-1,6,1,35,6,-1,-1,-1,-1,-1,-1,0,-1
2024010539520,2024,010539520,2,9,0,4,4,7,3,0,0,1,0,0,0,0,2,1,6,6,2,53,8,-1,-1,-1,-1,9,E01001453,0,1
2024302401540,2024,302401540,3,9,0,1,1,2,6,0,0,0,0,0,0,0,0,1,6,6,3,-1,-1,-1,-1,-1,-1,-1,-1,0,-1
2024131520731,2024,131520731,1,9,0,-1,-1,-1,-1,-1,-1,8,-1,-1,-1,0,-1,1,-1,6,3,-1,-1,-1,-1,-1,-1,-1,-1,0,-1
2024010499112,2024,010499112,2,9,0,99,99,9,9,99,99,9,9,99,9,99,1,9,6,6,3,-1,-1,-1,-1,-1,-1,-1,-1,0,-1
2024320226550,2024,320226550,2,9,0,-1,-1,2,6,0,0,1,0,0,0,0,1,1,1,1,1,27,6,-1,-1,-1,-1,3,E01026377,0,1
2024010527100,2024,010527100,2,1,0,18,19,6,2,0,0,1,0,8,0,0,1,1,1,1,1,24,5,-1,-1,-1,-1,2,E01003188,0,1
2024010537216,2024,010537216,2,4,0,99,99,9,9,99,99,9,9,99,9,99,1,1,6,6,3,-1,-1,-1,-1,-1,-1,-1,-1,0,-1
2024546401324,2024,546401324,1,9,0,15,15,7,3,0,0,2,0,0,0,0,0,1,6,6,3,-1,-1,-1,-1,-1,-1,-1,-1,0,-1
2024010499580,2024,010499580,1,-1,9,18,19,2,6,99,99,9,9,99,9,99,9,1,6,6,1,-1,-1,-1,-1,-1,-1,-1,-1,1,-1
202460Q070357,2024,60Q070357,1,9,0,13,13,7,3,0,0,0,5,4,0,0,1,1,6,6,1,20,4,-1,-1,-1,-1,-1,-1,0,-1
2024010541623,2024,010541623,1,1,9,99,99,9,9,99,99,9,9,99,9,99,9,1,6,6,3,-1,-1,-1,-1,-1,-1,-1,-1,0,-1
2024552401229,2024,552401229,2,1,0,9,9,8,6,0,0,5,0,0,0,0,2,1,6,6,1,34,6,-1,-1,-1,-1,3,E01015442,0,1
2024302400158,2024,302400158,3,21,1,2,2,0,0,6,6,0,0,0,0,0,3,1,1,1,1,70,10,-1,-1,-1,-1,4,E01026648,0,5
2024501419961,2024,501419961,2,9,0,-1,10,2,6,-1,0,1,0,0,0,0,2,1,-1,9,2,43,7,-1,-1,-1,-1,9,E01020201,0,1
2024340WN2002,2024,340WN2002,2,9,0,-1,19,1,5,-1,0,1,1,0,1,1,1,1,-1,2,1,24,5,-1,-1,-1,-1,5,E01027133,0,1
2024010523601,2024,010523601,2,9,0,99,99,9,9,99,99,0,9,99,9,99,1,9,6,6,3,-1,-1,-1,-1,-1,-1,-1,-1,0,-1
2024010489963,2024,010489963,1,8,0,3,3,3,7,0,0,1,0,7,1,4,2,1,1,1,1,43,7,-1,-1,-1,-1,2,E01002505,0,3
2024501450950,2024,501450950,1,9,0,-1,19,5,1,-1,0,0,5,0,0,0,1,1,-1,9,1,40,7,-1,-1,-1,-1,3,E01018974,0,3
2024430222097,2024,430222097,1,1,0,18,19,4,8,0,0,8,0,0,0,0,4,1,6,6,2,25,5,-1,-1,-1,-1,5,E01016390,0,1
2024010491807,2024,010491807,1,19,0,18,19,1,5,0,0,3,0,0,0,0,1,1,1,1,1,21,5,-1,-1,-1,-1,2,E01004310,0,2
2024430009957,2024,430009957,1,9,0,18,19,5,1,0,0,1,0,0,0,0,1,1,6,6,2,-1,-1,-1,-1,-1,-1,-1,-1,0,-1
2024221402519,2024,221402519,1,9,0,-1,19,6,1,-1,0,0,1,0,1,10,3,1,-1,6,2,36,7,-1,-1,-1,-1,4,E01014027,0,1
2024991442381,2024,991442381,2,1,0,-1,5,2,6,-1,0,5,0,0,0,0,4,1,-1,6,1,27,6,-1,-1,-1,-1,8,-1,0,1
2024010487232,2024,010487232,1,19,0,18,19,3,7,0,0,1,0,0,0,0,4,1,1,1,1,44,7,-1,-1,-1,-1,3,E01001830,0,1
2024141482641,2024,141482641,1,1,0,-1,19,6,2,-1,0,0,5,0,0,0,4,1,-1,2,1,46,8,-1,-1,-1,-1,8,E01007858,0,1
2024061425444,2024,061425444,1,1,0,-1,19,-1,-1,-1,4,1,5,8,1,0,1,1,-1,9,1,26,6,-1,-1,-1,-1,1,E01034133,0,1
2024421515727,2024,421515727,1,9,0,-1,-1,-1,-1,-1,-1,0,-1,-1,-1,0,-1,9,-1,6,3,-1,-1,-1,-1,-1,-1,-1,-1,0,-1
2024061515662,2024,061515662,2,97,0,-1,19,1,2,-1,0,0,0,0,0,0,4,1,-1,6,1,34,6,-1,-1,-1,-1,1,E01005683,0,1
2024302401587,2024,302401587,2,9,0,18,19,5,1,0,0,0,0,0,0,0,0,1,6,6,3,-1,-1,-1,-1,-1,-1,5,E01019456,0,4
2024991524603,2024,991524603,2,1,0,-1,19,8,5,-1,0,8,0,0,0,0,1,1,-1,9,1,42,7,-1,-1,-1,-1,2,-1,0,1
2024351542803,2024,351542803,1,1,0,-1,19,7,3,-1,9,0,5,0,0,0,1,1,-1,6,1,-1,-1,-1,-1,-1,-1,-1,-1,0,-1
2024622400447,2024,622400447,1,1,0,18,19,2,6,0,0,8,0,0,0,0,1,1,6,6,1,8,2,-1,-1,-1,-1,2,W01001990,0,1
2024451494592,2024,451494592,2,1,0,-1,5,1,5,-1,0,0,0,0,0,0,1,1,-1,6,1,46,8,-1,-1,-1,-1,9,E01030728,0,2
2024311492923,2024,311492923,2,1,0,-1,19,7,2,-1,0,0,0,0,0,0,1,1,-1,6,1,11,3,-1,-1,-1,-1,4,E01027975,0,1
2024461468672,2024,461468672,2,1,0,-1,19,8,4,-1,0,0,0,0,0,0,4,1,-1,6,1,39,7,-1,-1,-1,-1,4,E01016141,0,1
2024201480815,2024,201480815,2,9,0,-1,11,4,2,-1,0,2,0,0,0,0,0,1,-1,6,-1,-1,-1,-1,-1,-1,-1,-1,-1,0,-1
2024010499662,2024,010499662,2,1,0,18,19,3,7,9,9,5,0,0,0,0,2,1,6,6,1,13,3,-1,-1,-1,-1,2,E01003191,0,1
2024201536002,2024,201536002,2,1,0,-1,19,2,6,-1,0,3,0,0,0,0,4,1,-1,9,1,58,9,-1,-1,-1,-1,5,E01031159,0,1
2024010520131,2024,010520131,3,19,0,18,19,1,5,0,0,0,0,0,0,0,1,2,1,1,1,37,7,-1,-1,-1,-1,3,E01003525,0,1
2024201435063,2024,201435063,1,99,0,-1,14,-1,-1,-1,0,8,0,0,0,0,1,9,-1,9,1,16,4,-1,-1,-1,-1,1,E01009445,0,1
2024010517653,2024,010517653,2,9,0,99,99,9,9,99,99,0,9,99,9,99,1,9,6,6,3,-1,-1,-1,-1,-1,-1,-1,-1,0,-1
2024471418172,2024,471418172,2,1,0,-1,19,7,3,-1,0,1,0,0,0,0,3,1,-1,2,1,30,6,-1,-1,-1,-1,6,E01016872,0,4
2024361518181,2024,361518181,1,9,0,-1,19,-1,-1,-1,0,1,0,0,0,0,-1,9,-1,6,2,-1,-1,-1,-1,-1,-1,-1,-1,0,-1
2024061479241,2024,061479241,2,1,0,-1,19,2,6,-1,0,2,0,0,0,0,4,1,-1,6,1,30,6,-1,-1,-1,-1,3,E01005249,0,1
2024430018051,2024,430018051,3,9,0,17,19,1,6,0,0,0,0,0,0,0,3,1,6,6,1,35,6,-1,-1,-1,-1,9,E01028672,0,3
2024070921080,2024,070921080,1,9,0,-1,7,8,2,-1,0,1,-1,-1,0,0,4,1,-1,6,3,30,6,-1,-1,-1,-1,-1,-1,0,-1
2024010492264,2024,010492264,1,9,0,9,9,6,3,0,0,8,0,0,0,0,3,1,6,6,1,26,6,-1,-1,-1,-1,3,E01004060,0,1
2024461442626,2024,461442626,1,9,0,-1,-1,-1,-1,-1,-1,0,-1,-1,-1,0,1,9,-1,6,1,-1,-1,-1,-1,-1,-1,-1,-1,0,-1
2024010517528,2024,010517528,2,90,9,99,99,9,9,99,99,9,9,99,9,99,9,9,6,6,3,-1,-1,-1,-1,-1,-1,-1,-1,0,-1
2024211400058,2024,211400058,2,9,0,-1,19,3,7,-1,0,0,0,0,0,0,1,1,-1,9,3,18,4,-1,-1,-1,-1,-1,-1,0,-1
2024201461388,2024,201461388,1,9,0,-1,1,3,7,-1,9,0,0,0,0,0,2,1,-1,6,3,-1,-1,-1,-1,-1,-1,-1,-1,0,-1
2024010493739,2024,010493739,1,9,0,99,99,9,9,99,99,9,9,99,9,99,2,9,6,6,2,42,7,-1,-1,-1,-1,6,E01000564,0,1
2024041444077,2024,041444077,2,98,0,-1,2,0,0,-1,0,0,0,0,0,0,2,1,-1,6,-1,-1,-1,-1,-1,-1,-1,-1,-1,0,-1
2024991422545,2024,991422545,1,8,0,-1,19,6,5,-1,0,8,0,0,0,0,1,1,-1,1,2,50,8,-1,-1,-1,-1,2,-1,0,1
2024361476164,2024,361476164,1,9,0,-1,4,-1,-1,-1,0,1,0,0,0,0,-1,9,-1,6,1,-1,-1,-1,-1,-1,-1,-1,-1,0,-1
2024010526676,2024,010526676,1,9,0,18,19,6,2,0,0,2,0,0,0,0,3,1,6,6,2,46,8,-1,-1,-1,-1,8,E01002536,0,3
2024332400601,2024,332400601,1,5,0,-1,14,1,5,-1,0,8,0,0,0,0,1,1,-1,8,1,-1,-1,-1,-1,-1,-1,-1,-1,0,-1
2024371517175,2024,371517175,2,9,0,-1,19,1,7,-1,0,0,0,0,0,0,1,1,-1,9,2,37,7,-1,-1,-1,-1,7,E01029902,0,1
2024332400404,2024,332400404,1,1,0,-1,19,7,3,-1,4,8,0,0,0,0,4,1,-1,2,1,20,4,-1,-1,-1,-1,6,E01025723,0,1
202460Q107440,2024,60Q107440,1,20,0,18,19,3,7,0,0,0,0,0,0,0,1,1,1,1,1,26,6,-1,-1,-1,-1,-1,-1,0,-1
2024451413439,2024,451413439,3,9,0,-1,-1,-1,-1,-1,-1,0,-1,-1,-1,0,-1,9,-1,6,3,-1,-1,-1,-1,-1,-1,-1,-1,0,-1
2024471477407,2024,471477407,3,21,0,-1,9,4,1,-1,0,1,0,0,0,0,0,9,-1,6,-1,-1,-1,-1,-1,-1,-1,-1,-1,0,-1
2024520401360,2024,520401360,1,9,0,9,9,4,2,0,0,8,0,0,1,10,1,1,6,6,2,75,10,-1,-1,-1,-1,4,E01029336,0,1
2024401539231,2024,401539231,2,1,0,-1,19,8,4,-1,9,0,0,0,0,0,3,1,-1,6,1,7,2,-1,-1,-1,-1,5,E01017524,0,1
2024201458885,2024,201458885,2,1,0,-1,5,5,1,-1,0,0,0,0,0,0,1,1,-1,6,1,12,3,-1,-1,-1,-1,3,E01010434,0,1
2024101441002,2024,101441002,2,1,0,-1,19,7,3,-1,0,0,5,0,0,0,4,1,-1,9,1,11,3,-1,-1,-1,-1,1,E01008610,0,1
2024610013824,2024,610013824,2,4,0,3,3,0,0,0,0,8,0,0,0,0,1,1,6,6,1,60,9,-1,-1,-1,-1,8,E01022255,0,3
2024131498829,2024,131498829,2,9,0,-1,2,3,7,-1,0,8,0,4,0,0,2,1,-1,6,-1,-1,-1,-1,-1,-1,-1,-1,-1,0,-1
2024430024041,2024,430024041,1,9,0,17,19,6,3,0,0,0,0,0,0,0,1,1,6,6,1,42,7,-1,-1,-1,-1,9,E01030760,0,3
2024010497195,2024,010497195,1,3,0,99,99,9,9,99,99,0,9,99,9,99,1,1,1,1,3,42,7,-1,-1,-1,-1,5,E01000747,0,2
2024451453220,2024,451453220,2,1,0,-1,19,6,6,-1,0,1,0,0,0,0,1,1,-1,9,1,43,7,-1,-1,-1,-1,9,E01004155,0,3
2024010490443,2024,010490443,2,11,0,2,2,0,0,0,0,0,0,0,0,0,1,1,6,6,3,-1,-1,-1,-1,-1,-1,-1,-1,0,-1
2024302401066,2024,302401066,3,9,0,2,2,0,0,0,0,1,0,0,0,0,0,1,6,6,3,-1,-1,-1,-1,-1,-1,-1,-1,0,-1
2024991480489,2024,991480489,2,1,0,-1,19,4,4,-1,0,0,0,0,1,0,3,1,-1,6,1,65,9,-1,-1,-1,-1,7,-1,0,1
2024010494752,2024,010494752,2,9,0,18,19,1,5,0,0,2,0,0,0,0,1,1,6,6,2,56,9,-1,-1,-1,-1,7,E01002349,0,1
2024010558757,2024,010558757,1,1,9,99,99,9,9,99,99,0,9,99,9,99,9,1,2,2,1,33,6,-1,-1,-1,-1,4,E01003249,0,1
2024302400541,2024,302400541,1,9,0,18,19,2,6,0,0,0,0,0,0,0,1,1,6,6,1,59,9,-1,-1,-1,-1,7,E01011889,0,4
2024991511589,2024,991511589,2,1,0,-1,19,6,2,-1,0,0,0,0,0,0,2,1,-1,9,1,45,7,-1,-1,-1,-1,7,-1,0,2
2024430205655,2024,430205655,1,9,0,1,1,2,6,0,0,2,0,0,0,0,2,1,6,6,1,-1,-1,-1,-1,-1,-1,-1,-1,0,-1
2024111502043,2024,111502043,1,90,0,-1,19,4,8,-1,0,0,0,0,0,0,1,1,-1,6,1,75,10,-1,-1,-1,-1,-1,-1,0,-1
2024052402555,2024,052402555,1,9,0,5,5,8,4,0,0,0,0,0,0,0,1,1,6,6,3,-1,-1,-1,-1,-1,-1,-1,-1,0,-1
2024131506633,2024,131506633,2,22,0,-1,19,8,4,-1,0,8,0,0,0,0,1,1,-1,6,2,92,11,-1,-1,-1,-1,5,E01011821,0,1
2024340WN0342,2024,340WN0342,1,9,0,-1,6,5,5,-1,0,2,0,0,0,0,3,1,-1,6,3,-1,-1,-1,-1,-1,-1,-1,-1,0,-1
2024440459718,2024,440459718,2,9,0,18,19,5,7,0,0,6,0,0,0,0,1,1,6,6,2,55,8,-1,-1,-1,-1,8,E01022983,0,1
2024501411333,2024,501411333,1,9,0,-1,19,4,7,-1,0,0,0,0,0,0,3,1,-1,9,1,21,5,-1,-1,-1,-1,2,E01020015,0,1
2024010532653,2024,010532653,1,1,0,18,19,4,8,0,0,8,0,0,0,0,1,1,2,2,2,48,8,-1,-1,-1,-1,2,E01004469,0,1
2024311421572,2024,311421572,203,9,0,-1,19,5,1,-1,9,0,0,0,7,10,1,1,-1,6,1,49,8,-1,-1,-1,-1,9,E01028047,0,1
2024340WN3652,2024,340WN3652,2,1,0,-1,19,5,1,-1,0,0,0,0,0,0,1,1,-1,9,1,24,5,-1,-1,-1,-1,10,E01035410,0,3
2024010492647,2024,010492647,1,3,0,18,19,1,5,0,0,0,0,0,0,0,4,1,1,1,1,28,6,-1,-1,-1,-1,4,E01001090,0,1
2024010490376,2024,010490376,2,9,9,18,19,5,1,0,0,4,9,12,0,0,9,9,6,6,3,-1,-1,-1,-1,-1,-1,-1,-1,0,-1
2024440016343,2024,440016343,1,1,0,18,19,7,3,0,0,1,0,0,0,0,3,1,4,7,1,12,3,-1,-1,-1,-1,9,E01023191,0,1
2024010541996,2024,010541996,2,9,0,9,9,6,4,0,0,5,0,0,0,0,1,1,6,6,1,24,5,-1,-1,-1,-1,8,E01003027,0,1
2024010495233,2024,010495233,1,9,0,99,99,9,9,99,99,9,9,99,9,99,2,9,6,6,1,32,6,-1,-1,-1,-1,2,E01033151,0,1
2024010488790,2024,010488790,2,9,0,99,99,9,9,99,99,9,9,99,9,99,1,9,6,6,2,50,8,-1,-1,-1,-1,5,E01000728,0,1
2024311505782,2024,311505782,1,9,0,-1,15,1,5,-1,0,0,1,0,5,6,1,1,-1,9,1,50,8,-1,-1,-1,-1,3,E01013133,0,4
2024010540099,2024,010540099,2,9,0,4,4,5,1,0,0,2,0,0,0,0,2,1,6,6,1,20,4,-1,-1,-1,-1,3,E01004573,0,3
2024201491479,2024,201491479,2,1,0,-1,19,6,2,-1,0,8,0,0,0,0,1,1,-1,6,1,56,9,-1,-1,-1,-1,1,E01009136,0,1
2024061409669,2024,061409669,2,9,0,-1,2,1,1,-1,0,1,0,0,0,0,2,2,-1,9,1,51,8,-1,-1,-1,-1,5,E01025522,0,3
2024461484840,2024,461484840,2,9,0,-1,19,3,5,-1,0,1,0,0,0,0,3,1,-1,9,2,19,4,-1,-1,-1,-1,5,E01024674,0,1
2024010506841,2024,010506841,2,1,0,18,19,7,3,0,0,0,0,10,1,10,1,1,6,6,2,21,5,-1,-1,-1,-1,8,E01023232,0,4
2024221522327,2024,221522327,2,9,0,-1,19,8,4,-1,0,1,0,0,0,0,1,1,-1,6,3,27,6,-1,-1,-1,-1,-1,-1,0,-1
2024430168104,2024,430168104,1,5,0,18,19,2,6,0,0,8,1,9,3,1,1,1,6,6,1,29,6,-1,-1,-1,-1,5,E01018183,0,4
2024211443352,2024,211443352,1,9,0,-1,9,4,1,-1,0,8,0,0,0,0,4,1,-1,9,1,65,9,-1,-1,-1,-1,-1,-1,0,-1
2024041482444,2024,041482444,1,9,0,-1,19,4,8,-1,0,2,0,0,0,0,1,1,-1,9,1,24,5,-1,-1,-1,-1,3,E01005481,0,4
2024070526964,2024,070526964,2,1,0,18,19,8,4,0,0,1,0,0,0,0,3,1,6,6,1,18,4,-1,-1,-1,-1,10,E01018507,0,1
2024010495659,2024,010495659,1,9,0,3,3,6,2,0,0,0,0,0,0,0,1,1,6,6,1,44,7,-1,-1,-1,-1,2,E01000627,0,1
2024440274643,2024,440274643,2,9,0,18,19,4,8,0,0,1,0,0,0,0,1,1,6,6,2,57,9,-1,-1,-1,-1,3,E01023083,0,3
2024311506087,2024,311506087,2,1,0,-1,19,2,6,-1,0,0,0,4,0,0,1,1,-1,6,1,18,4,-1,-1,-1,-1,-1,-1,0,-1
2024421531029,2024,421531029,1,9,0,-1,19,1,5,-1,0,0,0,0,1,3,1,2,-1,1,2,49,8,-1,-1,-1,-1,10,E01033055,0,3
2024471538772,2024,471538772,2,1,0,-1,9,1,7,-1,0,8,0,0,0,0,3,1,-1,2,2,62,9,-1,-1,-1,-1,4,E01031836,0,1
2024401534031,2024,401534031,2,9,-1,-1,-1,-1,-1,-1,-1,0,-1,-1,-1,0,-1,9,-1,6,3,-1,-1,-1,-1,-1,-1,-1,-1,0,-1
2024461532684,2024,461532684,1,9,0,-1,1,8,3,-1,0,2,0,4,0,0,1,9,-1,6,2,-1,-1,-1,-1,-1,-1,-1,-1,0,-1
2024141512807,2024,141512807,2,1,0,-1,19,4,1,-1,0,1,1,0,0,0,4,1,-1,6,1,39,7,-1,-1,-1,-1,1,E01007874,0,1
2024361397004,2024,361397004,1,1,0,-1,9,7,6,-1,0,5,0,0,0,0,4,1,-1,9,1,16,4,-1,-1,-1,-1,5,E01026739,0,1
2024010535062,2024,010535062,2,1,0,11,11,5,1,0,0,1,0,0,0,0,2,1,6,6,1,27,6,-1,-1,-1,-1,7,E01002687,0,2
2024122500172,2024,122500172,2,1,0,5,5,5,1,0,0,4,0,0,0,0,4,1,6,6,1,48,8,-1,-1,-1,-1,1,E01035191,0,4
2024131522952,2024,131522952,4,9,0,-1,2,0,0,-1,0,8,0,0,0,0,1,1,-1,6,-1,-1,-1,-1,-1,-1,-1,-1,-1,0,-1
2024421485616,2024,421485616,1,9,0,-1,19,5,1,-1,0,0,0,0,0,0,1,1,-1,9,2,48,8,-1,-1,-1,-1,6,E01021413,0,4
2024010490947,2024,010490947,1,3,0,18,19,1,5,0,0,1,0,0,0,0,1,1,6,6,1,29,6,-1,-1,-1,-1,3,E01001154,0,1
2024430177959,2024,430177959,1,1,0,18,19,2,6,9,9,0,0,0,0,0,1,1,2,2,1,31,6,-1,-1,-1,-1,5,E01016460,0,1
2024010549230,2024,010549230,2,1,0,18,19,5,1,0,0,2,0,0,0,0,3,1,6,6,1,36,7,-1,-1,-1,-1,5,E01002118,0,1
2024010496266,2024,010496266,2,9,0,99,99,9,9,99,99,9,9,99,9,99,1,9,6,6,3,-1,-1,-1,-1,-1,-1,-1,-1,0,-1
2024520401425,2024,520401425,1,9,0,17,19,3,7,0,0,0,0,0,1,3,1,1,6,6,2,41,7,-1,-1,-1,-1,2,E01032239,0,5
2024421503710,2024,421503710,1,9,0,-1,19,5,1,-1,9,0,0,0,0,0,1,1,-1,6,3,-1,-1,-1,-1,-1,-1,-1,-1,0,-1
2024010521910,2024,010521910,3,-1,0,18,19,5,1,0,0,6,0,0,0,0,1,1,6,6,1,50,8,-1,-1,-1,-1,2,E01033713,1,1
2024501532447,2024,501532447,2,9,0,-1,3,1,5,-1,0,1,0,0,0,0,-1,9,-1,6,2,33,6,-1,-1,-1,-1,3,E01015060,0,1
2024161484700,2024,161484700,1,9,0,-1,19,2,4,-1,0,0,0,0,0,0,1,1,-1,6,1,30,6,-1,-1,-1,-1,-1,-1,0,-1
2024531466748,2024,531466748,1,9,0,-1,19,4,8,-1,0,0,0,0,0,0,1,9,-1,6,2,-1,-1,-1,-1,-1,-1,-1,-1,0,-1
2024522402538,2024,522402538,2,9,0,18,19,2,6,0,0,0,0,0,0,0,3,1,6,6,2,30,6,-1,-1,-1,-1,7,E01035109,0,4
2024010540479,2024,010540479,2,9,0,18,19,5,1,0,0,8,0,0,0,0,4,1,6,6,1,90,11,-1,-1,-1,-1,5,E01002011,0,1
2024201410758,2024,201410758,2,9,0,-1,3,2,6,-1,0,1,0,0,0,0,2,1,-1,6,1,52,8,-1,-1,-1,-1,1,E01034923,0,1
2024010537709,2024,010537709,2,9,0,13,13,1,5,0,0,1,0,0,0,0,1,1,6,6,1,20,4,-1,-1,-1,-1,7,E01003370,0,2
2024471495665,2024,471495665,2,9,0,-1,10,7,5,-1,0,1,0,0,0,0,1,1,-1,6,2,19,4,-1,-1,-1,-1,6,E01016990,0,2
2024440174039,2024,440174039,1,1,0,18,19,3,7,0,0,1,0,0,0,0,1,1,6,6,1,47,8,-1,-1,-1,-1,1,E01017167,0,1
2024131510421,2024,131510421,1,9,0,-1,19,1,5,-1,0,0,0,0,0,0,1,1,-1,1,1,31,6,-1,-1,-1,-1,5,E01011095,0,3
2024010536113,2024,010536113,2,1,9,99,99,9,9,99,99,9,9,99,9,99,9,1,6,6,3,-1,-1,-1,-1,-1,-1,7,E01004618,0,1