collision_index,collision_year,collision_ref_no,vehicle_reference,vehicle_type,towing_and_articulation,vehicle_manoeuvre_historic,vehicle_manoeuvre,vehicle_direction_from,vehicle_direction_to,vehicle_location_restricted_lane_historic,vehicle_location_restricted_lane,junction_location,skidding_and_overturning,hit_object_in_carriageway,vehicle_leaving_carriageway,hit_object_off_carriageway,first_point_of_impact,vehicle_left_hand_drive,journey_purpose_of_driver_historic,journey_purpose_of_driver,sex_of_driver,age_of_driver,age_band_of_driver,engine_capacity_cc,propulsion_code,age_of_vehicle,generic_make_model,driver_imd_decile,lsoa_of_driver,escooter_flag,driver_distance_banding
2024201505833,2024,201505833,1,98,0,-1,19,1,6,-1,0,0,0,0,0,0,1,9,-1,6,1,30,6,-1,-1,-1,-1,-1,-1,0,-1
2024361467128,2024,361467128,1,9,0,-1,15,6,6,-1,0,0,1,0,1,9,1,1,-1,9,1,59,9,-1,-1,-1,-1,3,E01026736,0,4
2024610000724,2024,610000724,1,9,0,7,7,8,2,0,0,1,0,0,0,0,1,1,6,6,2,81,11,-1,-1,-1,-1,2,W01001538,0,1
2024061409209,2024,061409209,1,9,-1,-1,-1,-1,-1,-1,-1,0,-1,-1,-1,0,-1,9,-1,6,3,-1,-1,-1,-1,-1,-1,-1,-1,0,-1
2024061501510,2024,061501510,1,1,0,-1,19,8,5,-1,0,1,1,0,0,0,1,1,-1,6,1,-1,-1,-1,-1,-1,-1,-1,-1,0,-1
2024010531375,2024,010531375,3,1,9,99,99,9,9,99,99,9,9,99,9,99,0,1,6,6,3,-1,-1,-1,-1,-1,-1,-1,-1,0,-1
2024141445013,2024,141445013,2,1,0,-1,19,8,4,-1,0,8,0,0,0,0,1,1,-1,6,1,40,7,-1,-1,-1,-1,1,E01008103,0,1
2024991533689,2024,991533689,1,9,0,-1,5,8,4,-1,0,0,0,0,0,0,4,2,-1,6,1,77,11,-1,-1,-1,-1,-1,-1,0,-1
2024010491147,2024,010491147,2,9,0,18,19,1,5,0,0,2,0,0,0,0,1,1,6,6,1,18,4,-1,-1,-1,-1,7,E01002981,0,1
2024332400276,2024,332400276,2,9,0,-1,9,1,7,-1,0,5,0,0,0,0,1,1,-1,6,1,-1,-1,-1,-1,-1,-1,-1,-1,0,-1
2024010536016,2024,010536016,1,1,9,18,19,9,9,4,4,9,9,99,9,99,1,1,2,2,1,35,6,-1,-1,-1,-1,5,E01004641,0,1
2024010492927,2024,010492927,1,1,9,99,99,9,9,99,99,6,9,99,9,99,9,1,2,2,2,24,5,-1,-1,-1,-1,5,E01002565,0,1
2024010488379,2024,010488379,1,11,0,5,5,3,7,2,2,8,0,0,0,0,0,1,1,1,1,57,9,-1,-1,-1,-1,8,E01002453,0,1
2024122401232,2024,122401232,2,9,0,5,5,3,7,0,0,0,0,0,0,0,2,1,1,1,1,29,6,-1,-1,-1,-1,9,E01013015,0,4
2024101442841,2024,101442841,1,9,0,-1,19,3,7,-1,-1,0,2,0,8,0,4,1,-1,6,1,46,8,-1,-1,-1,-1,6,E01027511,0,2
2024311458806,2024,311458806,2,-1,0,-1,5,3,7,-1,0,0,0,0,0,0,1,1,-1,6,1,16,4,-1,-1,-1,-1,-1,-1,1,-1
2024010524394,2024,010524394,2,2,0,99,99,9,9,99,99,9,9,99,9,99,1,1,6,6,3,-1,-1,-1,-1,-1,-1,-1,-1,0,-1
2024361510672,2024,361510672,1,9,0,-1,19,1,5,-1,0,8,0,0,0,0,1,1,-1,6,3,-1,-1,-1,-1,-1,-1,-1,-1,0,-1
2024010502981,2024,010502981,1,1,0,14,14,5,1,0,0,1,1,0,0,0,2,1,2,2,1,28,6,-1,-1,-1,-1,5,E01000242,0,2
2024401540892,2024,401540892,2,1,0,-1,19,3,7,-1,4,8,0,0,0,0,3,1,-1,6,1,28,6,-1,-1,-1,-1,2,E01015749,0,1
2024141395521,2024,141395521,2,18,-1,-1,19,7,2,-1,1,0,0,0,0,0,1,9,-1,1,2,49,8,-1,-1,-1,-1,3,E01008148,0,3
2024201436643,2024,201436643,2,1,0,-1,19,1,5,-1,0,8,0,0,0,0,4,1,-1,2,1,21,5,-1,-1,-1,-1,1,E01009099,0,2
2024010487326,2024,010487326,1,3,0,18,19,5,1,0,0,8,0,0,0,0,4,1,1,1,1,22,5,-1,-1,-1,-1,-1,-1,0,-1
2024122401049,2024,122401049,1,9,0,7,7,7,1,0,0,8,0,0,0,0,2,1,6,6,1,32,6,-1,-1,-1,-1,10,E01013337,0,1
2024010512047,2024,010512047,1,1,0,15,15,5,1,0,0,4,0,0,0,0,1,1,6,6,1,57,9,-1,-1,-1,-1,7,E01004173,0,3
2024461556235,2024,461556235,2,9,0,-1,19,1,5,-1,0,0,0,0,0,0,1,9,-1,6,2,29,6,-1,-1,-1,-1,9,E01024123,0,4
2024320208963,2024,320208963,2,1,0,-1,-1,6,2,9,9,0,0,0,0,0,4,1,6,6,2,13,3,-1,-1,-1,-1,2,E01026046,0,1
2024201492412,2024,201492412,1,22,0,-1,19,8,4,-1,9,0,0,0,0,0,1,1,-1,6,3,-1,-1,-1,-1,-1,-1,-1,-1,0,-1
2024010493859,2024,010493859,2,1,0,18,19,7,3,0,0,1,0,0,0,0,1,1,6,6,1,36,7,-1,-1,-1,-1,3,E01002603,0,1
2024211394460,2024,211394460,1,9,0,-1,9,5,2,-1,0,1,0,0,7,0,1,1,-1,6,1,17,4,-1,-1,-1,-1,9,E01014347,0,3
2024061435151,2024,061435151,1,99,-1,-1,-1,-1,-1,-1,-1,0,-1,-1,-1,0,-1,9,-1,6,1,-1,-1,-1,-1,-1,-1,-1,-1,0,-1
2024070424642,2024,070424642,2,19,0,2,2,0,0,0,0,0,0,0,1,0,2,1,6,6,3,-1,-1,-1,-1,-1,-1,-1,-1,0,-1
2024522500316,2024,522500316,1,1,0,9,9,5,3,0,0,5,0,0,0,0,3,1,6,6,1,22,5,-1,-1,-1,-1,1,E01014658,0,2
2024430237915,2024,430237915,1,1,0,18,19,8,4,4,4,8,0,0,0,0,1,1,6,6,1,18,4,-1,-1,-1,-1,8,E01016370,0,2
2024010496541,2024,010496541,1,8,0,99,99,9,9,99,99,9,9,99,9,99,2,1,6,6,3,32,6,-1,-1,-1,-1,8,E01000237,0,1
2024531504640,2024,531504640,3,90,0,-1,19,3,7,-1,0,1,0,0,0,0,1,1,-1,9,1,75,10,-1,-1,-1,-1,6,E01016838,0,4
202417L101524,2024,17L101524,2,9,0,17,19,6,2,0,0,0,0,0,0,0,1,1,6,6,2,65,9,-1,-1,-1,-1,-1,-1,0,-1
2024211403536,2024,211403536,1,9,0,-1,19,5,1,-1,0,0,0,0,0,0,1,1,-1,6,3,30,6,-1,-1,-1,-1,-1,-1,0,-1
2024122401028,2024,122401028,2,3,0,14,14,3,7,0,0,0,0,0,0,0,4,1,2,2,2,21,5,-1,-1,-1,-1,2,E01013444,0,2
2024411453891,2024,411453891,2,19,1,-1,19,7,3,-1,0,0,0,0,0,0,2,1,-1,1,1,50,8,-1,-1,-1,-1,1,E01004449,0,4
2024471454037,2024,471454037,3,9,0,-1,19,5,1,-1,0,1,0,0,0,0,3,1,-1,1,1,54,8,-1,-1,-1,-1,8,E01034820,0,1
2024221537176,2024,221537176,2,1,0,-1,19,5,1,-1,0,0,0,8,0,0,1,1,-1,6,1,35,6,-1,-1,-1,-1,7,E01032327,0,1
2024131522869,2024,131522869,1,9,0,-1,-1,-1,-1,-1,-1,-1,-1,-1,-1,-1,-1,1,-1,6,3,-1,-1,-1,-1,-1,-1,-1,-1,0,-1
2024231402881,2024,231402881,2,9,0,-1,3,7,3,-1,0,0,0,0,0,0,2,9,-1,9,2,45,7,-1,-1,-1,-1,7,E01010163,0,3
2024991416599,2024,991416599,2,1,0,-1,19,2,6,-1,0,0,5,0,0,0,1,1,-1,9,1,53,8,-1,-1,-1,-1,7,-1,0,1
2024010493936,2024,010493936,3,9,0,2,2,0,0,0,0,0,0,0,0,0,3,1,6,6,3,-1,-1,-1,-1,-1,-1,-1,-1,0,-1
2024201406268,2024,201406268,1,-1,0,-1,19,8,4,-1,0,2,0,0,0,0,1,9,-1,7,1,15,3,-1,-1,-1,-1,1,E01009132,1,1
2024010491281,2024,010491281,2,9,0,7,7,1,3,0,0,2,0,0,0,0,3,1,6,6,1,52,8,-1,-1,-1,-1,4,E01000066,0,3
2024010509234,2024,010509234,1,1,9,99,99,9,9,99,99,9,9,99,9,99,9,1,6,6,1,26,6,-1,-1,-1,-1,3,E01003992,0,1
2024141440953,2024,141440953,2,1,0,-1,19,6,2,-1,0,8,0,0,0,0,1,1,-1,2,1,51,8,-1,-1,-1,-1,6,E01011182,0,4
2024610027424,2024,610027424,2,-1,0,18,19,3,7,0,0,8,1,0,0,0,1,1,1,1,1,44,7,-1,-1,-1,-1,1,W01001661,1,1
2024311444288,2024,311444288,1,9,0,-1,-1,-1,-1,-1,0,0,0,0,0,0,-1,1,-1,9,1,18,4,-1,-1,-1,-1,-1,-1,0,-1
2024201516704,2024,201516704,2,1,0,-1,19,6,2,-1,0,0,0,0,0,0,2,1,-1,7,1,12,3,-1,-1,-1,-1,3,E01033892,0,1
2024010489270,2024,010489270,3,9,0,2,2,0,0,0,0,1,0,0,0,0,3,1,6,6,3,-1,-1,-1,-1,-1,-1,-1,-1,0,-1
2024131464660,2024,131464660,1,-1,0,-1,19,1,5,-1,0,8,0,0,0,0,0,1,-1,6,1,44,7,-1,-1,-1,-1,1,E01011422,1,1
2024010537917,2024,010537917,2,1,0,15,15,3,7,0,0,0,0,4,0,0,1,1,6,6,1,59,9,-1,-1,-1,-1,10,E01023733,0,4
2024010507606,2024,010507606,2,1,0,18,19,5,1,0,0,1,0,0,0,0,1,1,6,6,1,56,9,-1,-1,-1,-1,4,E01003014,0,1
2024320040380,2024,320040380,3,9,0,3,3,8,4,0,0,1,0,0,0,0,2,1,6,6,1,64,9,-1,-1,-1,-1,8,E01026035,0,1
2024061504389,2024,061504389,1,9,0,-1,19,3,7,-1,0,0,0,0,0,0,4,9,-1,6,3,-1,-1,-1,-1,-1,-1,-1,-1,0,-1
2024161410664,2024,161410664,1,11,0,-1,5,3,7,-1,0,0,0,0,0,0,0,9,-1,1,1,32,6,-1,-1,-1,-1,1,E01012874,0,1
2024371444867,2024,371444867,1,1,0,-1,19,1,5,-1,0,0,0,0,0,0,1,1,-1,6,1,14,3,-1,-1,-1,-1,2,E01030023,0,1
2024010538706,2024,010538706,1,1,0,18,19,5,1,9,9,8,0,0,0,0,1,1,6,6,2,35,6,-1,-1,-1,-1,-1,-1,0,-1
2024471495416,2024,471495416,1,19,0,-1,9,5,3,-1,0,8,0,0,0,0,1,1,-1,6,1,49,8,-1,-1,-1,-1,2,E01016949,0,1
2024401534025,2024,401534025,2,9,0,-1,7,8,1,-1,0,0,0,0,0,0,4,1,-1,9,2,43,7,-1,-1,-1,-1,10,E01017401,0,1
2024631454627,2024,631454627,1,9,0,-1,19,3,7,-1,0,0,0,0,0,0,3,1,-1,6,3,-1,-1,-1,-1,-1,-1,-1,-1,0,-1
2024461460206,2024,461460206,1,1,0,-1,19,7,7,-1,0,0,0,11,0,0,0,1,-1,9,1,58,9,-1,-1,-1,-1,4,E01024566,0,1
2024161462697,2024,161462697,1,9,0,-1,19,3,1,-1,0,0,0,0,0,0,1,9,-1,6,2,40,7,-1,-1,-1,-1,-1,-1,0,-1
2024010493425,2024,010493425,1,19,0,17,19,7,5,0,0,3,0,0,0,0,1,1,1,1,1,28,6,-1,-1,-1,-1,5,E01004644,0,2
2024421439342,2024,421439342,2,9,0,-1,10,3,7,-1,0,1,0,0,0,0,2,9,-1,9,2,59,9,-1,-1,-1,-1,5,E01021380,0,1
2024131445204,2024,131445204,1,19,0,-1,5,6,2,-1,0,2,0,0,0,0,1,1,-1,9,1,38,7,-1,-1,-1,-1,4,E01027803,0,5
2024332400068,2024,332400068,2,9,0,-1,19,1,5,-1,0,1,0,0,0,0,1,1,-1,9,1,52,8,-1,-1,-1,-1,3,E01034013,0,1
2024010492196,2024,010492196,1,9,0,9,9,1,6,0,0,6,0,0,0,0,2,1,2,2,1,78,11,-1,-1,-1,-1,6,E01031193,0,5
2024371538507,2024,371538507,2,1,-1,-1,-1,-1,-1,-1,-1,0,-1,-1,-1,0,-1,1,-1,6,2,-1,-1,-1,-1,-1,-1,2,E01030032,0,1
202454B289924,2024,54B289924,2,1,0,18,19,1,2,0,0,1,0,0,0,0,0,1,6,6,1,76,11,-1,-1,-1,-1,9,E01031858,0,1
2024010550888,2024,010550888,2,1,0,18,19,2,6,0,0,0,0,0,0,0,2,1,6,6,2,29,6,-1,-1,-1,-1,5,E01001718,0,1
2024070429952,2024,070429952,2,90,0,18,19,5,1,0,0,8,0,0,0,0,1,1,6,6,1,16,4,-1,-1,-1,-1,3,E01018454,0,1
2024991458092,2024,991458092,1,9,0,-1,19,4,8,-1,0,0,0,0,0,0,1,1,-1,9,1,49,8,-1,-1,-1,-1,6,-1,0,1
2024401492796,2024,401492796,4,9,0,-1,2,0,0,-1,0,0,0,0,0,0,0,1,-1,6,-1,-1,-1,-1,-1,-1,-1,-1,-1,0,-1
2024501435434,2024,501435434,3,9,0,-1,9,2,6,-1,0,0,0,0,0,0,2,1,-1,1,1,36,7,-1,-1,-1,-1,4,E01018979,0,3
2024031525501,2024,031525501,1,9,0,-1,19,5,1,-1,0,0,0,0,0,0,4,1,-1,2,1,22,5,-1,-1,-1,-1,-1,-1,0,-1
2024311450568,2024,311450568,1,9,0,-1,19,2,6,-1,0,2,0,0,0,0,1,1,-1,6,3,-1,-1,-1,-1,-1,-1,-1,-1,0,-1
2024010492151,2024,010492151,2,98,0,99,99,9,9,99,99,9,9,99,9,99,9,9,6,6,3,-1,-1,-1,-1,-1,-1,-1,-1,0,-1
2024131451600,2024,131451600,2,9,0,-1,3,5,1,-1,0,4,0,0,0,0,2,1,-1,9,2,27,6,-1,-1,-1,-1,4,E01011876,0,1
2024010551012,2024,010551012,1,11,0,4,4,5,1,0,0,2,0,0,0,0,0,1,1,1,3,23,5,-1,-1,-1,-1,-1,-1,0,-1
2024531472359,2024,531472359,2,1,0,-1,19,7,3,-1,0,8,0,0,0,0,1,1,-1,9,1,53,8,-1,-1,-1,-1,9,E01022306,0,2
2024061434517,2024,061434517,2,1,0,-1,19,5,1,-1,0,8,0,0,0,0,1,1,-1,1,1,20,4,-1,-1,-1,-1,3,E01033680,0,1
2024111412964,2024,111412964,1,9,0,-1,19,4,8,-1,0,0,0,0,0,0,1,1,-1,6,3,30,6,-1,-1,-1,-1,-1,-1,0,-1
2024131427619,2024,131427619,1,9,0,-1,-1,-1,-1,-1,-1,-1,-1,-1,-1,-1,-1,1,-1,6,3,-1,-1,-1,-1,-1,-1,-1,-1,0,-1
2024010491160,2024,010491160,1,9,0,1,1,7,3,9,9,5,0,0,0,0,2,1,6,6,1,38,7,-1,-1,-1,-1,4,E01002620,0,1
2024522401907,2024,522401907,1,1,0,18,19,3,7,0,0,0,0,8,0,0,1,1,6,6,1,43,7,-1,-1,-1,-1,3,E01014572,0,1
2024010549759,2024,010549759,2,1,0,-1,-1,3,7,0,0,8,0,0,0,0,3,1,6,6,1,55,8,-1,-1,-1,-1,2,E01001734,0,2
2024010498527,2024,010498527,2,1,0,9,9,5,3,0,0,8,0,0,0,0,2,1,6,6,2,28,6,-1,-1,-1,-1,3,E01001731,0,1
2024610016324,2024,610016324,2,20,1,18,19,2,6,0,0,0,0,0,0,0,3,1,1,1,1,60,9,-1,-1,-1,-1,6,E01031098,0,5
2024201458646,2024,201458646,1,9,0,-1,5,6,2,-1,0,0,0,0,0,0,1,9,-1,6,3,-1,-1,-1,-1,-1,-1,-1,-1,0,-1
2024010494746,2024,010494746,1,9,0,8,8,1,3,0,0,6,0,0,0,0,4,1,6,6,1,43,7,-1,-1,-1,-1,3,E01004036,0,1
2024061474614,2024,061474614,1,19,0,-1,19,8,2,-1,0,1,0,0,0,0,1,9,-1,6,1,-1,-1,-1,-1,-1,-1,-1,-1,0,-1
2024010537050,2024,010537050,2,1,0,18,19,7,3,0,0,2,0,4,0,0,1,1,2,2,1,24,5,-1,-1,-1,-1,4,E01004686,0,1
2024440318215,2024,440318215,2,9,0,18,19,1,0,0,0,0,0,0,0,11,1,1,6,6,1,44,7,-1,-1,-1,-1,6,E01016388,0,4
2024131446328,2024,131446328,1,9,0,-1,-1,-1,-1,-1,-1,0,-1,-1,-1,-1,-1,1,-1,6,3,-1,-1,-1,-1,-1,-1,-1,-1,0,-1
2024010550879,2024,010550879,1,-1,0,99,99,9,9,99,99,9,9,99,9,99,9,9,6,6,1,16,4,-1,-1,-1,-1,6,E01000193,1,1
2024302400765,2024,302400765,2,19,0,3,3,1,5,0,0,8,0,0,0,0,3,1,2,2,1,32,6,-1,-1,-1,-1,7,E01025952,0,2
2024231532263,2024,231532263,1,9,0,-1,19,4,8,-1,0,0,0,0,7,4,1,1,-1,9,1,52,8,-1,-1,-1,-1,6,E01029371,0,4
2024201511631,2024,201511631,2,1,0,-1,19,6,2,-1,0,1,2,0,0,0,3,1,-1,6,1,64,9,-1,-1,-1,-1,4,E01009187,0,1
2024332400256,2024,332400256,1,9,0,-1,9,5,3,-1,0,6,0,0,0,0,1,1,-1,9,1,62,9,-1,-1,-1,-1,3,E01013682,0,1
2024010494477,2024,010494477,2,19,0,1,1,9,9,99,99,1,9,99,9,99,2,9,6,6,3,-1,-1,-1,-1,-1,-1,-1,-1,0,-1
2024231522211,2024,231522211,2,22,0,-1,19,4,8,-1,9,0,0,0,0,0,2,1,-1,9,2,84,11,-1,-1,-1,-1,1,E01031043,0,1
2024010501702,2024,010501702,2,9,0,18,19,5,1,0,0,0,0,0,0,0,2,9,6,6,3,-1,-1,-1,-1,-1,-1,-1,-1,0,-1
2024461469144,2024,461469144,2,1,0,-1,19,3,7,-1,0,1,0,0,1,0,1,1,-1,6,1,15,3,-1,-1,-1,-1,-1,-1,0,-1
2024010486981,2024,010486981,2,1,0,18,19,3,7,0,0,4,0,0,0,0,3,1,2,2,1,48,8,-1,-1,-1,-1,6,E01001248,0,1
2024552400854,2024,552400854,2,1,0,14,14,4,8,0,0,0,0,0,0,0,1,1,6,6,2,22,5,-1,-1,-1,-1,-1,-1,0,-1
2024543628924,2024,543628924,1,9,0,3,3,2,6,0,0,0,0,0,0,0,1,1,6,6,3,-1,-1,-1,-1,-1,-1,-1,-1,0,-1
2024201413529,2024,201413529,1,9,0,-1,19,4,8,-1,0,6,0,7,4,1,4,9,-1,6,1,52,8,-1,-1,-1,-1,1,E01009769,0,3
2024010539873,2024,010539873,1,1,0,18,19,3,7,0,0,2,5,0,0,0,1,1,6,6,3,34,6,-1,-1,-1,-1,-1,-1,0,-1
2024421488531,2024,421488531,2,9,0,-1,19,1,3,-1,0,0,0,0,0,0,1,1,-1,9,1,27,6,-1,-1,-1,-1,7,E01021660,0,1
2024361484079,2024,361484079,1,9,0,-1,19,3,7,-1,0,1,0,0,7,3,1,1,-1,2,1,25,5,-1,-1,-1,-1,7,E01026281,0,4
2024052402615,2024,052402615,1,1,0,18,19,1,5,0,0,0,0,0,0,0,1,1,6,6,3,-1,-1,-1,-1,-1,-1,-1,-1,0,-1
2024421470853,2024,421470853,2,9,0,-1,9,5,3,-1,0,8,0,0,0,0,3,1,-1,1,1,21,5,-1,-1,-1,-1,6,E01021659,0,3
2024451524553,2024,451524553,2,9,0,-1,19,5,1,-1,0,0,1,0,1,7,2,1,-1,1,1,43,7,-1,-1,-1,-1,5,E01030496,0,1
2024201500492,2024,201500492,2,1,0,-1,9,7,3,-1,0,8,0,0,0,0,4,1,-1,2,1,42,7,-1,-1,-1,-1,3,E01008947,0,1
2024991493180,2024,991493180,2,5,0,-1,19,1,5,-1,0,1,0,0,0,0,1,1,-1,9,1,37,7,-1,-1,-1,-1,4,-1,0,2
2024451422952,2024,451422952,1,90,0,-1,19,5,1,-1,0,1,0,0,0,0,3,1,-1,6,-1,20,4,-1,-1,-1,-1,-1,-1,0,-1
2024031497233,2024,031497233,1,9,0,-1,19,3,7,-1,0,1,0,0,0,0,1,1,-1,9,1,52,8,-1,-1,-1,-1,7,E01019133,0,3
2024430169367,2024,430169367,3,9,0,3,3,7,3,0,0,1,0,0,0,0,2,1,6,6,1,30,6,-1,-1,-1,-1,-1,-1,0,-1
2024552400196,2024,552400196,2,1,0,18,19,1,5,4,4,8,0,0,0,0,4,1,2,2,1,54,8,-1,-1,-1,-1,2,E01015379,0,1
2024201441223,2024,201441223,1,99,0,-1,19,1,5,-1,0,1,0,0,0,0,1,9,-1,6,1,-1,-1,-1,-1,-1,-1,-1,-1,0,-1
2024440341232,2024,440341232,1,9,0,9,9,4,2,0,0,1,0,0,0,0,2,1,6,6,1,-1,-1,-1,-1,-1,-1,-1,-1,0,-1
2024101413244,2024,101413244,2,1,0,-1,19,7,3,-1,4,0,0,0,0,0,1,1,-1,6,1,19,4,-1,-1,-1,-1,2,E01008825,0,1
2024991536080,2024,991536080,2,1,0,-1,10,6,3,-1,0,1,0,0,0,0,2,1,-1,6,1,57,9,-1,-1,-1,-1,2,-1,0,1
2024430365651,2024,430365651,2,98,0,18,19,5,0,0,0,0,0,0,0,0,3,1,6,6,3,-1,-1,-1,-1,-1,-1,-1,-1,0,-1
2024010491158,2024,010491158,1,9,0,99,99,9,9,99,99,9,9,99,9,99,2,9,6,6,1,37,7,-1,-1,-1,-1,3,E01000058,0,1
2024552400986,2024,552400986,2,1,0,18,19,1,5,0,0,8,0,0,0,0,4,1,6,6,2,26,6,-1,-1,-1,-1,4,E01020584,0,2
2024161476464,2024,161476464,2,9,0,-1,19,1,5,-1,0,0,0,0,0,0,2,9,-1,6,1,-1,-1,-1,-1,-1,-1,-1,-1,0,-1
2024991434375,2024,991434375,2,9,0,-1,3,3,7,-1,0,2,0,0,0,0,2,1,-1,9,1,59,9,-1,-1,-1,-1,6,-1,0,2
2024351530589,2024,351530589,1,9,-1,-1,-1,-1,-1,-1,-1,-1,-1,-1,-1,0,-1,9,-1,6,3,-1,-1,-1,-1,-1,-1,-1,-1,0,-1
2024622400107,2024,622400107,2,1,0,9,9,3,8,0,0,6,0,0,0,0,4,1,6,6,2,30,6,-1,-1,-1,-1,1,W01001255,0,2
2024201580971,2024,201580971,1,9,0,-1,19,5,1,-1,0,0,0,0,0,0,1,9,-1,6,2,29,6,-1,-1,-1,-1,1,E01034306,0,2
2024520401939,2024,520401939,2,1,0,18,19,7,3,0,0,0,0,0,0,0,1,1,4,7,1,14,3,-1,-1,-1,-1,4,E01029102,0,1
2024010522467,2024,010522467,2,9,0,99,99,9,9,99,99,9,9,99,9,99,1,9,6,6,3,48,8,-1,-1,-1,-1,3,E01003594,0,1
2024430553587,2024,430553587,1,1,0,18,19,5,1,0,0,1,0,0,0,0,1,1,2,2,1,27,6,-1,-1,-1,-1,2,E01016415,0,1
2024421473779,2024,421473779,1,9,0,-1,19,6,2,-1,0,1,0,0,0,0,1,9,-1,6,1,45,7,-1,-1,-1,-1,-1,-1,0,-1
2024440206402,2024,440206402,1,1,0,18,19,2,6,0,0,1,0,0,0,0,4,1,6,6,1,-1,-1,-1,-1,-1,-1,10,E01022624,0,1
2024041430601,2024,041430601,2,9,0,-1,19,2,7,-1,0,0,0,0,0,0,1,1,-1,6,2,-1,-1,-1,-1,-1,-1,-1,-1,0,-1
2024430075808,2024,430075808,2,1,0,18,19,3,7,5,5,6,0,0,0,0,1,1,2,2,2,38,7,-1,-1,-1,-1,7,E01028639,0,1
2024101450567,2024,101450567,2,1,0,-1,5,5,1,-1,0,6,5,0,0,0,3,1,-1,9,1,12,3,-1,-1,-1,-1,2,E01008480,0,1
2024010573567,2024,010573567,1,3,0,99,99,9,9,99,99,9,9,99,9,99,1,1,2,2,1,45,7,-1,-1,-1,-1,3,E01021836,0,4
2024010549392,2024,010549392,1,1,9,99,99,9,9,99,99,9,9,99,9,99,1,1,6,6,1,56,9,-1,-1,-1,-1,3,E01004315,0,1
2024010490618,2024,010490618,1,9,0,18,19,7,3,0,0,1,0,0,0,0,1,1,6,6,1,24,5,-1,-1,-1,-1,-1,-1,0,-1
2024471513717,2024,471513717,1,1,0,-1,19,1,5,-1,9,2,0,0,0,0,1,1,-1,9,1,13,3,-1,-1,-1,-1,1,E01016868,0,1
2024421525441,2024,421525441,2,1,0,-1,5,4,8,-1,0,1,0,0,0,0,9,1,-1,6,1,12,3,-1,-1,-1,-1,-1,-1,0,-1
2024101530712,2024,101530712,1,9,0,-1,19,8,4,-1,0,0,0,0,0,0,1,1,-1,6,1,-1,-1,-1,-1,-1,-1,-1,-1,0,-1
2024201436378,2024,201436378,1,9,0,-1,19,2,6,-1,0,0,0,0,0,0,1,9,-1,6,3,-1,-1,-1,-1,-1,-1,-1,-1,0,-1
2024501450878,2024,501450878,2,19,0,-1,19,6,2,-1,0,2,0,0,0,0,1,2,-1,6,1,53,8,-1,-1,-1,-1,-1,-1,0,-1
2024201440558,2024,201440558,1,9,0,-1,14,8,4,-1,0,0,0,12,0,0,1,2,-1,9,2,23,5,-1,-1,-1,-1,9,E01029672,0,2
2024010492295,2024,010492295,1,9,0,18,19,1,5,0,0,1,0,0,0,0,0,2,6,6,1,37,7,-1,-1,-1,-1,8,E01002367,0,2
2024010516739,2024,010516739,2,1,0,18,19,3,7,0,0,2,0,0,0,0,1,1,6,6,1,16,4,-1,-1,-1,-1,4,E01004037,0,1
2024332400703,2024,332400703,1,9,0,-1,19,7,3,-1,0,0,0,0,0,0,0,1,-1,6,3,-1,-1,-1,-1,-1,-1,-1,-1,0,-1
2024052402407,2024,052402407,1,9,0,18,19,6,3,0,0,0,0,0,0,0,1,1,6,6,3,-1,-1,-1,-1,-1,-1,-1,-1,0,-1
2024471437628,2024,471437628,2,1,0,-1,19,8,7,-1,0,8,0,0,0,0,1,1,-1,6,1,47,8,-1,-1,-1,-1,4,E01031671,0,1
2024010504268,2024,010504268,2,9,0,99,99,9,9,99,99,9,9,99,9,99,1,9,6,6,3,-1,-1,-1,-1,-1,-1,-1,-1,0,-1
2024131525221,2024,131525221,1,90,0,-1,19,5,1,-1,9,8,5,0,1,0,1,1,-1,6,1,31,6,-1,-1,-1,-1,6,E01011500,0,1
2024031527167,2024,031527167,1,9,0,-1,4,2,6,-1,0,4,0,0,0,0,1,1,-1,9,1,56,9,-1,-1,-1,-1,-1,-1,0,-1
2024161438230,2024,161438230,2,9,0,-1,1,1,5,-1,0,1,0,0,0,0,2,9,-1,6,2,-1,-1,-1,-1,-1,-1,-1,-1,0,-1
2024041458919,2024,041458919,1,9,0,-1,19,5,1,-1,0,0,5,0,0,0,4,1,-1,6,2,58,9,-1,-1,-1,-1,6,E01025123,0,4
2024010531603,2024,010531603,2,9,9,99,99,9,9,99,99,9,9,99,9,99,9,9,6,6,3,-1,-1,-1,-1,-1,-1,-1,-1,0,-1
2024161445598,2024,161445598,3,19,0,-1,7,7,1,-1,0,3,0,0,0,0,2,9,-1,6,3,-1,-1,-1,-1,-1,-1,-1,-1,0,-1
2024451400512,2024,451400512,2,97,0,-1,19,1,5,-1,0,1,0,0,0,0,1,1,-1,6,1,15,3,-1,-1,-1,-1,9,E01034709,0,4
2024520400574,2024,520400574,2,9,9,1,1,9,9,0,0,0,0,0,0,0,2,9,6,6,3,-1,-1,-1,-1,-1,-1,-1,-1,0,-1
2024010505997,2024,010505997,2,1,0,-1,-1,7,3,0,0,0,0,0,0,0,1,1,6,6,1,53,8,-1,-1,-1,-1,7,E01003152,0,3
2024061515688,2024,061515688,1,9,0,-1,19,3,7,-1,0,0,0,0,2,0,1,1,-1,6,2,18,4,-1,-1,-1,-1,10,E01006082,0,1
2024411488911,2024,411488911,2,9,0,-1,-1,-1,-1,-1,-1,0,-1,-1,-1,0,-1,9,-1,6,1,-1,-1,-1,-1,-1,-1,-1,-1,0,-1
2024052402410,2024,052402410,2,1,0,18,19,1,5,0,0,1,0,0,0,0,1,1,6,6,1,55,8,-1,-1,-1,-1,9,E01007264,0,3
2024211512101,2024,211512101,2,9,0,-1,3,7,6,-1,0,0,0,0,0,0,1,1,-1,2,1,62,9,-1,-1,-1,-1,-1,-1,0,-1
2024010541098,2024,010541098,1,1,9,99,99,9,9,99,99,0,9,99,9,99,9,1,1,1,1,32,6,-1,-1,-1,-1,1,E01000521,0,1
2024010515480,2024,010515480,1,11,0,99,99,9,9,99,99,0,9,99,9,99,1,1,6,6,3,-1,-1,-1,-1,-1,-1,-1,-1,0,-1
2024141449745,2024,141449745,2,9,0,-1,19,1,5,-1,0,0,0,0,0,0,1,9,-1,6,1,-1,-1,-1,-1,-1,-1,-1,-1,0,-1
2024052401012,2024,052401012,1,9,0,18,19,3,7,0,0,0,0,0,0,0,1,1,6,6,3,-1,-1,-1,-1,-1,-1,-1,-1,0,-1