collision_index,collision_year,collision_ref_no,vehicle_reference,vehicle_type,towing_and_articulation,vehicle_manoeuvre_historic,vehicle_manoeuvre,vehicle_direction_from,vehicle_direction_to,vehicle_location_restricted_lane_historic,vehicle_location_restricted_lane,junction_location,skidding_and_overturning,hit_object_in_carriageway,vehicle_leaving_carriageway,hit_object_off_carriageway,first_point_of_impact,vehicle_left_hand_drive,journey_purpose_of_driver_historic,journey_purpose_of_driver,sex_of_driver,age_of_driver,age_band_of_driver,engine_capacity_cc,propulsion_code,age_of_vehicle,generic_make_model,driver_imd_decile,lsoa_of_driver,escooter_flag,driver_distance_banding
2024010551358,2024,010551358,1,9,0,99,99,9,9,99,99,9,9,99,9,99,2,9,6,6,2,65,9,-1,-1,-1,-1,4,E01030815,0,3
2024201518655,2024,201518655,2,9,0,-1,3,2,3,-1,0,0,0,0,1,0,1,1,-1,6,1,-1,-1,-1,-1,-1,-1,-1,-1,0,-1
2024010491749,2024,010491749,1,1,9,99,99,9,9,99,99,0,9,8,9,99,1,1,2,2,1,29,6,-1,-1,-1,-1,4,E01000957,0,1
2024010487894,2024,010487894,1,9,0,99,99,9,9,0,0,1,0,0,0,0,1,1,6,6,1,-1,-1,-1,-1,-1,-1,4,E01001174,0,2
2024052401810,2024,052401810,1,21,0,11,11,7,3,0,0,3,0,0,0,0,4,1,1,1,1,32,6,-1,-1,-1,-1,5,E01025412,0,4
2024010550233,2024,010550233,2,-1,0,16,19,3,7,0,0,0,0,0,0,0,1,1,6,6,1,15,3,-1,-1,-1,-1,6,E01003437,1,1
2024010508260,2024,010508260,1,1,9,99,99,9,9,99,99,0,9,8,9,99,1,1,2,2,2,22,5,-1,-1,-1,-1,5,E01033579,0,1
2024061401250,2024,061401250,2,19,0,-1,9,4,2,-1,0,1,0,0,0,0,1,1,-1,6,1,35,6,-1,-1,-1,-1,1,E01004877,0,1
2024311398002,2024,311398002,2,4,0,-1,14,4,1,-1,0,0,5,0,0,0,3,1,-1,6,1,69,10,-1,-1,-1,-1,8,E01028116,0,1
2024101453309,2024,101453309,1,1,0,-1,19,5,1,-1,9,0,0,0,0,0,3,1,-1,9,1,12,3,-1,-1,-1,-1,-1,-1,0,-1
2024430060495,2024,430060495,2,10,0,18,19,3,7,0,0,6,0,0,0,0,4,1,6,6,1,-1,-1,-1,-1,-1,-1,-1,-1,0,-1
2024010494803,2024,010494803,3,9,0,18,19,5,1,0,0,0,0,0,0,0,1,1,6,6,1,50,8,-1,-1,-1,-1,3,E01032581,0,2
2024010506863,2024,010506863,2,1,0,9,9,8,6,0,0,8,0,0,7,0,1,1,2,2,2,30,6,-1,-1,-1,-1,8,E01003138,0,1
2024522500091,2024,522500091,2,9,0,9,9,1,7,0,0,6,0,0,0,0,1,1,6,6,3,-1,-1,-1,-1,-1,-1,-1,-1,0,-1
2024061484275,2024,061484275,2,1,0,-1,9,5,3,-1,0,1,0,0,0,0,3,1,-1,9,1,15,3,-1,-1,-1,-1,1,E01005088,0,1
2024010539592,2024,010539592,2,1,9,99,99,9,9,99,99,9,9,99,9,99,1,1,6,6,3,-1,-1,-1,-1,-1,-1,-1,-1,0,-1
2024010527078,2024,010527078,2,1,0,18,19,5,1,0,0,8,5,0,0,0,1,1,6,6,1,24,5,-1,-1,-1,-1,6,E01035719,0,1
2024430036013,2024,430036013,2,1,0,18,19,1,5,0,0,1,0,0,0,0,3,1,1,1,1,22,5,-1,-1,-1,-1,-1,-1,0,-1
2024332400494,2024,332400494,1,9,0,-1,19,3,7,-1,0,8,0,0,0,0,4,1,-1,2,1,39,7,-1,-1,-1,-1,9,E01026289,0,4
2024052402563,2024,052402563,1,19,0,18,19,3,7,0,0,2,0,0,0,0,1,1,6,6,1,41,7,-1,-1,-1,-1,3,E01007174,0,1
2024010532092,2024,010532092,1,1,9,99,99,9,9,99,99,9,9,99,9,99,2,1,6,6,1,35,6,-1,-1,-1,-1,3,E01000381,0,1
2024010502411,2024,010502411,1,9,0,99,99,9,9,99,99,0,9,99,9,99,1,9,6,6,2,59,9,-1,-1,-1,-1,8,E01003709,0,1
2024471397010,2024,471397010,1,9,0,-1,19,5,1,-1,0,0,5,0,8,11,1,1,-1,2,1,28,6,-1,-1,-1,-1,10,E01035347,0,1
2024471534369,2024,471534369,3,9,0,-1,19,3,7,-1,0,0,0,0,0,0,0,9,-1,6,3,-1,-1,-1,-1,-1,-1,-1,-1,0,-1
2024302400087,2024,302400087,2,9,0,8,8,2,4,0,0,1,0,0,0,0,2,1,6,6,2,53,8,-1,-1,-1,-1,3,E01013502,0,1
2024421459278,2024,421459278,2,1,0,-1,19,2,6,-1,0,0,0,0,1,0,0,1,-1,9,2,-1,-1,-1,-1,-1,-1,-1,-1,0,-1
2024471455403,2024,471455403,1,1,0,-1,19,5,1,-1,9,6,0,0,0,0,1,1,-1,6,1,15,3,-1,-1,-1,-1,1,E01031404,0,1
2024531519621,2024,531519621,2,1,0,-1,19,8,4,-1,0,1,0,0,0,0,1,1,-1,6,1,40,7,-1,-1,-1,-1,9,E01022101,0,1
202417M111124,2024,17M111124,1,1,0,-1,19,5,1,-1,0,8,0,0,0,0,1,1,-1,9,2,19,4,-1,-1,-1,-1,8,E01012009,0,1
2024010542726,2024,010542726,1,1,9,99,99,9,9,99,99,9,9,99,9,99,1,1,6,6,1,22,5,-1,-1,-1,-1,7,E01001866,0,1
2024161431808,2024,161431808,1,1,0,-1,19,3,7,-1,4,0,0,0,0,0,3,1,-1,9,1,76,11,-1,-1,-1,-1,6,E01013007,0,4
2024471535072,2024,471535072,1,9,0,-1,19,6,1,-1,0,0,0,0,0,0,4,9,-1,6,3,-1,-1,-1,-1,-1,-1,-1,-1,0,-1
2024332400692,2024,332400692,1,11,0,-1,5,9,9,-1,0,0,0,0,0,0,4,1,-1,1,1,-1,-1,-1,-1,-1,-1,-1,-1,0,-1
2024041496791,2024,041496791,1,1,0,-1,19,1,5,-1,9,0,0,0,0,0,1,1,-1,7,1,14,3,-1,-1,-1,-1,5,E01025412,0,1
2024010528566,2024,010528566,2,1,0,5,5,7,3,9,9,1,0,0,0,0,3,1,6,6,1,21,5,-1,-1,-1,-1,5,E01000632,0,2
2024101511612,2024,101511612,2,1,0,-1,19,4,8,-1,0,0,0,0,0,0,2,1,-1,9,1,55,8,-1,-1,-1,-1,5,E01027452,0,2
2024451396755,2024,451396755,2,9,0,-1,99,7,3,-1,99,8,0,0,0,0,4,9,-1,6,2,58,9,-1,-1,-1,-1,-1,-1,0,-1
2024161526616,2024,161526616,2,1,0,-1,19,3,7,-1,0,0,0,4,0,0,1,1,-1,6,1,-1,-1,-1,-1,-1,-1,-1,-1,0,-1
2024522500315,2024,522500315,2,-1,0,18,19,9,9,0,0,0,0,0,0,0,1,1,6,6,1,-1,-1,-1,-1,-1,-1,-1,-1,1,-1
2024340NN3242,2024,340NN3242,2,-1,0,-1,19,5,1,-1,0,8,0,0,0,0,1,1,-1,2,1,32,6,-1,-1,-1,-1,7,E01032967,1,1
2024991401658,2024,991401658,2,1,0,-1,14,6,2,-1,0,0,0,0,0,0,1,1,-1,1,1,28,6,-1,-1,-1,-1,2,-1,0,1
2024320502836,2024,320502836,1,9,0,1,1,7,3,0,0,0,0,0,0,0,2,1,6,6,1,-1,-1,-1,-1,-1,-1,-1,-1,0,-1
2024501502086,2024,501502086,2,1,0,-1,19,7,3,-1,0,1,0,0,0,0,1,1,-1,6,1,41,7,-1,-1,-1,-1,1,E01019056,0,1
2024010547869,2024,010547869,2,-1,0,18,19,1,5,4,4,1,0,0,0,0,4,1,6,6,1,35,6,-1,-1,-1,-1,5,E01001041,1,1
2024430405952,2024,430405952,2,4,0,10,10,1,7,0,0,4,0,0,0,0,2,1,6,6,1,38,7,-1,-1,-1,-1,-1,-1,0,-1
2024421517767,2024,421517767,1,1,0,-1,19,2,6,-1,9,0,0,0,0,0,1,1,-1,9,1,29,6,-1,-1,-1,-1,6,E01035156,0,1
2024101421322,2024,101421322,1,9,0,-1,19,1,5,-1,0,0,0,0,0,0,1,9,-1,6,1,57,9,-1,-1,-1,-1,8,E01020597,0,2
2024010528092,2024,010528092,1,9,0,18,19,5,1,0,0,2,0,11,0,0,1,1,6,6,3,-1,-1,-1,-1,-1,-1,-1,-1,0,-1
2024440214709,2024,440214709,2,19,0,13,13,3,7,0,0,8,0,0,0,0,4,1,6,6,1,-1,-1,-1,-1,-1,-1,-1,-1,0,-1
2024320210812,2024,320210812,2,1,0,-1,-1,4,8,0,0,2,0,0,0,0,3,1,6,6,1,27,6,-1,-1,-1,-1,3,E01026177,0,1
2024522402320,2024,522402320,1,1,0,18,19,3,7,0,0,2,0,8,0,0,1,1,6,6,2,44,7,-1,-1,-1,-1,3,E01014569,0,1
2024061514385,2024,061514385,3,9,0,-1,19,3,7,-1,0,0,0,0,0,0,4,1,-1,6,-1,-1,-1,-1,-1,-1,-1,-1,-1,0,-1
2024401485357,2024,401485357,1,9,0,-1,-1,-1,-1,-1,-1,0,-1,-1,-1,0,-1,9,-1,1,1,-1,-1,-1,-1,-1,-1,-1,-1,0,-1
2024010537426,2024,010537426,1,9,0,99,99,9,9,99,99,9,9,99,9,99,2,9,6,6,3,-1,-1,-1,-1,-1,-1,-1,-1,0,-1
2024546391224,2024,546391224,1,9,0,5,5,7,3,0,0,1,0,0,0,0,1,1,6,6,1,47,8,-1,-1,-1,-1,7,E01003254,0,5
2024010539332,2024,010539332,1,9,0,99,99,9,9,99,99,9,9,99,9,99,1,9,6,6,3,-1,-1,-1,-1,-1,-1,-1,-1,0,-1
2024991506229,2024,991506229,1,19,0,-1,9,3,1,-1,0,2,0,0,0,0,1,1,-1,2,1,38,7,-1,-1,-1,-1,8,-1,0,2
2024010493158,2024,010493158,1,1,9,99,99,9,9,99,99,9,9,99,9,99,9,1,6,6,1,51,8,-1,-1,-1,-1,4,E01002862,0,1
2024548997024,2024,548997024,1,-1,0,18,19,5,1,9,9,0,0,0,0,0,1,1,6,6,1,-1,-1,-1,-1,-1,-1,-1,-1,1,-1
2024010489537,2024,010489537,2,3,0,14,14,1,5,0,0,1,0,0,0,0,1,1,6,6,1,21,5,-1,-1,-1,-1,5,E01023529,0,2
2024010500201,2024,010500201,2,1,0,18,19,4,8,0,0,1,0,0,0,0,1,1,6,6,1,41,7,-1,-1,-1,-1,3,E01003302,0,1
2024522402859,2024,522402859,2,-1,0,18,19,8,4,0,0,8,0,0,0,0,1,1,6,6,1,45,7,-1,-1,-1,-1,9,E01014619,1,1
2024302400330,2024,302400330,1,1,0,7,7,2,4,0,0,8,0,0,0,0,1,1,4,7,1,10,2,-1,-1,-1,-1,6,E01019421,0,1
2024010496388,2024,010496388,3,9,0,2,2,0,0,0,0,0,0,0,0,0,0,1,6,6,3,-1,-1,-1,-1,-1,-1,-1,-1,0,-1
2024041536173,2024,041536173,2,1,0,-1,19,8,4,-1,0,1,0,0,0,0,1,1,-1,9,1,20,4,-1,-1,-1,-1,1,E01025006,0,1
2024991512354,2024,991512354,1,9,0,-1,19,3,7,-1,0,0,0,0,0,0,1,1,-1,9,2,39,7,-1,-1,-1,-1,7,-1,0,5
2024501528545,2024,501528545,1,1,0,-1,19,3,7,-1,0,8,0,0,1,0,3,1,-1,2,1,42,7,-1,-1,-1,-1,9,E01033234,0,1
2024430118680,2024,430118680,2,9,0,14,14,6,2,0,0,1,0,0,0,0,1,1,6,6,3,-1,-1,-1,-1,-1,-1,-1,-1,0,-1
2024451509169,2024,451509169,1,1,0,-1,4,3,7,-1,0,0,0,0,0,0,1,1,-1,9,1,52,8,-1,-1,-1,-1,10,E01031689,0,3
2024131410984,2024,131410984,2,1,0,-1,19,5,1,-1,0,8,5,0,0,0,3,1,-1,6,1,16,4,-1,-1,-1,-1,7,E01011878,0,1
2024010509411,2024,010509411,2,8,0,99,99,9,9,99,99,5,9,99,9,99,9,9,6,6,3,-1,-1,-1,-1,-1,-1,-1,-1,0,-1
2024430502056,2024,430502056,1,9,0,18,19,6,2,0,0,0,0,0,0,0,1,1,6,6,2,-1,-1,-1,-1,-1,-1,-1,-1,0,-1
2024010506857,2024,010506857,2,19,0,99,99,9,9,99,99,9,9,99,9,99,9,9,6,6,3,-1,-1,-1,-1,-1,-1,-1,-1,0,-1
2024302400579,2024,302400579,1,9,0,4,4,8,4,0,0,0,0,0,0,0,2,1,6,6,2,57,9,-1,-1,-1,-1,9,E01019632,0,2
2024010533523,2024,010533523,2,9,9,99,99,9,9,99,99,6,9,99,9,99,9,9,6,6,3,-1,-1,-1,-1,-1,-1,-1,-1,0,-1
2024311529554,2024,311529554,1,9,0,-1,9,1,5,-1,0,6,0,0,0,0,4,1,-1,9,2,73,10,-1,-1,-1,-1,-1,-1,0,-1
2024010503228,2024,010503228,1,1,9,99,99,9,9,99,99,9,9,99,9,99,0,1,2,2,1,46,8,-1,-1,-1,-1,4,E01003658,0,2
2024401432183,2024,401432183,1,97,0,-1,19,2,6,-1,0,3,0,0,0,0,2,1,-1,6,1,19,4,-1,-1,-1,-1,5,E01015775,0,2
2024010510683,2024,010510683,2,1,9,99,99,9,9,99,99,9,9,99,9,99,9,1,6,6,1,-1,-1,-1,-1,-1,-1,7,E01004635,0,1
2024101418057,2024,101418057,1,1,0,-1,19,2,6,-1,0,8,0,0,0,0,3,1,-1,2,1,19,4,-1,-1,-1,-1,-1,-1,0,-1
2024122400265,2024,122400265,1,9,0,18,19,1,5,0,0,0,0,0,0,0,0,1,6,6,3,-1,-1,-1,-1,-1,-1,-1,-1,0,-1
2024201508218,2024,201508218,3,1,0,-1,19,6,2,-1,0,0,0,0,0,0,4,1,-1,9,1,24,5,-1,-1,-1,-1,-1,-1,0,-1
2024631486805,2024,631486805,1,11,0,-1,19,3,7,-1,0,1,0,0,0,0,1,1,-1,1,1,62,9,-1,-1,-1,-1,10,E01021929,0,5
2024430140934,2024,430140934,1,9,0,5,5,5,1,0,0,8,0,0,0,0,2,1,6,6,2,27,6,-1,-1,-1,-1,3,E01017857,0,1
2024471471703,2024,471471703,2,1,0,-1,5,7,3,-1,0,0,2,0,0,0,1,1,-1,9,1,12,3,-1,-1,-1,-1,1,E01016947,0,1
2024201475263,2024,201475263,1,1,0,-1,19,4,8,-1,0,0,0,0,0,0,2,1,-1,6,1,27,6,-1,-1,-1,-1,1,E01009396,0,1
2024451423324,2024,451423324,1,1,0,-1,19,1,5,-1,9,0,0,0,0,0,1,1,-1,6,3,-1,-1,-1,-1,-1,-1,-1,-1,0,-1
2024010487958,2024,010487958,2,9,0,1,1,1,5,0,0,6,0,0,1,11,2,2,6,6,1,84,11,-1,-1,-1,-1,7,E01004359,0,1
2024061453105,2024,061453105,1,9,0,-1,-1,-1,-1,-1,-1,0,-1,-1,-1,0,-1,9,-1,6,3,-1,-1,-1,-1,-1,-1,-1,-1,0,-1
2024522402425,2024,522402425,1,1,0,9,9,1,7,0,0,3,0,0,0,0,4,1,6,6,1,53,8,-1,-1,-1,-1,9,E01014556,0,1
2024440497242,2024,440497242,1,9,0,7,7,7,3,0,0,1,0,0,0,0,0,1,6,6,3,-1,-1,-1,-1,-1,-1,-1,-1,0,-1
2024010495395,2024,010495395,1,19,0,7,7,5,7,0,0,8,0,0,0,0,4,1,6,6,1,46,8,-1,-1,-1,-1,4,E01001241,0,1
2024421484796,2024,421484796,2,1,0,-1,19,3,7,-1,0,8,5,0,1,0,4,1,-1,2,1,39,7,-1,-1,-1,-1,1,E01021290,0,1
2024031476194,2024,031476194,1,9,0,-1,9,7,8,-1,0,0,0,0,7,11,1,2,-1,9,1,19,4,-1,-1,-1,-1,8,E01019322,0,2
2024010489298,2024,010489298,1,1,9,99,99,9,9,99,99,9,9,99,9,99,1,1,6,6,1,47,8,-1,-1,-1,-1,8,E01001454,0,1
2024010496724,2024,010496724,2,9,0,2,2,0,0,0,0,0,0,0,0,0,0,1,6,6,3,-1,-1,-1,-1,-1,-1,-1,-1,0,-1
2024122401249,2024,122401249,1,19,0,18,19,2,6,0,0,0,0,0,0,0,4,1,6,6,2,-1,-1,-1,-1,-1,-1,-1,-1,0,-1
2024041496496,2024,041496496,1,-1,0,-1,19,7,3,-1,0,2,0,0,0,0,1,1,-1,9,1,21,5,-1,-1,-1,-1,3,E01012632,1,1
2024010493545,2024,010493545,1,9,0,99,99,9,9,99,99,9,9,99,9,99,9,9,6,6,1,32,6,-1,-1,-1,-1,3,E01001000,0,1
2024332400256,2024,332400256,2,1,0,-1,19,7,3,-1,0,8,0,0,0,0,1,1,-1,2,2,35,6,-1,-1,-1,-1,3,E01013683,0,1
2024320264427,2024,320264427,1,22,0,-1,-1,8,4,0,0,2,0,0,0,0,1,1,6,6,3,-1,-1,-1,-1,-1,-1,-1,-1,0,-1
2024010538959,2024,010538959,1,1,9,18,19,9,9,99,99,0,9,99,9,99,2,1,6,6,2,26,6,-1,-1,-1,-1,6,E01004551,0,1
2024010511913,2024,010511913,2,-1,0,5,5,6,2,4,4,4,0,0,0,0,4,1,2,2,1,36,7,-1,-1,-1,-1,6,E01004178,1,1
2024010521720,2024,010521720,1,1,9,99,99,9,9,99,99,0,9,99,9,99,9,1,6,6,3,-1,-1,-1,-1,-1,-1,-1,-1,0,-1
2024552401044,2024,552401044,1,5,0,18,19,4,8,0,0,0,1,0,2,10,0,1,6,6,1,72,10,-1,-1,-1,-1,7,E01020473,0,3
2024430028947,2024,430028947,2,8,0,12,12,6,2,0,0,0,0,0,0,0,3,1,1,1,2,42,7,-1,-1,-1,-1,6,E01017839,0,1
2024371501437,2024,371501437,1,9,-1,-1,-1,-1,-1,-1,-1,0,-1,-1,-1,0,-1,9,-1,6,3,-1,-1,-1,-1,-1,-1,-1,-1,0,-1
2024131472792,2024,131472792,1,9,0,-1,19,7,3,-1,0,1,0,0,0,0,1,1,-1,6,3,-1,-1,-1,-1,-1,-1,-1,-1,0,-1
202417S112224,2024,17S112224,1,-1,0,-1,19,2,6,-1,0,0,0,0,0,0,4,1,-1,9,1,27,6,-1,-1,-1,-1,2,E01012248,1,1
2024501506659,2024,501506659,1,90,0,-1,9,1,7,-1,0,6,0,0,0,0,4,1,-1,1,1,81,11,-1,-1,-1,-1,4,E01020087,0,1
2024411472326,2024,411472326,1,9,0,-1,3,5,1,-1,0,0,0,0,0,0,2,1,-1,6,1,43,7,-1,-1,-1,-1,6,E01023583,0,1
2024302400050,2024,302400050,2,9,0,5,5,2,4,0,0,1,0,0,0,0,2,1,6,6,1,25,5,-1,-1,-1,-1,8,E01034254,0,2
2024070265041,2024,070265041,1,9,0,5,5,3,7,0,0,8,0,9,1,11,1,1,6,6,1,69,10,-1,-1,-1,-1,10,E01018322,0,1
2024141449134,2024,141449134,1,1,0,-1,19,7,2,-1,0,1,0,0,0,0,1,1,-1,9,1,52,8,-1,-1,-1,-1,8,E01034241,0,1
2024010520386,2024,010520386,1,1,9,99,99,9,9,99,99,9,9,99,9,99,1,1,6,6,3,-1,-1,-1,-1,-1,-1,-1,-1,0,-1
2024061474676,2024,061474676,1,9,0,-1,-1,-1,-1,-1,-1,-1,-1,-1,-1,0,-1,9,-1,6,1,-1,-1,-1,-1,-1,-1,-1,-1,0,-1
2024231397677,2024,231397677,2,1,0,-1,19,6,3,-1,5,6,0,0,0,0,3,1,-1,7,1,11,3,-1,-1,-1,-1,10,E01035037,0,1
2024461442110,2024,461442110,1,9,0,-1,19,7,3,-1,0,1,0,0,0,0,1,9,-1,6,3,-1,-1,-1,-1,-1,-1,-1,-1,0,-1
2024010527990,2024,010527990,1,1,0,14,14,5,1,4,4,2,0,7,0,0,1,1,6,6,2,27,6,-1,-1,-1,-1,3,E01004630,0,2
2024371404050,2024,371404050,2,19,0,-1,9,2,5,-1,0,1,0,0,1,0,4,1,-1,2,1,40,7,-1,-1,-1,-1,6,E01029930,0,1
2024010529979,2024,010529979,2,9,0,99,99,9,9,99,99,9,9,99,9,99,9,9,6,6,3,-1,-1,-1,-1,-1,-1,5,E01017579,0,4
2024041415904,2024,041415904,1,1,0,-1,19,8,4,-1,0,4,0,0,0,0,1,1,-1,7,1,16,4,-1,-1,-1,-1,8,E01034347,0,1
2024010493192,2024,010493192,2,19,0,99,99,9,9,99,99,9,9,99,9,99,4,9,6,6,3,-1,-1,-1,-1,-1,-1,-1,-1,0,-1
2024010511373,2024,010511373,2,98,0,99,99,9,9,99,99,9,9,99,9,99,9,9,6,6,3,-1,-1,-1,-1,-1,-1,-1,-1,0,-1
2024131516335,2024,131516335,2,90,0,-1,-1,-1,-1,-1,-1,-1,-1,-1,-1,-1,-1,1,-1,6,3,-1,-1,-1,-1,-1,-1,-1,-1,0,-1
2024070211278,2024,070211278,1,9,0,18,19,5,1,0,0,4,0,0,0,0,3,1,6,6,1,54,8,-1,-1,-1,-1,-1,-1,0,-1
2024610000624,2024,610000624,1,9,0,9,9,2,1,0,0,6,0,0,0,0,1,1,6,6,1,83,11,-1,-1,-1,-1,5,W01001615,0,1
2024010548797,2024,010548797,1,1,9,99,99,9,9,99,99,9,9,99,9,99,1,1,6,6,3,-1,-1,-1,-1,-1,-1,-1,-1,0,-1
2024131491338,2024,131491338,1,9,0,-1,-1,-1,-1,-1,-1,-1,-1,-1,-1,0,-1,1,-1,6,3,-1,-1,-1,-1,-1,-1,-1,-1,0,-1
2024010496020,2024,010496020,1,3,0,99,99,9,9,99,99,9,9,99,9,99,1,1,1,1,1,20,4,-1,-1,-1,-1,1,E01001730,0,2
2024332401109,2024,332401109,1,9,0,-1,13,5,1,-1,0,0,0,0,0,0,1,1,-1,2,2,25,5,-1,-1,-1,-1,6,E01013668,0,4
202417M115924,2024,17M115924,2,9,0,-1,4,1,4,-1,0,7,0,0,0,0,2,1,-1,1,1,59,9,-1,-1,-1,-1,4,E01008597,0,4
2024010491962,2024,010491962,1,9,0,18,19,3,7,0,0,1,0,0,0,0,4,1,2,2,2,32,6,-1,-1,-1,-1,7,E01004717,0,1
2024991459157,2024,991459157,1,17,0,-1,7,5,8,-1,0,1,0,0,0,0,1,1,-1,6,1,-1,-1,-1,-1,-1,-1,-1,-1,0,-1
2024622400082,2024,622400082,2,9,0,3,3,4,8,0,0,0,0,0,0,0,2,1,6,6,1,33,6,-1,-1,-1,-1,5,W01001088,0,3
202417H102824,2024,17H102824,2,9,0,-1,5,6,2,-1,0,0,0,0,0,0,1,1,-1,9,1,37,7,-1,-1,-1,-1,1,E01011980,0,1
2024471488578,2024,471488578,2,9,0,-1,9,-1,-1,-1,0,1,-1,-1,-1,0,-1,9,-1,6,3,-1,-1,-1,-1,-1,-1,-1,-1,0,-1
2024010537883,2024,010537883,1,1,9,99,99,9,9,99,99,9,9,99,9,99,9,1,2,2,1,29,6,-1,-1,-1,-1,6,E01004621,0,2
2024320499023,2024,320499023,1,8,0,-1,-1,7,3,0,0,1,0,0,0,0,2,1,1,1,1,-1,-1,-1,-1,-1,-1,-1,-1,0,-1
2024010529994,2024,010529994,2,9,0,18,19,9,9,99,99,9,9,99,9,99,1,9,6,6,3,-1,-1,-1,-1,-1,-1,-1,-1,0,-1
2024010495077,2024,010495077,2,9,0,18,19,7,3,0,0,6,0,0,0,0,1,1,1,1,2,27,6,-1,-1,-1,-1,5,E01004661,0,1
2024010542809,2024,010542809,2,1,9,99,99,9,9,99,99,9,9,99,9,99,9,1,6,6,3,-1,-1,-1,-1,-1,-1,-1,-1,0,-1
2024010489198,2024,010489198,1,3,0,99,99,9,9,99,99,0,9,99,9,99,1,1,2,2,1,30,6,-1,-1,-1,-1,2,E01003961,0,2
2024991400936,2024,991400936,2,1,0,-1,19,3,8,-1,0,8,0,0,0,0,4,1,-1,6,1,40,7,-1,-1,-1,-1,-1,-1,0,-1
2024991536405,2024,991536405,1,9,0,-1,19,6,3,-1,0,0,0,0,1,0,1,1,-1,6,1,68,10,-1,-1,-1,-1,7,-1,0,2
2024201433419,2024,201433419,2,9,0,-1,19,1,5,-1,0,8,1,10,0,0,1,9,-1,6,1,37,7,-1,-1,-1,-1,-1,-1,0,-1
2024501533790,2024,501533790,2,9,0,-1,1,2,6,-1,0,0,0,0,0,0,4,1,-1,2,1,44,7,-1,-1,-1,-1,8,E01015036,0,1
2024010489920,2024,010489920,1,9,0,99,99,9,9,99,99,9,9,99,9,99,2,9,6,6,2,64,9,-1,-1,-1,-1,4,E01003043,0,1
2024010492308,2024,010492308,3,9,0,18,19,3,7,0,0,0,0,1,0,0,1,1,6,6,1,24,5,-1,-1,-1,-1,5,E01002140,0,3
2024161501913,2024,161501913,1,9,0,-1,9,5,1,-1,0,5,0,0,0,0,3,9,-1,9,1,33,6,-1,-1,-1,-1,4,E01012767,0,2
2024520401228,2024,520401228,1,9,0,18,19,5,1,0,0,0,0,0,1,7,1,1,6,6,1,37,7,-1,-1,-1,-1,-1,-1,0,-1
2024501494456,2024,501494456,1,19,0,-1,19,6,2,-1,0,1,0,0,0,0,1,1,-1,9,1,60,9,-1,-1,-1,-1,5,E01018903,0,3
2024320621688,2024,320621688,1,9,0,-1,-1,7,3,0,0,6,0,0,3,3,1,1,6,6,1,39,7,-1,-1,-1,-1,1,E01015607,0,4
2024131428869,2024,131428869,2,8,0,-1,19,1,5,-1,0,2,0,10,1,10,4,1,-1,1,1,54,8,-1,-1,-1,-1,1,E01011082,0,1
2024122500037,2024,122500037,2,1,0,18,19,1,5,0,0,8,0,0,0,0,4,1,2,2,2,28,6,-1,-1,-1,-1,6,E01013383,0,1
2024520403245,2024,520403245,2,9,0,17,19,8,4,0,0,0,1,0,2,99,1,1,6,6,3,-1,-1,-1,-1,-1,-1,-1,-1,0,-1
2024010502675,2024,010502675,2,1,9,99,99,9,9,99,99,9,9,99,9,99,9,1,6,6,1,-1,-1,-1,-1,-1,-1,-1,-1,0,-1
2024411440634,2024,411440634,2,1,0,-1,19,2,4,-1,0,1,0,0,0,0,1,1,-1,6,1,46,8,-1,-1,-1,-1,10,E01023483,0,1
2024041398638,2024,041398638,1,9,0,-1,7,5,1,-1,0,1,0,0,0,0,1,1,-1,6,3,-1,-1,-1,-1,-1,-1,-1,-1,0,-1
2024010528618,2024,010528618,1,3,9,99,99,9,9,0,0,8,9,99,9,99,9,1,6,6,3,-1,-1,-1,-1,-1,-1,-1,-1,0,-1
2024010526281,2024,010526281,2,9,0,4,4,7,3,0,0,0,0,0,0,0,2,1,6,6,1,72,10,-1,-1,-1,-1,7,E01003651,0,1
2024010497204,2024,010497204,1,8,0,99,99,9,9,99,99,9,9,99,9,99,9,9,6,6,3,-1,-1,-1,-1,-1,-1,-1,-1,0,-1
2024991513620,2024,991513620,1,23,0,-1,5,8,4,-1,9,0,1,0,0,0,1,1,-1,9,1,17,4,-1,-1,-1,-1,3,-1,0,1
2024041483694,2024,041483694,2,9,4,-1,2,1,5,-1,0,0,0,0,0,0,2,1,-1,9,1,44,7,-1,-1,-1,-1,4,E01005491,0,3
2024052402133,2024,052402133,2,9,0,3,3,7,3,0,0,0,0,0,0,0,2,1,6,6,2,33,6,-1,-1,-1,-1,4,E01006454,0,2
2024010504655,2024,010504655,1,9,0,18,19,7,3,0,0,1,0,0,0,0,1,1,6,6,1,-1,-1,-1,-1,-1,-1,-1,-1,0,-1
2024010489122,2024,010489122,1,1,9,99,99,9,9,99,99,9,9,99,9,99,9,1,3,7,2,35,6,-1,-1,-1,-1,4,E01002973,0,1
2024411440295,2024,411440295,1,1,0,-1,14,6,2,-1,0,0,0,4,0,0,1,1,-1,1,1,25,5,-1,-1,-1,-1,6,E01023651,0,1
2024010487791,2024,010487791,2,9,0,99,99,9,9,99,99,9,9,99,9,99,2,9,6,6,3,-1,-1,-1,-1,-1,-1,-1,-1,0,-1
2024201434516,2024,201434516,1,8,0,-1,5,5,1,-1,0,4,0,0,0,0,1,1,-1,1,1,29,6,-1,-1,-1,-1,1,E01009152,0,2
2024201453860,2024,201453860,1,9,0,-1,19,3,8,-1,0,0,0,0,0,0,3,1,-1,6,3,-1,-1,-1,-1,-1,-1,-1,-1,0,-1
2024061490854,2024,061490854,1,8,-1,-1,-1,-1,-1,-1,-1,0,-1,-1,-1,0,-1,9,-1,6,3,-1,-1,-1,-1,-1,-1,-1,-1,0,-1
2024430009006,2024,430009006,2,9,0,18,19,8,4,0,0,0,0,0,0,0,4,1,6,6,3,-1,-1,-1,-1,-1,-1,-1,-1,0,-1
2024361482669,2024,361482669,1,9,0,-1,19,1,3,-1,0,8,0,0,0,0,3,1,-1,6,-1,50,8,-1,-1,-1,-1,-1,-1,0,-1
2024421394461,2024,421394461,1,9,0,-1,19,8,7,-1,0,0,1,0,0,0,1,1,-1,9,2,50,8,-1,-1,-1,-1,5,E01022009,0,3