collision_index,collision_year,collision_ref_no,vehicle_reference,vehicle_type,towing_and_articulation,vehicle_manoeuvre_historic,vehicle_manoeuvre,vehicle_direction_from,vehicle_direction_to,vehicle_location_restricted_lane_historic,vehicle_location_restricted_lane,junction_location,skidding_and_overturning,hit_object_in_carriageway,vehicle_leaving_carriageway,hit_object_off_carriageway,first_point_of_impact,vehicle_left_hand_drive,journey_purpose_of_driver_historic,journey_purpose_of_driver,sex_of_driver,age_of_driver,age_band_of_driver,engine_capacity_cc,propulsion_code,age_of_vehicle,generic_make_model,driver_imd_decile,lsoa_of_driver,escooter_flag,driver_distance_banding
2024010490629,2024,010490629,1,1,0,7,7,5,6,0,0,8,0,0,0,0,1,1,6,6,1,24,5,-1,-1,-1,-1,-1,-1,0,-1
2024401488953,2024,401488953,2,1,0,-1,3,1,5,-1,0,0,0,0,0,0,3,1,-1,6,1,17,4,-1,-1,-1,-1,5,E01015723,0,2
2024430101398,2024,430101398,2,9,0,18,19,4,8,0,0,1,0,0,0,0,1,1,6,6,1,-1,-1,-1,-1,-1,-1,-1,-1,0,-1
2024010493210,2024,010493210,1,1,9,99,99,9,9,99,99,9,9,99,9,99,9,1,6,6,2,44,7,-1,-1,-1,-1,6,E01000174,0,1
2024010502512,2024,010502512,2,9,0,99,99,9,9,99,99,4,9,99,9,99,9,9,6,6,3,-1,-1,-1,-1,-1,-1,-1,-1,0,-1
2024211494836,2024,211494836,2,1,0,-1,19,3,7,-1,0,0,0,0,0,0,1,1,-1,6,1,14,3,-1,-1,-1,-1,2,E01029560,0,1
2024471438403,2024,471438403,3,1,0,-1,19,3,7,-1,0,0,0,0,0,0,0,1,-1,1,2,59,9,-1,-1,-1,-1,9,E01031727,0,3
2024311416779,2024,311416779,2,97,0,-1,19,5,1,-1,0,1,0,0,0,0,2,1,-1,9,3,-1,-1,-1,-1,-1,-1,-1,-1,0,-1
2024010526064,2024,010526064,1,9,0,3,3,5,1,0,0,1,0,0,0,0,2,1,6,6,1,24,5,-1,-1,-1,-1,5,E01001150,0,3
2024401451294,2024,401451294,1,98,0,-1,19,7,3,-1,0,8,0,0,0,0,1,1,-1,6,-1,-1,-1,-1,-1,-1,-1,-1,-1,0,-1
2024010518950,2024,010518950,2,9,0,99,99,9,9,99,99,9,9,99,9,99,1,9,6,6,3,-1,-1,-1,-1,-1,-1,-1,-1,0,-1
2024070598655,2024,070598655,1,9,0,9,9,7,4,0,0,6,0,0,0,0,1,1,6,6,1,-1,-1,-1,-1,-1,-1,7,E01018360,0,1
2024471403272,2024,471403272,2,9,0,-1,19,6,2,-1,0,0,0,0,0,0,1,1,-1,6,2,-1,-1,-1,-1,-1,-1,10,E01031615,0,1
2024010521592,2024,010521592,1,1,0,18,19,5,1,0,0,2,0,11,0,0,2,1,6,6,1,24,5,-1,-1,-1,-1,-1,-1,0,-1
2024451402121,2024,451402121,1,20,0,-1,1,5,5,-1,0,0,0,0,0,0,0,1,-1,6,3,30,6,-1,-1,-1,-1,-1,-1,0,-1
2024010489669,2024,010489669,1,9,0,99,99,9,9,99,99,9,9,99,9,99,9,9,6,6,3,-1,-1,-1,-1,-1,-1,-1,-1,0,-1
202454F171924,2024,54F171924,1,9,0,18,19,5,1,0,0,0,0,0,0,0,1,1,6,6,3,-1,-1,-1,-1,-1,-1,-1,-1,0,-1
2024411491021,2024,411491021,2,9,0,-1,4,4,8,-1,0,0,0,0,0,0,3,2,-1,9,1,76,11,-1,-1,-1,-1,-1,-1,0,-1
2024010521759,2024,010521759,1,1,0,18,19,2,6,0,0,1,0,0,0,0,1,1,6,6,1,25,5,-1,-1,-1,-1,4,E01004392,0,1
2024010487623,2024,010487623,1,9,0,18,19,3,7,9,9,0,0,11,0,0,1,1,6,6,1,51,8,-1,-1,-1,-1,3,E01002046,0,1
2024451404486,2024,451404486,2,9,0,-1,4,3,7,-1,0,0,0,0,0,0,0,1,-1,2,1,29,6,-1,-1,-1,-1,3,E01002527,0,2
2024161496911,2024,161496911,1,9,0,-1,19,5,6,-1,0,1,0,0,1,1,1,1,-1,9,2,43,7,-1,-1,-1,-1,7,E01013264,0,1
2024010496989,2024,010496989,1,19,0,3,3,1,5,0,0,1,0,0,0,0,2,1,1,1,1,24,5,-1,-1,-1,-1,5,E01002183,0,3
2024311528075,2024,311528075,2,1,-1,-1,19,2,2,-1,0,0,0,0,0,0,1,1,-1,2,1,39,7,-1,-1,-1,-1,10,E01028149,0,1
2024622400399,2024,622400399,2,1,0,18,19,2,6,0,0,2,0,0,0,0,1,1,6,6,1,30,6,-1,-1,-1,-1,3,W01000746,0,1
2024041506574,2024,041506574,1,98,0,-1,19,-1,-1,-1,0,1,0,0,0,0,-1,9,-1,6,3,-1,-1,-1,-1,-1,-1,-1,-1,0,-1
2024461499982,2024,461499982,1,1,0,-1,15,3,7,-1,0,0,0,0,0,0,1,1,-1,6,1,38,7,-1,-1,-1,-1,-1,-1,0,-1
2024451413786,2024,451413786,1,97,0,-1,19,1,2,-1,0,0,0,0,0,0,1,1,-1,6,3,-1,-1,-1,-1,-1,-1,-1,-1,0,-1
2024430335597,2024,430335597,1,9,0,18,19,1,5,0,0,0,0,7,0,0,3,1,6,6,1,35,6,-1,-1,-1,-1,-1,-1,0,-1
2024221522266,2024,221522266,2,19,0,-1,9,4,1,-1,0,6,0,0,0,0,1,1,-1,1,1,53,8,-1,-1,-1,-1,9,W01000969,0,4
2024010511202,2024,010511202,3,1,0,18,19,1,5,0,0,6,0,0,0,0,4,1,6,6,1,14,3,-1,-1,-1,-1,2,E01002094,0,1
2024340WN1692,2024,340WN1692,1,9,0,-1,9,5,3,-1,0,5,0,0,0,0,4,1,-1,1,2,45,7,-1,-1,-1,-1,-1,-1,0,-1
2024501499194,2024,501499194,1,1,0,-1,19,7,3,-1,0,1,0,0,0,0,9,1,-1,6,3,-1,-1,-1,-1,-1,-1,-1,-1,0,-1
2024010534952,2024,010534952,2,1,0,18,19,1,5,0,0,1,0,0,0,0,0,1,6,6,2,42,7,-1,-1,-1,-1,3,E01034143,0,2
2024010547925,2024,010547925,2,9,0,99,99,9,9,99,99,9,9,99,9,99,9,9,6,6,3,-1,-1,-1,-1,-1,-1,-1,-1,0,-1
2024522500168,2024,522500168,1,9,0,17,19,6,4,0,0,8,0,0,0,0,4,1,6,6,3,-1,-1,-1,-1,-1,-1,-1,-1,0,-1
2024041512475,2024,041512475,1,9,4,-1,9,3,1,-1,0,0,0,0,7,0,4,9,-1,2,1,59,9,-1,-1,-1,-1,8,E01025561,0,2
2024010497370,2024,010497370,2,9,0,99,99,9,9,99,99,9,9,99,9,99,1,9,6,6,3,-1,-1,-1,-1,-1,-1,-1,-1,0,-1
2024211470597,2024,211470597,3,9,0,-1,19,2,6,-1,0,0,0,0,0,0,1,1,-1,9,1,86,11,-1,-1,-1,-1,3,E01029549,0,3
2024131486908,2024,131486908,2,1,0,-1,19,4,8,-1,0,1,0,0,0,0,1,1,-1,9,1,33,6,-1,-1,-1,-1,10,E01013371,0,4
2024010517303,2024,010517303,2,1,9,99,99,9,9,99,99,9,9,99,9,99,9,1,2,2,1,53,8,-1,-1,-1,-1,10,E01023853,0,3
2024141415912,2024,141415912,2,9,0,-1,19,8,4,-1,0,0,0,0,0,0,1,1,-1,9,1,62,9,-1,-1,-1,-1,2,E01007343,0,1
2024320294073,2024,320294073,2,9,0,4,4,8,3,0,0,0,0,0,0,0,1,1,-1,-1,2,42,7,-1,-1,-1,-1,8,E01026394,0,2
2024161459315,2024,161459315,1,97,0,-1,4,4,8,-1,0,0,0,12,0,0,1,1,-1,6,1,65,9,-1,-1,-1,-1,-1,-1,0,-1
2024440060756,2024,440060756,1,9,0,6,6,2,2,0,0,0,0,0,0,0,3,1,6,6,2,62,9,-1,-1,-1,-1,10,E01022697,0,2
2024041419512,2024,041419512,1,9,0,-1,19,7,3,-1,1,0,0,0,0,0,1,1,-1,9,2,81,11,-1,-1,-1,-1,10,E01019348,0,3
2024311489291,2024,311489291,2,1,0,-1,19,1,5,-1,0,8,0,0,0,0,4,1,-1,9,1,49,8,-1,-1,-1,-1,1,E01013921,0,1
2024471535420,2024,471535420,2,90,0,-1,19,3,7,-1,1,0,0,0,0,0,2,1,-1,2,2,25,5,-1,-1,-1,-1,5,E01031835,0,1
2024010486920,2024,010486920,2,1,0,18,19,1,5,0,0,8,0,0,0,0,3,1,2,2,1,59,9,-1,-1,-1,-1,2,E01000626,0,1
202417S114824,2024,17S114824,1,9,0,-1,19,3,8,-1,0,0,0,0,0,0,1,1,-1,6,1,-1,-1,-1,-1,-1,-1,-1,-1,0,-1
2024010497866,2024,010497866,1,9,9,10,10,5,2,99,99,9,0,99,0,0,1,9,6,6,3,-1,-1,-1,-1,-1,-1,-1,-1,0,-1
2024991478795,2024,991478795,1,8,0,-1,19,3,7,-1,0,0,0,0,0,0,1,1,-1,1,1,59,9,-1,-1,-1,-1,9,-1,0,3
2024010497181,2024,010497181,1,11,0,5,5,7,3,0,0,0,0,0,0,0,0,1,6,6,1,39,7,-1,-1,-1,-1,3,E01002105,0,1
2024131498529,2024,131498529,1,1,0,-1,19,3,7,-1,9,0,1,0,0,0,1,1,-1,1,1,18,4,-1,-1,-1,-1,3,E01010602,0,1
2024311512797,2024,311512797,2,1,0,-1,19,8,4,-1,0,6,0,0,0,0,3,1,-1,6,1,14,3,-1,-1,-1,-1,1,E01013825,0,1
2024010488349,2024,010488349,2,9,0,99,99,9,9,99,99,9,9,99,9,99,1,9,6,6,3,-1,-1,-1,-1,-1,-1,-1,-1,0,-1
2024010494887,2024,010494887,1,1,0,15,15,1,5,0,0,1,0,0,0,0,1,1,6,6,3,-1,-1,-1,-1,-1,-1,-1,-1,0,-1
2024421444346,2024,421444346,1,1,0,-1,19,5,1,-1,0,0,5,0,0,0,3,1,-1,9,1,15,3,-1,-1,-1,-1,1,E01015842,0,1
2024311452529,2024,311452529,1,9,0,-1,19,1,5,-1,0,0,0,0,0,0,4,1,-1,6,1,63,9,-1,-1,-1,-1,-1,-1,0,-1
2024161425145,2024,161425145,2,1,0,-1,19,1,5,-1,0,0,0,0,0,0,1,1,-1,6,1,15,3,-1,-1,-1,-1,1,E01012952,0,1
2024461508650,2024,461508650,1,21,4,-1,19,6,2,-1,0,0,0,0,0,0,3,2,-1,1,1,44,7,-1,-1,-1,-1,-1,-1,0,-1
2024010551382,2024,010551382,2,1,0,18,19,5,1,0,0,1,0,0,1,0,4,1,6,6,2,22,5,-1,-1,-1,-1,7,E01003699,0,4
2024010494238,2024,010494238,1,2,0,18,19,5,1,0,0,1,0,0,0,0,3,1,1,1,1,21,5,-1,-1,-1,-1,2,E01002829,0,1
2024361494171,2024,361494171,3,9,0,-1,19,2,6,-1,0,0,0,0,0,0,1,1,-1,6,1,43,7,-1,-1,-1,-1,7,E01026778,0,4
2024010532060,2024,010532060,2,2,0,18,19,5,1,0,0,0,0,0,0,0,2,1,6,6,3,-1,-1,-1,-1,-1,-1,-1,-1,0,-1
2024471479285,2024,471479285,1,9,0,-1,19,3,7,-1,0,8,0,0,0,0,1,9,-1,6,3,-1,-1,-1,-1,-1,-1,-1,-1,0,-1
2024041529741,2024,041529741,1,9,0,-1,19,1,5,-1,0,6,0,0,0,0,1,1,-1,2,1,22,5,-1,-1,-1,-1,7,E01025162,0,1
2024061421905,2024,061421905,2,1,0,-1,19,2,6,-1,0,1,0,0,0,0,1,1,-1,6,1,57,9,-1,-1,-1,-1,5,E01005561,0,3
2024010509341,2024,010509341,2,9,9,18,19,6,2,99,99,5,9,99,1,99,1,9,6,6,3,-1,-1,-1,-1,-1,-1,-1,-1,0,-1
2024010491637,2024,010491637,2,1,0,14,14,7,3,0,0,1,0,0,0,0,4,1,6,6,1,43,7,-1,-1,-1,-1,10,E01003805,0,1
2024440087479,2024,440087479,1,1,0,18,19,2,6,0,0,1,0,0,0,0,4,1,6,6,1,12,3,-1,-1,-1,-1,-1,-1,0,-1
2024622500017,2024,622500017,2,1,0,18,19,4,8,0,0,1,0,0,0,0,1,1,1,1,1,30,6,-1,-1,-1,-1,2,W01001788,0,1
2024122500028,2024,122500028,1,9,0,18,19,8,4,0,0,0,0,0,0,0,4,1,6,6,1,82,11,-1,-1,-1,-1,9,E01027567,0,4
2024440267434,2024,440267434,2,1,0,18,19,7,3,0,0,8,0,0,0,0,4,1,6,6,1,69,10,-1,-1,-1,-1,9,E01022882,0,3
2024440210661,2024,440210661,2,1,0,18,19,1,5,0,0,8,0,0,0,0,4,1,2,2,1,43,7,-1,-1,-1,-1,2,E01034061,0,1
2024522401204,2024,522401204,2,9,0,7,7,1,3,0,0,5,0,0,0,0,3,1,6,6,3,20,4,-1,-1,-1,-1,-1,-1,0,-1
2024010488692,2024,010488692,1,9,0,9,9,1,7,0,0,2,0,0,0,0,1,1,6,6,1,40,7,-1,-1,-1,-1,4,E01003406,0,1
2024211522574,2024,211522574,1,9,0,-1,19,1,5,-1,0,0,0,0,0,0,1,9,-1,6,3,-1,-1,-1,-1,-1,-1,-1,-1,0,-1
2024302401425,2024,302401425,2,1,0,16,19,6,1,0,0,0,0,0,0,0,0,1,6,6,1,56,9,-1,-1,-1,-1,10,E01026187,0,4
2024421445428,2024,421445428,1,9,0,-1,1,5,1,-1,0,0,0,0,0,0,0,1,-1,6,1,47,8,-1,-1,-1,-1,6,E01021647,0,4
2024461490404,2024,461490404,2,1,0,-1,19,5,1,-1,4,2,0,0,0,0,3,1,-1,6,1,17,4,-1,-1,-1,-1,4,E01035318,0,1
2024340WN2532,2024,340WN2532,1,9,0,-1,19,3,7,-1,0,6,0,0,0,0,4,1,-1,2,1,22,5,-1,-1,-1,-1,10,E01027015,0,2
2024010534561,2024,010534561,2,1,0,5,5,5,1,0,0,1,0,0,0,0,4,1,6,6,2,33,6,-1,-1,-1,-1,4,E01004643,0,1
2024302400544,2024,302400544,3,90,0,3,3,2,6,0,0,0,0,0,0,0,0,1,6,6,3,-1,-1,-1,-1,-1,-1,5,E01019456,0,3
2024010516940,2024,010516940,1,11,0,5,5,0,1,99,99,0,9,99,9,99,9,1,6,6,3,-1,-1,-1,-1,-1,-1,-1,-1,0,-1
2024430004390,2024,430004390,2,9,0,9,9,7,5,0,0,8,0,0,0,0,4,1,1,1,1,59,9,-1,-1,-1,-1,7,E01016216,0,1
2024411489495,2024,411489495,2,9,0,-1,19,1,5,-1,0,1,0,0,0,0,1,1,-1,1,1,28,6,-1,-1,-1,-1,3,E01023343,0,3
2024010505779,2024,010505779,1,1,9,99,99,9,9,99,99,0,9,99,9,99,1,1,6,6,3,-1,-1,-1,-1,-1,-1,-1,-1,0,-1
2024010547234,2024,010547234,3,9,0,18,19,1,5,0,0,8,1,4,0,0,1,1,6,6,3,-1,-1,-1,-1,-1,-1,-1,-1,0,-1
2024010505436,2024,010505436,1,1,9,99,99,9,9,99,99,1,9,99,9,99,1,1,6,6,2,36,7,-1,-1,-1,-1,9,E01035488,0,1
2024622400632,2024,622400632,1,-1,0,18,19,8,4,0,0,1,0,0,0,0,1,1,6,6,1,19,4,-1,-1,-1,-1,1,W01001811,1,1
2024221536417,2024,221536417,1,90,0,-1,19,5,1,-1,0,0,0,4,0,0,1,9,-1,9,1,16,4,-1,-1,-1,-1,1,E01028957,0,1
2024221425428,2024,221425428,1,9,0,-1,19,5,1,-1,0,8,0,0,0,0,1,1,-1,6,1,69,10,-1,-1,-1,-1,5,E01035067,0,2
2024010507643,2024,010507643,1,1,9,3,3,9,9,99,99,9,9,99,9,99,2,1,2,2,2,37,7,-1,-1,-1,-1,3,E01034191,0,1
2024010536833,2024,010536833,1,3,0,99,99,9,9,99,99,9,9,99,9,99,9,1,6,6,3,-1,-1,-1,-1,-1,-1,-1,-1,0,-1
2024061484199,2024,061484199,2,1,0,-1,4,1,5,-1,0,8,1,0,0,0,1,1,-1,9,1,36,7,-1,-1,-1,-1,-1,-1,0,-1
2024311441212,2024,311441212,1,9,0,-1,19,1,5,-1,0,1,0,0,0,0,1,9,-1,6,3,-1,-1,-1,-1,-1,-1,-1,-1,0,-1
2024141487668,2024,141487668,2,90,0,-1,19,5,1,-1,9,2,2,0,-1,0,2,9,-1,9,2,13,3,-1,-1,-1,-1,8,E01007888,0,1
2024340NN3172,2024,340NN3172,1,9,0,-1,7,7,1,-1,0,0,0,0,0,0,1,1,-1,6,1,-1,-1,-1,-1,-1,-1,-1,-1,0,-1
2024010495676,2024,010495676,2,9,0,99,99,9,9,99,99,6,9,99,9,99,1,9,6,6,3,-1,-1,-1,-1,-1,-1,-1,-1,0,-1
2024351495346,2024,351495346,1,9,0,-1,19,5,1,-1,0,8,0,0,0,0,1,1,-1,6,3,-1,-1,-1,-1,-1,-1,-1,-1,0,-1
2024122400623,2024,122400623,2,1,0,18,19,1,5,0,0,8,0,0,0,0,3,1,6,6,1,52,8,-1,-1,-1,-1,6,E01033673,0,4
2024361454198,2024,361454198,2,1,0,-1,19,4,8,-1,0,8,0,0,0,0,4,1,-1,9,1,75,10,-1,-1,-1,-1,7,E01026939,0,3
2024440167046,2024,440167046,1,1,0,18,19,6,2,0,0,2,0,0,0,0,2,1,2,2,1,50,8,-1,-1,-1,-1,6,E01032884,0,3
2024351490137,2024,351490137,1,9,0,-1,19,8,4,-1,0,1,1,0,0,0,1,1,-1,6,1,22,5,-1,-1,-1,-1,8,E01018152,0,1
2024991454058,2024,991454058,1,9,0,-1,7,5,8,-1,0,0,1,0,7,4,3,1,-1,9,1,62,9,-1,-1,-1,-1,8,E01025323,0,5
2024141426352,2024,141426352,1,9,0,-1,19,8,4,-1,0,0,0,0,0,0,0,9,-1,6,1,21,5,-1,-1,-1,-1,8,E01028032,0,4
2024552401324,2024,552401324,1,1,0,18,19,1,5,0,0,0,0,10,1,10,1,1,6,6,1,43,7,-1,-1,-1,-1,4,E01015390,0,1
2024041531448,2024,041531448,1,9,0,-1,19,3,7,-1,0,1,0,0,0,0,4,1,-1,9,2,42,7,-1,-1,-1,-1,9,E01025461,0,1
2024201518850,2024,201518850,1,90,0,-1,19,6,2,-1,0,0,0,0,0,0,1,1,-1,6,1,60,9,-1,-1,-1,-1,-1,-1,0,-1
2024122400409,2024,122400409,2,1,0,17,19,8,5,0,0,8,0,0,0,0,1,1,1,1,2,59,9,-1,-1,-1,-1,3,E01013386,0,1
2024010503843,2024,010503843,1,9,9,99,99,9,9,99,99,9,9,99,9,99,9,9,6,6,3,-1,-1,-1,-1,-1,-1,-1,-1,0,-1
2024010544637,2024,010544637,1,1,9,99,99,9,9,99,99,9,9,99,9,99,9,1,2,2,1,29,6,-1,-1,-1,-1,3,E01004033,0,1
2024052400846,2024,052400846,1,21,0,11,11,8,4,0,0,0,0,0,0,0,4,1,6,6,3,-1,-1,-1,-1,-1,-1,-1,-1,0,-1
2024610018924,2024,610018924,1,9,0,18,19,6,2,0,0,1,0,0,0,0,1,1,6,6,3,-1,-1,-1,-1,-1,-1,-1,-1,0,-1
2024991409831,2024,991409831,1,9,0,-1,19,8,4,-1,0,0,0,0,0,0,1,1,-1,2,1,20,4,-1,-1,-1,-1,7,-1,0,4
2024010530475,2024,010530475,1,9,0,7,7,1,4,0,0,2,0,0,0,0,1,2,6,6,1,66,10,-1,-1,-1,-1,-1,-1,0,-1
2024430128422,2024,430128422,2,9,0,18,19,4,8,0,0,1,0,0,0,0,1,1,6,6,3,-1,-1,-1,-1,-1,-1,-1,-1,0,-1
2024010494186,2024,010494186,2,19,0,99,99,9,9,99,99,5,9,99,9,99,9,9,6,6,3,-1,-1,-1,-1,-1,-1,6,E01003469,0,2
2024010548650,2024,010548650,2,9,0,99,99,9,9,99,99,9,9,99,9,99,9,9,6,6,3,-1,-1,-1,-1,-1,-1,-1,-1,0,-1
2024010495527,2024,010495527,2,19,0,8,8,3,6,0,0,5,0,0,0,0,4,9,6,6,1,-1,-1,-1,-1,-1,-1,-1,-1,0,-1
2024481563668,2024,481563668,1,1,0,-1,4,5,1,-1,0,1,0,0,0,0,2,1,-1,2,1,37,7,-1,-1,-1,-1,-1,-1,0,-1
2024421403765,2024,421403765,1,9,0,-1,4,5,1,-1,0,0,0,0,0,0,2,9,-1,6,3,-1,-1,-1,-1,-1,-1,-1,-1,0,-1
2024481503762,2024,481503762,2,8,0,-1,19,1,5,-1,0,8,0,0,0,0,4,1,-1,1,1,60,9,-1,-1,-1,-1,-1,-1,0,-1
2024131415719,2024,131415719,1,9,0,-1,1,4,3,-1,0,0,0,0,0,0,2,1,-1,6,3,43,7,-1,-1,-1,-1,-1,-1,0,-1
2024052401959,2024,052401959,1,-1,0,18,19,4,8,0,0,0,0,0,0,0,1,1,6,6,1,19,4,-1,-1,-1,-1,8,E01006684,1,1
2024411531200,2024,411531200,1,9,0,-1,19,7,3,-1,0,3,0,0,0,0,1,1,-1,9,1,27,6,-1,-1,-1,-1,4,E01023788,0,1
2024131443644,2024,131443644,1,21,0,-1,19,3,7,-1,0,0,0,0,0,0,1,2,-1,1,2,29,6,-1,-1,-1,-1,-1,-1,0,-1
2024101525543,2024,101525543,2,1,0,-1,19,2,6,-1,9,0,0,0,8,0,1,1,-1,6,1,25,5,-1,-1,-1,-1,-1,-1,0,-1
2024010549071,2024,010549071,2,1,9,99,99,9,9,99,99,9,9,99,9,99,9,1,6,6,2,32,6,-1,-1,-1,-1,3,E01003988,0,1
2024052402697,2024,052402697,2,1,0,11,11,6,3,0,0,8,0,0,0,0,4,1,1,1,1,35,6,-1,-1,-1,-1,1,E01006764,0,1
2024430014092,2024,430014092,1,1,0,18,19,1,6,5,5,0,0,0,0,0,4,1,6,6,2,73,10,-1,-1,-1,-1,6,E01016824,0,1
2024451449631,2024,451449631,1,97,0,-1,19,3,7,-1,0,0,0,0,0,0,0,1,-1,6,3,24,5,-1,-1,-1,-1,-1,-1,0,-1
2024201502904,2024,201502904,1,9,0,-1,19,2,6,-1,0,8,0,0,0,0,1,1,-1,6,1,48,8,-1,-1,-1,-1,-1,-1,0,-1
2024010536597,2024,010536597,1,1,9,99,99,9,9,99,99,9,9,99,9,99,2,1,6,6,1,27,6,-1,-1,-1,-1,4,E01003937,0,1
2024440381629,2024,440381629,2,9,0,18,19,3,7,0,0,0,0,0,0,0,1,1,6,6,1,37,7,-1,-1,-1,-1,2,E01032750,0,4
2024471513431,2024,471513431,2,9,0,-1,19,1,5,-1,0,0,0,4,0,0,4,1,-1,6,3,-1,-1,-1,-1,-1,-1,-1,-1,0,-1
2024991453097,2024,991453097,2,9,0,-1,19,1,5,-1,0,0,0,0,0,0,1,1,-1,9,1,80,11,-1,-1,-1,-1,5,-1,0,4
2024340NN0882,2024,340NN0882,1,19,0,-1,19,4,8,-1,0,2,0,0,0,0,3,1,-1,6,1,-1,-1,-1,-1,-1,-1,-1,-1,0,-1
2024430428227,2024,430428227,2,1,0,18,19,3,7,0,0,2,0,0,0,0,4,1,6,6,1,36,7,-1,-1,-1,-1,-1,-1,0,-1
2024010491829,2024,010491829,1,3,0,99,99,9,9,99,99,9,9,99,9,99,9,1,1,1,1,32,6,-1,-1,-1,-1,3,E01004203,0,2
2024411509446,2024,411509446,1,9,-1,-1,-1,-1,-1,-1,-1,-1,-1,-1,-1,0,-1,9,-1,6,3,-1,-1,-1,-1,-1,-1,-1,-1,0,-1
2024101407262,2024,101407262,1,1,0,-1,19,5,1,-1,0,1,5,0,0,0,3,1,-1,9,1,64,9,-1,-1,-1,-1,3,E01008561,0,1
2024351486306,2024,351486306,2,1,-1,-1,-1,-1,-1,-1,-1,0,-1,-1,-1,0,-1,1,-1,9,2,16,4,-1,-1,-1,-1,10,E01035556,0,1
2024332400587,2024,332400587,1,1,0,-1,5,7,3,-1,0,0,0,0,0,0,3,1,-1,1,1,24,5,-1,-1,-1,-1,2,E01013654,0,1
2024010496778,2024,010496778,2,9,0,6,6,9,9,99,99,5,9,99,9,99,9,9,6,6,3,-1,-1,-1,-1,-1,-1,-1,-1,0,-1
2024411524644,2024,411524644,2,9,0,-1,19,7,3,-1,0,0,0,0,0,0,1,1,-1,6,3,25,5,-1,-1,-1,-1,-1,-1,0,-1
2024010519590,2024,010519590,1,23,0,3,3,7,3,0,0,5,0,0,0,0,1,1,6,6,3,-1,-1,-1,-1,-1,-1,-1,-1,0,-1
2024101533267,2024,101533267,2,1,0,-1,19,1,4,-1,0,4,0,1,0,0,3,1,-1,2,1,36,7,-1,-1,-1,-1,4,E01008244,0,1
2024421539685,2024,421539685,1,9,-1,-1,19,-1,-1,-1,0,0,0,0,0,0,1,9,-1,6,3,-1,-1,-1,-1,-1,-1,1,E01015841,0,4
2024061507424,2024,061507424,1,1,0,-1,19,-1,-1,-1,0,1,0,0,0,0,3,1,-1,9,1,46,8,-1,-1,-1,-1,3,E01004992,0,1
2024221414739,2024,221414739,3,9,0,-1,19,6,2,-1,0,0,0,0,0,0,1,9,-1,1,1,24,5,-1,-1,-1,-1,-1,-1,0,-1
2024211467328,2024,211467328,2,9,0,-1,19,8,4,-1,0,1,0,0,0,0,4,1,-1,6,1,22,5,-1,-1,-1,-1,-1,-1,0,-1
2024010535477,2024,010535477,1,1,0,13,13,5,1,0,0,1,2,0,0,0,3,1,2,2,1,29,6,-1,-1,-1,-1,9,E01004546,0,1
2024141434928,2024,141434928,1,9,0,-1,19,5,1,-1,0,1,0,0,0,0,1,1,-1,7,2,48,8,-1,-1,-1,-1,6,E01007753,0,1
2024430200820,2024,430200820,2,9,0,18,19,2,6,0,0,8,0,0,0,0,1,1,6,6,1,-1,-1,-1,-1,-1,-1,-1,-1,0,-1
2024041458183,2024,041458183,1,90,0,-1,19,1,1,-1,0,1,0,0,0,0,1,1,-1,6,1,18,4,-1,-1,-1,-1,1,E01012687,0,1
2024010489329,2024,010489329,3,9,0,3,3,3,7,0,0,1,0,0,0,0,3,1,6,6,1,73,10,-1,-1,-1,-1,9,E01000266,0,1
2024201438681,2024,201438681,1,9,0,-1,19,8,4,-1,0,0,0,0,0,0,4,1,-1,6,1,32,6,-1,-1,-1,-1,5,E01013733,0,4
2024471464315,2024,471464315,1,9,0,-1,9,8,5,-1,0,2,0,0,0,0,1,1,-1,1,2,20,4,-1,-1,-1,-1,6,E01031345,0,4
2024501491749,2024,501491749,1,9,0,-1,4,7,3,-1,0,0,0,0,0,0,2,1,-1,9,1,62,9,-1,-1,-1,-1,6,E01020059,0,1
2024332401048,2024,332401048,2,1,0,-1,19,4,8,-1,0,0,0,0,0,0,1,1,-1,6,1,44,7,-1,-1,-1,-1,5,E01025965,0,1
2024010518193,2024,010518193,1,1,9,99,99,9,9,99,99,9,9,99,9,99,9,1,2,2,3,24,5,-1,-1,-1,-1,2,E01033877,0,1
2024010498252,2024,010498252,2,9,0,9,9,1,8,0,0,1,0,0,0,0,0,1,6,6,3,-1,-1,-1,-1,-1,-1,-1,-1,0,-1
2024010523993,2024,010523993,1,1,9,99,99,9,9,99,99,9,9,99,9,99,9,1,6,6,1,43,7,-1,-1,-1,-1,5,E01003724,0,2
2024451532488,2024,451532488,1,90,0,-1,19,1,5,-1,0,0,0,0,1,0,1,1,-1,1,2,39,7,-1,-1,-1,-1,9,E01030880,0,1
2024991505551,2024,991505551,2,1,0,-1,19,2,7,-1,0,8,0,0,0,0,4,1,-1,1,1,57,9,-1,-1,-1,-1,3,-1,0,1
2024010499582,2024,010499582,1,1,9,99,99,9,9,99,99,9,9,99,9,99,9,1,2,2,1,23,5,-1,-1,-1,-1,3,E01003258,0,3
2024101467510,2024,101467510,1,-1,0,-1,19,1,5,-1,0,6,0,0,0,0,1,9,-1,9,1,-1,-1,-1,-1,-1,-1,-1,-1,1,-1
2024501490428,2024,501490428,2,1,0,-1,19,8,4,-1,0,1,5,0,0,0,1,1,-1,6,1,42,7,-1,-1,-1,-1,3,E01015032,0,2
2024101536304,2024,101536304,2,1,0,-1,19,6,2,-1,0,8,5,0,0,0,4,1,-1,2,2,23,5,-1,-1,-1,-1,3,E01008654,0,1
2024430482530,2024,430482530,2,1,0,18,19,5,1,0,0,8,0,0,0,0,4,1,6,6,1,12,3,-1,-1,-1,-1,9,E01035760,0,1
2024471469512,2024,471469512,4,9,0,-1,19,7,3,-1,0,0,5,0,0,0,3,2,-1,1,2,49,8,-1,-1,-1,-1,3,E01034065,0,4
2024311438734,2024,311438734,1,9,0,-1,9,2,6,-1,0,2,0,0,0,0,4,9,-1,6,1,-1,-1,-1,-1,-1,-1,-1,-1,0,-1
2024440302564,2024,440302564,1,19,0,13,13,2,6,0,0,0,2,0,1,4,2,1,2,2,1,18,4,-1,-1,-1,-1,9,E01022593,0,3
2024320277662,2024,320277662,2,9,0,4,4,5,1,0,0,2,0,0,0,0,2,1,6,6,1,19,4,-1,-1,-1,-1,-1,-1,0,-1