collision_index,collision_year,collision_ref_no,vehicle_reference,vehicle_type,towing_and_articulation,vehicle_manoeuvre_historic,vehicle_manoeuvre,vehicle_direction_from,vehicle_direction_to,vehicle_location_restricted_lane_historic,vehicle_location_restricted_lane,junction_location,skidding_and_overturning,hit_object_in_carriageway,vehicle_leaving_carriageway,hit_object_off_carriageway,first_point_of_impact,vehicle_left_hand_drive,journey_purpose_of_driver_historic,journey_purpose_of_driver,sex_of_driver,age_of_driver,age_band_of_driver,engine_capacity_cc,propulsion_code,age_of_vehicle,generic_make_model,driver_imd_decile,lsoa_of_driver,escooter_flag,driver_distance_banding
2024430102681,2024,430102681,2,9,0,18,19,6,2,0,0,0,0,0,0,0,0,1,6,6,3,-1,-1,-1,-1,-1,-1,-1,-1,0,-1
202417S115024,2024,17S115024,1,19,0,-1,10,6,5,-1,0,1,0,0,0,0,2,1,-1,1,1,32,6,-1,-1,-1,-1,-1,-1,0,-1
2024991471243,2024,991471243,2,9,0,-1,3,7,3,-1,0,1,0,0,0,0,2,1,-1,9,1,72,10,-1,-1,-1,-1,-1,-1,0,-1
2024451491444,2024,451491444,1,1,0,-1,19,5,7,-1,0,8,5,0,0,0,2,1,-1,2,1,49,8,-1,-1,-1,-1,5,E01030674,0,1
2024010501681,2024,010501681,2,9,9,99,99,9,9,99,99,9,9,99,9,99,2,9,6,6,3,-1,-1,-1,-1,-1,-1,-1,-1,0,-1
2024010489904,2024,010489904,1,9,0,9,9,1,7,0,0,5,0,0,0,0,1,1,2,2,1,45,7,-1,-1,-1,-1,9,E01001306,0,1
2024010489814,2024,010489814,1,9,0,7,7,3,5,0,0,6,0,0,0,0,3,1,6,6,1,31,6,-1,-1,-1,-1,5,E01021907,0,4
2024421477602,2024,421477602,1,19,0,-1,5,2,6,-1,0,0,0,0,0,0,0,9,-1,6,3,-1,-1,-1,-1,-1,-1,-1,-1,0,-1
2024211534443,2024,211534443,1,99,0,-1,19,3,7,-1,0,0,0,0,0,0,4,1,-1,6,3,21,5,-1,-1,-1,-1,-1,-1,0,-1
2024010511765,2024,010511765,2,9,0,99,99,9,9,99,99,9,9,99,9,99,9,9,6,6,3,-1,-1,-1,-1,-1,-1,-1,-1,0,-1
2024430209964,2024,430209964,1,9,0,18,19,3,7,0,0,0,0,0,0,0,1,1,2,2,1,52,8,-1,-1,-1,-1,10,E01017876,0,1
2024131526323,2024,131526323,1,9,0,-1,19,7,3,-1,0,0,0,0,0,0,1,1,-1,2,1,32,6,-1,-1,-1,-1,2,E01010628,0,4
2024311460346,2024,311460346,2,1,0,-1,13,5,1,-1,0,0,0,0,0,0,3,1,-1,2,1,48,8,-1,-1,-1,-1,4,E01027957,0,1
2024332401024,2024,332401024,2,9,0,-1,19,6,1,-1,0,0,0,0,0,0,1,1,-1,6,3,-1,-1,-1,-1,-1,-1,-1,-1,0,-1
2024052402248,2024,052402248,2,9,0,18,19,1,5,0,0,1,0,0,0,0,3,1,1,1,3,-1,-1,-1,-1,-1,-1,-1,-1,0,-1
2024421465109,2024,421465109,1,9,0,-1,4,8,4,-1,0,1,0,0,0,0,1,9,-1,6,1,30,6,-1,-1,-1,-1,-1,-1,0,-1
2024451506506,2024,451506506,2,90,0,-1,19,3,7,-1,0,1,0,0,0,0,4,2,-1,1,1,36,7,-1,-1,-1,-1,-1,-1,0,-1
2024010494869,2024,010494869,1,9,0,9,9,3,1,0,0,1,0,0,1,0,1,1,1,1,1,41,7,-1,-1,-1,-1,9,E01004292,0,3
2024471477107,2024,471477107,3,11,0,-1,4,1,5,-1,0,3,0,0,0,0,0,1,-1,6,3,-1,-1,-1,-1,-1,-1,-1,-1,0,-1
2024531471500,2024,531471500,2,-1,0,-1,19,2,6,-1,9,0,0,0,0,0,2,1,-1,9,1,10,2,-1,-1,-1,-1,3,E01022237,1,1
2024041461668,2024,041461668,4,9,0,-1,2,0,0,-1,0,2,0,0,0,0,2,9,-1,6,-1,-1,-1,-1,-1,-1,-1,-1,-1,0,-1
2024161436170,2024,161436170,2,1,0,-1,19,8,4,-1,5,0,0,0,0,0,1,1,-1,6,1,59,9,-1,-1,-1,-1,2,E01035463,0,2
202460Q113136,2024,60Q113136,2,1,0,18,19,4,1,0,0,1,0,0,0,0,1,1,6,6,1,20,4,-1,-1,-1,-1,-1,-1,0,-1
2024401526548,2024,401526548,2,1,0,-1,19,2,6,-1,0,8,0,0,0,0,3,1,-1,6,1,42,7,-1,-1,-1,-1,2,E01017474,0,1
2024311527693,2024,311527693,1,99,0,-1,7,7,1,-1,0,1,0,0,0,0,0,1,-1,1,3,40,7,-1,-1,-1,-1,-1,-1,0,-1
2024461490435,2024,461490435,1,-1,0,-1,19,2,6,-1,0,0,0,0,0,0,1,9,-1,6,1,-1,-1,-1,-1,-1,-1,-1,-1,1,-1
2024411417222,2024,411417222,2,9,0,-1,19,2,6,-1,0,0,0,0,0,0,2,1,-1,6,2,40,7,-1,-1,-1,-1,9,E01002471,0,3
2024010495224,2024,010495224,1,9,0,18,19,4,8,0,0,8,0,0,0,0,1,1,6,6,1,32,6,-1,-1,-1,-1,5,E01023063,0,5
2024141529718,2024,141529718,1,9,0,-1,9,6,4,-1,0,6,0,0,0,0,1,1,-1,9,2,41,7,-1,-1,-1,-1,7,E01007712,0,3
2024371444437,2024,371444437,1,9,-1,-1,-1,-1,-1,-1,-1,0,-1,-1,-1,0,-1,9,-1,6,3,-1,-1,-1,-1,-1,-1,-1,-1,0,-1
2024552401523,2024,552401523,2,17,0,2,2,0,0,0,0,0,0,0,0,0,2,1,6,6,1,28,6,-1,-1,-1,-1,9,E01020419,0,1
2024320417783,2024,320417783,1,9,0,-1,-1,4,8,0,0,0,5,0,1,0,1,1,-1,-1,1,43,7,-1,-1,-1,-1,7,E01034684,0,4
2024552400989,2024,552400989,2,1,0,14,14,6,2,0,0,0,0,0,0,0,3,1,4,7,2,14,3,-1,-1,-1,-1,10,E01020370,0,1
2024231459706,2024,231459706,1,9,0,-1,19,4,8,-1,0,0,0,0,0,0,0,9,-1,6,3,45,7,-1,-1,-1,-1,-1,-1,0,-1
2024631465060,2024,631465060,1,98,0,-1,19,2,6,-1,0,0,0,0,0,0,0,1,-1,1,2,23,5,-1,-1,-1,-1,10,W01000837,0,2
2024131436717,2024,131436717,1,9,0,-1,-1,-1,-1,-1,-1,-1,-1,-1,-1,0,-1,1,-1,6,3,-1,-1,-1,-1,-1,-1,-1,-1,0,-1
2024010541317,2024,010541317,2,9,0,5,5,1,5,0,0,6,0,0,0,0,2,1,6,6,3,-1,-1,-1,-1,-1,-1,-1,-1,0,-1
2024010507886,2024,010507886,1,1,9,99,99,9,9,99,99,9,9,99,9,99,9,1,3,7,1,41,7,-1,-1,-1,-1,3,E01003263,0,1
2024010487552,2024,010487552,1,3,0,99,99,9,9,99,99,9,9,99,9,99,9,1,2,2,1,25,5,-1,-1,-1,-1,3,E01033933,0,1
2024320711771,2024,320711771,3,9,0,3,3,3,7,0,0,0,0,0,0,0,2,1,-1,-1,1,56,9,-1,-1,-1,-1,2,E01026084,0,1
2024440459387,2024,440459387,2,1,0,18,19,5,1,0,0,0,0,0,0,0,4,1,6,6,1,12,3,-1,-1,-1,-1,2,E01022819,0,1
2024010495658,2024,010495658,1,1,0,16,19,4,8,2,2,4,0,0,0,0,1,1,6,6,1,36,7,-1,-1,-1,-1,2,E01004008,0,1
2024131501347,2024,131501347,3,9,0,-1,2,0,0,-1,9,1,0,0,0,0,3,1,-1,6,-1,-1,-1,-1,-1,-1,-1,-1,-1,0,-1
2024201518400,2024,201518400,2,1,0,-1,19,6,2,-1,0,1,5,0,0,0,1,1,-1,6,2,28,6,-1,-1,-1,-1,1,E01010478,0,1
2024010526075,2024,010526075,2,1,0,16,19,3,6,0,0,0,0,0,1,0,1,1,6,6,2,35,6,-1,-1,-1,-1,3,E01004183,0,1
2024131529740,2024,131529740,2,11,0,-1,19,8,6,-1,0,0,0,0,0,0,1,1,-1,6,3,-1,-1,-1,-1,-1,-1,-1,-1,0,-1
2024440054661,2024,440054661,1,1,0,18,19,4,8,0,0,8,0,0,0,0,4,1,2,2,1,28,6,-1,-1,-1,-1,4,E01017122,0,1
2024430341913,2024,430341913,2,9,0,18,19,7,3,0,0,8,0,0,0,0,1,1,1,1,1,36,7,-1,-1,-1,-1,1,E01016368,0,1
2024552401480,2024,552401480,1,1,0,18,19,4,8,0,0,0,0,0,0,0,3,1,6,6,1,11,3,-1,-1,-1,-1,6,E01015353,0,1
2024430513010,2024,430513010,1,9,0,18,19,6,2,0,0,0,1,0,1,10,1,1,6,6,1,21,5,-1,-1,-1,-1,3,E01017665,0,2
2024411438595,2024,411438595,2,9,0,-1,9,7,3,-1,0,1,0,0,0,0,2,1,-1,6,3,-1,-1,-1,-1,-1,-1,-1,-1,0,-1
2024010520237,2024,010520237,2,9,0,10,10,1,7,0,0,8,0,0,0,0,1,1,6,6,3,-1,-1,-1,-1,-1,-1,-1,-1,0,-1
2024320334071,2024,320334071,2,1,0,-1,-1,6,2,0,0,2,5,0,0,0,2,1,-1,-1,1,56,9,-1,-1,-1,-1,1,E01026093,0,1
2024361529081,2024,361529081,2,1,0,-1,19,2,4,-1,0,1,5,0,0,0,1,1,-1,9,2,17,4,-1,-1,-1,-1,10,E01026812,0,1
2024320638192,2024,320638192,1,9,0,-1,-1,6,8,0,0,3,0,0,0,0,4,1,1,1,1,54,8,-1,-1,-1,-1,3,E01026033,0,3
2024552401464,2024,552401464,3,9,0,18,19,5,1,0,0,8,0,0,0,0,1,1,3,7,1,33,6,-1,-1,-1,-1,-1,-1,0,-1
2024361443237,2024,361443237,1,9,0,-1,19,5,1,-1,0,1,0,0,0,0,1,1,-1,2,1,25,5,-1,-1,-1,-1,4,E01026636,0,1
2024461533286,2024,461533286,1,9,0,-1,19,2,8,-1,0,0,1,0,0,0,1,2,-1,9,1,17,4,-1,-1,-1,-1,3,E01016067,0,2
2024311408538,2024,311408538,2,22,0,-1,19,6,2,-1,0,0,0,0,0,0,2,1,-1,6,1,75,10,-1,-1,-1,-1,2,E01013899,0,1
2024101467510,2024,101467510,2,1,0,-1,19,7,3,-1,0,8,0,0,0,0,4,1,-1,9,1,-1,-1,-1,-1,-1,-1,-1,-1,0,-1
2024991453923,2024,991453923,1,90,1,-1,19,5,1,-1,0,0,0,2,0,0,1,1,-1,1,1,70,10,-1,-1,-1,-1,5,E01026407,0,5
2024161430949,2024,161430949,1,9,0,-1,3,1,5,-1,0,0,0,0,0,0,2,1,-1,6,2,26,6,-1,-1,-1,-1,6,E01012922,0,2
2024010540332,2024,010540332,2,9,0,18,19,7,3,0,0,2,0,0,0,0,4,1,6,6,1,36,7,-1,-1,-1,-1,9,E01000759,0,1
2024041461828,2024,041461828,1,9,0,-1,13,1,5,-1,0,0,0,0,0,0,0,1,-1,6,3,-1,-1,-1,-1,-1,-1,-1,-1,0,-1
2024052400491,2024,052400491,1,90,0,18,19,5,1,0,0,8,0,0,0,0,3,1,6,6,3,-1,-1,-1,-1,-1,-1,-1,-1,0,-1
2024610048924,2024,610048924,1,9,0,3,3,8,4,0,0,0,0,0,0,0,2,1,1,1,1,61,9,-1,-1,-1,-1,8,W01001658,0,1
2024201463423,2024,201463423,3,9,0,-1,19,4,8,-1,0,0,0,0,0,0,2,9,-1,6,1,-1,-1,-1,-1,-1,-1,-1,-1,0,-1
2024430485724,2024,430485724,1,19,0,14,14,1,5,0,0,1,0,0,0,0,1,1,6,6,1,32,6,-1,-1,-1,-1,-1,-1,0,-1
2024311491356,2024,311491356,1,9,0,-1,9,3,2,-1,0,6,0,0,0,0,4,1,-1,9,1,28,6,-1,-1,-1,-1,2,E01019515,0,2
2024461431859,2024,461431859,1,9,0,-1,19,7,3,-1,0,0,2,0,0,0,1,1,-1,9,1,32,6,-1,-1,-1,-1,-1,-1,0,-1
2024411543331,2024,411543331,2,9,0,-1,19,7,3,-1,0,0,1,10,1,0,1,1,-1,6,2,73,10,-1,-1,-1,-1,8,E01023569,0,1
2024010538230,2024,010538230,1,9,0,18,19,7,3,0,0,1,0,0,0,0,1,2,6,6,3,-1,-1,-1,-1,-1,-1,-1,-1,0,-1
2024522402738,2024,522402738,1,-1,0,18,19,3,7,9,9,8,0,0,0,0,1,1,6,6,1,-1,-1,-1,-1,-1,-1,-1,-1,1,-1
2024010519292,2024,010519292,2,1,9,99,99,9,9,99,99,9,9,99,9,99,2,1,6,6,1,25,5,-1,-1,-1,-1,2,E01002092,0,1
2024141463104,2024,141463104,2,9,-1,-1,5,6,1,-1,0,0,0,0,0,0,4,9,-1,6,2,-1,-1,-1,-1,-1,-1,-1,-1,0,-1
2024552400350,2024,552400350,2,1,0,5,5,7,3,0,0,8,0,0,0,0,1,1,6,6,1,22,5,-1,-1,-1,-1,3,E01015386,0,1
2024161481751,2024,161481751,1,1,0,-1,19,5,1,-1,0,8,0,0,0,0,1,1,-1,6,1,24,5,-1,-1,-1,-1,3,E01013045,0,1
2024041443025,2024,041443025,1,9,0,-1,19,5,1,-1,0,0,0,0,0,0,-1,1,-1,6,1,-1,-1,-1,-1,-1,-1,-1,-1,0,-1
2024430201704,2024,430201704,1,1,0,3,3,6,2,0,0,0,0,0,0,0,1,1,6,6,2,74,10,-1,-1,-1,-1,10,E01016604,0,1
2024430189272,2024,430189272,1,19,0,9,9,7,5,0,0,5,0,0,0,0,4,1,1,1,1,32,6,-1,-1,-1,-1,-1,-1,0,-1
2024552401505,2024,552401505,1,2,0,18,19,4,8,0,0,8,1,10,0,0,1,1,4,7,1,16,4,-1,-1,-1,-1,8,E01020576,0,1
2024552400793,2024,552400793,1,9,0,18,19,8,4,0,0,0,0,0,0,0,1,1,6,6,3,-1,-1,-1,-1,-1,-1,-1,-1,0,-1
2024131484909,2024,131484909,1,9,0,-1,-1,-1,-1,-1,-1,-1,-1,-1,-1,0,-1,1,-1,6,3,-1,-1,-1,-1,-1,-1,-1,-1,0,-1
2024451528469,2024,451528469,1,1,0,-1,19,1,5,-1,0,0,0,0,0,0,1,1,-1,9,1,26,6,-1,-1,-1,-1,8,E01004472,0,4
2024332400545,2024,332400545,1,9,0,-1,19,1,5,-1,0,1,0,0,0,0,0,1,-1,9,1,39,7,-1,-1,-1,-1,3,E01013763,0,1
2024451492547,2024,451492547,1,9,0,-1,19,3,7,-1,0,0,0,0,7,2,1,1,-1,9,1,62,9,-1,-1,-1,-1,7,E01031647,0,3
202460Q114784,2024,60Q114784,2,9,0,18,19,3,7,0,0,8,0,0,0,0,3,1,6,6,1,65,9,-1,-1,-1,-1,-1,-1,0,-1
2024010487296,2024,010487296,1,9,0,99,99,9,9,99,99,0,9,99,9,99,1,9,6,6,3,50,8,-1,-1,-1,-1,3,E01002284,0,1
2024430227997,2024,430227997,2,1,0,18,19,1,5,0,0,8,0,0,0,0,4,1,6,6,2,38,7,-1,-1,-1,-1,8,E01017804,0,1
2024201471107,2024,201471107,2,9,0,-1,3,3,7,-1,0,4,0,0,0,0,1,9,-1,6,1,-1,-1,-1,-1,-1,-1,-1,-1,0,-1
2024461480351,2024,461480351,2,1,-1,-1,19,7,2,-1,0,0,0,0,0,0,3,1,-1,6,1,-1,-1,-1,-1,-1,-1,9,E01000696,0,3
2024351463344,2024,351463344,2,-1,0,-1,15,5,1,-1,4,1,0,0,0,0,1,1,-1,6,2,26,6,-1,-1,-1,-1,5,E01017967,1,2
2024010531569,2024,010531569,2,9,0,99,99,9,9,0,0,4,0,0,0,0,1,9,6,6,3,-1,-1,-1,-1,-1,-1,-1,-1,0,-1
2024122401112,2024,122401112,1,-1,0,18,19,8,4,0,0,0,0,0,0,0,1,1,6,6,3,-1,-1,-1,-1,-1,-1,-1,-1,1,-1
2024471478193,2024,471478193,2,9,0,-1,19,3,6,-1,0,1,0,0,1,1,3,1,-1,6,1,36,7,-1,-1,-1,-1,7,E01031539,0,3
2024010505122,2024,010505122,2,1,0,18,19,2,6,2,2,1,0,0,0,0,1,1,2,2,1,58,9,-1,-1,-1,-1,6,E01003071,0,2
2024401482550,2024,401482550,1,97,0,-1,19,-1,-1,-1,5,0,-1,-1,-1,0,-1,1,-1,6,1,-1,-1,-1,-1,-1,-1,-1,-1,0,-1
2024371436127,2024,371436127,1,9,0,-1,19,1,3,-1,0,0,0,0,0,0,1,1,-1,9,1,91,11,-1,-1,-1,-1,9,E01029883,0,1
2024552400065,2024,552400065,3,19,0,3,3,8,4,0,0,1,0,0,0,0,2,1,6,6,1,46,8,-1,-1,-1,-1,2,E01015273,0,1
2024010491001,2024,010491001,1,9,0,7,7,5,7,0,0,8,0,0,0,0,1,1,6,6,1,66,10,-1,-1,-1,-1,4,E01003278,0,1
2024421474459,2024,421474459,2,1,0,-1,19,3,7,-1,0,0,5,0,0,0,1,1,-1,9,2,43,7,-1,-1,-1,-1,10,E01021940,0,1
2024471505813,2024,471505813,2,1,0,-1,19,1,5,-1,0,8,0,0,0,0,4,1,-1,6,2,59,9,-1,-1,-1,-1,8,E01031780,0,1
2024320018115,2024,320018115,1,1,0,18,19,4,8,0,0,0,0,0,0,0,1,1,1,1,1,17,4,-1,-1,-1,-1,8,E01032994,0,2
2024471435181,2024,471435181,2,97,0,-1,13,6,2,-1,0,1,0,0,0,0,1,1,-1,6,3,-1,-1,-1,-1,-1,-1,-1,-1,0,-1
2024421530605,2024,421530605,3,9,0,-1,3,1,5,-1,0,0,0,0,0,0,1,1,-1,2,2,57,9,-1,-1,-1,-1,10,E01021284,0,1
2024471403933,2024,471403933,1,98,0,-1,19,3,1,-1,0,2,0,0,0,0,4,9,-1,6,3,-1,-1,-1,-1,-1,-1,-1,-1,0,-1
2024440006684,2024,440006684,2,9,0,18,19,6,2,0,0,1,0,0,0,0,1,1,6,6,3,-1,-1,-1,-1,-1,-1,-1,-1,0,-1
2024320138817,2024,320138817,1,19,0,-1,-1,8,4,0,0,0,0,0,0,0,4,1,6,6,3,-1,-1,-1,-1,-1,-1,-1,-1,0,-1
2024010537676,2024,010537676,1,1,9,99,99,9,9,4,4,1,9,99,9,99,9,1,1,1,1,48,8,-1,-1,-1,-1,7,E01004496,0,1
2024010547588,2024,010547588,1,1,9,99,99,9,9,99,99,9,9,99,9,99,9,1,2,2,2,23,5,-1,-1,-1,-1,9,E01003861,0,1
2024010524144,2024,010524144,1,1,9,99,99,9,9,99,99,9,9,99,9,99,1,1,6,6,1,25,5,-1,-1,-1,-1,3,E01003112,0,2
2024221507966,2024,221507966,2,1,0,-1,19,1,5,-1,0,1,0,0,0,0,1,1,-1,7,2,15,3,-1,-1,-1,-1,-1,-1,0,-1
2024010490874,2024,010490874,1,19,0,10,10,5,2,0,0,5,0,0,0,0,3,1,1,1,1,26,6,-1,-1,-1,-1,7,E01004354,0,1
2024010546060,2024,010546060,1,9,0,4,4,1,5,0,0,1,0,0,0,0,2,1,6,6,1,42,7,-1,-1,-1,-1,3,E01002502,0,1
2024991394973,2024,991394973,2,9,0,-1,19,8,4,-1,0,0,0,0,0,0,1,1,-1,9,1,74,10,-1,-1,-1,-1,2,-1,0,3
202460Q068831,2024,60Q068831,1,9,0,18,19,3,7,0,0,0,0,0,0,0,4,1,6,6,3,-1,-1,-1,-1,-1,-1,-1,-1,0,-1
2024052400767,2024,052400767,1,9,0,4,4,4,8,0,0,1,0,0,0,0,1,1,6,6,1,-1,-1,-1,-1,-1,-1,-1,-1,0,-1
2024061499988,2024,061499988,3,90,0,-1,19,6,2,-1,0,1,0,0,0,0,0,1,-1,1,1,27,6,-1,-1,-1,-1,1,E01005484,0,1
2024010492949,2024,010492949,1,9,9,99,99,9,9,99,99,1,9,99,9,99,2,9,6,6,1,50,8,-1,-1,-1,-1,3,E01001362,0,1
2024161393744,2024,161393744,2,1,0,-1,19,4,8,-1,0,8,0,0,0,0,4,1,-1,9,1,13,3,-1,-1,-1,-1,3,E01013133,0,1
2024010505538,2024,010505538,2,1,0,18,19,5,1,0,0,1,0,0,0,0,1,1,6,6,1,66,10,-1,-1,-1,-1,7,E01000309,0,1
2024010528458,2024,010528458,1,1,9,99,99,9,9,99,99,9,9,99,9,99,9,1,6,6,1,55,8,-1,-1,-1,-1,6,E01004347,0,1
2024201402173,2024,201402173,2,1,0,-1,9,7,5,-1,0,5,0,0,0,0,1,1,-1,6,1,60,9,-1,-1,-1,-1,2,E01010449,0,1
2024461528115,2024,461528115,3,16,0,-1,4,1,5,-1,-1,0,0,0,0,0,2,1,-1,9,2,-1,-1,-1,-1,-1,-1,-1,-1,0,-1
2024010491526,2024,010491526,2,3,0,18,19,7,3,0,0,1,0,0,0,0,1,1,1,1,1,30,6,-1,-1,-1,-1,-1,-1,0,-1
2024991479051,2024,991479051,1,9,0,-1,13,8,4,-1,0,0,2,11,0,0,4,2,-1,6,1,22,5,-1,-1,-1,-1,1,-1,0,3
2024010495822,2024,010495822,1,9,0,12,12,7,3,0,0,0,1,0,0,0,2,1,6,6,2,29,6,-1,-1,-1,-1,8,E01001913,0,1
2024622400139,2024,622400139,1,1,0,5,5,8,4,0,0,1,0,0,0,0,1,1,6,6,3,-1,-1,-1,-1,-1,-1,-1,-1,0,-1
2024451478959,2024,451478959,2,9,0,-1,4,4,8,-1,0,0,0,0,0,0,1,9,-1,6,3,30,6,-1,-1,-1,-1,-1,-1,0,-1
2024131473070,2024,131473070,2,22,0,-1,19,7,3,-1,0,8,5,0,0,0,0,1,-1,9,2,79,11,-1,-1,-1,-1,2,E01010717,0,1
2024991445031,2024,991445031,2,22,0,-1,19,1,5,-1,0,5,0,0,0,0,3,1,-1,6,1,54,8,-1,-1,-1,-1,3,-1,0,1
2024010513905,2024,010513905,1,1,9,99,99,9,9,99,99,9,9,99,9,99,1,1,6,6,1,35,6,-1,-1,-1,-1,7,E01004018,0,1
2024141532699,2024,141532699,1,9,0,-1,19,5,1,-1,0,0,0,0,0,0,1,1,-1,9,1,59,9,-1,-1,-1,-1,7,E01007552,0,2
2024332400504,2024,332400504,2,9,0,-1,12,1,3,-1,0,3,0,0,0,0,3,1,-1,6,1,-1,-1,-1,-1,-1,-1,-1,-1,0,-1
2024522401914,2024,522401914,2,9,0,9,9,8,5,0,0,5,0,0,0,0,1,1,6,6,3,-1,-1,-1,-1,-1,-1,-1,-1,0,-1
2024451447281,2024,451447281,1,1,0,-1,19,3,1,-1,0,0,5,8,0,0,4,1,-1,9,1,68,10,-1,-1,-1,-1,-1,-1,0,-1
2024522500252,2024,522500252,2,9,0,2,2,0,0,0,0,0,0,0,0,0,9,1,6,6,2,33,6,-1,-1,-1,-1,6,E01014733,0,2
2024010494510,2024,010494510,2,9,0,18,19,8,4,0,0,1,0,0,0,0,1,1,6,6,3,-1,-1,-1,-1,-1,-1,-1,-1,0,-1
2024461469102,2024,461469102,2,1,-1,-1,19,5,1,-1,9,0,5,0,0,0,2,1,-1,6,1,13,3,-1,-1,-1,-1,4,E01024681,0,1
2024522401452,2024,522401452,1,1,0,18,19,3,7,0,0,8,0,0,0,0,2,1,6,6,1,30,6,-1,-1,-1,-1,5,E01014753,0,1
2024320768883,2024,320768883,1,9,0,-1,-1,6,2,0,0,1,0,0,0,0,1,1,-1,-1,2,30,6,-1,-1,-1,-1,9,E01026197,0,1
2024522401414,2024,522401414,1,1,0,18,19,5,1,0,0,0,0,0,0,0,3,1,6,6,2,35,6,-1,-1,-1,-1,8,E01014511,0,1
2024201458729,2024,201458729,1,11,0,-1,5,8,2,-1,0,2,0,0,0,0,4,1,-1,1,3,-1,-1,-1,-1,-1,-1,-1,-1,0,-1
2024010496192,2024,010496192,1,9,0,18,19,4,8,0,0,2,0,0,0,0,4,1,6,6,3,-1,-1,-1,-1,-1,-1,-1,-1,0,-1
2024201508754,2024,201508754,1,9,0,-1,19,8,4,-1,0,0,0,0,0,0,1,9,-1,6,3,-1,-1,-1,-1,-1,-1,-1,-1,0,-1
2024522500300,2024,522500300,1,1,0,18,19,1,5,0,0,1,0,0,0,0,3,1,6,6,1,40,7,-1,-1,-1,-1,2,E01014659,0,1
2024471536026,2024,471536026,2,1,0,-1,19,5,1,-1,0,8,1,0,0,0,1,1,-1,6,1,16,4,-1,-1,-1,-1,7,E01016987,0,3
2024070360783,2024,070360783,1,9,0,13,13,8,5,0,0,0,0,4,0,0,4,1,6,6,1,30,6,-1,-1,-1,-1,2,E01018400,0,3
2024540733324,2024,540733324,1,9,0,18,19,3,7,0,0,0,0,0,0,0,4,1,6,6,3,-1,-1,-1,-1,-1,-1,-1,-1,0,-1
2024010507690,2024,010507690,2,1,0,9,9,1,7,0,0,4,0,0,0,0,3,1,6,6,2,44,7,-1,-1,-1,-1,7,E01003419,0,1
2024031489659,2024,031489659,2,1,0,-1,19,1,5,-1,0,0,1,0,0,0,1,1,-1,9,1,41,7,-1,-1,-1,-1,-1,-1,0,-1
2024991538017,2024,991538017,1,9,0,-1,13,1,5,-1,0,1,1,0,0,0,1,1,-1,6,1,53,8,-1,-1,-1,-1,1,-1,0,1
2024010519271,2024,010519271,2,1,0,9,9,1,8,0,0,4,0,0,0,0,3,1,6,6,1,11,3,-1,-1,-1,-1,5,E01003700,0,1
2024471444848,2024,471444848,1,11,0,-1,4,4,8,-1,2,1,5,99,1,99,4,1,-1,6,3,-1,-1,-1,-1,-1,-1,-1,-1,0,-1
2024052402236,2024,052402236,1,9,0,1,1,8,4,0,0,0,0,0,0,0,2,1,6,6,3,-1,-1,-1,-1,-1,-1,-1,-1,0,-1
2024010543811,2024,010543811,1,1,9,99,99,9,9,99,99,9,9,99,9,99,9,1,2,2,1,39,7,-1,-1,-1,-1,4,E01003343,0,3
2024010545457,2024,010545457,2,1,9,99,99,9,9,99,99,9,9,99,9,99,2,1,2,2,1,19,4,-1,-1,-1,-1,3,E01002765,0,1
2024201508657,2024,201508657,2,9,0,-1,19,3,4,-1,0,8,0,10,3,0,1,1,-1,9,1,30,6,-1,-1,-1,-1,8,E01009559,0,1
2024552400981,2024,552400981,1,9,0,18,19,2,6,9,9,8,0,10,0,0,4,1,6,6,3,-1,-1,-1,-1,-1,-1,-1,-1,0,-1
2024010494249,2024,010494249,2,1,0,18,19,3,7,4,4,0,0,0,0,0,1,1,1,1,1,43,7,-1,-1,-1,-1,9,E01003158,0,2
2024201460494,2024,201460494,1,9,0,-1,5,3,8,-1,0,6,0,0,0,0,4,9,-1,9,1,29,6,-1,-1,-1,-1,1,E01009080,0,1
2024401477193,2024,401477193,2,1,0,-1,19,5,1,-1,0,8,0,0,0,0,1,1,-1,6,1,29,6,-1,-1,-1,-1,2,E01017474,0,1
2024361447295,2024,361447295,2,11,0,-1,2,1,5,-1,0,1,0,0,0,0,0,1,-1,7,2,70,10,-1,-1,-1,-1,4,E01026743,0,3
2024471497153,2024,471497153,1,1,0,-1,19,1,5,-1,4,8,0,0,0,0,1,1,-1,9,1,40,7,-1,-1,-1,-1,10,E01016939,0,1
2024311426652,2024,311426652,1,19,0,-1,19,8,4,-1,0,1,0,0,0,0,4,1,-1,6,1,41,7,-1,-1,-1,-1,4,E01028343,0,1
2024401466218,2024,401466218,2,1,0,-1,19,-1,-1,-1,-1,0,0,0,0,0,1,1,-1,9,1,15,3,-1,-1,-1,-1,8,E01033820,0,1
2024141521768,2024,141521768,2,90,0,-1,19,6,2,-1,5,0,0,0,0,0,1,1,-1,6,3,-1,-1,-1,-1,-1,-1,-1,-1,0,-1
2024131403024,2024,131403024,1,97,0,-1,19,7,3,-1,0,1,5,0,0,0,1,1,-1,6,1,24,5,-1,-1,-1,-1,1,E01011336,0,1
2024332400941,2024,332400941,4,9,0,-1,19,8,4,-1,0,0,0,0,0,0,4,1,-1,1,1,43,7,-1,-1,-1,-1,10,E01025776,0,2
2024010511178,2024,010511178,2,1,0,18,19,3,7,0,0,8,0,0,0,0,1,1,1,1,1,35,6,-1,-1,-1,-1,2,E01003556,0,1
2024221476544,2024,221476544,3,1,0,-1,19,7,3,-1,0,8,0,0,0,0,0,1,-1,9,1,64,9,-1,-1,-1,-1,8,E01032329,0,1
2024131458908,2024,131458908,2,1,0,-1,4,1,5,-1,0,1,0,0,0,0,1,1,-1,6,1,22,5,-1,-1,-1,-1,3,E01011908,0,1
2024041400436,2024,041400436,1,98,0,-1,19,1,5,-1,0,0,0,0,0,0,0,9,-1,6,3,-1,-1,-1,-1,-1,-1,-1,-1,0,-1
2024302401170,2024,302401170,2,1,0,18,19,6,2,9,9,0,0,0,0,0,4,1,6,6,1,44,7,-1,-1,-1,-1,1,E01013567,0,1
2024041423785,2024,041423785,1,9,0,-1,19,3,7,-1,0,0,0,0,0,0,0,9,-1,6,3,-1,-1,-1,-1,-1,-1,-1,-1,0,-1
2024010510670,2024,010510670,2,1,9,99,99,9,9,99,99,9,9,99,9,99,9,1,6,6,2,-1,-1,-1,-1,-1,-1,6,E01003949,0,1