collision_index,collision_year,collision_ref_no,vehicle_reference,vehicle_type,towing_and_articulation,vehicle_manoeuvre_historic,vehicle_manoeuvre,vehicle_direction_from,vehicle_direction_to,vehicle_location_restricted_lane_historic,vehicle_location_restricted_lane,junction_location,skidding_and_overturning,hit_object_in_carriageway,vehicle_leaving_carriageway,hit_object_off_carriageway,first_point_of_impact,vehicle_left_hand_drive,journey_purpose_of_driver_historic,journey_purpose_of_driver,sex_of_driver,age_of_driver,age_band_of_driver,engine_capacity_cc,propulsion_code,age_of_vehicle,generic_make_model,driver_imd_decile,lsoa_of_driver,escooter_flag,driver_distance_banding
2024471435746,2024,471435746,1,9,0,-1,19,5,1,-1,0,8,0,0,0,0,-1,9,-1,6,3,-1,-1,-1,-1,-1,-1,-1,-1,0,-1
2024461475345,2024,461475345,2,90,0,-1,4,8,4,-1,0,0,0,0,0,0,2,1,-1,1,1,67,10,-1,-1,-1,-1,8,E01003417,0,4
2024131476159,2024,131476159,2,9,0,-1,19,1,5,-1,0,8,0,0,0,0,4,1,-1,9,1,84,11,-1,-1,-1,-1,7,E01010876,0,1
2024430404086,2024,430404086,2,4,0,4,4,3,7,-1,-1,4,-1,0,0,0,0,1,6,6,2,20,4,-1,-1,-1,-1,-1,-1,0,-1
2024320088859,2024,320088859,1,90,0,-1,-1,6,2,9,9,0,0,0,0,0,1,1,6,6,3,-1,-1,-1,-1,-1,-1,-1,-1,0,-1
2024430110244,2024,430110244,1,9,0,18,19,2,6,0,0,3,0,0,5,6,1,1,6,6,1,30,6,-1,-1,-1,-1,6,E01016754,0,1
2024351467966,2024,351467966,2,1,0,-1,-1,-1,-1,-1,0,3,0,0,0,0,3,1,-1,6,2,67,10,-1,-1,-1,-1,6,E01017963,0,1
2024201395089,2024,201395089,1,19,0,-1,4,5,6,-1,0,4,0,0,0,0,1,1,-1,6,1,-1,-1,-1,-1,-1,-1,-1,-1,0,-1
2024041402302,2024,041402302,1,1,0,-1,19,3,7,-1,0,6,0,0,0,0,1,1,-1,1,1,21,5,-1,-1,-1,-1,1,E01012704,0,1
2024010526056,2024,010526056,2,9,0,18,19,9,9,99,99,9,9,99,9,99,9,9,6,6,3,-1,-1,-1,-1,-1,-1,-1,-1,0,-1
2024010533652,2024,010533652,1,1,0,18,19,1,5,0,0,6,0,0,0,0,4,1,6,6,1,23,5,-1,-1,-1,-1,2,E01002094,0,1
2024010538534,2024,010538534,2,1,9,99,99,9,9,99,99,9,9,99,9,99,1,1,6,6,3,-1,-1,-1,-1,-1,-1,-1,-1,0,-1
2024201457737,2024,201457737,1,9,0,-1,9,3,1,-1,0,8,0,0,0,0,0,9,-1,6,3,-1,-1,-1,-1,-1,-1,-1,-1,0,-1
2024201418281,2024,201418281,1,9,0,-1,19,3,8,-1,0,1,0,0,0,0,1,9,-1,6,1,-1,-1,-1,-1,-1,-1,-1,-1,0,-1
2024010492042,2024,010492042,1,3,0,99,99,9,9,99,99,9,9,99,9,99,2,1,1,1,1,30,6,-1,-1,-1,-1,4,E01004525,0,1
2024461485643,2024,461485643,1,9,0,-1,19,1,4,-1,0,0,0,0,0,0,1,1,-1,6,1,-1,-1,-1,-1,-1,-1,7,E01024459,0,1
2024461399607,2024,461399607,2,1,0,-1,19,2,6,-1,0,0,0,0,0,0,1,1,-1,6,1,18,4,-1,-1,-1,-1,8,E01024100,0,1
2024010547393,2024,010547393,1,1,0,18,19,3,7,0,0,1,0,0,0,0,3,1,1,1,1,22,5,-1,-1,-1,-1,2,E01035676,0,1
2024451523651,2024,451523651,3,99,0,-1,3,2,4,-1,0,0,0,0,0,0,2,1,-1,6,3,40,7,-1,-1,-1,-1,-1,-1,0,-1
2024010542519,2024,010542519,2,1,0,15,15,5,1,0,0,0,0,0,0,0,1,1,1,1,1,32,6,-1,-1,-1,-1,2,E01000102,0,3
2024622400052,2024,622400052,2,1,0,18,19,2,6,0,0,0,0,0,0,0,1,1,6,6,1,50,8,-1,-1,-1,-1,5,W01001839,0,1
2024471445986,2024,471445986,2,9,0,-1,19,7,3,-1,0,1,0,0,0,0,3,1,-1,9,1,25,5,-1,-1,-1,-1,10,E01024321,0,4
2024991516960,2024,991516960,1,9,0,-1,19,7,3,-1,0,0,0,0,0,0,1,1,-1,9,1,25,5,-1,-1,-1,-1,9,-1,0,1
2024320009223,2024,320009223,3,9,0,8,8,8,2,0,0,1,0,0,0,0,1,1,6,6,2,45,7,-1,-1,-1,-1,7,E01013292,0,4
2024430308737,2024,430308737,1,9,0,4,4,8,4,0,0,0,0,0,0,0,2,1,6,6,1,30,6,-1,-1,-1,-1,4,E01004358,0,4
2024361484411,2024,361484411,4,9,0,-1,19,6,1,-1,0,0,0,0,0,0,2,1,-1,9,1,43,7,-1,-1,-1,-1,4,E01026864,0,2
2024461522227,2024,461522227,2,11,0,-1,19,6,1,-1,0,0,0,0,0,0,1,1,-1,1,1,56,9,-1,-1,-1,-1,2,E01024585,0,2
2024991460640,2024,991460640,1,5,0,-1,19,5,2,-1,0,2,5,0,7,0,4,1,-1,9,2,59,9,-1,-1,-1,-1,-1,-1,0,-1
2024141451024,2024,141451024,1,90,0,-1,19,1,5,-1,0,0,0,0,0,0,1,9,-1,6,3,-1,-1,-1,-1,-1,-1,-1,-1,0,-1
2024010509484,2024,010509484,1,1,0,99,99,9,9,0,0,9,0,99,9,99,9,1,6,6,3,-1,-1,-1,-1,-1,-1,-1,-1,0,-1
2024351469192,2024,351469192,2,1,0,-1,4,1,5,-1,0,0,0,0,0,0,2,1,-1,9,1,32,6,-1,-1,-1,-1,7,E01015590,0,1
2024010530747,2024,010530747,2,1,0,5,5,5,1,0,0,6,0,0,0,0,3,1,2,2,1,47,8,-1,-1,-1,-1,4,E01001511,0,1
2024471479666,2024,471479666,1,9,0,-1,9,7,3,-1,0,6,0,0,0,0,1,2,-1,9,1,46,8,-1,-1,-1,-1,-1,-1,0,-1
2024631464399,2024,631464399,2,9,0,-1,19,1,5,-1,0,8,1,0,3,10,4,1,-1,9,2,68,10,-1,-1,-1,-1,8,W01002013,0,2
2024010486838,2024,010486838,2,19,0,2,2,0,0,2,2,2,0,0,0,0,2,1,6,6,3,-1,-1,-1,-1,-1,-1,-1,-1,0,-1
2024471449583,2024,471449583,2,99,0,-1,19,5,1,-1,0,0,0,0,0,0,0,9,-1,6,3,-1,-1,-1,-1,-1,-1,-1,-1,0,-1
2024010519460,2024,010519460,2,9,0,99,99,9,9,99,99,9,9,99,9,99,1,9,6,6,2,73,10,-1,-1,-1,-1,7,E01004275,0,1
2024010493049,2024,010493049,2,9,0,18,19,1,5,0,0,2,0,0,0,0,4,1,6,6,1,-1,-1,-1,-1,-1,-1,-1,-1,0,-1
2024361408901,2024,361408901,2,9,-1,-1,19,4,8,-1,0,2,0,0,0,0,-1,9,-1,6,3,-1,-1,-1,-1,-1,-1,-1,-1,0,-1
2024311457385,2024,311457385,2,9,0,-1,5,8,4,-1,0,1,0,0,0,0,1,9,-1,6,3,-1,-1,-1,-1,-1,-1,-1,-1,0,-1
2024010527062,2024,010527062,2,1,0,15,15,5,1,0,0,8,0,0,0,0,0,1,6,6,1,31,6,-1,-1,-1,-1,4,E01002101,0,1
2024231462232,2024,231462232,1,9,0,-1,13,7,3,-1,0,8,0,0,0,0,1,1,-1,6,2,23,5,-1,-1,-1,-1,8,E01031162,0,3
2024010509385,2024,010509385,2,9,9,99,99,9,9,99,99,9,9,99,9,99,9,9,6,6,3,-1,-1,-1,-1,-1,-1,-1,-1,0,-1
2024010494251,2024,010494251,1,3,0,99,99,9,9,99,99,1,9,99,9,99,1,1,1,1,3,29,6,-1,-1,-1,-1,2,E01003093,0,1
2024351465644,2024,351465644,2,9,0,-1,2,0,0,-1,0,0,0,0,0,0,1,1,-1,6,-1,-1,-1,-1,-1,-1,-1,-1,-1,0,-1
2024421436227,2024,421436227,2,5,0,-1,19,3,7,-1,0,0,1,0,0,0,1,1,-1,9,1,28,6,-1,-1,-1,-1,2,E01022046,0,2
2024351413178,2024,351413178,2,1,0,-1,7,1,5,-1,0,6,0,0,0,0,1,1,-1,7,1,11,3,-1,-1,-1,-1,5,E01018131,0,1
2024010490808,2024,010490808,2,9,0,18,19,3,7,0,0,1,1,0,0,0,1,1,6,6,1,29,6,-1,-1,-1,-1,10,E01031720,0,4
2024211514285,2024,211514285,2,19,0,-1,19,4,8,-1,0,0,0,0,0,0,1,1,-1,6,1,40,7,-1,-1,-1,-1,-1,-1,0,-1
2024010496692,2024,010496692,3,9,0,2,2,0,0,0,0,1,0,0,0,0,1,1,6,6,3,-1,-1,-1,-1,-1,-1,-1,-1,0,-1
2024231444001,2024,231444001,1,1,0,-1,19,2,6,-1,0,8,0,4,0,0,1,1,-1,9,2,46,8,-1,-1,-1,-1,6,E01031169,0,1
2024141503126,2024,141503126,1,9,0,-1,19,1,5,-1,0,1,0,0,0,0,1,1,-1,6,1,67,10,-1,-1,-1,-1,7,E01007683,0,1
2024430156717,2024,430156717,1,9,0,3,3,3,7,0,0,1,0,0,0,0,2,1,6,6,2,30,6,-1,-1,-1,-1,10,E01017677,0,3
2024010493694,2024,010493694,1,9,0,18,19,1,5,0,0,0,0,0,0,0,1,1,6,6,1,26,6,-1,-1,-1,-1,3,E01000100,0,1
2024010537848,2024,010537848,2,1,0,18,19,1,5,0,0,2,0,0,0,0,3,1,6,6,1,19,4,-1,-1,-1,-1,5,E01001613,0,1
2024010488639,2024,010488639,2,9,0,18,19,2,6,0,0,1,0,0,0,0,4,1,6,6,2,43,7,-1,-1,-1,-1,3,E01004167,0,1
2024010524410,2024,010524410,2,1,0,9,9,8,7,0,0,5,0,0,0,0,1,1,6,6,1,23,5,-1,-1,-1,-1,10,E01011888,0,5
2024201397671,2024,201397671,2,-1,0,-1,19,5,1,-1,0,0,0,0,0,0,2,1,-1,2,1,38,7,-1,-1,-1,-1,1,E01009892,1,1
2024471405973,2024,471405973,1,1,0,-1,19,1,6,-1,0,8,0,0,0,0,4,1,-1,6,1,55,8,-1,-1,-1,-1,7,E01031767,0,1
2024010499565,2024,010499565,1,-1,0,18,19,7,3,0,0,1,0,0,0,0,1,1,6,6,1,27,6,-1,-1,-1,-1,6,E01004616,1,1
2024010491637,2024,010491637,1,9,0,9,9,7,5,0,0,1,0,0,0,0,1,1,6,6,1,59,9,-1,-1,-1,-1,4,E01001946,0,1
2024991488782,2024,991488782,1,9,0,-1,19,2,6,-1,0,0,0,0,7,7,1,1,-1,9,1,63,9,-1,-1,-1,-1,-1,-1,0,-1
2024991416200,2024,991416200,1,9,0,-1,19,5,1,-1,0,0,0,0,0,0,1,1,-1,9,2,52,8,-1,-1,-1,-1,7,-1,0,4
2024010497220,2024,010497220,1,9,0,99,99,9,9,99,99,1,9,99,9,99,2,9,6,6,2,30,6,-1,-1,-1,-1,5,E01001853,0,1
2024451419804,2024,451419804,2,9,0,-1,19,1,5,-1,0,0,1,0,0,0,1,1,-1,9,1,18,4,-1,-1,-1,-1,5,E01024335,0,4
2024201471094,2024,201471094,1,9,0,-1,19,1,5,-1,0,6,0,0,0,0,1,1,-1,6,3,-1,-1,-1,-1,-1,-1,-1,-1,0,-1
2024520402810,2024,520402810,1,1,0,18,19,8,4,0,0,8,0,0,0,0,1,1,6,6,1,44,7,-1,-1,-1,-1,1,E01029106,0,1
2024411415306,2024,411415306,2,99,-1,-1,5,8,4,-1,0,2,0,0,0,0,1,9,-1,6,3,-1,-1,-1,-1,-1,-1,-1,-1,0,-1
2024131470233,2024,131470233,3,9,0,-1,2,0,0,-1,0,8,0,0,0,0,2,1,-1,6,-1,-1,-1,-1,-1,-1,-1,-1,-1,0,-1
2024201473470,2024,201473470,1,9,0,-1,19,8,4,-1,0,0,0,0,0,0,1,1,-1,6,-1,-1,-1,-1,-1,-1,-1,-1,-1,0,-1
2024010549591,2024,010549591,2,9,0,3,3,7,3,0,0,0,0,0,0,0,2,1,1,1,1,32,6,-1,-1,-1,-1,7,E01024650,0,4
2024010527733,2024,010527733,1,97,0,18,19,1,5,0,0,8,0,0,3,0,1,1,6,6,3,-1,-1,-1,-1,-1,-1,-1,-1,0,-1
2024010550476,2024,010550476,2,9,0,18,19,5,1,0,0,8,0,0,0,0,1,1,6,6,3,-1,-1,-1,-1,-1,-1,-1,-1,0,-1
2024332400960,2024,332400960,1,19,0,-1,19,2,6,-1,0,0,1,10,1,4,1,1,-1,1,1,43,7,-1,-1,-1,-1,9,E01025778,0,1
2024501501482,2024,501501482,2,1,0,-1,19,2,6,-1,0,1,5,0,0,0,1,1,-1,6,1,40,7,-1,-1,-1,-1,5,E01019992,0,1
2024311524182,2024,311524182,1,99,-1,-1,-1,-1,-1,-1,-1,-1,-1,-1,-1,0,-1,9,-1,6,3,-1,-1,-1,-1,-1,-1,-1,-1,0,-1
2024361485923,2024,361485923,2,1,0,-1,19,3,7,-1,4,1,1,0,0,0,3,1,-1,2,2,25,5,-1,-1,-1,-1,8,E01026856,0,1
2024552401430,2024,552401430,1,9,0,18,19,6,2,0,0,0,0,0,0,0,4,1,6,6,3,-1,-1,-1,-1,-1,-1,-1,-1,0,-1
2024010493142,2024,010493142,2,1,0,16,19,7,3,0,0,2,0,0,0,0,1,1,2,2,1,43,7,-1,-1,-1,-1,8,E01000361,0,3
2024010496704,2024,010496704,1,9,0,6,6,7,7,0,0,0,0,0,0,0,4,1,6,6,1,34,6,-1,-1,-1,-1,6,E01033589,0,1
2024320184671,2024,320184671,2,9,0,14,14,8,4,0,0,0,0,0,0,0,1,1,6,6,1,52,8,-1,-1,-1,-1,4,E01026044,0,2
2024471530275,2024,471530275,2,1,0,-1,19,1,6,-1,4,1,0,0,0,0,4,1,-1,6,1,20,4,-1,-1,-1,-1,3,E01016937,0,1
2024031487344,2024,031487344,1,9,0,-1,19,1,5,-1,0,1,0,0,0,0,1,1,-1,9,1,50,8,-1,-1,-1,-1,4,E01019359,0,1
2024451498701,2024,451498701,1,9,0,-1,19,5,1,-1,0,2,0,0,0,0,1,1,-1,6,2,32,6,-1,-1,-1,-1,4,E01030634,0,1
2024010492758,2024,010492758,1,1,9,99,99,9,9,99,99,9,9,99,9,99,9,1,6,6,1,45,7,-1,-1,-1,-1,8,E01035714,0,1
2024302400410,2024,302400410,3,9,0,16,19,8,4,0,0,0,0,0,0,0,1,1,6,6,2,45,7,-1,-1,-1,-1,7,E01007841,0,3
2024010505536,2024,010505536,2,1,0,18,19,1,5,0,0,1,0,4,0,0,1,1,6,6,1,44,7,-1,-1,-1,-1,9,E01035488,0,1
2024991513644,2024,991513644,1,9,0,-1,9,2,8,-1,0,1,0,0,0,0,1,1,-1,9,1,22,5,-1,-1,-1,-1,6,-1,0,2
2024471507807,2024,471507807,2,1,0,-1,19,1,5,-1,0,1,0,0,0,0,1,1,-1,6,1,20,4,-1,-1,-1,-1,10,E01031485,0,1
2024531461126,2024,531461126,2,9,0,-1,19,4,8,-1,0,1,0,0,0,0,3,1,-1,9,1,26,6,-1,-1,-1,-1,8,E01035036,0,1
2024430113720,2024,430113720,2,9,0,18,19,2,6,0,0,1,0,0,0,0,1,1,6,6,1,-1,-1,-1,-1,-1,-1,-1,-1,0,-1
2024141422555,2024,141422555,1,9,0,-1,19,1,6,-1,0,1,0,0,0,0,1,9,-1,6,3,-1,-1,-1,-1,-1,-1,-1,-1,0,-1
2024231454893,2024,231454893,1,1,0,-1,19,1,3,-1,0,0,0,0,0,0,4,1,-1,9,1,56,9,-1,-1,-1,-1,7,E01031224,0,3
2024010503451,2024,010503451,1,9,0,99,99,9,9,99,99,9,9,99,9,99,1,9,6,6,3,-1,-1,-1,-1,-1,-1,-1,-1,0,-1
2024471459435,2024,471459435,2,1,0,-1,19,3,1,-1,0,1,1,0,0,0,3,1,-1,2,1,53,8,-1,-1,-1,-1,2,E01021179,0,2
2024451468104,2024,451468104,2,9,0,-1,19,4,7,-1,0,0,1,0,0,0,2,1,-1,9,1,54,8,-1,-1,-1,-1,9,E01003006,0,3
2024131528082,2024,131528082,1,9,0,-1,-1,-1,-1,-1,-1,0,-1,-1,-1,-1,-1,1,-1,6,3,-1,-1,-1,-1,-1,-1,-1,-1,0,-1
2024010487874,2024,010487874,1,4,0,18,19,3,7,0,0,1,0,0,0,0,3,1,6,6,1,24,5,-1,-1,-1,-1,4,E01001197,0,2
2024041533174,2024,041533174,2,9,0,-1,19,7,3,-1,0,8,1,0,0,0,4,1,-1,6,1,28,6,-1,-1,-1,-1,3,E01025267,0,1
2024010493898,2024,010493898,1,9,0,99,99,9,9,99,99,9,9,99,9,99,9,9,6,6,2,39,7,-1,-1,-1,-1,8,E01001526,0,1
2024411455578,2024,411455578,1,-1,-1,-1,-1,-1,-1,-1,-1,0,-1,-1,-1,0,-1,1,-1,6,3,-1,-1,-1,-1,-1,-1,-1,-1,1,-1
2024010487375,2024,010487375,2,9,0,18,19,3,7,0,0,0,0,0,0,0,2,1,6,6,1,45,7,-1,-1,-1,-1,3,E01001645,0,1
2024010490344,2024,010490344,2,1,0,18,19,1,5,9,9,1,0,0,0,0,1,1,1,1,1,39,7,-1,-1,-1,-1,4,E01033920,0,1
2024010490604,2024,010490604,1,9,0,5,5,1,5,0,0,6,0,0,0,0,1,1,6,6,1,40,7,-1,-1,-1,-1,3,E01034145,0,2
2024010530078,2024,010530078,1,1,9,99,99,9,9,99,99,9,9,99,9,99,9,1,6,6,1,55,8,-1,-1,-1,-1,4,E01000559,0,1
2024332401158,2024,332401158,2,1,0,-1,19,5,1,-1,0,8,0,0,0,0,1,1,-1,6,1,43,7,-1,-1,-1,-1,1,E01013725,0,1
2024010512064,2024,010512064,2,1,0,18,19,6,2,0,0,0,0,0,0,0,1,1,6,6,1,34,6,-1,-1,-1,-1,6,E01004482,0,1
2024010512895,2024,010512895,1,1,9,99,99,9,9,99,99,9,9,99,9,99,9,1,6,6,3,-1,-1,-1,-1,-1,-1,-1,-1,0,-1
2024161493955,2024,161493955,1,1,0,-1,19,7,3,-1,9,1,0,0,0,0,4,1,-1,2,2,19,4,-1,-1,-1,-1,1,E01013281,0,1
2024010511338,2024,010511338,1,90,0,99,99,9,9,99,99,9,9,99,9,99,2,9,6,6,1,49,8,-1,-1,-1,-1,8,E01021798,0,4
2024161467543,2024,161467543,1,9,0,-1,9,7,3,-1,0,6,0,0,0,0,3,1,-1,6,2,54,8,-1,-1,-1,-1,10,E01013064,0,1
2024161479718,2024,161479718,1,5,0,-1,19,5,1,-1,0,0,1,0,0,0,0,1,-1,9,1,65,9,-1,-1,-1,-1,2,E01033104,0,3
2024302400152,2024,302400152,1,9,0,14,14,6,2,0,0,1,0,0,0,0,3,1,6,6,2,29,6,-1,-1,-1,-1,3,E01019552,0,1
2024141433259,2024,141433259,2,1,0,-1,19,3,7,-1,0,1,0,4,0,0,1,1,-1,1,1,16,4,-1,-1,-1,-1,2,E01008114,0,1
2024201445051,2024,201445051,1,23,0,-1,19,-1,-1,-1,0,1,-1,-1,-1,0,-1,1,-1,9,1,13,3,-1,-1,-1,-1,6,E01010133,0,1
2024161481751,2024,161481751,2,9,0,-1,4,7,1,-1,0,1,0,0,0,0,3,9,-1,6,1,-1,-1,-1,-1,-1,-1,-1,-1,0,-1
2024522402145,2024,522402145,2,1,0,18,19,2,6,0,0,8,0,0,0,0,3,1,6,6,1,15,3,-1,-1,-1,-1,10,E01014778,0,1
2024411413206,2024,411413206,1,9,0,-1,19,2,6,-1,0,0,0,4,0,0,1,1,-1,1,1,51,8,-1,-1,-1,-1,8,E01023658,0,1
2024421507073,2024,421507073,9,9,0,-1,2,0,0,-1,0,0,0,0,0,0,3,1,-1,6,1,53,8,-1,-1,-1,-1,-1,-1,0,-1
2024122400561,2024,122400561,2,1,0,18,19,2,6,0,0,0,0,0,0,0,3,1,6,6,2,18,4,-1,-1,-1,-1,7,E01013363,0,1
2024070823971,2024,070823971,1,9,0,-1,19,5,1,-1,0,0,1,0,0,0,1,1,-1,2,1,32,6,-1,-1,-1,-1,2,E01006869,0,4
2024010534333,2024,010534333,1,9,0,99,99,9,9,99,99,9,9,99,9,99,1,9,6,6,3,-1,-1,-1,-1,-1,-1,-1,-1,0,-1
2024471451652,2024,471451652,2,1,0,-1,19,8,4,-1,4,1,0,0,0,0,2,1,-1,2,1,61,9,-1,-1,-1,-1,9,E01016888,0,1
2024010504063,2024,010504063,2,9,0,18,19,1,5,0,0,1,0,0,0,0,1,1,6,6,1,24,5,-1,-1,-1,-1,-1,-1,0,-1
2024440425552,2024,440425552,2,1,0,18,19,1,7,0,0,8,0,0,0,0,4,1,1,1,2,42,7,-1,-1,-1,-1,1,E01017250,0,2
2024991416468,2024,991416468,3,9,0,-1,3,1,5,-1,0,0,0,0,0,0,2,1,-1,9,1,79,11,-1,-1,-1,-1,6,-1,0,4
2024461487460,2024,461487460,1,9,0,-1,19,4,8,-1,0,1,0,0,0,0,3,9,-1,6,1,-1,-1,-1,-1,-1,-1,-1,-1,0,-1
2024430139102,2024,430139102,2,9,0,9,9,3,1,0,0,8,0,0,0,0,4,1,6,6,2,-1,-1,-1,-1,-1,-1,-1,-1,0,-1
2024371465256,2024,371465256,1,9,0,-1,11,7,3,-1,0,0,0,0,0,0,1,1,-1,9,1,29,6,-1,-1,-1,-1,6,E01033500,0,5
2024010519777,2024,010519777,1,1,9,18,19,9,9,4,4,1,9,99,9,99,1,1,6,6,1,24,5,-1,-1,-1,-1,7,E01034540,0,5
2024010495198,2024,010495198,2,9,0,10,10,8,5,0,0,8,0,0,0,0,4,1,6,6,1,62,9,-1,-1,-1,-1,6,E01000594,0,2
2024010514288,2024,010514288,2,9,0,99,99,9,9,99,99,9,9,99,9,99,9,9,6,6,3,-1,-1,-1,-1,-1,-1,-1,-1,0,-1
2024991497136,2024,991497136,2,1,0,-1,19,4,1,-1,0,0,0,0,0,0,3,1,-1,2,1,38,7,-1,-1,-1,-1,-1,-1,0,-1
2024122500262,2024,122500262,2,1,0,9,9,5,3,0,0,1,0,0,0,0,2,1,2,2,1,60,9,-1,-1,-1,-1,9,E01013368,0,1
2024552500086,2024,552500086,2,1,0,7,7,3,5,0,0,8,0,0,0,0,4,1,6,6,1,40,7,-1,-1,-1,-1,2,E01020573,0,1
2024061522060,2024,061522060,1,9,0,-1,9,1,8,-1,0,0,0,0,0,0,3,9,-1,6,1,-1,-1,-1,-1,-1,-1,-1,-1,0,-1
2024430377864,2024,430377864,1,9,0,4,4,6,3,0,0,4,1,0,1,1,1,1,1,1,1,21,5,-1,-1,-1,-1,9,E01035760,0,3
2024471508478,2024,471508478,2,1,0,-1,19,4,8,-1,5,0,0,0,0,0,3,1,-1,7,1,11,3,-1,-1,-1,-1,4,E01031550,0,1
2024010551091,2024,010551091,1,5,0,18,19,5,1,0,0,1,0,0,0,0,1,1,6,6,1,23,5,-1,-1,-1,-1,2,E01034208,0,3
202460Q131101,2024,60Q131101,1,90,0,17,19,4,8,0,0,0,0,4,0,0,1,1,6,6,1,19,4,-1,-1,-1,-1,-1,-1,0,-1
2024302401364,2024,302401364,3,9,0,18,19,8,4,0,0,0,0,0,0,0,0,1,6,6,3,-1,-1,-1,-1,-1,-1,5,E01019456,0,4
2024122401090,2024,122401090,2,21,0,4,4,7,3,0,0,0,0,0,0,0,1,1,1,1,1,53,8,-1,-1,-1,-1,4,E01012333,0,4
2024451477350,2024,451477350,1,1,0,-1,4,4,5,-1,9,1,0,0,0,0,3,1,-1,9,1,15,3,-1,-1,-1,-1,5,E01034297,0,1
2024991534721,2024,991534721,1,9,0,-1,13,7,3,-1,0,0,0,0,7,0,1,1,-1,6,1,72,10,-1,-1,-1,-1,-1,-1,0,-1
2024010513646,2024,010513646,1,9,0,18,19,3,7,0,0,8,0,0,0,0,1,1,6,6,3,-1,-1,-1,-1,-1,-1,-1,-1,0,-1
2024010558757,2024,010558757,2,9,0,99,99,9,9,99,99,0,9,99,9,99,9,9,6,6,3,-1,-1,-1,-1,-1,-1,-1,-1,0,-1
2024320725849,2024,320725849,1,9,0,-1,-1,2,6,0,0,2,1,0,0,0,1,1,-1,-1,1,32,6,-1,-1,-1,-1,-1,-1,0,-1
2024010537748,2024,010537748,1,1,0,18,19,1,5,0,0,1,0,0,0,0,1,1,6,6,1,18,4,-1,-1,-1,-1,7,E01003657,0,1
2024520401195,2024,520401195,2,9,4,18,19,8,4,0,0,0,0,0,0,0,3,1,6,6,3,-1,-1,-1,-1,-1,-1,-1,-1,0,-1
2024201531640,2024,201531640,1,9,0,-1,19,3,7,-1,0,4,0,0,0,0,1,2,-1,6,1,44,7,-1,-1,-1,-1,-1,-1,0,-1
2024010487268,2024,010487268,2,11,0,99,99,9,9,99,99,0,9,99,9,99,1,9,6,6,3,-1,-1,-1,-1,-1,-1,-1,-1,0,-1
2024010547562,2024,010547562,1,9,0,99,99,9,9,99,99,9,9,99,9,99,1,9,6,6,3,-1,-1,-1,-1,-1,-1,-1,-1,0,-1
2024070865099,2024,070865099,1,9,0,-1,19,5,1,-1,0,8,0,0,0,0,3,1,-1,9,1,68,10,-1,-1,-1,-1,10,E01006081,0,2
2024231406867,2024,231406867,1,9,0,-1,19,1,5,-1,0,1,1,0,1,0,1,1,-1,9,1,77,11,-1,-1,-1,-1,6,E01031187,0,1
2024141454658,2024,141454658,1,1,0,-1,19,3,7,-1,0,0,5,0,0,0,1,1,-1,1,1,30,6,-1,-1,-1,-1,1,E01007905,0,1
2024451485782,2024,451485782,1,1,0,-1,19,3,7,-1,0,0,0,0,0,0,0,1,-1,9,1,30,6,-1,-1,-1,-1,8,E01030950,0,2
2024131474060,2024,131474060,1,9,0,-1,-1,-1,-1,-1,9,8,0,0,-1,0,-1,1,-1,6,3,-1,-1,-1,-1,-1,-1,-1,-1,0,-1
2024010536444,2024,010536444,1,19,0,1,1,6,4,0,0,0,0,0,0,0,2,1,1,1,1,32,6,-1,-1,-1,-1,10,E01003454,0,2
2024010537534,2024,010537534,1,1,9,99,99,9,9,99,99,9,9,99,9,99,9,1,6,6,3,-1,-1,-1,-1,-1,-1,4,E01003333,0,1
2024311517143,2024,311517143,1,8,0,-1,9,7,5,-1,0,5,0,0,0,0,1,9,-1,6,1,-1,-1,-1,-1,-1,-1,-1,-1,0,-1
2024302400974,2024,302400974,1,9,0,5,5,5,1,0,0,0,0,0,0,0,1,1,6,6,2,44,7,-1,-1,-1,-1,7,E01019859,0,1
2024201480931,2024,201480931,2,9,0,-1,19,2,6,-1,0,4,0,0,0,0,1,9,-1,6,3,-1,-1,-1,-1,-1,-1,-1,-1,0,-1
2024010492355,2024,010492355,2,9,0,10,10,4,2,0,0,6,0,0,0,0,1,9,6,6,2,-1,-1,-1,-1,-1,-1,-1,-1,0,-1
2024010548980,2024,010548980,2,98,0,99,99,9,9,99,99,0,9,99,9,99,1,9,6,6,3,-1,-1,-1,-1,-1,-1,-1,-1,0,-1
2024070122653,2024,070122653,1,9,0,18,19,1,5,0,0,2,0,0,0,0,1,1,6,6,1,63,9,-1,-1,-1,-1,5,E01034677,0,3
2024010492280,2024,010492280,1,9,0,5,5,1,5,0,0,6,0,0,0,0,1,1,6,6,3,-1,-1,-1,-1,-1,-1,-1,-1,0,-1
2024451447313,2024,451447313,2,98,0,-1,13,3,7,-1,0,0,0,0,0,0,4,9,-1,6,1,35,6,-1,-1,-1,-1,-1,-1,0,-1
2024131478891,2024,131478891,2,1,0,-1,19,5,1,-1,1,0,5,0,0,0,1,1,-1,9,1,7,2,-1,-1,-1,-1,2,E01010929,0,1
2024010496452,2024,010496452,1,9,0,9,9,5,3,0,0,1,1,0,0,0,1,1,6,6,1,32,6,-1,-1,-1,-1,5,E01002443,0,2
2024061525763,2024,061525763,2,1,0,-1,99,-1,-1,-1,99,0,9,99,8,99,4,1,-1,6,3,-1,-1,-1,-1,-1,-1,-1,-1,0,-1
2024122401075,2024,122401075,1,9,0,18,19,3,7,0,0,0,0,0,0,0,1,1,6,6,3,-1,-1,-1,-1,-1,-1,-1,-1,0,-1
2024131515241,2024,131515241,1,98,0,-1,-1,-1,-1,-1,-1,-1,-1,-1,-1,-1,-1,1,-1,6,3,-1,-1,-1,-1,-1,-1,-1,-1,0,-1
2024041397801,2024,041397801,2,18,0,-1,19,1,5,-1,1,0,0,0,0,0,1,1,-1,1,1,41,7,-1,-1,-1,-1,4,E01012729,0,1
2024041507624,2024,041507624,2,97,0,-1,19,7,3,-1,0,0,1,0,0,0,1,1,-1,9,1,65,9,-1,-1,-1,-1,8,E01007067,0,4
2024052401327,2024,052401327,2,8,0,4,4,1,4,0,0,1,0,0,0,0,1,1,1,1,3,-1,-1,-1,-1,-1,-1,-1,-1,0,-1