collision_index,collision_year,collision_ref_no,vehicle_reference,vehicle_type,towing_and_articulation,vehicle_manoeuvre_historic,vehicle_manoeuvre,vehicle_direction_from,vehicle_direction_to,vehicle_location_restricted_lane_historic,vehicle_location_restricted_lane,junction_location,skidding_and_overturning,hit_object_in_carriageway,vehicle_leaving_carriageway,hit_object_off_carriageway,first_point_of_impact,vehicle_left_hand_drive,journey_purpose_of_driver_historic,journey_purpose_of_driver,sex_of_driver,age_of_driver,age_band_of_driver,engine_capacity_cc,propulsion_code,age_of_vehicle,generic_make_model,driver_imd_decile,lsoa_of_driver,escooter_flag,driver_distance_banding
2024520403314,2024,520403314,2,9,0,9,9,8,7,0,0,8,0,0,0,0,1,1,6,6,3,-1,-1,-1,-1,-1,-1,-1,-1,0,-1
2024501468711,2024,501468711,3,9,0,-1,19,-1,-1,-1,0,0,0,0,0,0,3,1,-1,6,3,-1,-1,-1,-1,-1,-1,-1,-1,0,-1
2024221399414,2024,221399414,1,9,0,-1,19,3,8,-1,0,0,0,0,0,0,3,9,-1,6,1,45,7,-1,-1,-1,-1,-1,-1,0,-1
2024010548694,2024,010548694,2,1,0,5,5,7,3,0,0,1,0,0,0,0,3,1,6,6,2,25,5,-1,-1,-1,-1,4,E01035485,0,1
202460Q092612,2024,60Q092612,2,19,0,18,19,3,7,0,0,8,0,0,0,0,4,1,1,1,1,75,10,-1,-1,-1,-1,-1,-1,0,-1
2024430460793,2024,430460793,1,9,0,9,9,4,2,0,0,2,0,0,0,0,4,2,6,6,1,-1,-1,-1,-1,-1,-1,-1,-1,0,-1
2024461462645,2024,461462645,1,1,0,-1,19,1,5,-1,0,1,0,0,0,0,1,1,-1,6,1,16,4,-1,-1,-1,-1,8,E01024100,0,1
2024991408853,2024,991408853,1,1,0,-1,19,8,4,-1,0,1,0,0,0,0,4,1,-1,9,1,25,5,-1,-1,-1,-1,8,-1,0,4
2024430034961,2024,430034961,1,9,0,18,19,2,6,0,0,8,0,0,0,0,4,1,6,6,1,41,7,-1,-1,-1,-1,-1,-1,0,-1
2024501498131,2024,501498131,1,9,0,-1,19,6,2,-1,0,0,0,0,0,0,1,9,-1,6,3,-1,-1,-1,-1,-1,-1,-1,-1,0,-1
2024031503223,2024,031503223,1,19,-1,-1,3,5,7,-1,0,3,-1,-1,-1,0,1,9,-1,6,1,-1,-1,-1,-1,-1,-1,-1,-1,0,-1
2024211469658,2024,211469658,1,9,0,-1,7,8,1,-1,0,1,0,0,0,0,2,1,-1,1,2,55,8,-1,-1,-1,-1,2,E01014199,0,4
2024010516225,2024,010516225,1,1,9,99,99,9,9,99,99,9,9,99,9,99,2,1,1,1,1,49,8,-1,-1,-1,-1,3,E01002634,0,1
2024201449078,2024,201449078,1,9,0,-1,19,2,6,-1,0,0,0,0,0,0,1,9,-1,6,1,38,7,-1,-1,-1,-1,-1,-1,0,-1
2024991423343,2024,991423343,1,-1,0,-1,19,7,3,-1,9,0,0,0,0,0,2,1,-1,6,2,16,4,-1,-1,-1,-1,-1,-1,1,-1
2024471395329,2024,471395329,2,9,0,-1,2,0,0,-1,0,0,0,4,0,0,2,1,-1,6,-1,-1,-1,-1,-1,-1,-1,-1,-1,0,-1
2024010550139,2024,010550139,1,1,9,99,99,9,9,99,99,8,9,99,9,99,9,1,6,6,3,-1,-1,-1,-1,-1,-1,-1,-1,0,-1
2024101514786,2024,101514786,1,9,-1,-1,19,1,4,-1,0,1,0,0,0,0,3,9,-1,6,1,-1,-1,-1,-1,-1,-1,-1,-1,0,-1
2024010533066,2024,010533066,1,1,9,99,99,9,9,99,99,9,9,99,9,99,1,1,6,6,1,43,7,-1,-1,-1,-1,2,E01001773,0,2
2024141411131,2024,141411131,1,9,0,-1,19,6,2,-1,0,0,0,4,0,0,1,1,-1,9,2,20,4,-1,-1,-1,-1,3,E01019028,0,5
2024541461924,2024,541461924,1,9,0,18,19,5,1,0,0,0,0,0,0,0,0,1,6,6,3,-1,-1,-1,-1,-1,-1,-1,-1,0,-1
2024041455884,2024,041455884,1,22,0,-1,19,8,4,-1,9,0,0,0,0,0,1,1,-1,9,1,57,9,-1,-1,-1,-1,1,E01025574,0,1
2024631441677,2024,631441677,1,9,0,-1,19,2,6,-1,0,0,2,0,2,10,1,1,-1,9,1,17,4,-1,-1,-1,-1,7,W01000558,0,1
2024010489043,2024,010489043,1,9,0,16,19,7,3,0,0,0,1,4,0,0,1,1,6,6,1,25,5,-1,-1,-1,-1,2,E01033151,0,1
2024201477208,2024,201477208,2,9,0,-1,3,1,5,-1,0,8,0,0,0,0,2,1,-1,6,2,45,7,-1,-1,-1,-1,-1,-1,0,-1
2024010491252,2024,010491252,1,11,0,18,19,7,3,0,0,1,0,0,0,0,1,1,1,1,1,56,9,-1,-1,-1,-1,4,E01002631,0,1
2024522402294,2024,522402294,2,98,0,18,19,5,1,0,0,0,0,0,0,0,1,1,6,6,3,-1,-1,-1,-1,-1,-1,-1,-1,0,-1
2024061441347,2024,061441347,2,9,0,-1,19,1,5,-1,0,1,0,0,0,0,4,1,-1,2,1,54,8,-1,-1,-1,-1,2,E01005619,0,2
2024631418817,2024,631418817,2,1,0,-1,19,4,8,-1,0,0,0,0,1,10,1,1,-1,9,2,31,6,-1,-1,-1,-1,8,W01001985,0,3
2024111532425,2024,111532425,1,9,0,-1,7,5,1,-1,0,8,0,0,0,0,1,1,-1,2,2,34,6,-1,-1,-1,-1,3,E01020811,0,1
2024201508088,2024,201508088,1,9,0,-1,19,1,5,-1,0,2,0,0,0,0,1,1,-1,6,2,72,10,-1,-1,-1,-1,2,E01009265,0,1
2024010507244,2024,010507244,1,1,9,99,99,9,9,99,99,9,9,99,9,99,1,1,2,2,1,38,7,-1,-1,-1,-1,4,E01000625,0,1
2024311418951,2024,311418951,1,-1,0,-1,19,-1,-1,-1,9,0,0,0,0,0,1,1,-1,6,1,42,7,-1,-1,-1,-1,1,E01013826,1,1
2024161423442,2024,161423442,2,19,0,-1,19,3,7,-1,0,0,0,0,0,0,4,9,-1,1,3,-1,-1,-1,-1,-1,-1,-1,-1,0,-1
2024010518401,2024,010518401,2,1,0,3,3,7,3,0,0,1,0,0,0,0,1,1,6,6,1,52,8,-1,-1,-1,-1,2,E01003712,0,1
2024061441865,2024,061441865,1,3,0,-1,19,3,2,-1,9,2,0,0,0,0,2,1,-1,9,1,20,4,-1,-1,-1,-1,3,E01006159,0,1
2024631412657,2024,631412657,2,22,0,-1,19,8,4,-1,0,8,0,0,0,0,3,1,-1,6,2,70,10,-1,-1,-1,-1,1,W01000601,0,1
2024061404915,2024,061404915,2,1,0,-1,19,8,4,-1,0,8,0,0,0,0,4,1,-1,6,2,59,9,-1,-1,-1,-1,1,E01006326,0,1
2024010512482,2024,010512482,2,9,0,99,99,9,9,99,99,9,9,99,9,99,9,9,6,6,3,-1,-1,-1,-1,-1,-1,-1,-1,0,-1
2024430242540,2024,430242540,2,1,0,18,19,4,8,0,0,1,0,0,0,0,0,1,6,6,2,29,6,-1,-1,-1,-1,10,E01017881,0,3
2024010523884,2024,010523884,1,1,9,99,99,9,9,99,99,9,9,99,9,99,9,1,6,6,2,32,6,-1,-1,-1,-1,3,E01002721,0,1
2024052500085,2024,052500085,1,9,0,9,9,5,3,0,0,8,0,0,0,0,4,1,6,6,3,81,11,-1,-1,-1,-1,4,E01034032,0,5
2024010491966,2024,010491966,1,5,0,18,19,3,7,0,0,0,0,0,0,0,1,1,6,6,1,31,6,-1,-1,-1,-1,5,E01021518,0,4
2024520402021,2024,520402021,2,9,0,18,19,7,1,0,0,8,0,99,9,0,3,1,6,6,3,-1,-1,-1,-1,-1,-1,-1,-1,0,-1
2024231441068,2024,231441068,1,9,0,-1,19,1,5,-1,0,0,0,0,0,0,1,9,-1,6,3,40,7,-1,-1,-1,-1,-1,-1,0,-1
2024041467658,2024,041467658,1,9,4,-1,19,7,3,-1,0,1,0,0,0,0,0,1,-1,9,1,65,9,-1,-1,-1,-1,5,E01019394,0,3
2024101436622,2024,101436622,1,98,0,-1,19,5,1,-1,0,0,0,0,0,0,1,9,-1,2,3,-1,-1,-1,-1,-1,-1,-1,-1,0,-1
2024332400411,2024,332400411,3,9,0,-1,19,6,2,-1,0,0,0,0,0,0,2,1,-1,1,1,51,8,-1,-1,-1,-1,4,E01034024,0,2
2024010517573,2024,010517573,2,1,0,5,5,1,5,0,0,8,0,0,0,0,1,1,6,6,1,23,5,-1,-1,-1,-1,-1,-1,0,-1
2024201449078,2024,201449078,2,9,0,-1,19,6,2,-1,0,0,0,0,0,0,3,9,-1,6,1,37,7,-1,-1,-1,-1,4,E01009224,0,1
2024211491876,2024,211491876,1,9,0,-1,1,7,3,-1,0,8,0,0,0,0,2,1,-1,6,1,53,8,-1,-1,-1,-1,-1,-1,0,-1
2024421522398,2024,421522398,2,9,0,-1,19,1,5,-1,0,0,0,0,0,0,3,1,-1,9,1,31,6,-1,-1,-1,-1,5,E01015972,0,1
2024010512102,2024,010512102,2,1,0,1,1,6,2,0,0,0,0,4,0,0,2,1,1,1,1,27,6,-1,-1,-1,-1,3,E01000336,0,4
2024111482030,2024,111482030,1,97,0,-1,19,7,3,-1,0,8,0,0,0,0,1,1,-1,9,1,22,5,-1,-1,-1,-1,2,E01020802,0,1
2024010507136,2024,010507136,2,9,0,99,99,9,9,99,99,0,9,99,9,99,9,9,6,6,3,-1,-1,-1,-1,-1,-1,2,E01005207,0,5
2024010514988,2024,010514988,2,1,0,18,19,1,5,0,0,8,0,0,0,0,1,1,6,6,1,41,7,-1,-1,-1,-1,2,E01001427,0,1
2024311509657,2024,311509657,1,8,0,-1,5,5,1,-1,0,0,0,0,0,0,0,1,-1,1,-1,30,6,-1,-1,-1,-1,-1,-1,0,-1
2024141472633,2024,141472633,2,-1,0,-1,5,5,8,-1,9,1,0,0,0,0,1,9,-1,6,1,13,3,-1,-1,-1,-1,1,E01007948,1,1
2024501412831,2024,501412831,2,1,0,-1,19,3,7,-1,0,0,0,0,0,0,1,1,-1,9,1,64,9,-1,-1,-1,-1,8,E01015271,0,4
2024010492670,2024,010492670,1,9,0,1,1,1,5,9,9,6,0,0,0,0,3,1,6,6,1,54,8,-1,-1,-1,-1,2,E01001438,0,3
2024451439906,2024,451439906,2,9,0,-1,2,0,0,-1,0,0,0,0,0,0,1,1,-1,6,-1,-1,-1,-1,-1,-1,-1,-1,-1,0,-1
2024311399954,2024,311399954,2,1,0,-1,19,3,7,-1,0,8,0,0,0,0,2,1,-1,6,1,42,7,-1,-1,-1,-1,2,E01013858,0,1
2024010534770,2024,010534770,1,1,9,99,99,9,9,4,4,1,9,99,9,99,9,1,2,2,1,34,6,-1,-1,-1,-1,8,E01024060,0,4
2024991518321,2024,991518321,3,1,0,-1,19,3,7,-1,0,1,0,0,0,0,3,1,-1,6,1,-1,-1,-1,-1,-1,-1,-1,-1,0,-1
2024010550443,2024,010550443,2,9,0,18,19,1,5,0,0,1,0,0,0,0,2,1,6,6,3,-1,-1,-1,-1,-1,-1,-1,-1,0,-1
2024010491582,2024,010491582,2,9,0,99,99,9,9,99,99,0,9,99,9,99,9,9,6,6,3,-1,-1,-1,-1,-1,-1,-1,-1,0,-1
2024010494221,2024,010494221,1,2,0,7,7,5,7,0,0,8,0,0,0,0,1,1,6,6,1,28,6,-1,-1,-1,-1,2,E01003511,0,1
2024010499908,2024,010499908,2,1,0,18,19,5,1,0,0,1,0,0,0,0,2,1,6,6,1,40,7,-1,-1,-1,-1,9,E01001098,0,1
2024451395424,2024,451395424,3,9,0,-1,4,4,8,-1,0,0,0,0,0,0,2,1,-1,2,1,52,8,-1,-1,-1,-1,4,E01016120,0,4
2024371503462,2024,371503462,1,9,0,-1,19,1,5,-1,0,1,0,0,0,0,3,1,-1,6,3,-1,-1,-1,-1,-1,-1,-1,-1,0,-1
2024201407589,2024,201407589,1,1,0,-1,19,7,3,-1,0,1,0,0,0,0,1,1,-1,6,1,17,4,-1,-1,-1,-1,-1,-1,0,-1
2024010529588,2024,010529588,1,1,0,18,19,3,7,0,0,2,0,0,0,0,0,1,6,6,1,69,10,-1,-1,-1,-1,10,E01030328,0,1
2024010490602,2024,010490602,2,1,0,5,5,7,3,2,2,5,0,0,0,0,3,1,2,2,1,33,6,-1,-1,-1,-1,4,E01032764,0,2
2024010491100,2024,010491100,1,9,0,99,99,9,9,99,99,9,9,99,9,99,2,9,1,1,1,30,6,-1,-1,-1,-1,1,E01000528,0,2
2024471521722,2024,471521722,1,1,0,-1,19,2,6,-1,0,0,0,0,1,0,3,1,-1,6,1,46,8,-1,-1,-1,-1,9,E01024797,0,2
2024010494485,2024,010494485,1,9,0,9,9,1,7,0,0,3,0,0,0,0,1,1,1,1,1,40,7,-1,-1,-1,-1,2,E01004256,0,2
2024211485963,2024,211485963,2,9,0,-1,19,1,1,-1,0,0,0,0,0,0,1,1,-1,6,3,50,8,-1,-1,-1,-1,-1,-1,0,-1
2024161412460,2024,161412460,2,9,0,-1,9,8,6,-1,0,8,0,0,0,0,1,9,-1,6,3,-1,-1,-1,-1,-1,-1,-1,-1,0,-1
2024991474652,2024,991474652,3,1,0,-1,19,5,1,-1,9,0,0,0,0,0,1,1,-1,6,1,13,3,-1,-1,-1,-1,-1,-1,0,-1
2024991473626,2024,991473626,2,9,0,-1,19,2,5,-1,0,1,0,0,7,0,4,1,-1,9,1,65,9,-1,-1,-1,-1,9,-1,0,1
2024010501065,2024,010501065,2,1,0,5,5,8,4,0,0,1,0,0,0,0,1,1,2,2,1,34,6,-1,-1,-1,-1,5,E01001973,0,1
2024421460564,2024,421460564,2,9,0,-1,19,2,5,-1,0,8,0,0,0,0,1,1,-1,9,1,55,8,-1,-1,-1,-1,3,E01003726,0,1
2024131446868,2024,131446868,1,1,0,-1,19,1,5,-1,0,1,0,0,0,0,1,1,-1,9,1,29,6,-1,-1,-1,-1,1,E01010583,0,1
2024371558146,2024,371558146,1,9,0,-1,19,5,1,-1,0,8,0,0,0,0,1,1,-1,7,2,28,6,-1,-1,-1,-1,1,E01030291,0,1
2024010544239,2024,010544239,1,1,9,99,99,9,9,99,99,9,9,99,9,99,1,1,2,2,1,32,6,-1,-1,-1,-1,5,E01004016,0,1
2024501450906,2024,501450906,2,1,0,-1,19,5,1,-1,0,1,0,0,0,0,1,1,-1,1,1,32,6,-1,-1,-1,-1,5,E01015051,0,1
2024010493013,2024,010493013,2,9,0,17,19,8,4,0,0,8,0,0,0,0,2,1,6,6,1,47,8,-1,-1,-1,-1,3,E01016030,0,4
2024101504454,2024,101504454,1,9,0,-1,13,3,7,-1,0,0,0,0,0,0,4,9,-1,6,1,-1,-1,-1,-1,-1,-1,-1,-1,0,-1
2024041488287,2024,041488287,2,9,0,-1,2,1,5,-1,0,2,0,0,0,0,3,1,-1,9,2,18,4,-1,-1,-1,-1,5,E01025589,0,2
2024440236999,2024,440236999,1,1,0,3,3,8,4,0,0,1,0,0,0,0,3,1,6,6,2,74,10,-1,-1,-1,-1,-1,-1,0,-1
2024471520119,2024,471520119,2,1,0,-1,19,6,2,-1,0,8,0,0,0,0,3,1,-1,6,1,14,3,-1,-1,-1,-1,2,E01016918,0,1
2024531500478,2024,531500478,2,1,0,-1,19,8,4,-1,0,8,0,0,0,0,1,1,-1,1,1,34,6,-1,-1,-1,-1,9,E01022140,0,1
2024010496501,2024,010496501,1,2,0,7,7,5,8,0,0,1,0,0,0,0,1,1,6,6,1,34,6,-1,-1,-1,-1,3,E01000141,0,2
2024131526461,2024,131526461,3,9,0,-1,19,5,1,-1,0,2,0,0,0,0,2,1,-1,9,1,25,5,-1,-1,-1,-1,5,E01010990,0,1
2024161395209,2024,161395209,1,-1,0,-1,19,4,8,-1,9,0,0,0,0,0,0,1,-1,9,1,11,3,-1,-1,-1,-1,1,E01012880,1,1
2024061461995,2024,061461995,2,98,-1,-1,-1,-1,-1,-1,-1,0,-1,-1,-1,0,-1,9,-1,6,3,-1,-1,-1,-1,-1,-1,-1,-1,0,-1
2024430142104,2024,430142104,1,1,0,9,9,3,8,0,0,8,0,0,0,0,4,1,2,2,1,-1,-1,-1,-1,-1,-1,10,E01016386,0,1
2024201499521,2024,201499521,2,1,0,-1,5,7,2,-1,0,0,0,8,0,0,1,1,-1,6,1,12,3,-1,-1,-1,-1,2,E01009291,0,1
2024010493197,2024,010493197,2,1,0,15,15,5,1,4,4,1,0,0,0,0,1,1,2,2,2,35,6,-1,-1,-1,-1,8,E01004627,0,1
2024531467609,2024,531467609,3,9,0,-1,4,7,3,-1,0,1,0,0,0,0,0,9,-1,6,3,-1,-1,-1,-1,-1,-1,-1,-1,0,-1
2024010494389,2024,010494389,1,3,0,99,99,9,9,99,99,9,9,99,9,99,9,1,1,1,1,33,6,-1,-1,-1,-1,3,E01003525,0,1
2024131478498,2024,131478498,2,3,0,-1,19,5,1,-1,0,0,0,0,0,0,1,1,-1,9,1,57,9,-1,-1,-1,-1,8,E01005493,0,3
2024547283924,2024,547283924,1,9,0,13,13,4,8,0,0,8,2,0,2,7,1,1,6,6,1,17,4,-1,-1,-1,-1,4,E01031901,0,2
202417M105224,2024,17M105224,2,9,0,-1,9,1,7,-1,0,4,0,0,0,0,1,1,-1,6,1,-1,-1,-1,-1,-1,-1,-1,-1,0,-1
2024340NN1022,2024,340NN1022,1,9,0,-1,5,5,1,-1,0,0,0,0,0,0,1,1,-1,6,1,62,9,-1,-1,-1,-1,-1,-1,0,-1
2024061492079,2024,061492079,1,9,0,-1,13,3,7,-1,0,4,1,0,0,0,1,1,-1,6,1,64,9,-1,-1,-1,-1,-1,-1,0,-1
2024430583961,2024,430583961,1,9,0,18,19,4,8,0,0,0,0,0,0,0,1,1,6,6,3,-1,-1,-1,-1,-1,-1,-1,-1,0,-1
2024010526920,2024,010526920,2,9,9,18,19,1,5,99,99,9,9,99,0,0,4,9,6,6,1,21,5,-1,-1,-1,-1,3,E01002702,0,1
2024211461827,2024,211461827,2,1,0,-1,19,2,6,-1,0,1,0,0,0,0,1,1,-1,9,1,46,8,-1,-1,-1,-1,8,E01029788,0,1
2024010539903,2024,010539903,2,19,9,99,99,9,9,99,99,9,9,99,9,99,9,9,6,6,3,-1,-1,-1,-1,-1,-1,-1,-1,0,-1
2024010494467,2024,010494467,1,9,0,18,19,3,7,0,0,6,0,0,0,0,2,1,6,6,1,63,9,-1,-1,-1,-1,-1,-1,0,-1
2024302400087,2024,302400087,1,9,0,18,19,2,6,0,0,1,0,0,0,0,1,1,6,6,1,22,5,-1,-1,-1,-1,6,E01013541,0,2
2024010507721,2024,010507721,2,9,9,99,99,9,9,99,99,9,9,99,9,99,1,9,6,6,3,-1,-1,-1,-1,-1,-1,-1,-1,0,-1
2024991538019,2024,991538019,2,1,0,-1,19,5,1,-1,0,1,0,0,0,0,1,1,-1,6,1,61,9,-1,-1,-1,-1,3,-1,0,1
2024351537544,2024,351537544,1,9,-1,-1,15,5,1,-1,0,8,0,0,0,0,-1,9,-1,6,3,-1,-1,-1,-1,-1,-1,-1,-1,0,-1
2024421417716,2024,421417716,1,9,0,-1,19,3,7,-1,0,0,0,0,1,2,4,1,-1,9,1,61,9,-1,-1,-1,-1,7,E01015974,0,1
2024010495924,2024,010495924,1,9,0,1,1,7,3,0,0,5,0,0,0,0,4,1,6,6,2,38,7,-1,-1,-1,-1,7,E01002197,0,1
2024101456092,2024,101456092,1,22,0,-1,5,8,4,-1,0,8,5,0,0,0,1,1,-1,6,1,73,10,-1,-1,-1,-1,-1,-1,0,-1
2024211458152,2024,211458152,1,9,0,-1,5,1,5,-1,0,0,0,0,0,0,1,1,-1,6,2,33,6,-1,-1,-1,-1,2,E01014359,0,1
2024010529483,2024,010529483,1,1,0,10,10,4,2,0,0,1,0,0,0,0,2,1,2,2,2,29,6,-1,-1,-1,-1,5,E01004065,0,1
2024201430831,2024,201430831,2,9,0,-1,19,1,5,-1,0,8,0,0,0,0,2,9,-1,6,2,62,9,-1,-1,-1,-1,10,E01009784,0,1
2024131502245,2024,131502245,3,9,0,-1,4,1,1,-1,0,0,0,0,0,0,2,1,-1,2,2,62,9,-1,-1,-1,-1,9,E01010687,0,1
2024440311744,2024,440311744,1,9,0,9,9,7,5,0,0,1,0,0,0,0,4,1,1,1,1,20,4,-1,-1,-1,-1,6,E01031520,0,1
2024131499635,2024,131499635,2,9,0,-1,5,6,8,-1,0,8,0,0,0,0,3,1,-1,9,2,55,8,-1,-1,-1,-1,9,E01011935,0,3
2024052402402,2024,052402402,1,1,0,18,19,7,3,0,0,8,0,0,0,0,3,1,6,6,1,19,4,-1,-1,-1,-1,1,E01007055,0,1
2024010539451,2024,010539451,1,1,9,99,99,9,9,99,99,9,9,99,9,99,1,1,2,2,2,18,4,-1,-1,-1,-1,9,E01003909,0,1
2024010542799,2024,010542799,1,1,0,18,19,1,5,4,4,0,0,0,0,0,1,1,6,6,1,49,8,-1,-1,-1,-1,8,E01000118,0,1
202417S211724,2024,17S211724,2,1,0,-1,10,3,5,-1,0,1,0,0,0,0,3,1,-1,6,1,39,7,-1,-1,-1,-1,2,E01012193,0,1
2024440490011,2024,440490011,2,1,0,18,19,4,8,0,0,0,0,0,0,0,1,1,6,6,1,19,4,-1,-1,-1,-1,5,E01017024,0,1
2024101460285,2024,101460285,2,9,0,-1,9,7,3,-1,0,8,0,0,0,0,3,1,-1,9,2,41,7,-1,-1,-1,-1,2,E01008263,0,2
2024302401112,2024,302401112,3,9,0,9,9,2,8,0,0,8,0,0,0,0,0,1,6,6,3,-1,-1,-1,-1,-1,-1,5,E01019456,0,4
2024141429975,2024,141429975,2,9,0,-1,19,6,4,-1,0,0,0,0,0,0,1,1,-1,1,1,53,8,-1,-1,-1,-1,3,E01007632,0,1
2024010491140,2024,010491140,1,1,9,99,99,9,9,99,99,9,9,99,9,99,9,1,2,2,1,40,7,-1,-1,-1,-1,5,E01000973,0,1
2024061529458,2024,061529458,1,1,0,-1,19,-1,-1,-1,0,8,5,0,0,0,4,1,-1,6,1,19,4,-1,-1,-1,-1,4,E01034115,0,1
2024320559529,2024,320559529,2,17,0,-1,-1,2,6,0,0,1,0,0,0,0,0,1,1,1,3,-1,-1,-1,-1,-1,-1,-1,-1,0,-1
2024430477096,2024,430477096,1,1,0,18,19,8,4,0,0,0,0,0,0,0,2,1,2,2,1,44,7,-1,-1,-1,-1,9,E01028531,0,3
2024540718724,2024,540718724,1,9,0,13,13,6,2,0,0,1,0,7,1,0,3,1,2,2,1,19,4,-1,-1,-1,-1,10,E01032032,0,2
2024430286228,2024,430286228,1,9,0,18,19,5,1,0,0,1,0,0,0,0,3,1,6,6,1,-1,-1,-1,-1,-1,-1,-1,-1,0,-1
2024522402660,2024,522402660,3,9,0,3,3,2,6,0,0,2,0,0,0,0,2,1,6,6,3,-1,-1,-1,-1,-1,-1,-1,-1,0,-1
2024010507468,2024,010507468,2,1,0,18,19,7,3,0,0,2,0,0,0,0,1,1,6,6,1,30,6,-1,-1,-1,-1,3,E01003768,0,3
2024131484751,2024,131484751,2,16,0,-1,15,6,2,-1,0,8,0,0,0,0,3,1,-1,6,2,32,6,-1,-1,-1,-1,9,E01011177,0,3
2024061513990,2024,061513990,1,1,0,-1,19,-1,-1,-1,0,1,0,1,0,0,1,1,-1,2,1,35,6,-1,-1,-1,-1,4,E01006186,0,1
2024461433876,2024,461433876,2,1,0,-1,19,3,7,-1,0,2,0,0,0,0,1,1,-1,9,1,52,8,-1,-1,-1,-1,9,E01024797,0,3
2024471454267,2024,471454267,2,90,0,-1,10,-1,-1,-1,99,0,0,0,0,0,1,9,-1,6,3,-1,-1,-1,-1,-1,-1,-1,-1,0,-1
2024461420836,2024,461420836,4,98,0,-1,4,5,5,-1,0,0,1,0,0,0,1,1,-1,1,1,47,8,-1,-1,-1,-1,4,E01008646,0,5
2024010495854,2024,010495854,1,11,0,3,3,4,8,2,2,0,0,0,0,0,0,1,1,1,1,32,6,-1,-1,-1,-1,3,E01002774,0,1
2024010494058,2024,010494058,1,9,0,18,19,7,3,0,0,1,5,0,0,0,1,1,1,1,1,25,5,-1,-1,-1,-1,3,E01002697,0,2
2024010493699,2024,010493699,1,3,0,99,99,9,9,99,99,0,9,99,9,99,9,1,1,1,3,23,5,-1,-1,-1,-1,6,E01003149,0,1
2024302400189,2024,302400189,3,19,0,2,2,0,0,0,0,0,0,0,0,0,0,1,6,6,3,-1,-1,-1,-1,-1,-1,-1,-1,0,-1
2024070463333,2024,070463333,2,1,0,18,19,3,7,0,0,0,0,0,0,0,4,1,6,6,1,62,9,-1,-1,-1,-1,9,E01012562,0,1
2024421429861,2024,421429861,2,1,0,-1,19,6,2,-1,0,2,5,0,0,0,1,1,-1,6,1,52,8,-1,-1,-1,-1,9,E01021748,0,2
2024010506433,2024,010506433,1,9,0,9,9,1,7,0,0,5,0,0,0,0,1,1,6,6,3,-1,-1,-1,-1,-1,-1,-1,-1,0,-1
2024010526720,2024,010526720,2,1,0,18,19,7,3,0,0,6,0,0,1,0,1,1,6,6,2,24,5,-1,-1,-1,-1,3,E01003520,0,1
2024401517839,2024,401517839,1,8,0,-1,-1,-1,-1,-1,-1,-1,-1,-1,-1,0,-1,9,-1,6,3,-1,-1,-1,-1,-1,-1,-1,-1,0,-1
2024622400567,2024,622400567,2,1,0,18,19,6,2,0,0,1,0,0,0,0,1,1,6,6,2,47,8,-1,-1,-1,-1,9,W01002025,0,1
2024052401543,2024,052401543,1,9,0,18,19,5,1,0,0,2,0,0,0,0,1,1,6,6,3,-1,-1,-1,-1,-1,-1,-1,-1,0,-1
2024010490920,2024,010490920,1,9,0,5,5,0,7,9,9,2,0,0,0,0,3,1,6,6,1,34,6,-1,-1,-1,-1,-1,-1,0,-1
2024010540732,2024,010540732,2,9,0,99,99,9,9,99,99,9,9,99,9,99,1,9,6,6,3,-1,-1,-1,-1,-1,-1,5,E01003700,0,3
2024101508363,2024,101508363,2,9,-1,-1,3,3,7,-1,0,0,0,0,0,0,2,9,-1,6,2,23,5,-1,-1,-1,-1,1,E01027427,0,1
2024141463206,2024,141463206,2,1,0,-1,19,2,6,-1,0,6,0,0,0,0,1,1,-1,6,1,9,2,-1,-1,-1,-1,2,E01007895,0,1
2024520403127,2024,520403127,2,9,0,4,4,5,1,0,0,0,0,0,0,0,1,1,6,6,2,59,9,-1,-1,-1,-1,5,E01029222,0,3
2024131461364,2024,131461364,2,1,0,-1,9,6,3,-1,0,8,0,0,0,0,4,1,-1,9,1,22,5,-1,-1,-1,-1,5,E01033010,0,1
2024010531599,2024,010531599,2,9,0,99,99,9,9,99,99,9,9,99,9,99,1,9,6,6,3,-1,-1,-1,-1,-1,-1,-1,-1,0,-1
2024010547195,2024,010547195,1,1,9,99,99,9,9,99,99,9,9,99,9,99,1,1,2,2,1,49,8,-1,-1,-1,-1,10,E01003884,0,1
2024010522314,2024,010522314,1,1,0,5,5,0,3,0,0,2,0,0,0,0,1,1,6,6,1,23,5,-1,-1,-1,-1,-1,-1,0,-1
2024041521793,2024,041521793,2,9,0,-1,9,5,1,-1,0,1,0,0,0,0,2,1,-1,9,2,45,7,-1,-1,-1,-1,3,E01012699,0,1
2024501508906,2024,501508906,2,1,0,-1,19,4,8,-1,0,6,5,0,0,0,4,1,-1,6,2,13,3,-1,-1,-1,-1,6,E01034635,0,1
2024010544452,2024,010544452,1,1,9,99,99,9,9,99,99,9,9,99,9,99,9,1,6,6,3,42,7,-1,-1,-1,-1,5,E01002083,0,1
2024471493045,2024,471493045,1,9,0,-1,5,5,7,-1,0,4,0,0,0,0,3,1,-1,6,2,69,10,-1,-1,-1,-1,3,E01031409,0,1
2024552400978,2024,552400978,1,9,0,11,11,1,5,0,0,0,0,0,0,0,0,1,6,6,3,-1,-1,-1,-1,-1,-1,-1,-1,0,-1
2024440368549,2024,440368549,2,9,0,18,19,7,3,0,0,0,0,0,0,0,1,1,6,6,2,-1,-1,-1,-1,-1,-1,6,E01017041,0,4
2024610020424,2024,610020424,2,9,0,13,13,5,1,0,0,3,0,0,0,0,4,1,6,6,3,-1,-1,-1,-1,-1,-1,-1,-1,0,-1
2024131532286,2024,131532286,2,1,0,-1,19,1,5,-1,0,1,0,0,0,0,2,1,-1,6,1,33,6,-1,-1,-1,-1,4,E01011463,0,2
2024010488438,2024,010488438,2,1,0,18,19,5,1,4,4,1,0,0,0,0,0,1,6,6,2,35,6,-1,-1,-1,-1,6,E01002984,0,2
2024540577124,2024,540577124,2,1,0,18,19,8,3,0,0,4,0,0,0,0,4,1,6,6,1,60,9,-1,-1,-1,-1,7,E01015582,0,1