collision_index,collision_year,collision_ref_no,vehicle_reference,vehicle_type,towing_and_articulation,vehicle_manoeuvre_historic,vehicle_manoeuvre,vehicle_direction_from,vehicle_direction_to,vehicle_location_restricted_lane_historic,vehicle_location_restricted_lane,junction_location,skidding_and_overturning,hit_object_in_carriageway,vehicle_leaving_carriageway,hit_object_off_carriageway,first_point_of_impact,vehicle_left_hand_drive,journey_purpose_of_driver_historic,journey_purpose_of_driver,sex_of_driver,age_of_driver,age_band_of_driver,engine_capacity_cc,propulsion_code,age_of_vehicle,generic_make_model,driver_imd_decile,lsoa_of_driver,escooter_flag,driver_distance_banding
2024430415951,2024,430415951,2,1,0,18,19,1,5,4,4,8,0,0,0,0,3,1,2,2,1,27,6,-1,-1,-1,-1,6,E01028657,0,1
2024610029224,2024,610029224,2,1,0,18,19,2,6,0,0,1,0,0,0,0,1,1,6,6,2,10,2,-1,-1,-1,-1,2,W01001660,0,1
202417M102224,2024,17M102224,1,9,0,18,19,6,2,0,0,4,0,0,0,0,1,1,6,6,2,-1,-1,-1,-1,-1,-1,-1,-1,0,-1
2024430602796,2024,430602796,1,21,0,12,12,2,6,0,0,0,0,0,0,0,1,1,1,1,1,24,5,-1,-1,-1,-1,-1,-1,0,-1
2024041459308,2024,041459308,1,17,0,-1,19,-1,-1,-1,0,0,0,0,0,0,3,9,-1,6,3,-1,-1,-1,-1,-1,-1,-1,-1,0,-1
2024302401538,2024,302401538,1,9,0,1,1,4,6,9,9,0,0,0,0,0,2,1,6,6,3,-1,-1,-1,-1,-1,-1,5,E01019456,0,3
2024052402609,2024,052402609,2,1,0,18,19,5,1,0,0,0,0,0,0,0,3,1,4,7,1,12,3,-1,-1,-1,-1,1,E01007155,0,1
2024010504655,2024,010504655,2,-1,0,18,19,8,4,0,0,1,0,0,0,0,1,1,6,6,1,36,7,-1,-1,-1,-1,5,E01000975,1,1
2024131427611,2024,131427611,1,9,0,-1,-1,-1,-1,-1,-1,-1,-1,-1,-1,-1,-1,1,-1,6,3,-1,-1,-1,-1,-1,-1,-1,-1,0,-1
2024010490026,2024,010490026,2,9,0,99,99,9,9,99,99,6,9,99,9,99,9,9,6,6,3,-1,-1,-1,-1,-1,-1,-1,-1,0,-1
2024010509268,2024,010509268,2,-1,0,18,19,3,7,9,9,1,0,0,0,0,1,1,4,7,1,12,3,-1,-1,-1,-1,7,E01003370,1,1
2024361490358,2024,361490358,2,9,0,-1,9,1,5,-1,0,2,0,0,0,0,1,1,-1,6,2,34,6,-1,-1,-1,-1,3,E01026696,0,3
2024041487773,2024,041487773,2,1,0,-1,19,8,4,-1,0,2,0,0,0,0,3,1,-1,2,1,35,6,-1,-1,-1,-1,3,E01012715,0,1
2024201410745,2024,201410745,2,1,0,-1,15,8,4,-1,0,0,0,10,1,0,1,1,-1,6,1,50,8,-1,-1,-1,-1,1,E01010125,0,1
2024010497243,2024,010497243,1,1,9,99,99,9,9,99,99,9,9,99,9,99,2,1,6,6,1,20,4,-1,-1,-1,-1,4,E01035652,0,1
2024041419897,2024,041419897,1,9,0,-1,19,3,7,-1,0,0,0,0,0,0,1,1,-1,9,1,33,6,-1,-1,-1,-1,2,E01025124,0,1
2024131461671,2024,131461671,1,9,0,-1,19,6,2,-1,0,8,0,0,0,0,-1,1,-1,6,3,-1,-1,-1,-1,-1,-1,-1,-1,0,-1
202460Q185050,2024,60Q185050,1,9,0,18,19,7,3,0,0,7,0,0,0,0,1,1,2,2,1,37,7,-1,-1,-1,-1,-1,-1,0,-1
2024552400647,2024,552400647,1,9,0,4,4,1,5,0,0,8,0,0,0,0,2,1,6,6,3,-1,-1,-1,-1,-1,-1,-1,-1,0,-1
2024010488258,2024,010488258,2,1,0,15,15,7,3,0,0,8,0,0,0,0,3,1,6,6,1,11,3,-1,-1,-1,-1,4,E01003730,0,1
2024231416432,2024,231416432,2,1,0,-1,19,5,1,-1,9,8,0,0,0,0,1,1,-1,1,1,56,9,-1,-1,-1,-1,4,E01031087,0,1
2024070844772,2024,070844772,2,1,0,-1,19,5,7,-1,0,5,0,0,0,0,3,1,-1,6,1,32,6,-1,-1,-1,-1,5,E01034660,0,1
2024991418351,2024,991418351,5,9,0,-1,19,8,4,-1,0,0,0,0,0,0,4,1,-1,2,1,22,5,-1,-1,-1,-1,5,-1,0,1
2024501400084,2024,501400084,2,1,0,-1,19,2,6,-1,0,0,0,0,0,0,2,1,-1,6,2,66,10,-1,-1,-1,-1,7,E01020063,0,1
2024010496386,2024,010496386,2,9,0,99,99,9,9,99,99,9,9,99,9,99,9,9,6,6,3,-1,-1,-1,-1,-1,-1,-1,-1,0,-1
202417M110324,2024,17M110324,1,9,0,-1,7,2,4,-1,0,2,0,0,0,0,1,1,-1,6,1,-1,-1,-1,-1,-1,-1,-1,-1,0,-1
2024221513366,2024,221513366,2,9,0,-1,3,4,8,-1,0,1,0,0,0,0,2,1,-1,1,1,19,4,-1,-1,-1,-1,-1,-1,0,-1
2024610012524,2024,610012524,1,9,0,18,19,7,3,0,0,0,0,0,0,0,1,1,6,6,1,76,11,-1,-1,-1,-1,9,W01001641,0,1
2024010521274,2024,010521274,2,1,0,7,7,3,4,0,0,6,0,0,0,0,1,1,6,6,1,29,6,-1,-1,-1,-1,5,E01003640,0,1
2024221475336,2024,221475336,2,9,0,-1,19,1,6,-1,0,0,0,0,0,0,1,1,-1,6,1,65,9,-1,-1,-1,-1,7,E01028976,0,1
2024430331477,2024,430331477,1,9,0,4,4,2,6,0,0,1,0,0,0,0,0,1,6,6,3,-1,-1,-1,-1,-1,-1,-1,-1,0,-1
2024031420587,2024,031420587,1,1,0,-1,19,6,2,-1,0,8,0,0,0,0,1,1,-1,2,1,53,8,-1,-1,-1,-1,-1,-1,0,-1
2024010487475,2024,010487475,1,9,0,18,19,1,5,0,0,8,0,10,0,0,4,1,6,6,1,52,8,-1,-1,-1,-1,9,E01004761,0,3
2024430060722,2024,430060722,1,9,0,18,19,2,6,0,0,0,0,0,0,0,1,1,6,6,1,-1,-1,-1,-1,-1,-1,-1,-1,0,-1
2024461499266,2024,461499266,2,22,0,-1,19,8,4,-1,0,6,0,0,0,0,4,1,-1,9,2,24,5,-1,-1,-1,-1,3,E01024622,0,1
2024010514721,2024,010514721,2,9,0,7,7,5,7,0,0,2,0,0,0,0,1,1,6,6,3,-1,-1,-1,-1,-1,-1,-1,-1,0,-1
2024010493732,2024,010493732,2,-1,0,18,19,5,1,0,0,0,0,0,0,0,1,1,2,2,1,30,6,-1,-1,-1,-1,4,E01002631,1,1
2024010491049,2024,010491049,2,9,0,9,9,6,5,0,0,1,0,0,0,0,3,1,6,6,2,44,7,-1,-1,-1,-1,3,E01033599,0,1
2024161514089,2024,161514089,3,23,0,-1,2,0,0,-1,0,0,0,0,0,0,2,1,-1,6,-1,-1,-1,-1,-1,-1,-1,-1,-1,0,-1
2024991441204,2024,991441204,2,1,0,-1,19,3,7,-1,0,1,0,0,0,0,1,1,-1,6,2,68,10,-1,-1,-1,-1,10,-1,0,1
2024010517877,2024,010517877,2,9,0,18,19,6,2,0,0,2,0,0,0,0,1,1,6,6,1,39,7,-1,-1,-1,-1,6,E01003130,0,1
2024010546103,2024,010546103,2,9,9,99,99,9,9,99,99,9,9,99,9,99,9,9,6,6,3,-1,-1,-1,-1,-1,-1,-1,-1,0,-1
2024552400377,2024,552400377,1,19,0,18,19,2,6,0,0,2,0,0,7,1,4,1,6,6,2,23,5,-1,-1,-1,-1,8,E01015447,0,1
2024010551740,2024,010551740,2,9,0,18,19,1,5,0,0,4,0,0,0,0,1,1,6,6,1,36,7,-1,-1,-1,-1,6,E01002380,0,1
2024211443648,2024,211443648,1,98,0,-1,9,3,8,-1,0,4,0,0,0,0,4,9,-1,6,3,40,7,-1,-1,-1,-1,-1,-1,0,-1
2024061448818,2024,061448818,1,99,0,-1,19,1,6,-1,0,2,0,0,0,0,4,9,-1,6,1,-1,-1,-1,-1,-1,-1,-1,-1,0,-1
2024010550579,2024,010550579,3,9,0,4,4,7,3,0,0,1,0,0,0,0,1,1,6,6,1,29,6,-1,-1,-1,-1,3,E01004455,0,1
2024311531740,2024,311531740,1,9,0,-1,1,5,1,-1,0,1,0,0,0,0,2,1,-1,6,3,-1,-1,-1,-1,-1,-1,-1,-1,0,-1
2024010496337,2024,010496337,2,9,0,18,19,3,7,0,0,0,0,0,0,0,2,1,6,6,1,39,7,-1,-1,-1,-1,1,E01002034,0,1
2024610033224,2024,610033224,1,1,0,16,19,2,5,0,0,0,0,0,0,0,3,1,2,2,1,63,9,-1,-1,-1,-1,8,W01001569,0,1
2024221417203,2024,221417203,2,9,0,-1,7,4,2,-1,4,6,0,0,0,0,1,9,-1,6,2,44,7,-1,-1,-1,-1,-1,-1,0,-1
2024221532094,2024,221532094,2,1,0,-1,19,2,6,-1,0,4,0,0,0,0,1,1,-1,9,2,58,9,-1,-1,-1,-1,8,E01032338,0,1
2024010490291,2024,010490291,1,3,0,18,19,6,2,0,0,1,0,0,0,0,1,1,6,6,1,39,7,-1,-1,-1,-1,3,E01000506,0,1
2024101397050,2024,101397050,2,1,0,-1,19,2,6,-1,0,0,5,0,0,0,4,1,-1,2,1,52,8,-1,-1,-1,-1,4,E01008490,0,1
2024991414221,2024,991414221,1,9,0,-1,5,6,1,-1,0,1,0,0,0,0,1,1,-1,6,2,26,6,-1,-1,-1,-1,-1,-1,0,-1
2024610027924,2024,610027924,1,-1,0,18,19,5,1,0,0,8,0,0,0,0,3,1,6,6,1,17,4,-1,-1,-1,-1,3,W01001539,1,1
2024430169267,2024,430169267,2,9,0,18,19,2,6,0,0,0,0,0,0,0,4,1,6,6,3,-1,-1,-1,-1,-1,-1,-1,-1,0,-1
2024111481650,2024,111481650,1,99,0,-1,-1,-1,-1,-1,-1,-1,-1,-1,-1,0,1,9,-1,6,3,30,6,-1,-1,-1,-1,-1,-1,0,-1
2024411422338,2024,411422338,2,1,-1,-1,-1,-1,-1,-1,-1,-1,0,0,0,0,-1,1,-1,6,1,65,9,-1,-1,-1,-1,5,E01023529,0,1
2024010492212,2024,010492212,3,11,0,18,19,1,5,0,0,8,0,0,0,0,3,1,1,1,1,35,6,-1,-1,-1,-1,2,E01002151,0,3
2024471458168,2024,471458168,3,1,0,-1,19,4,8,-1,0,0,0,0,0,0,3,1,-1,6,-1,-1,-1,-1,-1,-1,-1,-1,-1,0,-1
2024010490143,2024,010490143,1,1,0,18,19,1,5,0,0,4,0,0,0,0,1,1,6,6,1,35,6,-1,-1,-1,-1,2,E01001333,0,1
2024010551793,2024,010551793,2,9,0,-1,-1,8,4,0,0,0,0,0,0,0,1,1,6,6,3,-1,-1,-1,-1,-1,-1,-1,-1,0,-1
2024221507109,2024,221507109,1,9,0,-1,19,6,2,-1,0,0,2,0,2,10,1,1,-1,2,1,19,4,-1,-1,-1,-1,8,W01000440,0,4
2024361530224,2024,361530224,1,9,0,-1,19,6,2,-1,0,8,5,4,0,0,4,1,-1,2,1,33,6,-1,-1,-1,-1,5,E01018069,0,3
2024411451957,2024,411451957,2,1,-1,-1,-1,-1,-1,-1,-1,-1,-1,-1,-1,0,-1,1,-1,9,1,59,9,-1,-1,-1,-1,5,E01023727,0,2
2024302401357,2024,302401357,1,4,0,18,19,8,4,0,0,0,0,0,0,0,1,1,6,6,3,-1,-1,-1,-1,-1,-1,5,E01019456,0,3
2024131487810,2024,131487810,2,1,0,-1,9,5,1,-1,0,0,0,0,0,0,3,1,-1,9,1,65,9,-1,-1,-1,-1,8,E01011773,0,2
2024061434541,2024,061434541,1,9,0,-1,3,-1,-1,-1,0,4,0,0,0,0,2,1,-1,9,1,59,9,-1,-1,-1,-1,4,E01004890,0,3
2024010507900,2024,010507900,1,1,0,18,19,1,5,0,0,1,0,0,0,0,1,1,2,2,1,44,7,-1,-1,-1,-1,4,E01000912,0,1
2024371515873,2024,371515873,2,9,0,-1,19,2,6,-1,0,0,0,0,0,0,2,1,-1,6,2,22,5,-1,-1,-1,-1,5,E01029990,0,1
2024991478191,2024,991478191,1,9,0,-1,9,1,7,-1,0,8,0,0,0,0,3,1,-1,6,2,22,5,-1,-1,-1,-1,10,-1,0,2
2024320571800,2024,320571800,1,9,0,-1,-1,8,4,0,0,0,0,0,0,0,1,1,-1,-1,2,27,6,-1,-1,-1,-1,7,E01026080,0,2
2024552401415,2024,552401415,2,3,0,3,3,1,5,0,0,0,0,0,0,0,2,1,6,6,1,28,6,-1,-1,-1,-1,2,E01015367,0,1
2024010542958,2024,010542958,2,1,9,99,99,9,9,99,99,9,9,99,9,99,2,1,6,6,1,10,2,-1,-1,-1,-1,9,E01003812,0,1
2024991490030,2024,991490030,1,9,0,-1,19,8,4,-1,-1,0,0,4,1,0,1,1,-1,1,1,58,9,-1,-1,-1,-1,1,-1,0,5
2024010536355,2024,010536355,2,1,9,99,99,9,9,99,99,9,9,99,9,99,9,1,6,6,1,-1,-1,-1,-1,-1,-1,-1,-1,0,-1
2024201458721,2024,201458721,2,1,0,-1,19,3,7,-1,0,0,0,0,0,0,2,1,-1,6,1,12,3,-1,-1,-1,-1,-1,-1,0,-1
2024440364708,2024,440364708,1,9,0,11,11,5,1,0,0,0,0,0,0,7,3,1,6,6,1,44,7,-1,-1,-1,-1,9,E01023217,0,3
2024501455246,2024,501455246,2,21,1,-1,19,-1,-1,-1,0,1,0,0,0,0,3,1,-1,6,1,47,8,-1,-1,-1,-1,6,W01001976,0,5
2024041536121,2024,041536121,1,9,0,-1,19,3,7,-1,0,1,1,0,0,0,1,1,-1,9,1,20,4,-1,-1,-1,-1,1,E01005288,0,4
2024010491941,2024,010491941,1,1,9,18,19,9,9,99,99,9,9,99,9,99,9,1,2,2,1,24,5,-1,-1,-1,-1,8,E01001901,0,1
2024070154197,2024,070154197,1,9,0,15,15,2,6,0,0,0,0,0,0,0,0,1,6,6,3,-1,-1,-1,-1,-1,-1,-1,-1,0,-1
2024201468277,2024,201468277,1,19,0,-1,9,6,4,-1,0,1,0,0,0,0,1,1,-1,6,-1,-1,-1,-1,-1,-1,-1,-1,-1,0,-1
2024461399060,2024,461399060,1,9,0,-1,19,5,1,-1,0,0,1,0,0,0,4,9,-1,6,2,22,5,-1,-1,-1,-1,5,E01021262,0,4
2024201491957,2024,201491957,2,1,0,-1,5,7,3,-1,0,0,0,0,0,0,1,1,-1,6,2,12,3,-1,-1,-1,-1,1,E01034939,0,1
2024522402821,2024,522402821,1,23,0,18,19,8,4,0,0,0,0,0,0,0,1,1,6,6,3,-1,-1,-1,-1,-1,-1,-1,-1,0,-1
2024542834624,2024,542834624,3,9,0,18,19,5,1,0,0,0,0,0,0,0,1,1,6,6,1,38,7,-1,-1,-1,-1,8,E01032095,0,1
2024461433162,2024,461433162,1,9,0,-1,19,7,3,-1,0,0,0,0,0,0,2,1,-1,6,2,33,6,-1,-1,-1,-1,6,E01035280,0,1
2024461501788,2024,461501788,1,-1,0,-1,19,2,6,-1,9,1,0,0,0,0,1,1,-1,9,1,16,4,-1,-1,-1,-1,2,E01024585,1,1
2024010516740,2024,010516740,1,1,9,99,99,9,9,99,99,9,9,99,9,99,1,1,2,2,1,25,5,-1,-1,-1,-1,5,E01003095,0,2
2024461528115,2024,461528115,2,16,0,-1,4,1,5,-1,-1,0,0,0,0,0,0,1,-1,9,2,36,7,-1,-1,-1,-1,8,E01024053,0,1
2024010531497,2024,010531497,2,1,9,18,19,9,9,99,99,1,9,99,9,99,9,1,2,2,1,29,6,-1,-1,-1,-1,9,E01004073,0,1
2024421456380,2024,421456380,1,9,0,-1,19,5,5,-1,0,0,0,6,7,11,1,1,-1,6,2,28,6,-1,-1,-1,-1,10,E01015883,0,1
2024010522014,2024,010522014,2,9,0,99,99,9,9,99,99,9,9,99,9,99,9,9,6,6,3,-1,-1,-1,-1,-1,-1,-1,-1,0,-1
2024010538658,2024,010538658,2,9,0,18,19,3,7,0,0,1,0,0,0,0,1,1,6,6,2,63,9,-1,-1,-1,-1,5,E01001664,0,1
2024351438662,2024,351438662,2,1,0,-1,-1,-1,-1,-1,0,0,2,0,0,0,1,1,-1,2,2,43,7,-1,-1,-1,-1,5,E01017953,0,1
2024440334836,2024,440334836,1,9,0,18,19,1,0,0,0,8,0,0,0,0,0,1,6,6,1,49,8,-1,-1,-1,-1,7,E01032618,0,3
2024221437707,2024,221437707,1,9,0,-1,19,6,2,-1,0,8,0,0,0,0,1,9,-1,6,1,45,7,-1,-1,-1,-1,7,E01034318,0,2
2024010533678,2024,010533678,2,1,0,18,19,3,7,0,0,2,5,0,0,0,1,1,1,1,1,24,5,-1,-1,-1,-1,3,E01001795,0,1
2024440411604,2024,440411604,1,9,0,18,19,5,1,0,0,2,0,0,0,0,1,1,6,6,1,25,5,-1,-1,-1,-1,10,E01023214,0,4
2024010494797,2024,010494797,1,3,0,7,7,1,3,0,0,2,0,0,0,0,1,1,6,6,1,34,6,-1,-1,-1,-1,6,E01032572,0,2
2024211483952,2024,211483952,3,9,-1,-1,-1,-1,-1,-1,-1,-1,-1,-1,-1,0,-1,9,-1,6,2,-1,-1,-1,-1,-1,-1,-1,-1,0,-1
2024010491785,2024,010491785,1,9,0,18,19,5,1,0,0,2,0,0,0,0,1,1,6,6,2,48,8,-1,-1,-1,-1,7,E01001290,0,1
2024311483455,2024,311483455,1,11,0,-1,4,1,5,-1,0,0,0,0,0,0,0,1,-1,1,1,61,9,-1,-1,-1,-1,-1,-1,0,-1
2024052400684,2024,052400684,1,9,0,18,19,3,7,0,0,8,0,0,0,0,1,1,6,6,3,-1,-1,-1,-1,-1,-1,-1,-1,0,-1
202417M103824,2024,17M103824,2,-1,0,18,19,7,3,0,0,6,0,0,0,0,1,1,6,6,1,13,3,-1,-1,-1,-1,-1,-1,1,-1
2024010550645,2024,010550645,1,9,0,99,99,9,9,99,99,0,9,99,9,99,2,9,6,6,1,31,6,-1,-1,-1,-1,6,E01035547,0,5
2024421396128,2024,421396128,3,9,0,-1,19,6,2,-1,0,8,0,0,0,0,2,1,-1,2,2,19,4,-1,-1,-1,-1,9,E01021643,0,1
2024010493870,2024,010493870,1,9,0,99,99,9,9,99,99,9,9,99,9,99,2,9,6,6,1,38,7,-1,-1,-1,-1,8,E01001968,0,3
2024041451063,2024,041451063,1,9,0,-1,19,-1,-1,-1,0,0,0,0,0,0,-1,9,-1,6,3,-1,-1,-1,-1,-1,-1,-1,-1,0,-1
2024411471606,2024,411471606,2,1,0,-1,19,1,5,-1,0,8,0,0,0,0,1,1,-1,9,1,42,7,-1,-1,-1,-1,8,E01001569,0,2
2024471452171,2024,471452171,1,9,0,-1,19,7,4,-1,0,1,0,0,0,0,1,9,-1,6,2,-1,-1,-1,-1,-1,-1,-1,-1,0,-1
2024010553990,2024,010553990,1,1,9,99,99,9,9,99,99,9,9,99,9,99,1,1,6,6,2,36,7,-1,-1,-1,-1,6,E01004395,0,1
2024010532164,2024,010532164,2,9,0,18,19,5,1,0,0,0,0,0,0,0,1,1,6,6,1,79,11,-1,-1,-1,-1,-1,-1,0,-1
2024311525332,2024,311525332,1,9,0,-1,19,1,5,-1,0,0,0,0,0,0,2,1,-1,2,1,35,6,-1,-1,-1,-1,-1,-1,0,-1
2024010511083,2024,010511083,2,1,0,18,19,1,5,0,0,1,0,0,0,0,3,1,2,2,1,35,6,-1,-1,-1,-1,6,E01001065,0,1
2024010495823,2024,010495823,1,9,0,1,1,5,1,0,0,2,0,0,0,0,4,1,6,6,3,-1,-1,-1,-1,-1,-1,-1,-1,0,-1
2024430024466,2024,430024466,2,1,0,18,19,2,6,0,0,8,0,0,0,0,3,1,6,6,1,74,10,-1,-1,-1,-1,9,E01033508,0,1
2024061531294,2024,061531294,1,9,0,-1,5,1,5,-1,0,5,0,0,0,0,1,9,-1,6,3,30,6,-1,-1,-1,-1,-1,-1,0,-1
2024010521313,2024,010521313,1,1,9,18,19,5,1,0,0,9,9,99,9,99,9,1,6,6,1,41,7,-1,-1,-1,-1,4,E01003114,0,3
2024201443069,2024,201443069,1,9,0,-1,19,3,7,-1,0,1,0,0,0,0,1,9,-1,6,3,18,4,-1,-1,-1,-1,-1,-1,0,-1
2024010496554,2024,010496554,2,9,0,99,99,9,9,99,99,9,9,99,9,99,9,9,6,6,3,-1,-1,-1,-1,-1,-1,-1,-1,0,-1
2024302401261,2024,302401261,1,17,4,13,13,7,3,0,0,0,0,0,0,0,0,1,6,6,3,-1,-1,-1,-1,-1,-1,5,E01019456,0,4
2024231434756,2024,231434756,3,19,0,-1,-1,8,4,-1,-1,0,0,0,0,0,4,9,-1,-1,-1,-1,-1,-1,-1,-1,-1,-1,-1,0,-1
2024340WN6302,2024,340WN6302,2,22,0,-1,19,1,5,-1,0,8,0,0,0,0,4,1,-1,9,2,32,6,-1,-1,-1,-1,10,E01035428,0,1
2024548838424,2024,548838424,1,5,0,17,19,1,6,0,0,1,0,0,0,0,1,1,6,6,1,52,8,-1,-1,-1,-1,7,E01015567,0,3
2024070034701,2024,070034701,1,9,0,18,19,3,7,0,0,2,1,0,3,1,4,1,2,2,1,35,6,-1,-1,-1,-1,3,W01001929,0,4
2024052402580,2024,052402580,1,9,0,9,9,4,1,0,0,0,0,0,0,0,1,1,6,6,3,-1,-1,-1,-1,-1,-1,-1,-1,0,-1
2024161423457,2024,161423457,2,1,0,-1,5,-1,-1,-1,0,4,0,0,0,0,-1,1,-1,6,1,60,9,-1,-1,-1,-1,-1,-1,0,-1
2024010495020,2024,010495020,2,1,0,18,19,1,5,0,0,6,0,0,0,0,1,1,6,6,1,16,4,-1,-1,-1,-1,6,E01000847,0,1
2024010528196,2024,010528196,2,9,0,99,99,9,9,99,99,9,9,99,9,99,9,9,6,6,3,-1,-1,-1,-1,-1,-1,-1,-1,0,-1
2024070786598,2024,070786598,2,1,0,-1,19,7,3,-1,0,1,5,0,0,0,1,1,-1,6,2,42,7,-1,-1,-1,-1,3,E01007169,0,2
2024161436154,2024,161436154,2,23,0,-1,19,5,1,-1,4,0,0,0,0,0,1,1,-1,9,1,25,5,-1,-1,-1,-1,3,E01013319,0,1
2024061437683,2024,061437683,1,1,0,-1,19,3,7,-1,0,0,0,0,0,0,1,1,-1,9,1,30,6,-1,-1,-1,-1,6,E01006304,0,1
2024052401952,2024,052401952,1,9,0,15,15,3,7,0,0,0,0,0,0,0,4,1,6,6,3,-1,-1,-1,-1,-1,-1,-1,-1,0,-1
2024430135414,2024,430135414,1,1,0,18,19,7,3,0,0,0,0,0,0,0,1,1,6,6,1,-1,-1,-1,-1,-1,-1,-1,-1,0,-1
2024991534291,2024,991534291,1,9,0,-1,19,2,6,-1,0,0,0,6,7,0,1,1,-1,9,1,70,10,-1,-1,-1,-1,4,-1,0,1
2024991559765,2024,991559765,2,9,0,-1,2,0,0,-1,0,0,0,0,0,0,1,1,-1,6,-1,-1,-1,-1,-1,-1,-1,-1,-1,0,-1
2024061413853,2024,061413853,2,1,0,-1,19,6,2,-1,0,0,0,0,0,0,1,1,-1,9,1,50,8,-1,-1,-1,-1,8,E01024944,0,3
2024010494832,2024,010494832,2,9,0,4,4,3,7,0,0,2,0,0,0,0,2,1,6,6,2,62,9,-1,-1,-1,-1,9,E01002383,0,1
2024332400015,2024,332400015,1,9,0,-1,19,7,3,-1,0,0,5,0,1,1,1,1,-1,2,1,27,6,-1,-1,-1,-1,10,E01025803,0,4
2024991403146,2024,991403146,1,9,0,-1,9,2,1,-1,0,8,0,0,0,0,0,9,-1,6,1,30,6,-1,-1,-1,-1,-1,-1,0,-1
2024320649370,2024,320649370,1,9,0,7,7,6,8,0,0,6,0,0,0,0,1,-1,6,6,3,-1,-1,-1,-1,-1,-1,-1,-1,0,-1
2024411541418,2024,411541418,2,-1,0,-1,19,7,3,-1,0,0,0,0,0,0,1,1,-1,6,1,15,3,-1,-1,-1,-1,9,E01023655,1,1
2024052401462,2024,052401462,1,9,0,5,5,2,6,0,0,0,0,0,0,0,3,1,6,6,3,-1,-1,-1,-1,-1,-1,-1,-1,0,-1
2024010516402,2024,010516402,2,9,0,99,99,9,9,99,99,0,9,99,9,99,3,9,6,6,3,-1,-1,-1,-1,-1,-1,-1,-1,0,-1
2024052400311,2024,052400311,1,9,0,18,19,5,1,0,0,0,0,0,0,0,1,1,6,6,3,-1,-1,-1,-1,-1,-1,-1,-1,0,-1
2024201397906,2024,201397906,2,1,0,-1,19,4,8,-1,0,8,0,0,0,0,2,1,-1,2,1,56,9,-1,-1,-1,-1,1,E01009404,0,1
2024031411079,2024,031411079,1,90,-1,-1,-1,-1,-1,-1,-1,-1,-1,-1,-1,0,-1,9,-1,6,3,-1,-1,-1,-1,-1,-1,-1,-1,0,-1
2024302401631,2024,302401631,4,9,0,9,9,8,6,0,0,0,0,0,0,0,0,2,6,6,3,-1,-1,-1,-1,-1,-1,5,E01019456,0,4
2024010487513,2024,010487513,2,9,0,99,99,9,9,99,99,9,9,99,9,99,1,9,6,6,3,-1,-1,-1,-1,-1,-1,-1,-1,0,-1
2024451517017,2024,451517017,1,9,0,-1,19,1,5,-1,0,1,0,0,0,0,-1,9,-1,6,3,-1,-1,-1,-1,-1,-1,-1,-1,0,-1
2024411463412,2024,411463412,2,1,0,-1,19,1,5,-1,0,0,0,0,0,0,2,1,-1,2,2,57,9,-1,-1,-1,-1,3,E01023957,0,1
2024361402498,2024,361402498,1,9,0,-1,19,5,1,-1,9,0,0,0,0,0,1,9,-1,6,3,-1,-1,-1,-1,-1,-1,-1,-1,0,-1
2024141469320,2024,141469320,1,1,0,-1,19,7,3,-1,0,1,5,0,0,0,1,1,-1,9,1,28,6,-1,-1,-1,-1,5,E01007953,0,1
2024161472453,2024,161472453,2,-1,0,-1,19,1,5,-1,0,1,0,0,0,0,1,1,-1,6,1,12,3,-1,-1,-1,-1,6,E01013105,1,1
2024052400125,2024,052400125,1,9,0,5,5,4,8,0,0,2,0,0,0,0,1,1,6,6,3,-1,-1,-1,-1,-1,-1,-1,-1,0,-1
2024010545232,2024,010545232,1,9,0,99,99,9,9,99,99,9,9,99,9,99,9,9,6,6,3,-1,-1,-1,-1,-1,-1,-1,-1,0,-1
2024991418849,2024,991418849,2,1,0,-1,10,8,6,-1,0,6,0,0,0,0,2,1,-1,2,2,40,7,-1,-1,-1,-1,5,-1,0,1
2024010551700,2024,010551700,2,3,0,99,99,9,9,99,99,9,9,99,9,99,9,1,6,6,3,-1,-1,-1,-1,-1,-1,-1,-1,0,-1
2024010511674,2024,010511674,1,19,0,7,7,5,8,99,99,5,0,0,0,0,2,9,6,6,3,-1,-1,-1,-1,-1,-1,-1,-1,0,-1
2024320472066,2024,320472066,2,9,0,-1,-1,6,2,0,0,3,1,0,0,0,1,1,-1,-1,1,33,6,-1,-1,-1,-1,4,E01015622,0,4
2024501491609,2024,501491609,2,9,0,-1,9,6,3,-1,0,2,0,0,0,0,0,9,-1,6,-1,-1,-1,-1,-1,-1,-1,-1,-1,0,-1
2024501419117,2024,501419117,1,9,0,-1,19,3,7,-1,0,1,0,0,0,0,1,9,-1,6,3,-1,-1,-1,-1,-1,-1,-1,-1,0,-1
2024421534878,2024,421534878,1,-1,0,-1,19,5,1,-1,99,0,0,0,0,0,9,1,-1,6,2,-1,-1,-1,-1,-1,-1,-1,-1,1,-1
2024052402261,2024,052402261,2,1,0,18,19,8,4,0,0,1,0,0,0,0,1,1,6,6,1,15,3,-1,-1,-1,-1,1,E01006442,0,1
2024531488519,2024,531488519,2,1,0,-1,5,7,3,-1,0,6,0,0,0,0,3,1,-1,6,2,58,9,-1,-1,-1,-1,-1,-1,0,-1
2024010489077,2024,010489077,1,9,0,18,19,3,7,0,0,1,0,0,0,0,4,1,6,6,1,27,6,-1,-1,-1,-1,-1,-1,0,-1
2024010498874,2024,010498874,1,1,9,99,99,9,9,99,99,9,9,99,9,99,9,1,2,2,1,30,6,-1,-1,-1,-1,3,E01002085,0,1
2024631477241,2024,631477241,2,9,0,-1,13,3,7,-1,0,0,0,0,0,0,1,1,-1,6,3,-1,-1,-1,-1,-1,-1,-1,-1,0,-1
2024351421002,2024,351421002,2,1,0,-1,19,5,1,-1,0,0,0,0,0,0,3,1,-1,7,1,15,3,-1,-1,-1,-1,8,E01018054,0,3
2024471398071,2024,471398071,1,9,0,-1,19,8,5,-1,0,4,0,0,0,0,1,1,-1,9,1,18,4,-1,-1,-1,-1,9,E01030635,0,3
2024471457546,2024,471457546,2,1,0,-1,5,1,5,-1,0,3,2,0,0,0,3,1,-1,6,1,54,8,-1,-1,-1,-1,10,E01021234,0,2
2024361487444,2024,361487444,1,9,0,-1,-1,-1,-1,-1,-1,0,-1,-1,-1,0,-1,1,-1,6,3,-1,-1,-1,-1,-1,-1,-1,-1,0,-1
2024552401292,2024,552401292,1,9,0,18,19,4,8,0,0,4,0,0,0,0,1,1,6,6,3,-1,-1,-1,-1,-1,-1,-1,-1,0,-1