collision_index,collision_year,collision_ref_no,vehicle_reference,vehicle_type,towing_and_articulation,vehicle_manoeuvre_historic,vehicle_manoeuvre,vehicle_direction_from,vehicle_direction_to,vehicle_location_restricted_lane_historic,vehicle_location_restricted_lane,junction_location,skidding_and_overturning,hit_object_in_carriageway,vehicle_leaving_carriageway,hit_object_off_carriageway,first_point_of_impact,vehicle_left_hand_drive,journey_purpose_of_driver_historic,journey_purpose_of_driver,sex_of_driver,age_of_driver,age_band_of_driver,engine_capacity_cc,propulsion_code,age_of_vehicle,generic_make_model,driver_imd_decile,lsoa_of_driver,escooter_flag,driver_distance_banding
2024421504382,2024,421504382,3,8,0,-1,4,4,8,-1,0,0,0,0,0,0,2,9,-1,1,3,-1,-1,-1,-1,-1,-1,-1,-1,0,-1
202460Q126146,2024,60Q126146,1,9,0,18,19,3,7,9,9,0,0,0,1,4,1,1,6,6,1,40,7,-1,-1,-1,-1,-1,-1,0,-1
2024010536092,2024,010536092,2,22,9,99,99,9,9,99,99,9,9,99,9,99,9,1,6,6,1,49,8,-1,-1,-1,-1,2,E01034471,0,1
2024631439618,2024,631439618,1,97,0,-1,19,7,2,-1,0,8,1,0,0,0,0,1,-1,9,1,60,9,-1,-1,-1,-1,5,W01000846,0,3
2024430057313,2024,430057313,2,9,0,3,3,2,6,0,0,1,0,0,0,0,2,1,6,6,1,47,8,-1,-1,-1,-1,8,E01016783,0,1
2024332400281,2024,332400281,2,1,0,-1,19,3,7,-1,0,0,0,0,0,0,1,1,-1,7,1,10,2,-1,-1,-1,-1,10,E01025709,0,1
2024522402117,2024,522402117,1,1,0,18,19,5,1,0,0,0,1,0,0,0,4,1,6,6,1,21,5,-1,-1,-1,-1,9,E01014547,0,1
2024531489460,2024,531489460,2,1,0,-1,19,4,8,-1,0,6,5,0,0,0,1,1,-1,6,1,63,9,-1,-1,-1,-1,1,E01022329,0,1
2024010488487,2024,010488487,3,9,0,18,19,7,3,0,0,1,0,0,0,0,1,1,6,6,3,-1,-1,-1,-1,-1,-1,-1,-1,0,-1
2024221511261,2024,221511261,1,1,0,-1,19,8,4,-1,0,8,0,0,0,0,1,1,-1,9,1,16,4,-1,-1,-1,-1,4,E01014206,0,1
2024010494937,2024,010494937,1,3,0,9,9,4,1,0,0,4,0,0,0,0,3,1,2,2,1,33,6,-1,-1,-1,-1,3,E01004365,0,2
2024010515522,2024,010515522,2,9,0,99,99,9,9,99,99,9,9,99,9,99,4,9,6,6,3,-1,-1,-1,-1,-1,-1,-1,-1,0,-1
2024481472341,2024,481472341,2,1,0,-1,13,5,1,-1,5,2,0,0,0,0,4,1,-1,2,2,44,7,-1,-1,-1,-1,-1,-1,0,-1
2024440315785,2024,440315785,1,1,0,18,19,4,8,0,0,1,0,0,0,0,1,1,2,2,1,43,7,-1,-1,-1,-1,3,E01022549,0,1
2024201428651,2024,201428651,1,9,0,-1,19,2,6,-1,0,1,0,0,0,0,1,9,-1,6,2,45,7,-1,-1,-1,-1,-1,-1,0,-1
2024041493583,2024,041493583,1,23,0,-1,19,1,5,-1,9,0,0,0,0,0,1,1,-1,6,1,31,6,-1,-1,-1,-1,3,E01025460,0,1
2024010499887,2024,010499887,1,1,9,99,99,9,9,99,99,1,9,99,9,99,1,1,6,6,2,30,6,-1,-1,-1,-1,2,E01003246,0,1
2024010492319,2024,010492319,4,9,0,2,2,0,0,0,0,0,0,0,0,0,2,1,6,6,3,-1,-1,-1,-1,-1,-1,-1,-1,0,-1
2024010503957,2024,010503957,2,-1,0,18,19,3,7,0,0,8,0,0,0,0,1,1,6,6,2,57,9,-1,-1,-1,-1,3,E01001239,1,1
2024010495793,2024,010495793,3,8,0,18,19,7,3,0,0,0,1,0,0,0,2,1,2,2,1,54,8,-1,-1,-1,-1,5,E01003645,0,2
2024522402204,2024,522402204,1,1,0,18,19,5,1,0,0,1,0,0,0,0,4,1,6,6,2,24,5,-1,-1,-1,-1,3,E01033903,0,1
2024061521408,2024,061521408,2,1,0,-1,19,1,5,-1,0,1,0,0,0,0,2,1,-1,6,1,45,7,-1,-1,-1,-1,7,E01006169,0,1
2024421498102,2024,421498102,1,9,0,-1,14,1,5,-1,0,1,0,0,0,0,1,1,-1,6,3,-1,-1,-1,-1,-1,-1,-1,-1,0,-1
2024320180333,2024,320180333,1,9,3,13,13,5,1,0,0,0,1,0,0,6,1,1,-1,-1,2,60,9,-1,-1,-1,-1,1,E01027131,0,4
2024991481963,2024,991481963,3,9,0,-1,19,8,4,-1,0,0,1,0,0,0,1,1,-1,2,2,26,6,-1,-1,-1,-1,5,-1,0,2
2024010488415,2024,010488415,1,3,0,99,99,9,9,99,99,9,9,99,9,99,1,1,1,1,1,36,7,-1,-1,-1,-1,3,E01001814,0,2
2024010549378,2024,010549378,1,1,9,99,99,9,9,99,99,9,9,99,9,99,2,1,6,6,2,45,7,-1,-1,-1,-1,2,E01004459,0,1
2024131529610,2024,131529610,2,22,0,-1,19,8,4,-1,9,1,0,0,0,0,1,1,-1,9,1,68,10,-1,-1,-1,-1,2,E01010665,0,1
2024141487668,2024,141487668,1,9,0,-1,19,5,1,-1,9,2,0,0,0,0,1,9,-1,6,3,-1,-1,-1,-1,-1,-1,-1,-1,0,-1
2024320546166,2024,320546166,2,1,0,-1,-1,8,4,0,0,4,0,0,0,0,1,1,6,6,2,12,3,-1,-1,-1,-1,-1,-1,0,-1
2024548726824,2024,548726824,1,9,0,18,19,1,5,0,0,0,0,0,0,0,1,1,6,6,1,59,9,-1,-1,-1,-1,6,E01031867,0,2
2024052401099,2024,052401099,1,1,0,18,19,3,7,0,0,6,0,0,0,0,1,1,6,6,1,10,2,-1,-1,-1,-1,9,E01007145,0,1
2024052402725,2024,052402725,1,9,0,18,19,6,2,0,0,0,0,0,0,0,1,1,6,6,3,-1,-1,-1,-1,-1,-1,-1,-1,0,-1
2024522403065,2024,522403065,1,90,0,9,9,5,2,0,0,5,0,0,0,0,0,1,1,1,1,38,7,-1,-1,-1,-1,1,E01014653,0,1
2024010492124,2024,010492124,1,9,0,18,19,5,1,0,0,3,0,0,0,0,4,1,6,6,1,21,5,-1,-1,-1,-1,2,E01000781,0,1
2024501404224,2024,501404224,2,9,0,-1,19,4,8,-1,0,0,0,0,0,0,3,9,-1,6,1,52,8,-1,-1,-1,-1,7,E01020318,0,1
2024531439626,2024,531439626,2,9,0,-1,4,1,5,-1,0,0,0,0,0,0,2,1,-1,9,2,35,6,-1,-1,-1,-1,6,E01022176,0,1
2024361417678,2024,361417678,2,9,0,-1,19,7,3,-1,0,0,0,0,0,0,2,1,-1,9,1,18,4,-1,-1,-1,-1,5,E01026674,0,4
2024111438150,2024,111438150,1,97,0,-1,15,3,7,-1,0,1,2,0,0,0,4,1,-1,6,3,30,6,-1,-1,-1,-1,-1,-1,0,-1
2024542864224,2024,542864224,1,1,0,18,19,1,5,0,0,1,0,0,0,0,1,1,2,2,1,51,8,-1,-1,-1,-1,8,E01015549,0,1
2024141528194,2024,141528194,2,1,0,-1,19,8,5,-1,0,4,0,0,0,0,3,1,-1,6,1,50,8,-1,-1,-1,-1,5,E01007396,0,3
2024010489492,2024,010489492,2,1,0,18,19,1,5,5,5,0,0,0,0,0,1,1,6,6,1,-1,-1,-1,-1,-1,-1,-1,-1,0,-1
2024101394711,2024,101394711,1,23,0,-1,19,1,5,-1,9,1,0,0,0,0,1,1,-1,6,1,18,4,-1,-1,-1,-1,1,E01008291,0,1
2024010512029,2024,010512029,2,1,0,18,19,3,7,9,9,0,0,0,1,11,3,1,2,2,1,33,6,-1,-1,-1,-1,8,E01001584,0,1
2024061405320,2024,061405320,1,9,0,-1,9,2,6,-1,0,5,0,0,0,0,4,9,-1,6,3,18,4,-1,-1,-1,-1,-1,-1,0,-1
2024430630439,2024,430630439,2,9,0,18,19,7,3,0,0,6,0,0,0,0,1,1,6,6,1,44,7,-1,-1,-1,-1,-1,-1,0,-1
2024411435185,2024,411435185,1,-1,0,-1,19,2,6,-1,9,0,0,0,0,0,-1,1,-1,6,1,-1,-1,-1,-1,-1,-1,-1,-1,1,-1
2024101395273,2024,101395273,1,9,0,-1,5,7,3,-1,0,0,0,0,0,0,4,9,-1,6,1,-1,-1,-1,-1,-1,-1,-1,-1,0,-1
2024311431257,2024,311431257,1,1,0,-1,12,5,1,-1,0,0,0,0,0,0,0,1,-1,1,-1,-1,-1,-1,-1,-1,-1,-1,-1,0,-1
2024501405374,2024,501405374,2,9,0,-1,19,8,4,-1,0,0,0,0,0,0,1,1,-1,6,2,51,8,-1,-1,-1,-1,4,E01020291,0,2
2024111513848,2024,111513848,2,9,0,-1,9,1,7,-1,0,1,0,0,0,0,1,1,-1,9,1,72,10,-1,-1,-1,-1,5,E01020863,0,1
2024010516628,2024,010516628,2,1,0,10,10,5,3,0,0,3,0,0,0,0,1,1,1,1,1,18,4,-1,-1,-1,-1,4,E01001995,0,1
2024320654242,2024,320654242,1,9,0,9,9,2,7,0,0,5,0,0,0,0,4,1,6,6,1,-1,-1,-1,-1,-1,-1,-1,-1,0,-1
2024451527210,2024,451527210,2,1,0,-1,5,8,4,-1,0,6,5,0,0,0,2,1,-1,6,-1,-1,-1,-1,-1,-1,-1,-1,-1,0,-1
2024332400873,2024,332400873,2,1,0,-1,19,1,5,-1,0,2,0,0,0,0,1,1,-1,7,1,12,3,-1,-1,-1,-1,1,E01013600,0,1
2024332401224,2024,332401224,2,9,0,-1,9,1,7,-1,0,6,0,0,0,0,1,1,-1,6,3,-1,-1,-1,-1,-1,-1,-1,-1,0,-1
2024010492221,2024,010492221,1,3,0,99,99,9,9,99,99,9,9,99,9,99,9,1,6,6,3,41,7,-1,-1,-1,-1,-1,-1,0,-1
2024010495655,2024,010495655,2,4,0,18,19,3,7,0,0,1,0,0,0,0,1,1,1,1,1,31,6,-1,-1,-1,-1,7,E01002226,0,3
202454B830024,2024,54B830024,2,22,0,18,19,2,6,0,0,0,5,0,0,0,2,1,6,6,2,63,9,-1,-1,-1,-1,5,E01032010,0,1
2024131463171,2024,131463171,4,9,0,-1,19,3,7,-1,0,0,0,0,0,0,1,1,-1,9,2,32,6,-1,-1,-1,-1,9,E01013251,0,4
2024440431562,2024,440431562,1,97,0,18,19,5,1,9,9,0,0,0,1,0,1,1,6,6,3,-1,-1,-1,-1,-1,-1,-1,-1,0,-1
2024010529627,2024,010529627,2,1,0,18,19,7,3,0,0,1,0,4,0,0,1,1,6,6,2,18,4,-1,-1,-1,-1,4,E01003409,0,1
2024131459456,2024,131459456,1,17,0,-1,19,1,5,-1,0,8,0,0,0,0,1,1,-1,9,2,76,11,-1,-1,-1,-1,9,E01010764,0,1
2024010538293,2024,010538293,2,1,0,18,19,1,5,4,4,1,0,0,0,0,1,1,1,1,1,27,6,-1,-1,-1,-1,3,E01035494,0,2
2024311401496,2024,311401496,1,9,0,-1,3,1,5,-1,0,7,0,0,0,0,2,1,-1,2,1,20,4,-1,-1,-1,-1,6,E01007598,0,3
2024471449540,2024,471449540,1,98,0,-1,19,4,8,-1,0,0,0,4,0,0,1,1,-1,1,1,63,9,-1,-1,-1,-1,7,E01021110,0,4
2024501485502,2024,501485502,2,9,0,-1,5,6,2,-1,0,1,0,0,0,0,1,1,-1,6,3,-1,-1,-1,-1,-1,-1,-1,-1,0,-1
2024522402117,2024,522402117,2,9,0,12,12,5,1,0,0,0,0,0,0,0,3,1,6,6,3,-1,-1,-1,-1,-1,-1,-1,-1,0,-1
2024421492417,2024,421492417,1,9,0,-1,5,5,1,-1,0,0,0,0,0,0,4,1,-1,6,1,22,5,-1,-1,-1,-1,4,E01022051,0,1
2024302400026,2024,302400026,1,1,0,18,19,2,6,0,0,1,0,0,0,0,1,1,6,6,2,53,8,-1,-1,-1,-1,5,E01019623,0,1
2024010493714,2024,010493714,1,9,0,99,99,9,9,99,99,9,9,99,9,99,9,9,2,2,1,22,5,-1,-1,-1,-1,3,E01003525,0,1
2024010538608,2024,010538608,1,1,9,99,99,9,9,99,99,9,9,99,9,99,9,1,1,1,1,18,4,-1,-1,-1,-1,4,E01000035,0,2
2024010521775,2024,010521775,2,1,0,18,19,3,7,0,0,1,0,0,0,0,4,1,6,6,1,54,8,-1,-1,-1,-1,8,E01003677,0,1
2024201523144,2024,201523144,1,21,0,-1,7,1,5,-1,0,8,0,0,0,0,3,1,-1,6,3,-1,-1,-1,-1,-1,-1,-1,-1,0,-1
2024311426575,2024,311426575,1,9,0,-1,4,3,7,-1,0,0,0,4,0,0,1,1,-1,6,3,-1,-1,-1,-1,-1,-1,-1,-1,0,-1
2024041436164,2024,041436164,2,1,0,-1,19,7,5,-1,0,3,0,0,0,0,2,1,-1,6,1,82,11,-1,-1,-1,-1,3,E01025536,0,2
2024041426548,2024,041426548,2,9,0,-1,19,5,1,-1,0,0,0,0,0,0,1,1,-1,9,1,17,4,-1,-1,-1,-1,3,E01006388,0,3
2024481561425,2024,481561425,2,1,0,-1,9,1,7,-1,0,0,0,0,0,0,3,1,-1,9,1,25,5,-1,-1,-1,-1,-1,-1,0,-1
2024991435685,2024,991435685,2,9,0,-1,19,6,2,-1,0,0,0,0,0,0,1,1,-1,1,1,67,10,-1,-1,-1,-1,2,-1,0,3
2024430046174,2024,430046174,1,19,0,9,9,8,6,0,0,1,0,0,0,0,1,1,6,6,1,30,6,-1,-1,-1,-1,-1,-1,0,-1
2024440305007,2024,440305007,2,9,0,18,19,4,8,0,0,1,0,0,0,0,3,1,6,6,1,18,4,-1,-1,-1,-1,-1,-1,0,-1
2024010510555,2024,010510555,2,9,0,99,99,9,9,99,99,6,9,99,9,99,1,9,6,6,3,-1,-1,-1,-1,-1,-1,-1,-1,0,-1
2024070154676,2024,070154676,1,1,0,12,12,1,5,0,0,0,0,0,0,0,1,1,6,6,1,22,5,-1,-1,-1,-1,3,E01018489,0,1
2024522402757,2024,522402757,3,9,0,4,4,6,2,0,0,8,0,0,0,0,2,1,6,6,1,27,6,-1,-1,-1,-1,3,E01014502,0,2
2024010547484,2024,010547484,1,3,9,99,99,9,9,99,99,9,9,99,9,99,9,1,6,6,3,-1,-1,-1,-1,-1,-1,-1,-1,0,-1
2024131417920,2024,131417920,1,9,0,-1,19,3,3,-1,0,1,0,0,0,0,4,1,-1,9,2,65,9,-1,-1,-1,-1,1,E01010611,0,2
2024141534885,2024,141534885,3,90,0,-1,19,3,7,-1,0,6,5,4,0,0,1,9,-1,6,1,10,2,-1,-1,-1,-1,1,E01007790,0,1
2024221401778,2024,221401778,1,19,0,-1,19,8,4,-1,0,0,0,0,0,0,1,1,-1,2,1,37,7,-1,-1,-1,-1,4,E01014068,0,2
2024461529462,2024,461529462,2,9,0,-1,19,1,5,-1,0,1,0,0,0,0,1,1,-1,9,2,21,5,-1,-1,-1,-1,5,E01035299,0,1
2024201399990,2024,201399990,1,-1,0,-1,19,2,6,-1,0,0,0,0,0,0,1,9,-1,6,1,16,4,-1,-1,-1,-1,-1,-1,1,-1
2024141408443,2024,141408443,1,9,0,-1,19,1,4,-1,0,1,0,0,0,0,1,1,-1,9,1,53,8,-1,-1,-1,-1,2,E01007457,0,1
2024421528765,2024,421528765,3,1,0,-1,99,2,6,-1,0,1,1,99,0,0,1,1,-1,6,1,47,8,-1,-1,-1,-1,4,E01021915,0,2
2024211484308,2024,211484308,1,98,0,-1,19,1,5,-1,0,0,0,0,0,0,3,1,-1,6,-1,-1,-1,-1,-1,-1,-1,-1,-1,0,-1
2024421398257,2024,421398257,1,9,0,-1,19,7,3,-1,0,0,0,0,0,0,1,1,-1,6,1,24,5,-1,-1,-1,-1,6,E01021879,0,1
2024451395405,2024,451395405,1,9,0,-1,9,7,3,-1,0,1,1,0,1,0,2,1,-1,9,2,27,6,-1,-1,-1,-1,9,E01035489,0,4
2024010513369,2024,010513369,2,9,0,99,99,9,9,99,99,9,9,99,9,99,9,9,6,6,3,-1,-1,-1,-1,-1,-1,-1,-1,0,-1
2024010495629,2024,010495629,1,9,0,18,19,5,1,0,0,0,1,0,0,0,1,1,6,6,1,31,6,-1,-1,-1,-1,4,E01017790,0,4
2024010523751,2024,010523751,1,1,9,99,99,9,9,99,99,9,9,99,9,99,1,1,2,2,1,47,8,-1,-1,-1,-1,5,E01004127,0,1
2024991410201,2024,991410201,1,9,0,-1,19,6,2,-1,0,0,0,0,0,0,0,9,-1,6,1,20,4,-1,-1,-1,-1,-1,-1,0,-1
2024552400030,2024,552400030,1,1,0,18,19,8,4,0,0,0,0,0,0,0,0,1,6,6,1,50,8,-1,-1,-1,-1,1,E01034276,0,1
2024351410122,2024,351410122,1,21,1,-1,19,5,1,-1,0,0,0,0,0,0,-1,9,-1,1,3,-1,-1,-1,-1,-1,-1,-1,-1,0,-1
2024122500173,2024,122500173,2,1,0,9,9,5,3,0,0,1,0,0,0,0,1,1,6,6,1,81,11,-1,-1,-1,-1,9,E01027882,0,1
2024320533235,2024,320533235,3,9,0,-1,-1,4,8,0,0,1,0,0,0,0,2,1,6,6,1,41,7,-1,-1,-1,-1,4,-1,0,5
2024548602524,2024,548602524,2,1,0,18,19,3,8,0,0,3,0,0,0,0,4,1,6,6,1,71,10,-1,-1,-1,-1,9,E01015535,0,1
2024010492851,2024,010492851,2,9,9,99,99,9,9,99,99,0,9,99,9,99,9,9,6,6,3,-1,-1,-1,-1,-1,-1,-1,-1,0,-1
2024111490637,2024,111490637,1,1,0,-1,19,3,7,-1,0,0,0,0,0,0,3,1,-1,6,1,32,6,-1,-1,-1,-1,1,E01012349,0,1
2024010546249,2024,010546249,1,90,0,99,99,9,9,99,99,9,9,99,9,99,1,1,6,6,1,50,8,-1,-1,-1,-1,3,E01035645,0,1
2024010524379,2024,010524379,1,1,9,18,19,5,1,99,99,9,9,99,9,99,1,1,1,1,1,28,6,-1,-1,-1,-1,6,E01001644,0,1
2024351508430,2024,351508430,2,1,0,-1,19,3,1,-1,0,8,1,0,0,0,1,1,-1,6,1,43,7,-1,-1,-1,-1,4,E01018100,0,1
2024101405291,2024,101405291,2,1,0,-1,19,6,2,-1,0,8,0,0,0,0,1,1,-1,2,1,27,6,-1,-1,-1,-1,4,E01008483,0,1
2024440332222,2024,440332222,2,3,0,17,19,1,6,0,0,0,1,0,0,0,0,1,6,6,1,29,6,-1,-1,-1,-1,9,E01030358,0,4
2024010546384,2024,010546384,1,9,0,-1,-1,1,5,0,0,0,0,0,0,0,1,1,6,6,1,17,4,-1,-1,-1,-1,3,E01002627,0,1
2024010518328,2024,010518328,1,1,9,99,99,9,9,99,99,9,9,99,9,99,9,1,6,6,3,-1,-1,-1,-1,-1,-1,-1,-1,0,-1
2024411460823,2024,411460823,2,1,0,-1,19,-1,-1,-1,0,1,0,0,0,0,1,1,-1,9,1,31,6,-1,-1,-1,-1,6,E01001998,0,4
2024340NN1562,2024,340NN1562,2,21,0,-1,19,5,1,-1,0,1,0,0,0,0,1,1,-1,9,1,54,8,-1,-1,-1,-1,-1,-1,0,-1
2024010541420,2024,010541420,2,1,9,99,99,9,9,99,99,9,9,99,9,99,9,1,2,2,2,25,5,-1,-1,-1,-1,9,E01004606,0,1
2024010546567,2024,010546567,2,9,0,99,99,9,9,99,99,9,9,99,9,99,2,9,6,6,1,53,8,-1,-1,-1,-1,2,E01016066,0,4
2024430317669,2024,430317669,2,8,0,18,19,4,8,0,0,1,0,0,1,0,1,1,1,1,1,40,7,-1,-1,-1,-1,7,E01017561,0,4
2024041526734,2024,041526734,1,98,0,-1,9,7,1,-1,0,1,0,0,0,0,-1,9,-1,6,3,-1,-1,-1,-1,-1,-1,-1,-1,0,-1
2024052400645,2024,052400645,1,9,0,18,19,3,7,0,0,0,0,0,0,0,1,1,6,6,3,-1,-1,-1,-1,-1,-1,-1,-1,0,-1
2024111515111,2024,111515111,1,98,0,-1,19,1,2,-1,0,8,0,0,0,0,1,1,-1,6,3,30,6,-1,-1,-1,-1,-1,-1,0,-1
2024631479139,2024,631479139,1,9,0,-1,19,4,8,-1,0,0,0,0,0,0,3,1,-1,6,3,-1,-1,-1,-1,-1,-1,-1,-1,0,-1
2024010497810,2024,010497810,1,9,0,18,19,7,3,0,0,0,0,0,0,0,3,1,6,6,1,19,4,-1,-1,-1,-1,2,E01009740,0,5
2024041497911,2024,041497911,1,9,0,-1,19,5,1,-1,0,1,0,0,0,0,1,1,-1,9,1,37,7,-1,-1,-1,-1,6,E01025541,0,1
2024340WN2942,2024,340WN2942,2,9,0,-1,19,5,1,-1,0,0,0,0,0,0,1,1,-1,2,1,41,7,-1,-1,-1,-1,2,E01031119,0,4
2024351540100,2024,351540100,1,9,0,-1,19,5,1,-1,0,8,0,0,0,0,1,1,-1,6,1,53,8,-1,-1,-1,-1,2,E01015608,0,2
2024122400114,2024,122400114,1,9,0,18,19,5,1,0,0,1,1,0,0,0,1,1,6,6,2,22,5,-1,-1,-1,-1,7,E01027681,0,1
2024461490374,2024,461490374,2,9,0,-1,19,5,1,-1,0,0,0,0,0,0,3,9,-1,6,2,35,6,-1,-1,-1,-1,6,E01024064,0,1
2024010489665,2024,010489665,1,10,0,99,99,9,9,99,99,9,9,99,9,99,9,9,6,6,3,-1,-1,-1,-1,-1,-1,-1,-1,0,-1
2024010526131,2024,010526131,1,9,0,15,15,7,3,0,0,6,0,0,0,0,1,1,6,6,3,-1,-1,-1,-1,-1,-1,-1,-1,0,-1
2024501475814,2024,501475814,2,9,0,-1,19,1,5,-1,0,0,0,0,0,0,3,1,-1,6,1,35,6,-1,-1,-1,-1,4,E01018891,0,1
2024461397049,2024,461397049,2,9,0,-1,9,2,2,-1,0,0,0,0,0,0,2,1,-1,6,2,37,7,-1,-1,-1,-1,9,E01024724,0,1
2024361398208,2024,361398208,2,9,0,-1,19,3,7,-1,0,0,0,0,0,0,1,1,-1,9,1,73,10,-1,-1,-1,-1,-1,-1,0,-1
2024361463566,2024,361463566,2,9,0,-1,19,8,4,-1,0,0,0,0,0,0,4,1,-1,2,2,25,5,-1,-1,-1,-1,5,E01026726,0,1
2024010528684,2024,010528684,1,9,0,18,19,5,1,0,0,1,0,10,0,0,1,1,2,2,1,38,7,-1,-1,-1,-1,3,E01000548,0,3
2024010523363,2024,010523363,1,9,0,99,99,9,9,99,99,9,9,99,9,99,1,9,6,6,3,-1,-1,-1,-1,-1,-1,-1,-1,0,-1
2024302400288,2024,302400288,3,19,0,18,19,6,2,0,0,1,0,0,0,0,1,1,6,6,1,59,9,-1,-1,-1,-1,1,E01013481,0,1
2024010514903,2024,010514903,2,1,0,18,19,7,3,0,0,1,0,0,0,0,1,1,1,1,1,29,6,-1,-1,-1,-1,6,E01003033,0,2
2024411451498,2024,411451498,1,9,-1,-1,-1,-1,-1,-1,-1,0,-1,-1,-1,0,-1,9,-1,6,3,-1,-1,-1,-1,-1,-1,-1,-1,0,-1
2024371411380,2024,371411380,1,9,0,-1,9,7,4,-1,0,1,0,0,0,0,4,1,-1,9,1,75,10,-1,-1,-1,-1,7,E01030003,0,1
2024520403135,2024,520403135,2,9,0,18,19,7,3,0,0,8,0,0,0,0,1,1,6,6,2,17,4,-1,-1,-1,-1,7,E01014744,0,1
2024061469042,2024,061469042,2,9,0,-1,99,-1,-1,-1,99,6,0,0,0,0,1,1,-1,6,3,-1,-1,-1,-1,-1,-1,-1,-1,0,-1
2024131461026,2024,131461026,2,9,0,-1,19,5,1,-1,0,8,1,0,0,0,4,1,-1,9,1,21,5,-1,-1,-1,-1,5,E01027889,0,2
2024010491503,2024,010491503,2,9,0,18,19,7,3,0,0,2,0,0,1,0,2,2,2,2,1,52,8,-1,-1,-1,-1,8,E01022298,0,5
2024340NN2422,2024,340NN2422,1,9,0,-1,19,8,4,-1,0,1,0,0,0,0,1,1,-1,6,1,-1,-1,-1,-1,-1,-1,-1,-1,0,-1
2024440488102,2024,440488102,2,1,0,18,19,2,6,0,0,0,0,0,0,0,2,1,6,6,2,36,7,-1,-1,-1,-1,2,E01017253,0,1
2024461415575,2024,461415575,1,9,0,-1,19,7,1,-1,0,0,1,0,1,0,4,1,-1,9,2,27,6,-1,-1,-1,-1,1,E01001781,0,4
2024010487382,2024,010487382,2,4,0,4,4,3,7,0,0,1,1,0,0,0,4,1,6,6,1,44,7,-1,-1,-1,-1,1,E01003347,0,1
2024991527703,2024,991527703,1,1,0,-1,19,2,6,-1,9,0,0,0,0,0,2,1,-1,6,3,44,7,-1,-1,-1,-1,-1,-1,0,-1
2024471425346,2024,471425346,2,9,0,-1,11,3,7,-1,0,0,9,0,1,0,3,1,-1,6,3,-1,-1,-1,-1,-1,-1,-1,-1,0,-1
2024211526799,2024,211526799,2,1,0,-1,19,4,1,-1,0,8,0,0,0,0,2,1,-1,6,1,50,8,-1,-1,-1,-1,1,E01014254,0,1
2024201404169,2024,201404169,1,9,0,-1,9,2,8,-1,0,5,0,0,0,0,4,9,-1,2,1,28,6,-1,-1,-1,-1,2,E01009098,0,1
2024010492475,2024,010492475,2,9,9,18,19,1,5,99,99,9,9,99,9,99,9,2,6,6,3,-1,-1,-1,-1,-1,-1,-1,-1,0,-1
2024201436427,2024,201436427,2,90,0,-1,5,5,1,-1,0,0,0,0,0,0,1,1,-1,6,1,36,7,-1,-1,-1,-1,1,E01009539,0,1
2024440459391,2024,440459391,1,1,0,18,19,5,1,0,0,8,0,0,0,0,3,1,2,2,1,57,9,-1,-1,-1,-1,9,E01032615,0,2
2024010496158,2024,010496158,1,19,0,99,99,9,9,99,99,9,9,99,9,99,1,9,6,6,2,37,7,-1,-1,-1,-1,-1,-1,0,-1
2024440180453,2024,440180453,1,1,0,9,9,1,6,0,0,0,0,0,0,0,1,1,6,6,1,52,8,-1,-1,-1,-1,5,E01017027,0,2
2024631504111,2024,631504111,3,9,0,-1,2,0,0,-1,9,0,0,0,0,0,1,1,-1,6,-1,-1,-1,-1,-1,-1,-1,-1,-1,0,-1
2024211490655,2024,211490655,1,1,0,-1,7,7,3,-1,0,3,5,0,0,0,2,1,-1,6,1,33,6,-1,-1,-1,-1,1,E01029566,0,1
2024161445313,2024,161445313,1,1,0,-1,19,2,6,-1,0,1,0,0,0,0,1,1,-1,2,1,34,6,-1,-1,-1,-1,1,E01012850,0,1
2024131397770,2024,131397770,1,98,0,-1,-1,-1,-1,-1,-1,0,-1,-1,-1,-1,-1,1,-1,6,3,-1,-1,-1,-1,-1,-1,-1,-1,0,-1
2024471443250,2024,471443250,1,1,0,-1,19,5,1,-1,0,2,1,0,0,0,1,1,-1,9,1,61,9,-1,-1,-1,-1,6,E01031660,0,2
2024010511921,2024,010511921,2,1,0,18,19,1,5,0,0,8,1,0,0,0,1,1,6,6,1,39,7,-1,-1,-1,-1,3,E01004471,0,1
2024311471474,2024,311471474,2,1,0,-1,19,8,4,-1,0,1,0,0,0,0,1,1,-1,6,1,41,7,-1,-1,-1,-1,-1,-1,0,-1
2024010539918,2024,010539918,1,90,0,18,19,7,3,9,9,0,5,0,1,0,1,1,6,6,1,39,7,-1,-1,-1,-1,8,E01002252,0,4
2024440090956,2024,440090956,1,1,0,13,13,6,2,0,0,1,0,0,0,0,1,1,6,6,1,27,6,-1,-1,-1,-1,3,E01035675,0,5
2024010543302,2024,010543302,2,1,0,-1,-1,5,1,0,0,1,0,0,0,0,4,1,4,7,1,15,3,-1,-1,-1,-1,4,E01002757,0,1
2024481570140,2024,481570140,2,19,0,-1,19,7,3,-1,0,1,0,0,0,0,1,1,-1,6,1,40,7,-1,-1,-1,-1,-1,-1,0,-1
2024302401391,2024,302401391,3,1,0,4,4,6,3,0,0,0,0,0,0,0,0,1,6,6,3,-1,-1,-1,-1,-1,-1,5,E01019456,0,4
2024610044024,2024,610044024,2,9,0,18,19,5,1,0,0,8,0,0,0,0,1,1,6,6,1,52,8,-1,-1,-1,-1,5,W01001346,0,1
2024010489031,2024,010489031,1,8,0,99,99,9,9,99,99,9,9,99,9,99,2,9,1,1,1,33,6,-1,-1,-1,-1,3,E01001492,0,1
2024302400111,2024,302400111,2,3,0,18,19,3,7,0,0,1,0,0,1,0,1,1,2,2,2,30,6,-1,-1,-1,-1,6,E01013928,0,2
2024061460694,2024,061460694,3,9,0,-1,19,7,3,-1,0,1,0,0,0,0,1,1,-1,6,3,20,4,-1,-1,-1,-1,-1,-1,0,-1
2024201456061,2024,201456061,1,9,0,-1,7,1,6,-1,0,3,0,0,0,0,1,1,-1,6,1,19,4,-1,-1,-1,-1,1,E01009488,0,1
2024010533776,2024,010533776,1,9,0,18,19,1,5,0,0,2,0,0,0,0,1,1,6,6,3,-1,-1,-1,-1,-1,-1,-1,-1,0,-1