collision_index,collision_year,collision_ref_no,vehicle_reference,vehicle_type,towing_and_articulation,vehicle_manoeuvre_historic,vehicle_manoeuvre,vehicle_direction_from,vehicle_direction_to,vehicle_location_restricted_lane_historic,vehicle_location_restricted_lane,junction_location,skidding_and_overturning,hit_object_in_carriageway,vehicle_leaving_carriageway,hit_object_off_carriageway,first_point_of_impact,vehicle_left_hand_drive,journey_purpose_of_driver_historic,journey_purpose_of_driver,sex_of_driver,age_of_driver,age_band_of_driver,engine_capacity_cc,propulsion_code,age_of_vehicle,generic_make_model,driver_imd_decile,lsoa_of_driver,escooter_flag,driver_distance_banding
2024010491111,2024,010491111,1,9,0,99,99,9,9,99,99,9,9,99,9,99,9,9,6,6,2,38,7,-1,-1,-1,-1,2,E01003057,0,1
2024302400811,2024,302400811,2,9,0,5,5,2,5,0,0,1,0,0,0,0,1,1,6,6,2,25,5,-1,-1,-1,-1,8,E01019616,0,3
2024010546135,2024,010546135,1,9,9,99,99,9,9,99,99,9,9,99,9,99,9,9,6,6,3,-1,-1,-1,-1,-1,-1,-1,-1,0,-1
2024421441587,2024,421441587,2,9,0,-1,19,5,2,-1,0,8,0,0,0,0,1,9,-1,6,1,35,6,-1,-1,-1,-1,-1,-1,0,-1
2024131397208,2024,131397208,2,1,0,-1,19,7,3,-1,0,8,0,0,0,0,4,1,-1,6,1,48,8,-1,-1,-1,-1,2,E01007435,0,3
2024631462934,2024,631462934,2,90,0,-1,19,1,5,-1,0,0,0,0,2,10,3,1,-1,6,2,64,9,-1,-1,-1,-1,10,W01001036,0,5
2024421538664,2024,421538664,1,98,0,-1,19,5,1,-1,0,1,0,0,0,0,1,1,-1,6,1,-1,-1,-1,-1,-1,-1,-1,-1,0,-1
2024031468311,2024,031468311,2,9,0,-1,19,7,3,-1,0,4,0,0,0,0,1,2,-1,6,2,29,6,-1,-1,-1,-1,1,E01019160,0,1
2024340WN1992,2024,340WN1992,2,9,0,-1,7,1,2,-1,0,3,0,0,0,0,3,1,-1,2,2,38,7,-1,-1,-1,-1,8,E01027212,0,1
2024302401374,2024,302401374,2,9,0,16,19,6,1,0,0,0,0,0,0,0,0,1,6,6,3,-1,-1,-1,-1,-1,-1,5,E01019456,0,4
2024421447131,2024,421447131,1,9,0,-1,19,6,2,-1,0,0,0,0,0,0,1,9,-1,6,3,-1,-1,-1,-1,-1,-1,-1,-1,0,-1
2024311479237,2024,311479237,2,1,0,-1,15,3,7,-1,0,0,0,0,0,0,0,1,-1,6,1,57,9,-1,-1,-1,-1,4,E01028260,0,2
2024010493978,2024,010493978,2,9,0,9,9,5,4,0,0,5,0,0,0,0,1,1,6,6,2,52,8,-1,-1,-1,-1,5,E01000733,0,3
2024332400827,2024,332400827,2,1,0,-1,19,7,3,-1,0,0,0,0,0,0,1,1,-1,6,1,11,3,-1,-1,-1,-1,1,E01013601,0,1
2024201443477,2024,201443477,2,1,0,-1,19,3,7,-1,0,1,0,0,0,0,1,1,-1,6,1,53,8,-1,-1,-1,-1,-1,-1,0,-1
2024141466009,2024,141466009,2,9,0,-1,19,3,7,-1,0,0,0,0,0,0,3,1,-1,9,2,50,8,-1,-1,-1,-1,1,E01007539,0,2
2024421467096,2024,421467096,2,97,0,-1,13,1,5,-1,0,0,0,0,0,0,0,1,-1,1,1,57,9,-1,-1,-1,-1,9,E01021479,0,3
2024010487270,2024,010487270,2,98,9,99,99,9,9,99,99,0,9,99,9,99,1,9,6,6,3,-1,-1,-1,-1,-1,-1,-1,-1,0,-1
2024101476879,2024,101476879,1,9,-1,-1,-1,-1,-1,-1,-1,0,-1,-1,-1,0,-1,9,-1,6,3,-1,-1,-1,-1,-1,-1,-1,-1,0,-1
2024320386289,2024,320386289,2,1,0,-1,-1,3,7,0,0,1,0,0,0,0,1,1,-1,-1,1,12,3,-1,-1,-1,-1,7,E01026208,0,1
2024010542817,2024,010542817,1,1,9,99,99,9,9,99,99,0,9,99,9,99,1,1,2,2,1,52,8,-1,-1,-1,-1,9,E01001417,0,3
2024320459319,2024,320459319,1,9,0,7,7,8,4,0,0,6,0,0,0,0,1,1,1,1,1,20,4,-1,-1,-1,-1,-1,-1,0,-1
2024010489529,2024,010489529,1,3,0,18,19,2,6,0,0,0,0,0,0,0,1,1,2,2,1,33,6,-1,-1,-1,-1,2,E01003511,0,3
2024010534187,2024,010534187,1,1,9,18,19,5,1,0,0,0,9,99,9,99,9,1,6,6,1,-1,-1,-1,-1,-1,-1,-1,-1,0,-1
2024010518619,2024,010518619,1,1,9,99,99,9,9,99,99,9,9,99,9,99,9,1,6,6,2,33,6,-1,-1,-1,-1,10,E01021447,0,4
2024351496093,2024,351496093,1,8,0,-1,-1,-1,-1,-1,-1,0,-1,-1,-1,0,-1,9,-1,6,3,-1,-1,-1,-1,-1,-1,-1,-1,0,-1
2024010538767,2024,010538767,1,1,9,99,99,9,9,4,4,9,9,99,9,99,9,1,2,2,2,24,5,-1,-1,-1,-1,6,E01003072,0,1
2024440227495,2024,440227495,1,9,0,18,19,7,3,0,0,1,1,0,0,0,1,1,6,6,1,61,9,-1,-1,-1,-1,9,E01022759,0,1
202454A159624,2024,54A159624,1,9,0,6,6,5,5,0,0,0,0,0,0,0,1,1,6,6,1,37,7,-1,-1,-1,-1,8,E01034537,0,1
2024010488990,2024,010488990,1,9,0,99,99,9,9,99,99,0,9,99,9,99,1,9,6,6,2,27,6,-1,-1,-1,-1,3,E01001591,0,1
2024461445554,2024,461445554,2,1,0,-1,9,8,6,-1,0,3,0,0,0,0,3,1,-1,2,1,44,7,-1,-1,-1,-1,5,E01024086,0,2
2024010537202,2024,010537202,2,97,9,99,99,9,9,99,99,9,0,12,9,99,9,1,6,6,1,33,6,-1,-1,-1,-1,2,E01001758,0,2
2024041417616,2024,041417616,2,9,0,-1,19,1,5,-1,0,8,0,0,0,0,4,1,-1,6,2,33,6,-1,-1,-1,-1,3,E01025554,0,1
2024010527889,2024,010527889,1,9,0,9,9,5,3,0,0,5,0,0,0,0,9,9,6,6,3,-1,-1,-1,-1,-1,-1,7,E01003651,0,3
2024010493192,2024,010493192,1,3,0,99,99,9,9,99,99,9,9,99,9,99,9,1,6,6,1,31,6,-1,-1,-1,-1,4,E01001618,0,3
2024010542916,2024,010542916,3,9,0,2,2,0,0,0,0,2,0,11,0,0,2,1,6,6,3,-1,-1,-1,-1,-1,-1,-1,-1,0,-1
2024440341124,2024,440341124,2,1,0,17,19,6,3,0,0,8,0,0,0,0,3,1,2,2,1,21,5,-1,-1,-1,-1,6,E01015361,0,3
2024010491221,2024,010491221,1,9,0,1,1,9,9,99,99,0,9,99,9,99,2,9,6,6,1,-1,-1,-1,-1,-1,-1,2,E01002737,0,2
2024440432197,2024,440432197,2,9,0,18,19,2,6,0,0,0,0,0,1,9,1,1,6,6,3,21,5,-1,-1,-1,-1,-1,-1,0,-1
2024201500423,2024,201500423,2,9,0,-1,7,6,8,-1,0,6,0,0,0,0,3,1,-1,2,1,61,9,-1,-1,-1,-1,-1,-1,0,-1
2024351408859,2024,351408859,2,1,0,-1,19,1,5,-1,4,1,0,0,0,0,4,1,-1,2,1,44,7,-1,-1,-1,-1,10,E01018116,0,1
2024991413253,2024,991413253,2,9,4,-1,2,0,0,-1,0,0,0,0,0,0,2,1,-1,6,-1,-1,-1,-1,-1,-1,-1,-1,-1,0,-1
2024010540163,2024,010540163,1,1,9,99,99,9,9,99,99,9,9,8,9,99,9,1,6,6,1,31,6,-1,-1,-1,-1,5,E01001708,0,2
2024201449480,2024,201449480,2,-1,0,-1,14,1,5,-1,0,0,0,8,0,0,4,1,-1,9,1,55,8,-1,-1,-1,-1,1,E01009127,1,1
2024340WN3102,2024,340WN3102,3,9,0,-1,2,0,0,-1,0,2,0,0,0,0,1,1,-1,9,1,49,8,-1,-1,-1,-1,6,E01027011,0,3
2024161476648,2024,161476648,2,1,0,-1,10,2,8,-1,0,1,0,0,0,0,1,1,-1,6,1,63,9,-1,-1,-1,-1,1,E01035473,0,1
2024010528823,2024,010528823,2,9,0,99,99,9,9,99,99,9,9,99,9,99,1,9,6,6,3,-1,-1,-1,-1,-1,-1,-1,-1,0,-1
2024302500122,2024,302500122,3,9,0,-1,19,2,6,-1,0,1,0,0,0,0,0,1,-1,6,3,-1,-1,-1,-1,-1,-1,5,E01019456,0,4
2024461492600,2024,461492600,1,9,0,-1,19,5,1,-1,0,0,0,0,0,0,3,1,-1,9,2,42,7,-1,-1,-1,-1,4,E01024696,0,1
2024421438257,2024,421438257,2,9,0,-1,19,3,7,-1,0,0,0,1,0,0,2,1,-1,2,1,28,6,-1,-1,-1,-1,3,E01022007,0,1
2024371399794,2024,371399794,1,9,0,-1,19,6,2,-1,0,0,2,0,7,0,3,1,-1,1,1,21,5,-1,-1,-1,-1,4,E01030208,0,2
2024201517561,2024,201517561,6,9,0,-1,3,5,1,-1,0,0,0,0,0,0,2,1,-1,6,1,36,7,-1,-1,-1,-1,9,E01010201,0,2
2024010515582,2024,010515582,2,1,0,18,19,5,1,0,0,1,0,0,0,0,3,1,6,6,2,51,8,-1,-1,-1,-1,3,E01004471,0,1
2024041394305,2024,041394305,1,9,0,-1,-1,-1,-1,-1,-1,-1,-1,-1,-1,0,-1,9,-1,6,3,-1,-1,-1,-1,-1,-1,-1,-1,0,-1
2024010499035,2024,010499035,2,1,0,18,19,5,1,0,0,9,0,0,9,99,2,1,6,6,1,34,6,-1,-1,-1,-1,7,E01002438,0,1
2024430515373,2024,430515373,2,98,0,13,13,6,2,0,0,7,0,0,0,0,1,1,6,6,3,-1,-1,-1,-1,-1,-1,-1,-1,0,-1
2024010538866,2024,010538866,1,1,9,99,99,9,9,99,99,9,9,99,9,99,9,1,2,2,1,52,8,-1,-1,-1,-1,9,E01000686,0,1
2024332400487,2024,332400487,1,19,0,-1,7,3,5,-1,0,5,0,0,0,0,0,1,-1,6,1,-1,-1,-1,-1,-1,-1,-1,-1,0,-1
2024430483312,2024,430483312,1,9,0,9,9,8,5,0,0,8,0,0,0,0,3,1,6,6,3,-1,-1,-1,-1,-1,-1,-1,-1,0,-1
2024421489087,2024,421489087,1,9,0,-1,4,1,5,-1,0,0,0,0,0,0,2,9,-1,6,3,-1,-1,-1,-1,-1,-1,-1,-1,0,-1
2024131521939,2024,131521939,2,1,0,-1,19,1,5,-1,0,0,0,0,0,0,3,1,-1,6,1,40,7,-1,-1,-1,-1,9,E01011905,0,1
2024311440381,2024,311440381,2,21,1,-1,19,1,5,-1,0,0,0,0,0,0,1,1,-1,1,1,62,9,-1,-1,-1,-1,-1,-1,0,-1
2024221444990,2024,221444990,1,9,0,-1,7,4,6,-1,0,6,0,0,0,0,1,9,-1,6,1,57,9,-1,-1,-1,-1,-1,-1,0,-1
2024010528369,2024,010528369,2,1,0,18,19,3,7,5,5,2,0,0,0,0,3,1,6,6,3,-1,-1,-1,-1,-1,-1,-1,-1,0,-1
2024451458522,2024,451458522,2,1,0,-1,19,5,3,-1,0,8,0,0,0,0,4,1,-1,6,1,34,6,-1,-1,-1,-1,7,E01030548,0,1
2024052402040,2024,052402040,1,21,0,11,11,4,8,0,0,0,0,0,0,0,0,1,1,1,1,-1,-1,-1,-1,-1,-1,-1,-1,0,-1
2024010526058,2024,010526058,2,1,9,99,99,9,9,99,99,9,9,99,9,99,1,1,6,6,1,-1,-1,-1,-1,-1,-1,3,E01001112,0,1
2024010535907,2024,010535907,2,9,0,99,99,9,9,99,99,9,9,99,9,99,9,9,6,6,3,-1,-1,-1,-1,-1,-1,-1,-1,0,-1
2024552400321,2024,552400321,2,9,0,3,3,5,1,0,0,1,0,0,0,0,2,1,6,6,2,26,6,-1,-1,-1,-1,5,E01020410,0,2
2024991465581,2024,991465581,1,9,0,-1,19,8,3,-1,0,0,0,0,0,0,4,1,-1,6,3,20,4,-1,-1,-1,-1,-1,-1,0,-1
2024041464190,2024,041464190,1,9,0,-1,19,-1,-1,-1,0,0,0,0,0,0,4,9,-1,6,3,-1,-1,-1,-1,-1,-1,-1,-1,0,-1
2024401467800,2024,401467800,1,-1,0,-1,19,3,7,-1,2,1,0,0,0,0,1,1,-1,1,1,34,6,-1,-1,-1,-1,8,E01015799,1,2
2024010492279,2024,010492279,2,3,0,8,8,1,3,0,0,6,0,0,0,0,4,1,1,1,1,38,7,-1,-1,-1,-1,3,E01004233,0,3
2024501448835,2024,501448835,1,19,0,-1,13,4,8,-1,0,0,0,0,0,0,0,1,-1,6,3,-1,-1,-1,-1,-1,-1,-1,-1,0,-1
2024201487870,2024,201487870,2,9,0,-1,7,1,8,-1,0,5,0,0,1,0,2,9,-1,9,1,54,8,-1,-1,-1,-1,-1,-1,0,-1
2024201548688,2024,201548688,2,1,0,-1,19,2,6,-1,0,0,0,0,0,0,1,1,-1,6,1,8,2,-1,-1,-1,-1,-1,-1,0,-1
2024010538679,2024,010538679,1,9,9,99,99,9,9,99,99,9,9,99,9,99,9,9,6,6,3,-1,-1,-1,-1,-1,-1,-1,-1,0,-1
2024430353992,2024,430353992,1,9,0,18,19,4,8,0,0,0,0,0,0,0,1,1,1,1,1,45,7,-1,-1,-1,-1,6,E01017793,0,1
2024010547741,2024,010547741,2,90,4,99,99,9,9,99,99,9,9,99,9,99,1,9,6,6,3,-1,-1,-1,-1,-1,-1,-1,-1,0,-1
2024131406140,2024,131406140,1,9,0,-1,-1,-1,-1,-1,-1,-1,-1,-1,-1,-1,-1,1,-1,6,3,-1,-1,-1,-1,-1,-1,-1,-1,0,-1
2024101468631,2024,101468631,1,1,0,-1,19,1,4,-1,0,8,0,0,0,0,1,1,-1,6,1,-1,-1,-1,-1,-1,-1,-1,-1,0,-1
2024111464302,2024,111464302,1,1,0,-1,19,1,5,-1,0,4,0,0,0,0,1,1,-1,9,1,56,9,-1,-1,-1,-1,1,E01034500,0,4
2024471414943,2024,471414943,2,1,-1,-1,19,2,6,-1,0,8,0,0,0,0,1,1,-1,6,2,11,3,-1,-1,-1,-1,5,E01031442,0,1
2024131395951,2024,131395951,2,22,0,-1,19,1,1,-1,0,6,0,0,0,0,4,1,-1,6,1,81,11,-1,-1,-1,-1,1,E01011491,0,1
2024052401779,2024,052401779,1,9,0,2,2,0,0,0,0,0,0,0,0,0,3,1,6,6,3,-1,-1,-1,-1,-1,-1,-1,-1,0,-1
2024201395158,2024,201395158,2,9,0,-1,19,6,2,-1,0,1,0,0,0,0,1,9,-1,6,2,-1,-1,-1,-1,-1,-1,-1,-1,0,-1
2024041398380,2024,041398380,1,97,0,-1,19,3,7,-1,0,1,0,0,0,0,1,1,-1,6,1,-1,-1,-1,-1,-1,-1,-1,-1,0,-1
2024131525517,2024,131525517,1,98,0,-1,19,3,7,-1,0,0,0,0,0,0,4,1,-1,6,1,-1,-1,-1,-1,-1,-1,-1,-1,0,-1
2024302401580,2024,302401580,1,3,0,7,7,8,2,0,0,0,0,0,0,0,1,1,6,6,3,-1,-1,-1,-1,-1,-1,5,E01019456,0,3
2024010508823,2024,010508823,2,1,9,99,99,9,9,99,99,9,9,99,9,99,9,1,6,6,3,-1,-1,-1,-1,-1,-1,-1,-1,0,-1
2024010542378,2024,010542378,2,1,0,18,19,1,5,0,0,8,0,0,0,0,3,1,1,1,1,25,5,-1,-1,-1,-1,8,E01003009,0,2
2024070397776,2024,070397776,2,1,0,5,5,3,7,0,0,0,0,0,0,0,4,1,6,6,1,53,8,-1,-1,-1,-1,-1,-1,0,-1
2024010533152,2024,010533152,2,23,0,18,19,1,5,0,0,4,0,0,0,0,1,1,6,6,2,21,5,-1,-1,-1,-1,7,E01004159,0,1
2024010542425,2024,010542425,2,1,0,9,9,7,5,0,0,8,0,0,0,0,3,1,1,1,1,24,5,-1,-1,-1,-1,1,E01034479,0,3
2024991473038,2024,991473038,1,9,0,-1,15,6,2,-1,0,0,0,0,0,0,4,1,-1,2,1,30,6,-1,-1,-1,-1,1,-1,0,1
2024010497652,2024,010497652,2,9,0,18,19,8,4,0,0,0,0,0,0,0,1,1,6,6,3,-1,-1,-1,-1,-1,-1,-1,-1,0,-1
2024052402823,2024,052402823,1,9,0,18,19,7,3,0,0,1,0,0,0,0,3,1,6,6,2,81,11,-1,-1,-1,-1,4,E01006454,0,1
2024401502419,2024,401502419,2,9,0,-1,19,4,8,-1,0,0,0,0,0,0,2,1,-1,6,2,39,7,-1,-1,-1,-1,8,E01016722,0,3
2024201459421,2024,201459421,1,9,0,-1,19,4,8,-1,0,8,0,0,0,0,1,1,-1,6,3,-1,-1,-1,-1,-1,-1,-1,-1,0,-1
2024141422885,2024,141422885,2,9,0,-1,19,5,1,-1,0,8,0,0,0,0,4,1,-1,6,3,-1,-1,-1,-1,-1,-1,8,E01007612,0,1
2024041470476,2024,041470476,2,9,0,-1,19,1,5,-1,0,0,0,0,0,0,2,1,-1,6,2,32,6,-1,-1,-1,-1,4,E01033685,0,4
2024302400379,2024,302400379,3,1,0,14,14,8,4,0,0,0,0,0,0,0,3,1,6,6,2,43,7,-1,-1,-1,-1,7,E01019700,0,1
2024361404846,2024,361404846,1,9,-1,-1,-1,-1,-1,-1,-1,0,-1,-1,-1,0,-1,9,-1,6,1,-1,-1,-1,-1,-1,-1,-1,-1,0,-1
2024401496072,2024,401496072,1,21,-1,-1,12,5,1,-1,0,0,0,0,0,0,3,9,-1,6,1,-1,-1,-1,-1,-1,-1,-1,-1,0,-1
2024461469707,2024,461469707,1,9,-1,-1,19,2,6,-1,0,0,0,0,0,0,1,9,-1,6,3,-1,-1,-1,-1,-1,-1,-1,-1,0,-1
2024340WN4672,2024,340WN4672,1,9,0,-1,11,7,3,-1,0,0,0,0,0,0,4,1,-1,6,3,-1,-1,-1,-1,-1,-1,-1,-1,0,-1
2024010490597,2024,010490597,2,1,0,10,10,6,3,0,0,1,0,0,0,0,2,1,6,6,1,15,3,-1,-1,-1,-1,9,E01004543,0,1
2024991495006,2024,991495006,2,9,0,-1,19,3,6,-1,0,0,0,0,0,0,3,1,-1,9,1,82,11,-1,-1,-1,-1,5,-1,0,5
2024201533816,2024,201533816,1,9,0,-1,5,2,6,-1,0,8,1,0,0,0,1,1,-1,6,2,59,9,-1,-1,-1,-1,1,E01009622,0,1
2024461469429,2024,461469429,2,1,0,-1,19,4,8,-1,0,1,0,0,0,0,3,1,-1,6,1,55,8,-1,-1,-1,-1,1,E01024657,0,1
2024010508429,2024,010508429,1,90,0,9,9,1,6,0,0,5,0,0,1,0,1,1,2,2,1,24,5,-1,-1,-1,-1,4,E01023899,0,3
2024311517401,2024,311517401,1,9,0,-1,9,1,7,-1,0,1,0,0,0,0,1,1,-1,6,3,-1,-1,-1,-1,-1,-1,-1,-1,0,-1
2024340WN5372,2024,340WN5372,2,9,0,-1,-1,6,8,-1,0,1,0,0,0,0,2,1,-1,9,2,45,7,-1,-1,-1,-1,8,E01026993,0,1
2024411488898,2024,411488898,1,1,0,-1,19,1,5,-1,0,1,0,4,0,0,1,1,-1,6,1,29,6,-1,-1,-1,-1,9,E01023438,0,3
2024201457130,2024,201457130,2,1,0,-1,19,5,1,-1,0,8,0,0,0,0,1,1,-1,6,2,52,8,-1,-1,-1,-1,3,E01009661,0,1
2024010533975,2024,010533975,1,1,0,18,19,1,5,5,5,1,5,7,0,0,4,1,6,6,1,59,9,-1,-1,-1,-1,3,E01004333,0,1
2024122401312,2024,122401312,1,9,0,2,2,0,0,0,0,2,0,0,0,0,2,1,6,6,1,82,11,-1,-1,-1,-1,8,E01027558,0,1
2024371457588,2024,371457588,2,1,0,-1,19,-1,-1,-1,0,1,0,0,0,0,0,1,-1,6,2,49,8,-1,-1,-1,-1,7,E01029991,0,1
2024010532393,2024,010532393,2,9,0,5,5,7,3,0,0,1,0,0,0,0,4,1,6,6,3,-1,-1,-1,-1,-1,-1,-1,-1,0,-1
2024201489552,2024,201489552,2,8,0,-1,19,8,4,-1,0,8,0,0,0,0,2,9,-1,6,3,-1,-1,-1,-1,-1,-1,-1,-1,0,-1
2024010552090,2024,010552090,2,1,0,10,10,1,6,0,0,1,0,0,0,0,3,1,1,1,1,57,9,-1,-1,-1,-1,3,E01001113,0,1
2024340NN3862,2024,340NN3862,1,9,0,-1,19,1,5,-1,0,1,0,0,0,0,1,1,-1,9,2,72,10,-1,-1,-1,-1,6,E01027090,0,1
2024131515519,2024,131515519,2,23,0,-1,13,7,3,-1,0,8,0,0,0,0,1,1,-1,6,1,19,4,-1,-1,-1,-1,1,E01011910,0,1
2024061474650,2024,061474650,2,1,-1,-1,19,8,4,-1,0,0,0,0,0,0,3,1,-1,6,2,59,9,-1,-1,-1,-1,5,E01006118,0,2
2024991488997,2024,991488997,1,9,0,-1,11,5,1,-1,0,1,0,0,0,0,1,1,-1,6,1,19,4,-1,-1,-1,-1,2,-1,0,3
2024010495724,2024,010495724,1,3,9,99,99,9,9,99,99,9,9,99,9,99,9,1,1,1,1,51,8,-1,-1,-1,-1,4,E01003136,0,1
2024991407666,2024,991407666,1,1,0,-1,7,5,6,-1,0,1,1,0,0,0,4,1,-1,6,2,40,7,-1,-1,-1,-1,4,-1,0,1
2024201434968,2024,201434968,2,9,0,-1,15,8,4,-1,0,1,0,0,0,0,2,9,-1,6,-1,-1,-1,-1,-1,-1,-1,-1,-1,0,-1
2024141468526,2024,141468526,2,1,0,-1,19,5,1,-1,0,8,5,0,0,0,2,1,-1,6,1,40,7,-1,-1,-1,-1,10,E01008132,0,2
2024131492217,2024,131492217,1,9,0,-1,19,2,6,-1,0,8,0,0,0,0,3,1,-1,6,1,31,6,-1,-1,-1,-1,7,E01011591,0,2
2024010490067,2024,010490067,1,3,9,99,99,9,9,99,99,9,9,99,9,99,9,1,1,1,2,21,5,-1,-1,-1,-1,5,E01003142,0,1
2024052402453,2024,052402453,1,9,0,5,5,6,2,0,0,1,0,0,0,0,3,1,6,6,1,34,6,-1,-1,-1,-1,1,E01034397,0,2
2024131407758,2024,131407758,1,9,0,-1,-1,-1,-1,-1,-1,-1,-1,-1,-1,-1,-1,1,-1,6,3,-1,-1,-1,-1,-1,-1,-1,-1,0,-1
2024440482996,2024,440482996,1,1,0,18,19,4,8,0,0,8,0,0,0,0,1,1,2,2,1,27,6,-1,-1,-1,-1,2,E01022655,0,1
2024361474640,2024,361474640,1,9,-1,-1,1,-1,-1,-1,0,0,0,0,0,0,2,9,-1,6,1,47,8,-1,-1,-1,-1,4,E01026743,0,3
2024361484331,2024,361484331,1,9,0,-1,19,7,3,-1,0,0,0,0,0,0,1,1,-1,9,1,29,6,-1,-1,-1,-1,7,E01026897,0,4
2024010511902,2024,010511902,1,19,0,9,9,4,2,0,0,8,0,0,0,0,1,1,6,6,3,-1,-1,-1,-1,-1,-1,-1,-1,0,-1
2024361494938,2024,361494938,2,1,0,-1,11,7,3,-1,0,3,5,0,0,0,1,1,-1,2,1,39,7,-1,-1,-1,-1,-1,-1,0,-1
2024131468140,2024,131468140,1,97,0,-1,14,3,7,-1,0,0,1,0,7,0,1,1,-1,6,1,18,4,-1,-1,-1,-1,1,E01010612,0,1
2024010496352,2024,010496352,1,1,9,99,99,9,9,99,99,9,9,99,9,99,1,1,2,2,1,43,7,-1,-1,-1,-1,5,E01000636,0,1
2024010538705,2024,010538705,1,1,9,99,99,9,9,99,99,9,9,99,9,99,1,1,6,6,1,33,6,-1,-1,-1,-1,-1,-1,0,-1
2024010545678,2024,010545678,1,1,9,99,99,9,9,99,99,9,9,99,9,99,0,1,6,6,3,-1,-1,-1,-1,-1,-1,-1,-1,0,-1
2024061402297,2024,061402297,2,9,0,-1,9,3,8,-1,0,1,0,0,0,0,1,1,-1,1,1,29,6,-1,-1,-1,-1,8,E01005571,0,3
2024010541420,2024,010541420,1,98,0,99,99,9,9,99,99,9,9,99,9,99,9,9,6,6,3,-1,-1,-1,-1,-1,-1,-1,-1,0,-1
2024010516690,2024,010516690,1,97,0,18,19,7,3,0,0,2,0,0,0,0,1,1,6,6,3,-1,-1,-1,-1,-1,-1,-1,-1,0,-1
2024501431536,2024,501431536,2,9,0,-1,19,2,6,-1,0,0,0,0,0,0,1,1,-1,9,1,79,11,-1,-1,-1,-1,7,E01018823,0,2
2024201448066,2024,201448066,1,9,0,-1,1,4,8,-1,0,1,0,0,0,0,2,9,-1,1,1,60,9,-1,-1,-1,-1,-1,-1,0,-1
2024052402713,2024,052402713,1,9,0,18,19,7,3,0,0,0,0,0,0,0,1,1,6,6,3,-1,-1,-1,-1,-1,-1,-1,-1,0,-1
2024010500402,2024,010500402,1,9,9,99,99,9,9,99,99,9,9,99,9,10,9,9,6,6,3,-1,-1,-1,-1,-1,-1,4,E01004270,0,1
2024010489247,2024,010489247,1,3,9,99,99,9,9,99,99,0,9,99,0,0,1,1,2,2,1,30,6,-1,-1,-1,-1,4,E01000570,0,1
2024010489222,2024,010489222,2,9,0,99,99,9,9,99,99,9,9,99,9,99,9,9,6,6,3,44,7,-1,-1,-1,-1,4,E01004019,0,1
2024010496078,2024,010496078,1,9,0,18,19,5,1,0,0,0,0,0,0,0,1,1,6,6,1,84,11,-1,-1,-1,-1,9,E01021446,0,4
2024010538830,2024,010538830,2,9,0,18,19,1,5,0,0,6,1,0,5,2,1,1,6,6,3,34,6,-1,-1,-1,-1,-1,-1,0,-1
2024010486871,2024,010486871,1,3,0,12,12,3,7,0,0,2,2,10,0,0,3,1,6,6,1,47,8,-1,-1,-1,-1,2,E01003540,0,2
2024522500036,2024,522500036,1,23,0,7,7,2,4,0,0,6,0,7,0,0,1,1,6,6,1,21,5,-1,-1,-1,-1,3,E01018464,0,5
2024010520321,2024,010520321,1,9,0,99,99,9,9,99,99,9,9,99,9,99,1,9,6,6,3,-1,-1,-1,-1,-1,-1,-1,-1,0,-1
2024501538370,2024,501538370,3,9,0,-1,3,5,1,-1,0,0,0,0,0,0,2,2,-1,6,1,36,7,-1,-1,-1,-1,7,E01020029,0,1
2024061474912,2024,061474912,2,1,0,-1,19,3,7,-1,0,1,0,0,0,0,1,1,-1,2,1,41,7,-1,-1,-1,-1,-1,-1,0,-1
2024010495852,2024,010495852,2,1,9,99,99,9,9,99,99,9,9,99,9,99,9,1,6,6,1,-1,-1,-1,-1,-1,-1,6,E01003033,0,1
2024361492501,2024,361492501,2,1,-1,-1,19,-1,-1,-1,0,-1,0,0,0,0,3,1,-1,9,1,34,6,-1,-1,-1,-1,1,E01026704,0,1
2024101506389,2024,101506389,1,9,0,-1,19,6,2,-1,0,8,0,0,0,0,1,1,-1,9,1,-1,-1,-1,-1,-1,-1,-1,-1,0,-1
2024010490476,2024,010490476,2,9,0,99,99,9,9,99,99,9,9,99,9,99,9,9,6,6,3,-1,-1,-1,-1,-1,-1,-1,-1,0,-1
2024010489119,2024,010489119,1,9,0,18,19,1,5,0,0,8,0,0,0,0,3,1,6,6,1,28,6,-1,-1,-1,-1,7,E01030858,0,4
2024010537544,2024,010537544,1,1,9,99,99,9,9,99,99,9,9,99,9,99,2,1,6,6,1,26,6,-1,-1,-1,-1,3,E01003201,0,1
2024101487169,2024,101487169,2,9,0,-1,19,6,2,-1,0,8,0,0,0,0,4,1,-1,9,2,47,8,-1,-1,-1,-1,6,E01035614,0,3
2024201456123,2024,201456123,1,9,0,-1,19,7,3,-1,0,1,0,0,0,0,1,9,-1,6,2,37,7,-1,-1,-1,-1,1,E01010066,0,1
2024221533559,2024,221533559,1,1,0,-1,19,3,7,-1,9,0,0,0,1,0,4,1,-1,6,1,38,7,-1,-1,-1,-1,2,E01032235,0,1
2024010524571,2024,010524571,2,1,9,99,99,9,9,99,99,9,9,99,9,99,9,1,6,6,3,-1,-1,-1,-1,-1,-1,-1,-1,0,-1
2024320536924,2024,320536924,2,9,0,-1,-1,8,4,0,0,0,0,0,0,0,1,1,-1,-1,1,33,6,-1,-1,-1,-1,5,E01026529,0,5
2024161466205,2024,161466205,1,1,0,-1,19,3,7,-1,4,1,0,0,0,0,1,1,-1,6,1,49,8,-1,-1,-1,-1,1,E01013206,0,1
2024131461129,2024,131461129,2,9,0,-1,19,7,3,-1,0,0,0,0,0,0,1,1,-1,6,1,59,9,-1,-1,-1,-1,10,E01011386,0,1
2024010521097,2024,010521097,1,9,0,7,7,4,7,4,4,1,0,0,0,0,1,1,6,6,3,-1,-1,-1,-1,-1,-1,-1,-1,0,-1
2024052401400,2024,052401400,1,9,0,18,19,3,7,0,0,0,0,0,0,0,1,1,6,6,1,-1,-1,-1,-1,-1,-1,-1,-1,0,-1
2024131414949,2024,131414949,2,1,0,-1,9,3,5,-1,0,8,0,0,0,0,1,1,-1,2,1,31,6,-1,-1,-1,-1,1,E01011361,0,1
2024061454114,2024,061454114,3,9,0,-1,2,0,0,-1,0,2,0,0,0,0,2,1,-1,6,-1,-1,-1,-1,-1,-1,-1,-1,-1,0,-1