collision_index,collision_year,collision_ref_no,vehicle_reference,vehicle_type,towing_and_articulation,vehicle_manoeuvre_historic,vehicle_manoeuvre,vehicle_direction_from,vehicle_direction_to,vehicle_location_restricted_lane_historic,vehicle_location_restricted_lane,junction_location,skidding_and_overturning,hit_object_in_carriageway,vehicle_leaving_carriageway,hit_object_off_carriageway,first_point_of_impact,vehicle_left_hand_drive,journey_purpose_of_driver_historic,journey_purpose_of_driver,sex_of_driver,age_of_driver,age_band_of_driver,engine_capacity_cc,propulsion_code,age_of_vehicle,generic_make_model,driver_imd_decile,lsoa_of_driver,escooter_flag,driver_distance_banding
2024101397050,2024,101397050,1,9,0,-1,9,5,3,-1,0,0,0,0,0,0,1,9,-1,6,1,-1,-1,-1,-1,-1,-1,-1,-1,0,-1
2024131460796,2024,131460796,2,1,0,-1,19,4,8,-1,0,1,0,0,0,0,0,1,-1,9,1,29,6,-1,-1,-1,-1,3,E01010789,0,1
2024471459584,2024,471459584,1,9,0,-1,13,2,6,-1,0,0,0,0,0,0,4,1,-1,9,2,39,7,-1,-1,-1,-1,8,E01024203,0,4
2024010489057,2024,010489057,1,9,0,18,19,6,2,0,0,6,0,0,0,0,4,1,6,6,1,51,8,-1,-1,-1,-1,10,E01003759,0,1
2024451540900,2024,451540900,2,1,0,-1,19,5,1,-1,0,1,0,0,1,0,3,1,-1,6,1,58,9,-1,-1,-1,-1,10,E01030807,0,3
2024052401405,2024,052401405,2,1,0,18,19,5,1,0,0,0,0,0,0,0,1,1,6,6,1,54,8,-1,-1,-1,-1,7,E01007315,0,2
2024471502922,2024,471502922,2,17,0,-1,19,7,2,-1,0,0,0,0,0,0,3,1,-1,1,1,78,11,-1,-1,-1,-1,6,E01021205,0,1
2024071035284,2024,071035284,1,20,0,-1,4,6,2,-1,0,0,1,0,0,0,1,1,-1,6,3,-1,-1,-1,-1,-1,-1,-1,-1,0,-1
2024070207131,2024,070207131,2,1,0,18,19,7,3,0,0,3,0,0,0,0,1,1,2,2,2,40,7,-1,-1,-1,-1,3,E01012539,0,1
2024010523718,2024,010523718,2,-1,0,18,19,7,3,0,0,2,0,0,0,0,3,1,6,6,1,16,4,-1,-1,-1,-1,3,E01001213,1,1
2024010539148,2024,010539148,1,9,0,18,19,5,1,6,6,8,0,0,0,0,1,1,6,6,2,56,9,-1,-1,-1,-1,8,E01024693,0,4
2024401503824,2024,401503824,1,9,0,-1,7,6,2,-1,0,8,0,0,0,0,3,1,-1,7,2,47,8,-1,-1,-1,-1,6,E01033811,0,1
2024520401303,2024,520401303,2,9,0,18,19,5,1,0,0,0,0,0,0,0,1,1,6,6,2,31,6,-1,-1,-1,-1,8,E01029319,0,1
2024302401373,2024,302401373,2,9,0,6,6,1,1,0,0,8,0,0,0,0,0,1,6,6,3,-1,-1,-1,-1,-1,-1,5,E01019456,0,4
2024421487566,2024,421487566,2,9,0,-1,19,5,1,-1,0,0,0,0,0,0,1,1,-1,2,1,59,9,-1,-1,-1,-1,9,E01015982,0,1
2024401504026,2024,401504026,1,10,0,-1,19,-1,-1,-1,0,0,0,0,0,0,9,9,-1,6,3,-1,-1,-1,-1,-1,-1,-1,-1,0,-1
2024010545918,2024,010545918,2,1,9,99,99,9,9,4,4,9,9,99,9,99,9,1,2,2,1,52,8,-1,-1,-1,-1,5,E01021024,0,4
2024440158939,2024,440158939,1,9,0,1,1,1,5,0,0,0,0,0,0,0,2,1,6,6,1,-1,-1,-1,-1,-1,-1,-1,-1,0,-1
2024111484200,2024,111484200,2,1,0,-1,19,4,6,-1,0,1,0,0,0,0,1,1,-1,6,1,39,7,-1,-1,-1,-1,1,E01012318,0,1
2024520401194,2024,520401194,2,4,0,18,19,4,8,0,0,0,0,0,1,0,1,1,6,6,1,33,6,-1,-1,-1,-1,5,E01029108,0,1
2024461415211,2024,461415211,1,9,0,-1,19,3,7,-1,0,0,5,4,0,0,1,1,-1,9,1,83,11,-1,-1,-1,-1,6,E01024536,0,3
2024010497225,2024,010497225,2,9,9,18,19,9,9,99,99,9,9,99,9,99,9,9,6,6,1,-1,-1,-1,-1,-1,-1,10,E01000272,0,1
2024461458247,2024,461458247,2,22,0,-1,19,-1,-1,-1,9,0,0,0,0,0,-1,1,-1,6,2,-1,-1,-1,-1,-1,-1,7,E01024737,0,1
2024131499210,2024,131499210,1,90,0,-1,13,5,5,-1,0,1,0,0,0,0,1,1,-1,1,1,20,4,-1,-1,-1,-1,1,E01010813,0,3
2024501468030,2024,501468030,2,1,0,-1,9,7,5,-1,0,8,0,0,0,0,1,1,-1,2,1,32,6,-1,-1,-1,-1,9,E01019989,0,1
2024440017320,2024,440017320,1,9,0,18,19,6,2,0,0,0,5,0,7,0,1,1,6,6,1,29,6,-1,-1,-1,-1,7,E01023271,0,1
2024010549050,2024,010549050,2,9,0,99,99,9,9,99,99,9,9,99,9,99,9,9,6,6,3,-1,-1,-1,-1,-1,-1,-1,-1,0,-1
2024141445379,2024,141445379,2,9,0,-1,19,5,2,-1,0,8,0,0,0,0,1,9,-1,6,3,-1,-1,-1,-1,-1,-1,-1,-1,0,-1
2024010500348,2024,010500348,2,1,0,18,19,5,1,0,0,1,0,0,0,0,1,1,1,1,1,48,8,-1,-1,-1,-1,5,E01002492,0,3
2024041400536,2024,041400536,1,9,0,-1,5,-1,-1,-1,0,0,0,0,0,0,-1,9,-1,6,3,-1,-1,-1,-1,-1,-1,-1,-1,0,-1
2024371460472,2024,371460472,1,9,-1,-1,19,6,2,-1,0,1,0,0,0,0,1,9,-1,6,3,-1,-1,-1,-1,-1,-1,-1,-1,0,-1
2024461419850,2024,461419850,2,1,0,-1,5,5,1,-1,0,4,0,0,0,0,1,1,-1,9,2,75,10,-1,-1,-1,-1,-1,-1,0,-1
2024010526032,2024,010526032,2,9,0,18,19,1,5,0,0,1,0,0,0,0,1,1,6,6,1,-1,-1,-1,-1,-1,-1,-1,-1,0,-1
2024161498391,2024,161498391,2,21,1,-1,19,8,4,-1,0,0,0,0,0,0,2,1,-1,2,1,62,9,-1,-1,-1,-1,6,E01013095,0,4
2024122401175,2024,122401175,1,19,0,18,19,7,3,0,0,3,0,0,0,0,3,1,6,6,3,-1,-1,-1,-1,-1,-1,-1,-1,0,-1
2024440027857,2024,440027857,1,9,0,9,9,7,5,0,0,8,1,0,0,0,1,1,6,6,1,22,5,-1,-1,-1,-1,4,E01022567,0,2
2024302401086,2024,302401086,2,98,0,16,19,5,8,0,0,0,0,0,0,0,3,1,1,1,1,52,8,-1,-1,-1,-1,-1,-1,0,-1
2024332400617,2024,332400617,1,9,0,-1,19,1,5,-1,0,8,0,0,0,0,1,1,-1,6,3,-1,-1,-1,-1,-1,-1,-1,-1,0,-1
2024010494331,2024,010494331,2,9,0,99,99,9,9,99,99,9,9,99,9,99,1,9,6,6,3,-1,-1,-1,-1,-1,-1,-1,-1,0,-1
2024302400068,2024,302400068,2,1,0,18,19,6,2,0,0,1,1,0,0,0,3,1,6,6,1,62,9,-1,-1,-1,-1,9,E01013469,0,1
2024041432150,2024,041432150,2,9,0,-1,19,5,1,-1,0,0,1,0,5,6,1,1,-1,2,1,60,9,-1,-1,-1,-1,5,E01025025,0,4
2024010525335,2024,010525335,1,9,0,18,19,7,3,0,0,1,0,0,0,0,1,1,1,1,1,40,7,-1,-1,-1,-1,5,E01003718,0,1
2024010531603,2024,010531603,1,9,9,99,99,9,9,99,99,9,9,99,9,99,9,9,2,2,2,57,9,-1,-1,-1,-1,6,E01021742,0,2
2024211481587,2024,211481587,1,1,0,-1,19,6,2,-1,0,3,0,0,0,0,4,1,-1,1,1,68,10,-1,-1,-1,-1,2,E01029447,0,1
2024371501092,2024,371501092,1,9,0,-1,9,8,3,-1,0,2,0,0,0,0,1,1,-1,9,1,19,4,-1,-1,-1,-1,6,E01029874,0,3
2024430029355,2024,430029355,1,9,0,18,19,8,4,0,0,8,0,0,0,0,1,1,6,6,1,-1,-1,-1,-1,-1,-1,-1,-1,0,-1
2024340WN5372,2024,340WN5372,1,9,0,-1,-1,6,8,-1,0,1,-1,0,0,0,1,9,-1,6,3,-1,-1,-1,-1,-1,-1,-1,-1,0,-1
2024010497192,2024,010497192,2,9,0,18,19,2,6,0,0,8,0,0,0,0,4,1,6,6,1,86,11,-1,-1,-1,-1,10,E01000423,0,1
2024501423632,2024,501423632,1,19,0,-1,19,1,5,-1,0,0,0,0,0,0,1,9,-1,6,1,-1,-1,-1,-1,-1,-1,-1,-1,0,-1
2024010494754,2024,010494754,2,-1,0,18,19,7,3,0,0,1,1,0,0,0,1,1,6,6,1,34,6,-1,-1,-1,-1,6,E01001237,1,1
2024010488173,2024,010488173,2,9,9,99,99,9,9,99,99,9,9,99,9,99,9,9,6,6,3,-1,-1,-1,-1,-1,-1,9,E01004171,0,1
2024311480818,2024,311480818,2,1,0,-1,19,4,8,-1,1,8,0,0,0,0,1,1,-1,9,1,28,6,-1,-1,-1,-1,-1,-1,0,-1
2024041407426,2024,041407426,1,97,0,-1,19,6,8,-1,0,1,0,0,0,0,1,1,-1,9,1,16,4,-1,-1,-1,-1,1,E01024856,0,1
2024010516931,2024,010516931,1,1,9,99,99,9,9,99,99,9,9,99,9,99,2,1,6,6,1,30,6,-1,-1,-1,-1,2,E01000551,0,3
2024010494749,2024,010494749,1,4,0,5,5,3,7,0,0,8,0,0,0,0,1,1,2,2,1,30,6,-1,-1,-1,-1,1,E01003318,0,2
202417S100224,2024,17S100224,2,19,0,18,19,3,7,0,0,0,0,0,0,0,0,1,6,6,1,27,6,-1,-1,-1,-1,3,E01020789,0,4
2024552400701,2024,552400701,2,5,0,14,14,3,7,0,0,8,1,0,0,0,1,1,6,6,1,56,9,-1,-1,-1,-1,7,E01020579,0,1
2024052400769,2024,052400769,2,1,0,18,19,3,7,0,0,3,0,0,0,0,1,1,6,6,1,25,5,-1,-1,-1,-1,1,E01007207,0,2
2024520401132,2024,520401132,1,9,0,18,19,7,3,0,0,0,1,0,1,3,4,1,6,6,1,37,7,-1,-1,-1,-1,7,E01032668,0,2
2024061494805,2024,061494805,1,19,0,-1,8,8,6,-1,0,1,0,0,0,0,3,9,-1,6,1,-1,-1,-1,-1,-1,-1,-1,-1,0,-1
2024122400379,2024,122400379,2,1,0,18,19,5,1,0,0,8,0,0,0,0,1,1,4,7,1,13,3,-1,-1,-1,-1,9,E01013372,0,1
2024010546302,2024,010546302,1,1,9,99,99,9,9,4,4,9,9,99,9,99,1,1,6,6,1,-1,-1,-1,-1,-1,-1,-1,-1,0,-1
2024991467384,2024,991467384,1,19,0,-1,19,1,5,-1,0,1,0,0,0,0,0,1,-1,6,3,-1,-1,-1,-1,-1,-1,-1,-1,0,-1
2024501439413,2024,501439413,1,19,0,-1,19,7,3,-1,0,0,2,0,7,10,1,1,-1,9,1,71,10,-1,-1,-1,-1,9,E01020090,0,3
2024371474243,2024,371474243,1,9,0,-1,19,6,2,-1,0,0,0,0,0,0,1,9,-1,6,1,34,6,-1,-1,-1,-1,9,E01030011,0,2
2024351422838,2024,351422838,1,1,0,-1,19,7,3,-1,0,0,0,0,0,0,1,1,-1,9,1,71,10,-1,-1,-1,-1,6,E01018156,0,1
2024010539171,2024,010539171,2,-1,0,5,5,3,7,0,0,6,0,0,0,0,1,1,6,6,2,48,8,-1,-1,-1,-1,5,E01001613,1,1
2024991456877,2024,991456877,1,97,0,-1,19,8,4,-1,0,1,5,4,0,0,1,1,-1,6,1,12,3,-1,-1,-1,-1,-1,-1,0,-1
2024522402369,2024,522402369,1,9,0,5,5,7,3,0,0,0,0,0,0,0,1,1,6,6,3,-1,-1,-1,-1,-1,-1,-1,-1,0,-1
2024340WN6782,2024,340WN6782,1,9,0,-1,19,8,4,-1,0,0,0,0,7,11,1,1,-1,9,1,80,11,-1,-1,-1,-1,4,E01027142,0,1
2024031394100,2024,031394100,1,1,0,-1,12,4,8,-1,0,0,0,0,0,0,2,1,-1,6,1,15,3,-1,-1,-1,-1,-1,-1,0,-1
2024010487940,2024,010487940,1,9,0,99,99,9,9,99,99,9,9,99,9,99,9,9,6,6,1,33,6,-1,-1,-1,-1,3,E01000992,0,4
2024520401579,2024,520401579,2,9,0,18,19,4,8,0,0,4,0,0,0,0,3,1,6,6,2,85,11,-1,-1,-1,-1,6,E01029178,0,2
2024010491463,2024,010491463,1,9,0,9,9,7,5,0,0,1,0,0,0,0,4,1,6,6,1,21,5,-1,-1,-1,-1,6,E01001091,0,2
2024061497693,2024,061497693,1,1,0,-1,19,5,1,-1,99,0,0,0,0,0,1,1,-1,9,1,22,5,-1,-1,-1,-1,1,E01005257,0,1
2024610012724,2024,610012724,1,9,0,1,1,8,4,0,0,0,0,0,0,0,2,1,6,6,1,23,5,-1,-1,-1,-1,10,W01001669,0,1
2024141449502,2024,141449502,1,1,0,-1,19,7,3,-1,0,0,0,0,0,0,1,1,-1,9,1,31,6,-1,-1,-1,-1,1,E01007370,0,3
2024161485394,2024,161485394,1,9,0,-1,4,6,2,-1,0,1,0,0,0,0,4,9,-1,6,2,20,4,-1,-1,-1,-1,3,E01013004,0,4
2024991498404,2024,991498404,1,9,0,-1,19,5,1,-1,0,0,0,0,7,10,1,1,-1,9,2,82,11,-1,-1,-1,-1,7,-1,0,1
2024010530227,2024,010530227,1,9,0,99,99,9,9,99,99,9,9,99,9,99,1,9,6,6,3,-1,-1,-1,-1,-1,-1,-1,-1,0,-1
2024010501046,2024,010501046,2,1,0,5,5,7,3,4,4,8,0,0,0,0,3,1,1,1,1,27,6,-1,-1,-1,-1,5,E01003939,0,1
2024010490700,2024,010490700,1,9,0,18,19,6,2,0,0,1,0,0,0,0,3,1,3,7,2,24,5,-1,-1,-1,-1,5,E01003284,0,1
2024302401265,2024,302401265,2,1,0,17,19,4,1,0,0,0,0,0,0,0,3,1,6,6,1,53,8,-1,-1,-1,-1,5,E01019740,0,1
2024010487956,2024,010487956,1,9,0,14,14,4,8,9,9,8,5,10,1,9,2,1,6,6,1,18,4,-1,-1,-1,-1,8,E01023549,0,1
2024010507482,2024,010507482,1,9,0,18,19,7,3,0,0,2,0,0,0,0,0,1,2,2,1,50,8,-1,-1,-1,-1,3,E01001371,0,1
2024231405534,2024,231405534,1,9,0,-1,19,5,1,-1,0,0,2,0,7,9,1,1,-1,2,1,34,6,-1,-1,-1,-1,7,E01035026,0,1
2024010499777,2024,010499777,2,1,0,18,19,7,3,0,0,1,0,0,0,0,3,1,6,6,2,16,4,-1,-1,-1,-1,3,E01004020,0,1
2024041491094,2024,041491094,1,9,0,-1,19,1,5,-1,0,0,1,7,0,0,1,1,-1,1,1,45,7,-1,-1,-1,-1,7,E01025496,0,2
2024320604282,2024,320604282,2,9,0,2,2,0,0,0,0,2,0,0,0,0,1,1,6,6,3,-1,-1,-1,-1,-1,-1,-1,-1,0,-1
2024991469848,2024,991469848,1,90,0,-1,19,7,3,-1,0,1,0,0,0,0,1,1,-1,9,2,21,5,-1,-1,-1,-1,7,-1,0,1
2024440525144,2024,440525144,3,9,0,18,19,1,7,0,0,1,0,0,0,0,3,1,6,6,1,57,9,-1,-1,-1,-1,4,E01032040,0,4
2024010535594,2024,010535594,1,9,0,7,7,4,6,0,0,1,0,0,0,0,1,1,6,6,3,-1,-1,-1,-1,-1,-1,-1,-1,0,-1
2024041415111,2024,041415111,1,98,0,-1,7,5,7,-1,0,3,0,0,0,0,3,1,-1,9,1,38,7,-1,-1,-1,-1,1,E01008979,0,5
2024031478047,2024,031478047,2,1,0,-1,19,7,3,-1,0,1,9,0,0,0,1,1,-1,9,1,30,6,-1,-1,-1,-1,-1,-1,0,-1
2024311442262,2024,311442262,2,9,0,-1,2,0,0,-1,0,8,0,0,0,0,2,1,-1,2,2,22,5,-1,-1,-1,-1,-1,-1,0,-1
2024520402480,2024,520402480,2,9,0,4,4,2,6,6,6,0,0,0,1,11,2,1,6,6,2,58,9,-1,-1,-1,-1,-1,-1,0,-1
2024440331125,2024,440331125,1,90,0,18,19,6,2,0,0,0,0,0,0,0,4,1,6,6,1,33,6,-1,-1,-1,-1,7,E01022477,0,3
2024522402498,2024,522402498,2,1,0,18,19,3,7,0,0,0,0,0,0,0,1,1,6,6,2,23,5,-1,-1,-1,-1,1,E01014831,0,1
2024461416221,2024,461416221,2,1,0,-1,19,5,8,-1,0,6,0,0,0,0,2,1,-1,9,1,17,4,-1,-1,-1,-1,4,E01024204,0,1
2024131510499,2024,131510499,1,19,0,-1,19,1,5,-1,0,8,0,0,0,0,0,1,-1,6,3,-1,-1,-1,-1,-1,-1,-1,-1,0,-1
2024221405163,2024,221405163,1,1,0,-1,19,4,8,-1,0,0,0,0,0,0,3,1,-1,9,1,70,10,-1,-1,-1,-1,5,E01032205,0,1
2024010533778,2024,010533778,1,1,0,18,19,1,5,0,0,1,5,8,0,0,2,1,6,6,2,26,6,-1,-1,-1,-1,-1,-1,0,-1
2024161424474,2024,161424474,2,1,0,-1,5,7,5,-1,0,4,0,0,0,0,2,1,-1,6,1,18,4,-1,-1,-1,-1,-1,-1,0,-1
2024010490278,2024,010490278,2,9,0,18,19,5,1,0,0,0,0,0,0,0,2,1,6,6,2,40,7,-1,-1,-1,-1,3,E01035645,0,2
2024010494546,2024,010494546,2,9,0,99,99,9,9,99,99,0,9,99,9,99,9,9,6,6,3,53,8,-1,-1,-1,-1,3,E01004226,0,1
2024052400131,2024,052400131,1,2,0,14,14,6,2,0,0,0,0,0,4,0,1,1,6,6,3,-1,-1,-1,-1,-1,-1,-1,-1,0,-1
2024430085734,2024,430085734,2,1,0,18,19,1,5,0,0,0,0,0,0,0,3,1,2,2,1,27,6,-1,-1,-1,-1,7,E01028588,0,1
2024302401413,2024,302401413,4,17,0,17,19,4,2,0,0,1,0,0,0,0,0,1,6,6,3,-1,-1,-1,-1,-1,-1,5,E01019456,0,4
2024041445498,2024,041445498,1,98,0,-1,15,3,7,-1,0,8,0,0,0,0,-1,9,-1,6,3,-1,-1,-1,-1,-1,-1,-1,-1,0,-1
2024471458188,2024,471458188,1,9,0,-1,19,1,5,-1,0,0,0,10,0,0,1,1,-1,9,2,18,4,-1,-1,-1,-1,8,E01020963,0,1
2024010510650,2024,010510650,2,90,0,99,99,9,9,99,99,9,9,99,9,99,9,9,6,6,3,-1,-1,-1,-1,-1,-1,-1,-1,0,-1
2024061506431,2024,061506431,2,99,-1,-1,-1,-1,-1,-1,-1,-1,-1,-1,-1,0,-1,9,-1,6,3,-1,-1,-1,-1,-1,-1,-1,-1,0,-1
2024201471786,2024,201471786,2,1,0,-1,19,8,4,-1,0,8,0,0,0,0,1,1,-1,6,1,46,8,-1,-1,-1,-1,3,E01009411,0,1
2024010498029,2024,010498029,1,1,9,99,99,9,9,99,99,9,9,99,9,99,9,1,6,6,3,33,6,-1,-1,-1,-1,1,E01002907,0,1
2024501470929,2024,501470929,2,9,0,-1,19,4,8,-1,0,0,0,0,0,0,4,1,-1,6,3,-1,-1,-1,-1,-1,-1,-1,-1,0,-1
2024430152594,2024,430152594,2,9,0,18,19,7,3,0,0,1,0,0,0,0,1,1,1,1,2,26,6,-1,-1,-1,-1,8,E01016334,0,3
2024101409728,2024,101409728,4,9,0,-1,3,7,3,-1,0,8,0,0,0,0,1,1,-1,9,1,37,7,-1,-1,-1,-1,10,E01015547,0,5
202417H108124,2024,17H108124,2,1,0,-1,19,5,1,-1,0,1,0,0,0,0,3,1,-1,9,1,79,11,-1,-1,-1,-1,1,E01012001,0,1
2024201460423,2024,201460423,1,2,0,-1,5,1,2,-1,9,0,0,0,0,0,1,1,-1,6,1,16,4,-1,-1,-1,-1,-1,-1,0,-1
2024231455132,2024,231455132,2,1,0,-1,19,1,4,-1,0,8,0,0,0,0,1,1,-1,9,1,41,7,-1,-1,-1,-1,6,E01031211,0,2
2024522403038,2024,522403038,2,9,0,7,7,1,4,0,0,5,0,0,0,0,4,1,6,6,3,-1,-1,-1,-1,-1,-1,-1,-1,0,-1
2024122401143,2024,122401143,2,1,0,18,19,5,1,0,0,8,0,0,0,0,1,1,6,6,1,55,8,-1,-1,-1,-1,10,E01013425,0,1
2024061406798,2024,061406798,2,1,0,-1,19,-1,-1,-1,0,0,0,0,0,0,0,1,-1,6,3,53,8,-1,-1,-1,-1,8,E01005642,0,1
2024211471927,2024,211471927,1,9,0,-1,12,5,8,-1,0,2,5,0,0,0,1,1,-1,6,1,42,7,-1,-1,-1,-1,-1,-1,0,-1
2024440263922,2024,440263922,1,3,0,3,3,3,7,0,0,1,0,0,0,0,2,1,1,1,1,26,6,-1,-1,-1,-1,9,E01017248,0,1
2024302400476,2024,302400476,2,19,0,2,2,0,0,0,0,0,0,0,0,0,0,1,6,6,3,-1,-1,-1,-1,-1,-1,-1,-1,0,-1
2024201416687,2024,201416687,1,99,-1,-1,-1,-1,-1,-1,0,0,-1,-1,-1,0,1,9,-1,6,3,-1,-1,-1,-1,-1,-1,-1,-1,0,-1
2024052400335,2024,052400335,1,9,0,18,19,5,1,0,0,1,0,0,0,0,1,1,6,6,3,-1,-1,-1,-1,-1,-1,-1,-1,0,-1
2024010500286,2024,010500286,2,9,0,99,99,9,9,99,99,9,9,99,9,99,1,9,6,6,3,-1,-1,-1,-1,-1,-1,-1,-1,0,-1
2024122400900,2024,122400900,1,1,0,18,19,4,8,0,0,0,1,0,0,0,1,1,6,6,1,56,9,-1,-1,-1,-1,10,E01010691,0,3
2024461521135,2024,461521135,2,1,0,-1,5,7,3,-1,0,2,0,0,0,0,4,1,-1,6,1,9,2,-1,-1,-1,-1,5,E01024254,0,1
2024052401828,2024,052401828,1,1,0,18,19,1,5,0,0,2,0,0,0,0,1,1,6,6,1,26,6,-1,-1,-1,-1,2,E01007047,0,1
2024430194626,2024,430194626,2,1,0,4,4,9,9,0,0,2,0,0,0,0,1,1,2,2,1,28,6,-1,-1,-1,-1,6,E01028579,0,1
2024430109870,2024,430109870,1,9,0,9,9,7,5,0,0,6,0,0,0,0,4,1,6,6,2,23,5,-1,-1,-1,-1,4,E01017850,0,1
2024552401128,2024,552401128,2,9,0,9,9,3,8,0,0,8,0,0,0,0,3,1,6,6,2,22,5,-1,-1,-1,-1,10,E01030514,0,5
202454A869324,2024,54A869324,1,1,0,18,19,8,4,0,0,1,0,0,0,0,1,1,6,6,1,32,6,-1,-1,-1,-1,4,E01031862,0,4
2024010503547,2024,010503547,2,9,0,2,2,0,0,0,0,2,0,0,1,0,2,1,6,6,3,-1,-1,-1,-1,-1,-1,-1,-1,0,-1
2024010496668,2024,010496668,1,1,9,99,99,9,9,99,99,9,9,99,9,99,9,1,6,6,1,34,6,-1,-1,-1,-1,5,E01001859,0,1
2024231517699,2024,231517699,1,9,0,-1,1,7,1,-1,0,0,0,0,0,0,2,9,-1,6,3,48,8,-1,-1,-1,-1,-1,-1,0,-1
2024161468221,2024,161468221,1,9,0,-1,19,8,4,-1,0,0,0,0,0,0,9,9,-1,6,3,-1,-1,-1,-1,-1,-1,-1,-1,0,-1
2024052402815,2024,052402815,1,9,0,18,19,1,5,0,0,0,0,0,0,0,1,1,2,2,1,23,5,-1,-1,-1,-1,6,E01007076,0,4
2024061530078,2024,061530078,2,99,0,-1,19,1,5,-1,0,0,0,0,0,0,3,9,-1,6,3,-1,-1,-1,-1,-1,-1,-1,-1,0,-1
2024991406779,2024,991406779,2,9,0,-1,19,2,2,-1,0,0,0,0,0,0,1,1,-1,9,1,30,6,-1,-1,-1,-1,2,-1,0,1
2024421525313,2024,421525313,1,1,0,-1,19,5,1,-1,0,1,0,0,0,0,1,1,-1,7,1,11,3,-1,-1,-1,-1,5,E01015901,0,1
2024010529208,2024,010529208,1,1,9,99,99,9,9,99,99,9,9,99,9,99,9,1,6,6,3,-1,-1,-1,-1,-1,-1,10,E01024329,0,4
2024070360247,2024,070360247,1,9,0,3,3,3,7,0,0,0,0,0,0,0,1,1,6,6,1,44,7,-1,-1,-1,-1,3,E01012741,0,4
2024311463962,2024,311463962,1,1,0,-1,19,2,4,-1,0,1,5,11,0,0,-1,1,-1,9,2,73,10,-1,-1,-1,-1,5,E01028022,0,4
2024211520448,2024,211520448,2,9,0,-1,19,5,1,-1,-1,0,1,4,1,0,3,1,-1,9,2,56,9,-1,-1,-1,-1,-1,-1,0,-1
2024010503725,2024,010503725,1,19,0,18,19,5,1,0,0,1,0,0,0,0,1,1,6,6,3,-1,-1,-1,-1,-1,-1,-1,-1,0,-1
2024501487380,2024,501487380,1,9,0,-1,19,1,5,-1,0,8,0,0,0,0,1,1,-1,1,1,26,6,-1,-1,-1,-1,5,E01018923,0,2
2024440463288,2024,440463288,1,1,0,18,19,5,1,0,0,0,0,0,0,0,1,1,6,6,1,39,7,-1,-1,-1,-1,8,E01022423,0,4
2024461490562,2024,461490562,1,9,0,-1,3,1,5,-1,0,0,0,0,0,0,4,1,-1,9,1,46,8,-1,-1,-1,-1,4,E01024624,0,1
2024201459261,2024,201459261,2,22,0,-1,19,2,6,-1,0,0,0,0,0,0,2,1,-1,6,1,52,8,-1,-1,-1,-1,1,E01034949,0,1
2024451516995,2024,451516995,3,9,0,-1,19,1,5,-1,0,0,0,0,0,0,1,1,-1,2,1,47,8,-1,-1,-1,-1,8,E01031624,0,4
2024411404741,2024,411404741,1,9,0,-1,5,1,3,-1,0,1,0,0,0,0,0,1,-1,9,1,71,10,-1,-1,-1,-1,7,E01023623,0,3
202460Q062830,2024,60Q062830,2,1,0,18,19,1,5,0,0,0,0,0,0,0,4,1,6,6,1,22,5,-1,-1,-1,-1,-1,-1,0,-1
2024401457125,2024,401457125,2,9,0,-1,-1,-1,-1,-1,-1,8,-1,-1,-1,0,1,1,-1,6,3,-1,-1,-1,-1,-1,-1,-1,-1,0,-1
2024231470771,2024,231470771,2,9,0,-1,19,6,2,-1,0,0,1,0,0,0,1,1,-1,9,1,46,8,-1,-1,-1,-1,5,E01027236,0,4
2024401469666,2024,401469666,1,9,0,-1,19,4,8,-1,0,1,0,0,0,0,1,1,-1,6,3,-1,-1,-1,-1,-1,-1,-1,-1,0,-1
2024531396804,2024,531396804,1,9,0,-1,5,3,7,-1,0,1,0,0,0,0,1,1,-1,1,1,33,6,-1,-1,-1,-1,6,E01032037,0,4
2024430510868,2024,430510868,1,9,0,2,2,-1,-1,99,99,0,0,0,0,0,4,1,6,6,1,-1,-1,-1,-1,-1,-1,-1,-1,0,-1
2024010491217,2024,010491217,1,9,0,18,19,8,4,0,0,0,0,0,0,0,1,1,6,6,3,-1,-1,-1,-1,-1,-1,-1,-1,0,-1
2024010501557,2024,010501557,2,1,0,18,19,3,7,0,0,8,0,0,0,0,3,1,6,6,1,35,6,-1,-1,-1,-1,3,E01003326,0,1
2024010505101,2024,010505101,1,1,0,18,19,1,5,0,0,8,0,0,0,0,1,1,6,6,1,18,4,-1,-1,-1,-1,-1,-1,0,-1
2024131471548,2024,131471548,1,90,0,-1,-1,-1,-1,-1,-1,-1,-1,-1,-1,-1,-1,1,-1,6,3,-1,-1,-1,-1,-1,-1,-1,-1,0,-1
2024540427524,2024,540427524,1,9,0,17,19,5,1,0,0,0,2,10,0,0,1,1,1,1,2,23,5,-1,-1,-1,-1,2,E01017253,0,4
2024111471276,2024,111471276,2,9,-1,-1,19,7,4,-1,0,1,0,0,0,0,0,1,-1,6,3,30,6,-1,-1,-1,-1,-1,-1,0,-1
2024101443613,2024,101443613,1,9,0,-1,19,8,4,-1,0,0,0,0,0,0,1,1,-1,6,1,-1,-1,-1,-1,-1,-1,-1,-1,0,-1
2024430512177,2024,430512177,1,9,0,9,9,1,7,0,0,5,0,0,0,0,1,1,6,6,3,-1,-1,-1,-1,-1,-1,-1,-1,0,-1
2024610026624,2024,610026624,1,9,0,4,4,7,3,0,0,0,0,0,0,0,2,1,6,6,2,29,6,-1,-1,-1,-1,4,W01002032,0,1
2024010507993,2024,010507993,1,1,9,99,99,9,9,99,99,0,9,99,9,99,1,1,6,6,1,33,6,-1,-1,-1,-1,3,E01004322,0,1
2024451444466,2024,451444466,1,1,0,-1,19,1,3,-1,0,0,0,0,0,0,0,1,-1,6,1,49,8,-1,-1,-1,-1,9,E01030646,0,1
2024461419216,2024,461419216,1,19,0,-1,19,3,7,-1,0,0,0,0,0,0,4,9,-1,6,3,-1,-1,-1,-1,-1,-1,-1,-1,0,-1
2024610020724,2024,610020724,2,90,0,5,5,8,4,0,0,0,0,0,0,0,1,1,6,6,2,10,2,-1,-1,-1,-1,8,W01001505,0,1
2024430460797,2024,430460797,1,9,0,9,9,9,9,0,0,1,0,0,0,0,1,1,6,6,3,-1,-1,-1,-1,-1,-1,-1,-1,0,-1
2024440369854,2024,440369854,1,4,0,5,5,7,3,0,0,6,0,0,0,0,4,1,6,6,1,16,4,-1,-1,-1,-1,8,E01032021,0,4