collision_index,collision_year,collision_ref_no,vehicle_reference,vehicle_type,towing_and_articulation,vehicle_manoeuvre_historic,vehicle_manoeuvre,vehicle_direction_from,vehicle_direction_to,vehicle_location_restricted_lane_historic,vehicle_location_restricted_lane,junction_location,skidding_and_overturning,hit_object_in_carriageway,vehicle_leaving_carriageway,hit_object_off_carriageway,first_point_of_impact,vehicle_left_hand_drive,journey_purpose_of_driver_historic,journey_purpose_of_driver,sex_of_driver,age_of_driver,age_band_of_driver,engine_capacity_cc,propulsion_code,age_of_vehicle,generic_make_model,driver_imd_decile,lsoa_of_driver,escooter_flag,driver_distance_banding
2024451477642,2024,451477642,1,1,0,-1,19,7,3,-1,0,8,1,10,0,0,3,1,-1,2,1,19,4,-1,-1,-1,-1,10,E01030892,0,1
2024302400823,2024,302400823,1,9,0,13,13,2,5,0,0,3,0,0,0,0,1,1,6,6,3,-1,-1,-1,-1,-1,-1,5,E01019456,0,3
2024302400688,2024,302400688,1,-1,0,9,9,4,8,9,9,0,1,0,0,0,1,1,6,6,3,-1,-1,-1,-1,-1,-1,5,E01019456,1,3
2024010538130,2024,010538130,2,9,0,99,99,9,9,99,99,9,9,99,9,99,9,9,6,6,3,-1,-1,-1,-1,-1,-1,-1,-1,0,-1
2024302400949,2024,302400949,1,19,0,4,4,2,6,0,0,1,0,0,0,0,1,1,6,6,3,-1,-1,-1,-1,-1,-1,-1,-1,0,-1
2024010544213,2024,010544213,2,1,0,18,19,1,5,4,4,1,0,0,0,0,1,1,4,7,1,6,2,-1,-1,-1,-1,4,E01001836,0,1
2024010506003,2024,010506003,4,1,0,18,19,8,4,0,0,1,0,0,0,0,0,1,6,6,2,30,6,-1,-1,-1,-1,2,E01001340,0,3
2024320096394,2024,320096394,1,9,0,-1,-1,8,4,0,0,0,0,0,0,0,0,1,6,6,3,-1,-1,-1,-1,-1,-1,-1,-1,0,-1
2024451427327,2024,451427327,1,9,0,-1,4,3,7,-1,0,0,0,0,0,0,2,9,-1,6,3,39,7,-1,-1,-1,-1,-1,-1,0,-1
2024061511291,2024,061511291,1,19,-1,-1,19,8,4,-1,0,0,0,0,0,0,1,9,-1,6,1,-1,-1,-1,-1,-1,-1,-1,-1,0,-1
2024010532964,2024,010532964,2,-1,0,12,12,5,1,2,2,0,0,0,0,0,3,1,6,6,1,21,5,-1,-1,-1,-1,2,E01003323,1,2
2024201432849,2024,201432849,3,9,0,-1,19,7,5,-1,0,1,0,0,0,0,1,9,-1,9,-1,20,4,-1,-1,-1,-1,-1,-1,0,-1
2024031514293,2024,031514293,2,9,0,-1,5,2,6,-1,0,1,0,0,0,0,1,1,-1,6,1,59,9,-1,-1,-1,-1,6,E01019351,0,1
2024520401228,2024,520401228,2,9,0,18,19,1,5,0,0,0,0,0,0,0,1,1,6,6,2,75,10,-1,-1,-1,-1,6,E01032636,0,3
2024522500176,2024,522500176,1,1,0,18,19,5,1,0,0,8,0,0,0,0,4,1,6,6,2,36,7,-1,-1,-1,-1,2,E01014489,0,1
2024041473406,2024,041473406,1,-1,0,-1,19,5,1,-1,9,1,0,0,1,0,3,1,-1,2,1,30,6,-1,-1,-1,-1,1,E01012724,1,1
2024501452649,2024,501452649,2,9,0,-1,19,6,2,-1,9,1,0,0,0,0,4,1,-1,2,1,68,10,-1,-1,-1,-1,5,E01018923,0,4
2024440417251,2024,440417251,2,9,0,14,14,3,7,0,0,0,0,0,0,0,0,1,6,6,3,-1,-1,-1,-1,-1,-1,-1,-1,0,-1
2024421438189,2024,421438189,1,9,0,-1,19,2,6,-1,0,4,0,0,0,0,1,9,-1,6,3,-1,-1,-1,-1,-1,-1,-1,-1,0,-1
2024061525423,2024,061525423,1,90,0,-1,12,1,5,-1,0,0,0,0,0,0,3,1,-1,1,1,60,9,-1,-1,-1,-1,-1,-1,0,-1
2024161450218,2024,161450218,2,1,0,-1,19,3,7,-1,0,4,2,0,0,0,3,1,-1,7,1,10,2,-1,-1,-1,-1,4,E01012776,0,1
2024010487169,2024,010487169,1,3,0,99,99,9,9,99,99,9,9,99,9,99,1,1,6,6,1,40,7,-1,-1,-1,-1,3,E01003768,0,1
2024052401836,2024,052401836,1,1,0,18,19,7,5,0,0,8,0,0,0,0,1,1,6,6,1,32,6,-1,-1,-1,-1,1,E01006562,0,1
2024010526881,2024,010526881,1,1,9,99,99,9,9,99,99,0,9,99,9,99,9,1,6,6,2,61,9,-1,-1,-1,-1,2,E01004255,0,1
2024440283431,2024,440283431,1,9,0,18,19,5,1,0,0,0,0,0,0,0,1,1,6,6,3,-1,-1,-1,-1,-1,-1,-1,-1,0,-1
2024201480817,2024,201480817,1,97,0,-1,5,7,3,-1,0,2,2,0,0,0,0,1,-1,6,1,16,4,-1,-1,-1,-1,2,E01009874,0,1
2024361471471,2024,361471471,2,1,0,-1,19,4,8,-1,0,1,0,0,3,0,0,1,-1,9,1,31,6,-1,-1,-1,-1,10,E01026907,0,2
2024041412621,2024,041412621,2,97,0,-1,19,6,2,-1,0,1,0,0,0,0,1,1,-1,6,1,18,4,-1,-1,-1,-1,7,E01025339,0,1
2024991522995,2024,991522995,1,90,0,-1,5,3,7,-1,0,8,0,0,0,0,1,9,-1,6,1,16,4,-1,-1,-1,-1,5,-1,0,1
2024302400099,2024,302400099,1,19,0,18,19,7,3,0,0,0,0,0,0,0,1,1,1,1,1,58,9,-1,-1,-1,-1,7,E01007471,0,4
2024101443751,2024,101443751,1,1,0,-1,19,8,4,-1,4,0,1,0,0,0,1,1,-1,9,1,42,7,-1,-1,-1,-1,7,E01025048,0,5
2024440150219,2024,440150219,2,9,0,9,9,4,2,0,0,5,0,0,0,0,4,1,6,6,2,-1,-1,-1,-1,-1,-1,-1,-1,0,-1
2024010528481,2024,010528481,2,1,0,18,19,5,1,0,0,8,0,0,0,0,1,1,6,6,1,-1,-1,-1,-1,-1,-1,-1,-1,0,-1
2024010497177,2024,010497177,1,1,9,99,99,9,9,99,99,9,9,99,9,99,9,1,6,6,1,22,5,-1,-1,-1,-1,8,E01002890,0,1
2024052402651,2024,052402651,1,23,0,18,19,8,4,0,0,0,0,0,0,0,1,1,6,6,1,18,4,-1,-1,-1,-1,1,E01035368,0,3
2024440032839,2024,440032839,2,9,0,18,19,4,8,0,0,0,0,0,0,0,2,1,6,6,2,57,9,-1,-1,-1,-1,6,E01017176,0,2
2024101398940,2024,101398940,1,9,0,-1,9,1,6,-1,0,8,0,10,0,0,4,1,-1,6,2,32,6,-1,-1,-1,-1,1,E01008291,0,1
2024320578158,2024,320578158,2,9,0,4,4,6,2,0,0,0,0,0,0,0,2,1,-1,-1,1,60,9,-1,-1,-1,-1,8,E01013248,0,4
2024010492198,2024,010492198,1,9,0,7,7,6,1,0,0,1,0,0,0,0,1,1,1,1,1,44,7,-1,-1,-1,-1,5,E01028556,0,4
2024211490668,2024,211490668,2,9,0,-1,19,1,5,-1,0,2,0,0,0,0,1,1,-1,6,3,40,7,-1,-1,-1,-1,-1,-1,0,-1
2024430142104,2024,430142104,2,9,0,18,19,6,2,0,0,4,0,0,0,0,1,1,6,6,1,-1,-1,-1,-1,-1,-1,-1,-1,0,-1
2024101425641,2024,101425641,1,9,-1,-1,19,1,5,-1,0,6,0,0,0,0,1,9,-1,6,3,-1,-1,-1,-1,-1,-1,-1,-1,0,-1
2024221428380,2024,221428380,1,1,0,-1,9,7,4,-1,0,6,0,0,0,0,1,1,-1,6,2,16,4,-1,-1,-1,-1,3,E01032131,0,1
2024010519520,2024,010519520,2,1,9,99,99,9,9,99,99,1,9,99,0,0,9,1,6,6,1,-1,-1,-1,-1,-1,-1,-1,-1,0,-1
2024131406780,2024,131406780,1,9,0,-1,-1,-1,-1,-1,-1,-1,-1,-1,-1,-1,1,1,-1,6,3,-1,-1,-1,-1,-1,-1,-1,-1,0,-1
2024411541655,2024,411541655,1,9,0,-1,9,5,7,-1,0,0,0,0,0,0,1,1,-1,6,2,22,5,-1,-1,-1,-1,6,E01021794,0,3
2024440292960,2024,440292960,2,9,0,3,3,3,7,0,0,0,0,0,0,0,2,1,6,6,1,63,9,-1,-1,-1,-1,4,W01000456,0,5
2024010493388,2024,010493388,1,9,0,9,9,1,8,0,0,1,0,0,1,0,1,1,6,6,2,55,8,-1,-1,-1,-1,6,E01001525,0,1
2024421410162,2024,421410162,2,22,0,-1,9,1,7,-1,0,8,5,0,0,0,3,1,-1,6,1,85,11,-1,-1,-1,-1,5,E01022010,0,1
2024522500252,2024,522500252,1,9,0,18,19,7,3,0,0,0,0,8,0,0,1,1,6,6,3,-1,-1,-1,-1,-1,-1,-1,-1,0,-1
2024141526895,2024,141526895,1,1,0,-1,19,5,1,-1,0,8,0,0,0,0,3,1,-1,9,2,70,10,-1,-1,-1,-1,3,E01007591,0,1
2024041422142,2024,041422142,2,98,0,-1,19,7,3,-1,0,2,0,0,0,0,0,1,-1,2,1,38,7,-1,-1,-1,-1,5,E01025331,0,3
2024461488881,2024,461488881,1,9,0,-1,19,7,1,-1,0,4,1,9,1,0,4,9,-1,6,3,-1,-1,-1,-1,-1,-1,-1,-1,0,-1
2024520402539,2024,520402539,2,19,0,18,19,7,3,0,0,0,0,0,0,0,1,1,6,6,3,-1,-1,-1,-1,-1,-1,-1,-1,0,-1
2024041440950,2024,041440950,1,9,0,-1,19,1,5,-1,0,2,1,0,0,0,3,1,-1,6,2,42,7,-1,-1,-1,-1,5,E01025025,0,1
2024161412298,2024,161412298,2,9,0,-1,5,1,2,-1,0,6,0,0,0,0,3,1,-1,2,1,27,6,-1,-1,-1,-1,6,E01012912,0,1
2024010506966,2024,010506966,1,9,0,18,19,8,4,0,0,8,0,0,0,0,1,1,6,6,1,34,6,-1,-1,-1,-1,4,E01000185,0,1
2024622400486,2024,622400486,2,1,0,18,19,2,6,0,0,8,0,0,0,0,1,1,6,6,1,55,8,-1,-1,-1,-1,9,W01001104,0,1
2024201477702,2024,201477702,2,90,0,-1,19,6,2,-1,4,8,0,0,0,0,1,1,-1,6,1,64,9,-1,-1,-1,-1,1,E01009201,0,1
2024010491108,2024,010491108,2,9,0,99,99,9,9,99,99,9,9,99,9,99,1,9,6,6,3,-1,-1,-1,-1,-1,-1,-1,-1,0,-1
2024131516816,2024,131516816,2,1,0,-1,19,8,4,-1,0,0,0,0,0,0,3,1,-1,6,1,22,5,-1,-1,-1,-1,2,E01010910,0,3
2024411425285,2024,411425285,1,19,0,-1,19,5,1,-1,0,0,1,0,0,0,1,1,-1,1,1,46,8,-1,-1,-1,-1,4,E01030588,0,4
2024010511873,2024,010511873,1,9,0,9,9,7,4,0,0,5,0,0,0,0,1,1,6,6,2,68,10,-1,-1,-1,-1,7,E01002171,0,1
2024522402196,2024,522402196,1,9,0,2,2,0,0,0,0,0,0,0,0,0,3,1,6,6,2,25,5,-1,-1,-1,-1,10,E01035221,0,1
2024010534371,2024,010534371,2,1,9,99,99,9,9,99,99,9,9,99,9,99,1,1,2,2,1,26,6,-1,-1,-1,-1,4,E01003054,0,1
2024311481086,2024,311481086,1,9,0,-1,19,5,1,-1,0,0,0,0,0,0,1,1,-1,6,1,48,8,-1,-1,-1,-1,7,E01007552,0,4
2024010488415,2024,010488415,2,9,9,99,99,9,9,99,99,9,9,99,9,99,9,9,6,6,3,-1,-1,-1,-1,-1,-1,-1,-1,0,-1
2024501492658,2024,501492658,3,9,0,-1,9,7,5,-1,0,1,0,0,0,0,0,1,-1,9,2,35,6,-1,-1,-1,-1,5,E01018833,0,1
2024221445045,2024,221445045,1,9,0,-1,19,8,4,-1,0,2,0,0,0,0,1,9,-1,6,2,56,9,-1,-1,-1,-1,-1,-1,0,-1
2024371417116,2024,371417116,1,9,0,-1,7,5,7,-1,0,8,0,0,0,0,4,1,-1,7,1,30,6,-1,-1,-1,-1,5,E01030245,0,1
202454F277124,2024,54F277124,1,9,0,17,19,1,5,0,0,0,0,0,1,4,1,1,6,6,2,36,7,-1,-1,-1,-1,9,E01014741,0,4
2024361418504,2024,361418504,1,1,0,-1,19,3,7,-1,9,0,5,0,0,0,3,1,-1,6,2,42,7,-1,-1,-1,-1,4,E01026925,0,1
2024440012931,2024,440012931,2,1,0,18,19,4,8,0,0,0,0,0,0,0,2,1,2,2,1,64,9,-1,-1,-1,-1,4,E01017187,0,2
2024201511625,2024,201511625,2,1,0,-1,19,5,1,-1,9,0,2,0,0,0,3,1,-1,6,2,11,3,-1,-1,-1,-1,6,E01032591,0,1
2024332401222,2024,332401222,2,1,0,-1,19,7,3,-1,0,0,0,0,0,0,1,1,-1,6,3,-1,-1,-1,-1,-1,-1,-1,-1,0,-1
2024471439062,2024,471439062,1,1,0,-1,3,3,7,-1,0,0,0,0,0,0,0,1,-1,2,1,36,7,-1,-1,-1,-1,10,E01031800,0,1
2024430482273,2024,430482273,1,1,0,18,19,7,3,0,0,1,0,0,0,0,3,1,6,6,1,39,7,-1,-1,-1,-1,9,E01003400,0,4
2024430326083,2024,430326083,2,19,0,9,9,3,5,0,0,6,0,0,0,0,1,1,6,6,1,20,4,-1,-1,-1,-1,-1,-1,0,-1
2024631448053,2024,631448053,1,9,0,-1,19,2,6,-1,9,8,0,0,1,10,4,1,-1,6,3,-1,-1,-1,-1,-1,-1,-1,-1,0,-1
2024421393732,2024,421393732,1,98,0,-1,19,7,3,-1,0,0,0,0,0,0,1,1,-1,9,1,43,7,-1,-1,-1,-1,8,E01021613,0,1
2024311416593,2024,311416593,1,9,0,-1,19,5,1,-1,0,8,1,10,7,1,3,9,-1,9,1,27,6,-1,-1,-1,-1,2,E01027958,0,2
2024451527761,2024,451527761,1,9,0,-1,7,3,7,-1,0,1,0,0,0,0,1,1,-1,2,2,42,7,-1,-1,-1,-1,5,E01030587,0,2
2024131533420,2024,131533420,2,9,0,-1,19,1,5,-1,0,8,0,0,0,0,2,1,-1,9,1,47,8,-1,-1,-1,-1,1,E01011101,0,1
2024451426395,2024,451426395,2,1,0,-1,5,3,1,-1,0,4,0,0,0,0,1,1,-1,9,2,59,9,-1,-1,-1,-1,9,E01030992,0,1
2024131415169,2024,131415169,1,90,0,-1,-1,-1,-1,-1,-1,0,-1,-1,-1,-1,-1,1,-1,6,3,-1,-1,-1,-1,-1,-1,-1,-1,0,-1
2024340WN7142,2024,340WN7142,1,9,0,-1,19,1,5,-1,0,0,0,0,0,0,1,1,-1,6,3,-1,-1,-1,-1,-1,-1,-1,-1,0,-1
2024041433510,2024,041433510,1,23,0,-1,19,2,6,-1,0,1,0,4,0,0,1,1,-1,1,1,27,6,-1,-1,-1,-1,4,E01025314,0,1
2024361527978,2024,361527978,1,9,0,-1,19,8,6,-1,9,2,0,0,3,4,1,1,-1,9,1,18,4,-1,-1,-1,-1,10,E01026927,0,1
2024010523976,2024,010523976,2,1,0,16,19,7,3,0,0,6,0,0,0,0,1,1,6,6,1,77,11,-1,-1,-1,-1,4,E01001003,0,1
2024461471015,2024,461471015,2,1,-1,-1,-1,-1,-1,-1,-1,0,-1,-1,-1,0,-1,1,-1,6,2,13,3,-1,-1,-1,-1,6,E01024630,0,1
2024421535654,2024,421535654,2,1,0,-1,19,3,7,-1,0,0,0,0,0,0,1,1,-1,2,1,46,8,-1,-1,-1,-1,6,E01021689,0,1
2024010549955,2024,010549955,1,5,0,18,19,5,1,0,0,0,9,7,0,0,9,1,6,6,1,44,7,-1,-1,-1,-1,3,E01000506,0,1
2024201494622,2024,201494622,1,9,0,-1,10,1,7,-1,0,1,0,0,0,0,2,1,-1,9,1,57,9,-1,-1,-1,-1,1,E01009157,0,3
2024141493640,2024,141493640,1,9,0,-1,19,4,1,-1,0,1,0,0,0,0,1,9,-1,6,3,-1,-1,-1,-1,-1,-1,-1,-1,0,-1
2024471463979,2024,471463979,2,1,0,-1,14,1,5,-1,0,4,0,0,0,0,1,1,-1,6,1,-1,-1,-1,-1,-1,-1,-1,-1,0,-1
2024302401511,2024,302401511,2,9,0,18,19,5,1,0,0,0,0,0,0,0,0,1,6,6,3,-1,-1,-1,-1,-1,-1,-1,-1,0,-1
2024201468360,2024,201468360,1,9,0,-1,13,5,1,-1,0,1,0,0,0,0,1,1,-1,6,1,39,7,-1,-1,-1,-1,-1,-1,0,-1
2024991401648,2024,991401648,1,9,0,-1,19,1,5,-1,0,1,0,0,0,0,1,1,-1,9,1,76,11,-1,-1,-1,-1,2,-1,0,1
2024991475031,2024,991475031,2,9,0,-1,5,5,1,-1,0,4,0,0,0,0,3,2,-1,6,1,56,9,-1,-1,-1,-1,3,-1,0,1
2024010496894,2024,010496894,2,1,0,18,19,6,2,0,0,1,0,4,0,0,4,1,6,6,1,24,5,-1,-1,-1,-1,6,E01004347,0,1
2024052402737,2024,052402737,1,1,0,18,19,3,7,0,0,2,0,0,0,0,1,1,6,6,1,18,4,-1,-1,-1,-1,5,E01033762,0,1
2024010508922,2024,010508922,1,-1,0,99,99,9,9,99,99,9,9,99,9,0,9,9,6,6,3,-1,-1,-1,-1,-1,-1,-1,-1,1,-1
2024101414694,2024,101414694,1,9,0,-1,7,7,1,-1,0,2,0,0,0,0,1,1,-1,2,1,26,6,-1,-1,-1,-1,2,E01008252,0,1
2024010530133,2024,010530133,2,9,0,99,99,9,9,99,99,9,9,99,9,99,1,9,6,6,3,-1,-1,-1,-1,-1,-1,-1,-1,0,-1
2024061417075,2024,061417075,2,1,0,-1,5,7,3,-1,0,0,0,0,0,0,3,1,-1,9,1,15,3,-1,-1,-1,-1,2,E01005889,0,1
2024451456706,2024,451456706,2,1,0,-1,19,6,2,-1,0,0,0,0,0,0,4,1,-1,9,1,28,6,-1,-1,-1,-1,5,E01002885,0,3
2024052401193,2024,052401193,2,1,0,18,19,2,8,0,0,5,0,0,0,0,4,1,6,6,1,22,5,-1,-1,-1,-1,1,E01034396,0,1
2024010487675,2024,010487675,2,3,0,18,19,7,3,0,0,1,1,0,0,0,3,1,6,6,1,17,4,-1,-1,-1,-1,4,E01023303,0,3
2024461496209,2024,461496209,1,9,0,-1,19,2,6,-1,0,1,0,0,0,0,1,1,-1,6,1,83,11,-1,-1,-1,-1,4,E01024200,0,2
2024520402272,2024,520402272,1,1,0,18,19,8,4,0,0,8,0,0,0,0,1,1,6,6,1,35,6,-1,-1,-1,-1,4,E01029119,0,1
2024631444317,2024,631444317,1,9,0,-1,19,7,4,-1,0,0,0,0,0,0,4,1,-1,6,1,21,5,-1,-1,-1,-1,6,W01000574,0,1
2024411493575,2024,411493575,1,9,0,-1,19,2,6,-1,0,0,0,0,0,0,1,1,-1,6,1,65,9,-1,-1,-1,-1,7,E01023632,0,2
2024231482114,2024,231482114,1,9,0,-1,7,2,4,-1,0,6,0,0,0,0,1,1,-1,6,1,19,4,-1,-1,-1,-1,8,E01031218,0,2
2024461507660,2024,461507660,1,9,0,-1,9,7,5,-1,0,2,0,0,0,0,0,9,-1,6,3,-1,-1,-1,-1,-1,-1,-1,-1,0,-1
2024440237524,2024,440237524,2,9,0,4,4,6,2,0,0,0,0,0,0,0,2,1,6,6,2,48,8,-1,-1,-1,-1,5,E01017018,0,1
2024211426892,2024,211426892,1,9,0,-1,12,1,5,-1,0,0,0,0,0,0,3,9,-1,6,2,-1,-1,-1,-1,-1,-1,-1,-1,0,-1
2024010493875,2024,010493875,2,9,0,5,5,2,6,0,0,2,0,0,0,0,1,1,6,6,3,-1,-1,-1,-1,-1,-1,3,E01003567,0,1
2024520403105,2024,520403105,2,1,0,18,19,1,5,0,0,8,0,0,0,0,1,1,6,6,1,61,9,-1,-1,-1,-1,10,E01029115,0,1
2024231526219,2024,231526219,1,9,0,-1,19,4,8,-1,0,6,0,0,0,0,1,1,-1,9,1,26,6,-1,-1,-1,-1,10,E01023909,0,5
2024991453437,2024,991453437,1,9,0,-1,5,2,6,-1,0,0,0,0,0,0,1,1,-1,6,1,69,10,-1,-1,-1,-1,2,-1,0,1
2024421406447,2024,421406447,2,1,0,-1,-1,-1,-1,-1,-1,0,-1,-1,-1,0,-1,1,-1,6,1,52,8,-1,-1,-1,-1,9,E01015817,0,1
2024052402522,2024,052402522,1,1,0,18,19,4,8,0,0,0,0,0,0,0,1,1,6,6,3,-1,-1,-1,-1,-1,-1,-1,-1,0,-1
2024531447700,2024,531447700,2,1,0,-1,19,1,5,-1,0,1,2,0,0,0,1,1,-1,7,1,13,3,-1,-1,-1,-1,9,E01022101,0,1
2024010518611,2024,010518611,2,1,0,18,19,5,1,0,0,8,0,0,7,0,2,1,1,1,2,27,6,-1,-1,-1,-1,7,E01004499,0,1
2024010550401,2024,010550401,1,1,9,99,99,9,9,99,99,1,9,99,9,99,9,1,6,6,1,33,6,-1,-1,-1,-1,8,E01033728,0,1
2024461520203,2024,461520203,1,9,0,-1,5,1,3,-1,0,3,0,0,0,0,1,1,-1,2,1,58,9,-1,-1,-1,-1,10,E01000449,0,4
2024010493936,2024,010493936,1,9,0,18,19,1,5,0,0,0,2,4,0,0,4,1,6,6,2,32,6,-1,-1,-1,-1,7,E01002013,0,1
2024451447645,2024,451447645,2,9,0,-1,19,1,3,-1,9,8,0,0,0,0,1,9,-1,6,2,40,7,-1,-1,-1,-1,-1,-1,0,-1
2024010487799,2024,010487799,3,9,0,18,19,1,5,0,0,1,0,0,0,0,2,1,6,6,1,58,9,-1,-1,-1,-1,4,E01001321,0,1
2024010490490,2024,010490490,1,3,0,99,99,9,9,99,99,9,9,99,9,99,9,1,6,6,1,34,6,-1,-1,-1,-1,5,E01002219,0,1
2024340NN4192,2024,340NN4192,1,5,0,-1,19,5,1,-1,0,0,0,0,0,0,1,1,-1,2,1,48,8,-1,-1,-1,-1,8,E01026502,0,5
2024010495123,2024,010495123,1,3,0,5,5,1,5,0,0,2,0,0,0,0,0,1,6,6,1,20,4,-1,-1,-1,-1,2,E01000045,0,4
2024010516770,2024,010516770,2,9,0,99,99,9,9,99,99,9,9,99,9,99,1,9,6,6,3,-1,-1,-1,-1,-1,-1,-1,-1,0,-1
2024010515958,2024,010515958,2,9,0,99,99,9,9,99,99,9,9,99,9,99,9,9,6,6,3,-1,-1,-1,-1,-1,-1,-1,-1,0,-1
2024302401391,2024,302401391,2,9,0,16,19,3,6,0,0,0,5,0,0,0,3,1,6,6,1,51,8,-1,-1,-1,-1,1,E01009758,0,5
2024061469494,2024,061469494,1,1,0,-1,12,6,3,-1,0,0,0,0,0,0,3,1,-1,1,1,42,7,-1,-1,-1,-1,8,E01006339,0,1
2024010491526,2024,010491526,1,9,0,9,9,3,1,0,0,8,0,0,0,0,1,1,2,2,1,26,6,-1,-1,-1,-1,3,E01033491,0,1
2024531480032,2024,531480032,3,9,0,-1,9,7,4,-1,0,8,0,0,0,0,0,9,-1,6,-1,-1,-1,-1,-1,-1,-1,-1,-1,0,-1
2024010517067,2024,010517067,2,9,0,99,99,9,9,99,99,9,9,99,9,99,1,9,6,6,3,-1,-1,-1,-1,-1,-1,-1,-1,0,-1
2024421445824,2024,421445824,1,97,0,-1,19,2,6,-1,0,0,0,0,0,0,-1,1,-1,6,3,-1,-1,-1,-1,-1,-1,-1,-1,0,-1
2024501405809,2024,501405809,1,97,0,-1,19,1,5,-1,0,2,1,0,4,0,2,1,-1,6,1,18,4,-1,-1,-1,-1,6,E01015243,0,2
2024010529151,2024,010529151,2,97,0,15,15,9,9,99,99,0,9,99,9,99,9,1,6,6,3,-1,-1,-1,-1,-1,-1,-1,-1,0,-1
2024010539502,2024,010539502,2,1,0,18,19,5,1,0,0,1,0,0,0,0,2,1,6,6,1,23,5,-1,-1,-1,-1,3,E01004011,0,1
2024311464572,2024,311464572,2,23,0,-1,19,4,4,-1,0,0,0,0,0,0,1,1,-1,6,1,19,4,-1,-1,-1,-1,-1,-1,0,-1
2024041439686,2024,041439686,1,-1,0,-1,19,3,7,-1,0,0,0,0,0,0,0,1,-1,6,1,13,3,-1,-1,-1,-1,1,E01025154,1,1
2024010497694,2024,010497694,2,1,0,18,19,7,3,0,0,1,0,0,0,0,1,1,6,6,1,59,9,-1,-1,-1,-1,8,E01004623,0,1
2024221517999,2024,221517999,1,21,1,-1,19,6,2,-1,0,0,0,10,1,10,1,9,-1,1,1,57,9,-1,-1,-1,-1,-1,-1,0,-1
2024421500248,2024,421500248,1,9,0,-1,19,8,3,-1,0,0,0,0,0,0,3,1,-1,9,1,20,4,-1,-1,-1,-1,5,E01021420,0,4
2024332400388,2024,332400388,1,9,0,-1,19,8,4,-1,0,0,0,0,7,0,1,1,-1,9,1,34,6,-1,-1,-1,-1,10,E01025648,0,2
2024440373576,2024,440373576,2,99,0,18,19,1,5,0,0,4,0,0,0,0,0,1,6,6,3,-1,-1,-1,-1,-1,-1,-1,-1,0,-1
2024141450031,2024,141450031,1,9,0,-1,19,8,4,-1,0,0,5,4,0,0,4,1,-1,9,2,71,10,-1,-1,-1,-1,8,E01007890,0,1
2024141525833,2024,141525833,1,9,0,-1,19,1,5,-1,0,1,0,0,0,0,1,1,-1,6,3,-1,-1,-1,-1,-1,-1,-1,-1,0,-1
2024302401497,2024,302401497,3,9,0,18,19,6,2,0,0,1,0,0,0,0,0,1,6,6,3,-1,-1,-1,-1,-1,-1,5,E01019456,0,4
2024010496454,2024,010496454,2,1,0,18,19,3,7,0,0,7,0,0,0,0,1,1,6,6,1,24,5,-1,-1,-1,-1,3,E01002264,0,1
2024010495962,2024,010495962,1,9,0,99,99,9,9,99,99,9,9,99,9,99,1,9,6,6,1,50,8,-1,-1,-1,-1,9,E01004692,0,1
2024421508184,2024,421508184,1,9,0,-1,-1,-1,-1,-1,-1,0,-1,-1,-1,0,-1,9,-1,6,2,-1,-1,-1,-1,-1,-1,-1,-1,0,-1
2024991522009,2024,991522009,2,19,0,-1,19,4,8,-1,0,8,0,0,0,0,4,1,-1,1,1,32,6,-1,-1,-1,-1,4,-1,0,2
2024421429834,2024,421429834,2,9,0,-1,19,5,1,-1,0,0,0,0,0,0,4,9,-1,6,2,35,6,-1,-1,-1,-1,5,E01021907,0,1
2024311518915,2024,311518915,1,9,0,-1,9,3,1,-1,0,8,0,0,0,0,1,1,-1,9,2,20,4,-1,-1,-1,-1,8,E01028420,0,2
2024052400475,2024,052400475,1,9,0,5,5,4,1,0,0,1,0,0,0,0,1,1,6,6,3,-1,-1,-1,-1,-1,-1,-1,-1,0,-1
2024340NN4292,2024,340NN4292,1,9,0,-1,9,7,5,-1,0,6,0,0,0,0,4,1,-1,6,3,-1,-1,-1,-1,-1,-1,-1,-1,0,-1
2024010541348,2024,010541348,1,1,0,12,12,5,1,0,0,0,0,0,0,0,2,1,6,6,1,43,7,-1,-1,-1,-1,10,E01003891,0,1
2024231456737,2024,231456737,1,9,0,-1,4,1,3,-1,0,4,0,10,7,1,1,1,-1,9,1,35,6,-1,-1,-1,-1,2,E01034745,0,3
2024471479742,2024,471479742,1,23,0,-1,19,4,8,-1,9,0,0,0,1,0,1,1,-1,6,1,18,4,-1,-1,-1,-1,6,E01031712,0,1
2024311413925,2024,311413925,2,1,0,-1,19,8,2,-1,0,1,0,0,0,0,2,1,-1,6,1,56,9,-1,-1,-1,-1,4,E01013890,0,1
2024161519761,2024,161519761,1,1,0,-1,19,7,3,-1,0,0,0,4,0,0,1,1,-1,6,2,24,5,-1,-1,-1,-1,1,E01012847,0,1
2024010496840,2024,010496840,2,19,0,7,7,9,9,99,99,9,9,99,9,99,9,9,6,6,3,48,8,-1,-1,-1,-1,4,E01001002,0,2
2024522402590,2024,522402590,2,9,0,9,9,3,1,0,0,5,0,0,0,0,3,1,6,6,1,36,7,-1,-1,-1,-1,8,E01014705,0,1
2024010529022,2024,010529022,2,1,0,18,19,3,7,0,0,8,5,0,0,0,1,1,1,1,1,38,7,-1,-1,-1,-1,4,E01003534,0,1
2024430037275,2024,430037275,2,9,0,18,19,1,5,0,0,4,0,0,0,0,1,1,6,6,1,-1,-1,-1,-1,-1,-1,-1,-1,0,-1
2024010526204,2024,010526204,1,1,0,18,19,2,6,0,0,2,9,0,0,0,1,1,6,6,1,24,5,-1,-1,-1,-1,-1,-1,0,-1
2024201553744,2024,201553744,1,9,0,-1,14,4,8,-1,0,0,0,0,0,0,1,9,-1,2,1,55,8,-1,-1,-1,-1,2,E01033642,0,1
2024131524144,2024,131524144,2,9,0,-1,19,5,1,-1,0,8,0,0,1,11,3,1,-1,6,1,30,6,-1,-1,-1,-1,2,E01010619,0,1
2024101555845,2024,101555845,1,9,0,-1,19,1,5,-1,0,1,0,0,0,0,1,1,-1,6,2,23,5,-1,-1,-1,-1,9,E01008448,0,2
2024010494826,2024,010494826,1,9,0,7,7,1,2,0,0,2,0,0,0,0,1,1,6,6,3,-1,-1,-1,-1,-1,-1,-1,-1,0,-1