collision_index,collision_year,collision_ref_no,vehicle_reference,vehicle_type,towing_and_articulation,vehicle_manoeuvre_historic,vehicle_manoeuvre,vehicle_direction_from,vehicle_direction_to,vehicle_location_restricted_lane_historic,vehicle_location_restricted_lane,junction_location,skidding_and_overturning,hit_object_in_carriageway,vehicle_leaving_carriageway,hit_object_off_carriageway,first_point_of_impact,vehicle_left_hand_drive,journey_purpose_of_driver_historic,journey_purpose_of_driver,sex_of_driver,age_of_driver,age_band_of_driver,engine_capacity_cc,propulsion_code,age_of_vehicle,generic_make_model,driver_imd_decile,lsoa_of_driver,escooter_flag,driver_distance_banding
2024440166970,2024,440166970,1,1,0,18,19,6,2,0,0,0,0,10,0,0,1,1,6,6,1,6,2,-1,-1,-1,-1,5,E01035458,0,1
2024161508358,2024,161508358,2,9,0,-1,19,5,1,-1,0,0,0,0,0,0,1,9,-1,6,1,-1,-1,-1,-1,-1,-1,-1,-1,0,-1
2024122500161,2024,122500161,1,9,0,16,19,4,7,0,0,0,0,0,0,0,3,1,6,6,1,59,9,-1,-1,-1,-1,6,E01027572,0,2
2024471451763,2024,471451763,1,1,0,-1,-1,-1,-1,-1,5,1,1,0,0,0,2,1,-1,9,1,14,3,-1,-1,-1,-1,1,E01016915,0,1
2024141430632,2024,141430632,2,9,0,-1,4,2,6,-1,0,0,0,0,0,0,2,1,-1,2,1,72,10,-1,-1,-1,-1,7,E01013098,0,4
2024010495742,2024,010495742,1,9,0,9,9,1,6,9,9,2,0,10,0,0,3,1,6,6,1,43,7,-1,-1,-1,-1,3,E01003586,0,1
2024122401156,2024,122401156,2,1,0,18,19,5,1,4,4,8,0,0,0,0,2,1,1,1,1,41,7,-1,-1,-1,-1,8,E01027875,0,2
2024010488876,2024,010488876,1,9,0,16,19,5,1,0,0,0,5,10,2,2,1,1,6,6,1,24,5,-1,-1,-1,-1,7,E01000295,0,1
2024010505524,2024,010505524,1,9,0,-1,-1,7,3,0,0,1,0,0,0,0,3,1,6,6,1,24,5,-1,-1,-1,-1,5,E01002815,0,1
2024411443606,2024,411443606,2,8,-1,-1,-1,-1,-1,-1,-1,-1,-1,-1,-1,0,-1,9,-1,7,1,53,8,-1,-1,-1,-1,5,E01021818,0,1
2024010501077,2024,010501077,2,19,0,18,19,3,7,0,0,8,0,0,0,0,1,1,6,6,3,-1,-1,-1,-1,-1,-1,-1,-1,0,-1
2024340WN0732,2024,340WN0732,2,1,0,-1,19,2,6,-1,0,1,0,0,1,0,2,1,-1,9,1,50,8,-1,-1,-1,-1,9,E01027018,0,1
2024440301367,2024,440301367,1,1,0,18,19,1,5,0,0,2,0,0,0,0,4,1,6,6,1,15,3,-1,-1,-1,-1,5,E01032844,0,1
2024010491830,2024,010491830,1,3,0,99,99,9,9,99,99,9,9,99,9,99,2,1,1,1,1,21,5,-1,-1,-1,-1,3,E01001162,0,1
2024451430687,2024,451430687,2,9,0,-1,2,0,0,-1,9,0,0,0,0,0,1,1,-1,6,-1,-1,-1,-1,-1,-1,-1,-1,-1,0,-1
2024010502854,2024,010502854,2,9,0,99,99,9,9,99,99,9,9,99,9,99,1,9,6,6,3,-1,-1,-1,-1,-1,-1,-1,-1,0,-1
2024010518588,2024,010518588,2,1,0,18,19,5,1,0,0,2,5,0,0,0,1,1,6,6,2,28,6,-1,-1,-1,-1,3,E01002848,0,1
2024010496392,2024,010496392,1,4,0,99,99,9,9,99,99,9,9,99,9,99,9,1,6,6,2,49,8,-1,-1,-1,-1,4,E01004228,0,1
2024332400903,2024,332400903,1,19,0,-1,9,7,5,-1,0,5,0,0,0,0,3,1,-1,1,1,44,7,-1,-1,-1,-1,4,E01019864,0,3
2024531467084,2024,531467084,2,1,0,-1,19,8,6,-1,0,0,0,0,0,0,2,1,-1,1,1,34,6,-1,-1,-1,-1,5,E01022440,0,1
2024520401275,2024,520401275,1,9,0,18,19,2,6,0,0,0,0,0,7,4,1,1,6,6,1,23,5,-1,-1,-1,-1,1,E01033358,0,4
2024141469033,2024,141469033,2,97,0,-1,19,1,5,-1,0,0,0,0,1,0,4,1,-1,9,1,15,3,-1,-1,-1,-1,1,E01007462,0,1
2024340WN7372,2024,340WN7372,1,11,0,-1,5,5,1,-1,0,0,0,0,0,0,0,1,-1,1,1,-1,-1,-1,-1,-1,-1,-1,-1,0,-1
2024320034839,2024,320034839,1,9,0,-1,-1,6,2,0,0,0,0,0,0,0,1,1,-1,-1,1,33,6,-1,-1,-1,-1,5,E01026283,0,3
2024111429642,2024,111429642,2,9,0,-1,4,4,8,-1,0,1,0,0,0,0,1,2,-1,6,2,30,6,-1,-1,-1,-1,-1,-1,0,-1
2024421505348,2024,421505348,1,98,0,-1,19,3,7,-1,0,0,0,0,0,0,4,1,-1,6,3,-1,-1,-1,-1,-1,-1,-1,-1,0,-1
2024111399410,2024,111399410,2,11,0,-1,19,7,2,-1,0,1,0,0,0,0,1,9,-1,1,3,30,6,-1,-1,-1,-1,-1,-1,0,-1
2024411412782,2024,411412782,1,9,0,-1,19,4,8,-1,0,8,0,0,0,0,1,1,-1,6,1,32,6,-1,-1,-1,-1,3,E01015737,0,2
2024010507063,2024,010507063,1,9,9,99,99,9,9,0,0,9,0,0,0,0,1,9,6,6,3,-1,-1,-1,-1,-1,-1,-1,-1,0,-1
2024440060732,2024,440060732,1,9,0,18,19,6,2,0,0,0,0,0,4,6,1,1,6,6,1,44,7,-1,-1,-1,-1,7,E01015424,0,4
2024010492302,2024,010492302,1,11,0,5,5,5,1,0,0,1,0,0,0,0,0,1,1,1,1,41,7,-1,-1,-1,-1,4,E01003264,0,3
2024311461830,2024,311461830,1,9,-1,-1,19,3,7,-1,0,1,0,0,0,0,0,9,-1,6,3,-1,-1,-1,-1,-1,-1,-1,-1,0,-1
2024430120457,2024,430120457,1,9,0,18,19,7,3,0,0,6,0,0,0,0,3,1,6,6,1,35,6,-1,-1,-1,-1,-1,-1,0,-1
2024131453396,2024,131453396,1,9,0,-1,9,1,2,-1,0,0,0,0,0,0,4,1,-1,9,1,23,5,-1,-1,-1,-1,1,E01007508,0,4
2024311409871,2024,311409871,1,17,0,-1,19,1,5,-1,0,0,0,0,0,0,4,1,-1,2,1,34,6,-1,-1,-1,-1,8,E01028035,0,1
2024122400291,2024,122400291,2,90,0,18,19,5,2,0,0,8,0,0,0,0,1,1,1,1,1,20,4,-1,-1,-1,-1,8,E01019307,0,4
2024010541223,2024,010541223,2,9,0,9,9,2,7,0,0,1,0,0,0,0,0,1,6,6,3,24,5,-1,-1,-1,-1,-1,-1,0,-1
2024052402767,2024,052402767,1,11,0,18,19,4,8,0,0,1,0,0,0,0,4,1,1,1,3,-1,-1,-1,-1,-1,-1,-1,-1,0,-1
2024010546912,2024,010546912,2,19,0,18,19,5,1,0,0,2,0,0,0,0,1,1,2,2,1,44,7,-1,-1,-1,-1,3,E01035660,0,2
2024231538406,2024,231538406,2,1,0,-1,19,3,7,-1,0,8,0,0,0,0,1,1,-1,9,1,53,8,-1,-1,-1,-1,5,E01031333,0,1
2024010491666,2024,010491666,1,3,0,99,99,9,9,99,99,9,9,99,9,99,1,1,1,1,3,30,6,-1,-1,-1,-1,2,E01001155,0,1
2024010542906,2024,010542906,2,10,0,99,99,9,9,99,99,0,9,99,9,99,9,9,6,6,3,34,6,-1,-1,-1,-1,-1,-1,0,-1
2024131499750,2024,131499750,2,9,0,-1,2,0,0,-1,0,0,0,0,0,0,2,1,-1,6,1,27,6,-1,-1,-1,-1,1,E01010960,0,1
2024061464333,2024,061464333,2,1,0,-1,19,4,8,-1,5,0,0,0,0,0,3,1,-1,6,1,31,6,-1,-1,-1,-1,2,E01032906,0,1
2024631433625,2024,631433625,2,9,0,-1,19,1,5,-1,0,0,0,0,0,0,0,1,-1,6,3,-1,-1,-1,-1,-1,-1,-1,-1,0,-1
2024421404306,2024,421404306,1,11,0,-1,19,3,7,-1,0,0,0,0,0,0,0,9,-1,1,3,-1,-1,-1,-1,-1,-1,-1,-1,0,-1
2024520002531,2024,520002531,2,19,0,18,19,5,7,0,0,1,0,0,0,0,1,1,6,6,3,-1,-1,-1,-1,-1,-1,-1,-1,0,-1
2024351498041,2024,351498041,2,1,0,-1,-1,-1,-1,-1,-1,0,-1,-1,-1,0,1,1,-1,9,1,59,9,-1,-1,-1,-1,10,E01018262,0,2
2024131459696,2024,131459696,2,1,0,-1,19,1,5,-1,4,8,0,0,0,0,3,1,-1,2,2,55,8,-1,-1,-1,-1,9,E01011905,0,3
2024471506639,2024,471506639,2,1,0,-1,99,-1,-1,-1,0,9,0,0,0,0,9,1,-1,6,2,29,6,-1,-1,-1,-1,6,E01031656,0,1
2024451474839,2024,451474839,4,1,0,-1,19,3,7,-1,0,0,0,0,0,0,2,1,-1,9,2,60,9,-1,-1,-1,-1,8,E01002569,0,4
2024010489391,2024,010489391,2,9,0,3,3,1,5,0,0,1,0,0,0,0,1,1,6,6,3,-1,-1,-1,-1,-1,-1,-1,-1,0,-1
2024010543210,2024,010543210,2,1,0,18,19,1,5,9,9,0,0,0,0,0,1,1,4,7,1,12,3,-1,-1,-1,-1,5,E01002247,0,1
2024430045124,2024,430045124,1,19,0,18,19,3,7,0,0,8,0,0,0,0,3,1,6,6,1,55,8,-1,-1,-1,-1,7,E01016470,0,1
2024522401917,2024,522401917,2,98,0,18,19,9,9,0,0,0,0,0,0,0,0,1,6,6,3,-1,-1,-1,-1,-1,-1,-1,-1,0,-1
2024041470317,2024,041470317,2,97,0,-1,19,5,1,-1,0,0,0,0,0,0,1,1,-1,6,1,-1,-1,-1,-1,-1,-1,-1,-1,0,-1
2024010494206,2024,010494206,2,90,9,99,99,9,9,99,99,9,9,99,9,99,9,9,6,6,3,-1,-1,-1,-1,-1,-1,-1,-1,0,-1
2024320442429,2024,320442429,1,1,0,-1,-1,4,8,0,0,0,0,4,0,0,1,1,6,6,1,20,4,-1,-1,-1,-1,-1,-1,0,-1
2024461472293,2024,461472293,2,1,0,-1,10,1,7,-1,0,1,0,0,0,0,3,1,-1,9,1,72,10,-1,-1,-1,-1,5,E01024207,0,1
2024010516264,2024,010516264,2,9,0,99,99,9,9,99,99,9,9,99,9,99,1,9,6,6,1,48,8,-1,-1,-1,-1,5,E01001450,0,2
2024340WN4592,2024,340WN4592,2,-1,0,-1,9,1,7,-1,0,8,0,0,0,0,1,1,-1,9,2,37,7,-1,-1,-1,-1,2,E01027170,1,1
2024471400449,2024,471400449,1,9,0,-1,9,7,3,-1,0,2,0,0,0,0,4,1,-1,6,2,24,5,-1,-1,-1,-1,4,E01020947,0,1
2024340NN4092,2024,340NN4092,1,9,0,-1,9,7,5,-1,0,8,0,0,0,0,1,1,-1,9,1,21,5,-1,-1,-1,-1,10,E01009854,0,4
202417H108024,2024,17H108024,2,1,0,-1,19,5,1,-1,0,0,0,0,0,0,2,1,-1,9,1,51,8,-1,-1,-1,-1,-1,-1,0,-1
2024461422495,2024,461422495,1,19,0,-1,12,4,8,-1,0,0,0,0,0,0,0,9,-1,6,3,18,4,-1,-1,-1,-1,-1,-1,0,-1
2024131483263,2024,131483263,1,9,0,-1,19,3,7,-1,0,0,1,11,1,5,1,1,-1,6,-1,-1,-1,-1,-1,-1,-1,-1,-1,0,-1
2024201524234,2024,201524234,1,97,0,-1,14,2,6,-1,0,0,0,0,0,0,1,1,-1,6,1,30,6,-1,-1,-1,-1,-1,-1,0,-1
2024010488909,2024,010488909,2,1,0,9,9,3,8,0,0,3,0,0,0,0,1,1,2,2,2,45,7,-1,-1,-1,-1,3,E01000889,0,2
2024141420003,2024,141420003,2,1,0,-1,19,3,7,-1,0,1,0,0,0,0,1,1,-1,6,1,10,2,-1,-1,-1,-1,1,E01007763,0,1
2024401457246,2024,401457246,3,9,0,-1,4,6,2,-1,0,0,0,0,0,0,2,1,-1,2,1,36,7,-1,-1,-1,-1,9,E01018171,0,4
2024052400967,2024,052400967,1,9,0,18,19,6,2,0,0,0,0,0,0,0,1,1,6,6,3,-1,-1,-1,-1,-1,-1,-1,-1,0,-1
2024430190821,2024,430190821,1,9,0,3,3,3,7,0,0,1,0,0,0,0,2,1,6,6,1,47,8,-1,-1,-1,-1,9,E01002535,0,2
2024430103734,2024,430103734,2,1,0,18,19,5,1,0,0,3,0,0,0,0,2,1,2,2,1,42,7,-1,-1,-1,-1,5,E01016376,0,4
2024070416818,2024,070416818,3,9,0,11,11,7,3,0,0,0,0,0,0,0,2,1,6,6,2,-1,-1,-1,-1,-1,-1,-1,-1,0,-1
2024010534687,2024,010534687,1,9,0,13,13,1,5,0,0,0,0,0,0,0,0,1,6,6,3,-1,-1,-1,-1,-1,-1,-1,-1,0,-1
2024010513941,2024,010513941,2,1,0,11,11,5,1,0,0,6,0,0,0,0,0,1,6,6,1,33,6,-1,-1,-1,-1,-1,-1,0,-1
2024010516630,2024,010516630,2,9,0,99,99,9,9,99,99,9,9,99,9,99,9,9,6,6,3,-1,-1,-1,-1,-1,-1,-1,-1,0,-1
2024010532419,2024,010532419,2,1,0,5,5,3,7,0,0,8,0,0,0,0,1,1,6,6,3,24,5,-1,-1,-1,-1,-1,-1,0,-1
2024311536179,2024,311536179,2,1,0,-1,19,8,4,-1,0,0,0,0,0,0,2,1,-1,9,2,54,8,-1,-1,-1,-1,6,E01007981,0,4
2024430028947,2024,430028947,1,5,0,13,13,6,2,0,0,0,0,0,0,0,1,1,2,2,1,18,4,-1,-1,-1,-1,7,E01033958,0,4
2024461400668,2024,461400668,1,21,0,-1,11,6,2,-1,0,0,0,0,0,0,4,1,-1,1,1,63,9,-1,-1,-1,-1,3,E01015868,0,4
2024010511146,2024,010511146,1,9,0,18,19,4,8,0,0,1,0,0,0,0,1,1,6,6,1,25,5,-1,-1,-1,-1,6,E01001309,0,2
2024430465753,2024,430465753,2,-1,0,18,19,7,3,0,0,1,0,0,0,0,1,1,6,6,1,27,6,-1,-1,-1,-1,-1,-1,1,-1
2024461517645,2024,461517645,1,9,0,-1,19,3,7,-1,0,3,0,0,0,0,1,9,-1,6,1,-1,-1,-1,-1,-1,-1,-1,-1,0,-1
2024991527910,2024,991527910,1,9,0,-1,3,6,2,-1,0,7,0,0,0,0,1,1,-1,6,2,35,6,-1,-1,-1,-1,2,-1,0,4
2024351497156,2024,351497156,2,9,0,-1,19,1,1,-1,0,8,0,0,0,0,3,1,-1,9,2,53,8,-1,-1,-1,-1,3,E01026684,0,4
2024430339996,2024,430339996,2,9,0,6,6,2,2,0,0,8,0,0,0,0,1,1,1,1,1,58,9,-1,-1,-1,-1,10,E01028661,0,3
2024010531848,2024,010531848,2,1,0,16,19,3,7,0,0,1,0,8,0,0,1,1,1,1,1,34,6,-1,-1,-1,-1,2,E01004721,0,1
2024991521123,2024,991521123,2,9,0,-1,19,5,1,-1,0,8,0,0,0,0,4,1,-1,6,-1,32,6,-1,-1,-1,-1,-1,-1,0,-1
2024201488867,2024,201488867,2,9,0,-1,14,8,2,-1,0,8,0,0,0,0,4,9,-1,6,3,-1,-1,-1,-1,-1,-1,-1,-1,0,-1
2024201414687,2024,201414687,1,9,0,-1,9,2,8,-1,0,5,0,0,0,0,1,9,-1,6,2,30,6,-1,-1,-1,-1,-1,-1,0,-1
2024991482456,2024,991482456,2,5,0,-1,19,4,8,-1,0,1,0,0,0,0,1,1,-1,9,1,57,9,-1,-1,-1,-1,2,-1,0,4
2024141408370,2024,141408370,2,9,0,-1,19,4,8,-1,0,1,0,0,0,0,1,9,-1,6,3,-1,-1,-1,-1,-1,-1,-1,-1,0,-1
2024010516375,2024,010516375,2,9,0,99,99,9,9,99,99,9,9,99,9,99,9,9,6,6,2,32,6,-1,-1,-1,-1,10,E01022888,0,4
2024061417128,2024,061417128,1,9,0,-1,-1,-1,-1,-1,-1,-1,-1,-1,-1,0,-1,9,-1,6,1,-1,-1,-1,-1,-1,-1,-1,-1,0,-1
2024010540098,2024,010540098,1,3,0,18,19,1,5,9,9,2,0,0,1,0,1,1,6,6,3,-1,-1,-1,-1,-1,-1,-1,-1,0,-1
2024520401815,2024,520401815,1,1,0,18,19,7,3,0,0,0,0,0,0,0,9,1,6,6,1,22,5,-1,-1,-1,-1,5,E01029094,0,1
2024440115796,2024,440115796,2,1,0,18,19,1,5,0,0,8,0,0,0,0,4,1,6,6,2,67,10,-1,-1,-1,-1,9,E01017301,0,1
2024401442668,2024,401442668,2,1,0,-1,19,7,3,-1,9,8,0,0,0,0,3,1,-1,6,1,12,3,-1,-1,-1,-1,2,E01017602,0,1
2024421398797,2024,421398797,1,9,0,-1,19,3,7,-1,0,0,0,0,0,0,1,9,-1,6,3,-1,-1,-1,-1,-1,-1,-1,-1,0,-1
2024010517858,2024,010517858,1,1,9,99,99,9,9,99,99,9,9,99,9,99,1,1,6,6,1,22,5,-1,-1,-1,-1,5,E01004622,0,1
2024622400561,2024,622400561,1,10,0,18,19,4,8,0,0,8,1,0,0,0,1,1,6,6,2,29,6,-1,-1,-1,-1,8,W01000984,0,1
2024211412592,2024,211412592,2,9,4,-1,19,5,1,-1,0,0,1,0,0,0,2,1,-1,1,1,46,8,-1,-1,-1,-1,6,E01024361,0,5
2024161423847,2024,161423847,3,9,0,-1,19,5,3,-1,0,1,0,0,0,0,1,9,-1,6,-1,-1,-1,-1,-1,-1,-1,-1,-1,0,-1
2024131455131,2024,131455131,2,9,0,-1,19,1,5,-1,0,0,0,0,0,0,1,1,-1,2,1,25,5,-1,-1,-1,-1,3,E01010675,0,1
2024010514041,2024,010514041,2,9,0,99,99,9,9,99,99,0,9,99,9,99,9,9,6,6,3,-1,-1,-1,-1,-1,-1,-1,-1,0,-1
2024010493316,2024,010493316,1,9,0,10,10,3,1,0,0,1,0,0,0,0,0,1,3,7,2,42,7,-1,-1,-1,-1,6,E01000549,0,1
2024311498553,2024,311498553,1,9,0,-1,4,7,3,-1,0,8,0,0,0,0,1,9,-1,6,3,45,7,-1,-1,-1,-1,-1,-1,0,-1
2024010489270,2024,010489270,2,9,0,5,5,0,5,0,0,1,0,0,0,0,1,1,6,6,1,48,8,-1,-1,-1,-1,4,E01003211,0,1
2024631447908,2024,631447908,2,9,0,-1,9,8,6,-1,0,5,0,0,0,0,3,1,-1,6,2,32,6,-1,-1,-1,-1,5,W01000630,0,1
2024010514540,2024,010514540,1,9,0,2,2,0,0,9,9,6,0,0,0,0,4,1,6,6,3,-1,-1,-1,-1,-1,-1,-1,-1,0,-1
2024010534617,2024,010534617,2,9,0,99,99,9,9,99,99,9,9,99,9,99,9,9,6,6,3,-1,-1,-1,-1,-1,-1,-1,-1,0,-1
2024010500827,2024,010500827,1,1,0,18,19,1,5,5,5,3,0,0,0,0,1,1,6,6,1,64,9,-1,-1,-1,-1,-1,-1,0,-1
2024361505480,2024,361505480,2,1,0,-1,19,6,2,-1,0,1,0,0,0,0,0,1,-1,6,1,46,8,-1,-1,-1,-1,10,E01031485,0,5
2024010490813,2024,010490813,3,9,0,2,2,0,0,0,0,2,0,0,0,0,1,1,6,6,3,-1,-1,-1,-1,-1,-1,-1,-1,0,-1
2024010491157,2024,010491157,1,9,0,99,99,9,9,99,99,9,9,99,9,99,2,9,6,6,1,35,6,-1,-1,-1,-1,5,E01003000,0,1
2024061484862,2024,061484862,1,9,0,-1,12,3,7,-1,0,0,0,0,0,0,0,1,-1,6,3,30,6,-1,-1,-1,-1,-1,-1,0,-1
2024010495180,2024,010495180,2,9,0,99,99,9,9,99,99,9,9,99,9,99,1,9,6,6,2,61,9,-1,-1,-1,-1,2,E01001430,0,1
2024430624739,2024,430624739,1,9,0,18,19,5,1,0,0,0,5,0,1,4,1,1,6,6,1,68,10,-1,-1,-1,-1,-1,-1,0,-1
2024010536138,2024,010536138,2,9,0,18,19,3,7,0,0,1,0,0,0,0,1,1,6,6,1,84,11,-1,-1,-1,-1,9,E01000359,0,3
2024522402952,2024,522402952,1,9,0,9,9,1,7,0,0,5,0,0,0,0,3,1,6,6,2,46,8,-1,-1,-1,-1,8,E01014938,0,1
2024010537360,2024,010537360,2,19,0,99,99,9,9,99,99,9,9,99,9,99,9,9,6,6,3,-1,-1,-1,-1,-1,-1,-1,-1,0,-1
2024010538600,2024,010538600,2,1,0,15,15,5,1,0,0,1,0,0,0,0,1,1,6,6,1,45,7,-1,-1,-1,-1,2,E01002782,0,1
2024501480149,2024,501480149,1,9,4,-1,19,3,7,-1,0,1,0,0,0,0,1,2,-1,1,1,27,6,-1,-1,-1,-1,6,E01018821,0,2
2024010515829,2024,010515829,2,1,0,18,19,1,5,0,0,0,0,0,0,0,0,1,6,6,1,29,6,-1,-1,-1,-1,2,E01004067,0,3
2024201465620,2024,201465620,1,9,0,-1,19,3,7,-1,0,8,0,0,0,0,1,9,-1,6,3,-1,-1,-1,-1,-1,-1,-1,-1,0,-1
2024010521471,2024,010521471,2,1,0,4,4,5,1,2,2,0,0,0,0,0,1,1,6,6,2,25,5,-1,-1,-1,-1,3,E01032765,0,2
2024461411419,2024,461411419,2,1,0,-1,19,3,7,-1,0,0,0,0,0,0,2,1,-1,2,1,48,8,-1,-1,-1,-1,1,E01001575,0,2
2024070293803,2024,070293803,1,9,0,18,19,1,5,0,0,0,0,4,0,0,1,1,6,6,1,25,5,-1,-1,-1,-1,2,E01012413,0,1
2024010537157,2024,010537157,1,1,9,99,99,9,9,99,99,9,9,99,9,99,1,1,2,2,1,32,6,-1,-1,-1,-1,6,E01004530,0,3
2024471501662,2024,471501662,4,9,0,-1,9,1,6,-1,0,0,0,0,0,0,0,9,-1,6,-1,-1,-1,-1,-1,-1,-1,-1,-1,0,-1
2024010491068,2024,010491068,1,2,0,13,13,1,5,0,0,1,1,0,0,0,0,1,2,2,1,30,6,-1,-1,-1,-1,2,E01003207,0,1
2024421437411,2024,421437411,1,1,0,-1,5,1,5,-1,0,1,0,0,0,0,4,1,-1,6,1,16,4,-1,-1,-1,-1,-1,-1,0,-1
2024461461887,2024,461461887,2,1,0,-1,19,2,6,-1,0,0,0,0,1,0,0,1,-1,9,1,55,8,-1,-1,-1,-1,4,E01024624,0,3
2024440189238,2024,440189238,1,1,0,18,19,6,2,0,0,1,0,0,0,0,1,1,6,6,1,47,8,-1,-1,-1,-1,1,E01017241,0,4
202417M116324,2024,17M116324,2,97,0,-1,19,1,5,-1,0,8,0,0,0,0,1,1,-1,6,1,-1,-1,-1,-1,-1,-1,-1,-1,0,-1
2024552400904,2024,552400904,1,9,0,5,5,8,4,0,0,8,0,0,0,0,3,1,6,6,2,67,10,-1,-1,-1,-1,9,E01015405,0,1
2024361409067,2024,361409067,2,1,0,-1,19,1,5,-1,0,1,0,0,0,0,2,1,-1,9,1,19,4,-1,-1,-1,-1,4,E01026609,0,2
2024041441923,2024,041441923,2,90,0,-1,2,0,0,-1,0,0,0,0,0,0,2,1,-1,6,-1,-1,-1,-1,-1,-1,-1,-1,-1,0,-1
2024302401121,2024,302401121,1,9,0,18,19,8,4,0,0,8,0,0,1,11,1,1,1,1,1,28,6,-1,-1,-1,-1,7,E01019634,0,1
2024010499094,2024,010499094,2,9,9,6,6,5,5,0,0,9,9,99,0,0,3,9,6,6,1,-1,-1,-1,-1,-1,-1,-1,-1,0,-1
2024430364480,2024,430364480,3,9,0,3,3,1,5,0,0,0,0,0,0,0,2,1,6,6,3,-1,-1,-1,-1,-1,-1,-1,-1,0,-1
2024340NN0262,2024,340NN0262,2,1,0,-1,19,2,6,-1,0,1,0,0,0,0,1,1,-1,6,2,53,8,-1,-1,-1,-1,8,E01027070,0,1
2024041455639,2024,041455639,2,9,0,-1,19,3,7,-1,0,0,0,0,0,0,1,1,-1,2,1,28,6,-1,-1,-1,-1,5,E01025061,0,3
2024320708125,2024,320708125,1,1,0,-1,-1,6,2,0,0,8,0,0,0,0,1,1,-1,-1,1,36,7,-1,-1,-1,-1,10,E01026395,0,2
2024010511877,2024,010511877,2,1,0,18,19,5,1,0,0,4,0,0,0,0,1,1,6,6,1,52,8,-1,-1,-1,-1,7,E01004166,0,1
2024221474207,2024,221474207,2,1,0,-1,19,6,2,-1,0,8,0,0,0,0,2,1,-1,6,1,61,9,-1,-1,-1,-1,5,E01032418,0,2
2024061515471,2024,061515471,1,1,0,-1,19,3,7,-1,4,1,5,10,1,0,1,1,-1,2,1,32,6,-1,-1,-1,-1,5,E01006200,0,1
2024010509516,2024,010509516,2,1,0,18,19,1,5,0,0,0,0,0,0,0,1,1,6,6,1,27,6,-1,-1,-1,-1,10,E01023421,0,4
2024141557947,2024,141557947,2,1,0,-1,19,4,5,-1,0,8,0,0,0,0,2,1,-1,9,1,59,9,-1,-1,-1,-1,6,E01007688,0,1
2024010495001,2024,010495001,2,9,0,99,99,9,9,99,99,6,9,99,9,99,9,9,6,6,3,-1,-1,-1,-1,-1,-1,-1,-1,0,-1
2024201527806,2024,201527806,1,9,0,-1,13,7,3,-1,0,8,0,0,0,0,4,9,-1,6,1,-1,-1,-1,-1,-1,-1,-1,-1,0,-1
2024010528438,2024,010528438,2,1,0,7,7,3,5,0,0,1,0,0,0,0,1,1,6,6,2,45,7,-1,-1,-1,-1,3,E01003979,0,1
2024061499142,2024,061499142,1,1,0,-1,19,-1,-1,-1,0,3,0,0,0,0,4,1,-1,2,1,57,9,-1,-1,-1,-1,8,E01006133,0,1
2024411411521,2024,411411521,1,9,0,-1,19,1,5,-1,0,1,0,0,0,0,1,9,-1,7,1,-1,-1,-1,-1,-1,-1,-1,-1,0,-1
2024061414498,2024,061414498,3,9,0,-1,2,0,0,-1,0,0,0,0,0,0,1,1,-1,6,-1,35,6,-1,-1,-1,-1,-1,-1,0,-1
2024010547798,2024,010547798,1,19,0,9,9,5,3,0,0,1,0,0,0,0,4,1,6,6,3,24,5,-1,-1,-1,-1,-1,-1,0,-1
2024052401378,2024,052401378,1,9,0,5,5,4,8,0,0,0,0,0,0,0,3,1,6,6,1,28,6,-1,-1,-1,-1,4,E01008244,0,5
2024302400093,2024,302400093,1,9,0,18,19,2,6,0,0,0,0,0,1,0,1,1,6,6,2,81,11,-1,-1,-1,-1,1,E01013536,0,2
2024501533716,2024,501533716,1,9,0,-1,13,1,5,-1,0,1,0,0,0,0,4,1,-1,6,3,-1,-1,-1,-1,-1,-1,-1,-1,0,-1
2024302400371,2024,302400371,2,9,0,3,3,8,4,0,0,0,0,0,0,0,2,1,6,6,2,38,7,-1,-1,-1,-1,8,E01019834,0,2
2024451477134,2024,451477134,3,9,0,-1,4,1,5,-1,0,0,0,0,0,0,1,1,-1,2,1,49,8,-1,-1,-1,-1,7,E01003429,0,4
2024481558044,2024,481558044,2,1,0,-1,19,3,7,-1,0,0,0,0,0,0,3,1,-1,9,1,30,6,-1,-1,-1,-1,-1,-1,0,-1
2024991412544,2024,991412544,2,9,0,-1,19,5,1,-1,0,0,0,0,0,0,3,1,-1,9,1,22,5,-1,-1,-1,-1,7,-1,0,3
2024010494061,2024,010494061,2,21,1,9,9,7,5,0,0,8,0,0,0,0,1,2,1,1,1,46,8,-1,-1,-1,-1,-1,-1,0,-1
2024010503860,2024,010503860,1,1,9,99,99,9,9,99,99,9,9,99,9,99,1,1,2,2,1,27,6,-1,-1,-1,-1,5,E01002744,0,1
2024501422174,2024,501422174,1,9,0,-1,5,4,8,-1,0,6,0,0,0,0,1,1,-1,2,1,64,9,-1,-1,-1,-1,4,E01018780,0,2
202454A797324,2024,54A797324,1,90,0,18,19,1,5,0,0,6,0,0,0,0,1,1,6,6,1,25,5,-1,-1,-1,-1,3,E01015527,0,1
2024371481313,2024,371481313,1,9,0,-1,15,1,5,-1,0,0,0,0,0,0,0,1,-1,6,3,-1,-1,-1,-1,-1,-1,-1,-1,0,-1
2024010531617,2024,010531617,1,1,9,99,99,9,9,5,5,9,9,99,0,99,1,1,6,6,1,30,6,-1,-1,-1,-1,4,E01000958,0,1
2024211437012,2024,211437012,2,9,0,-1,4,8,4,-1,0,0,0,0,0,0,2,9,-1,6,2,49,8,-1,-1,-1,-1,2,E01029727,0,1
2024010519827,2024,010519827,2,-1,0,18,19,5,1,0,0,8,0,0,0,0,1,1,6,6,1,20,4,-1,-1,-1,-1,3,E01001814,1,1
2024041450380,2024,041450380,1,9,0,-1,-1,-1,-1,-1,-1,0,-1,-1,-1,0,-1,9,-1,6,3,-1,-1,-1,-1,-1,-1,-1,-1,0,-1
2024430276702,2024,430276702,1,1,0,18,19,2,6,9,9,8,0,0,0,0,3,1,2,2,1,40,7,-1,-1,-1,-1,2,E01016450,0,1
2024141396810,2024,141396810,2,9,0,-1,19,5,1,-1,0,0,0,0,0,0,1,1,-1,6,1,34,6,-1,-1,-1,-1,8,E01034240,0,1
2024451453795,2024,451453795,1,1,0,-1,19,1,5,-1,0,1,0,0,0,0,1,1,-1,9,2,31,6,-1,-1,-1,-1,3,E01003179,0,3