collision_index,collision_year,collision_ref_no,vehicle_reference,vehicle_type,towing_and_articulation,vehicle_manoeuvre_historic,vehicle_manoeuvre,vehicle_direction_from,vehicle_direction_to,vehicle_location_restricted_lane_historic,vehicle_location_restricted_lane,junction_location,skidding_and_overturning,hit_object_in_carriageway,vehicle_leaving_carriageway,hit_object_off_carriageway,first_point_of_impact,vehicle_left_hand_drive,journey_purpose_of_driver_historic,journey_purpose_of_driver,sex_of_driver,age_of_driver,age_band_of_driver,engine_capacity_cc,propulsion_code,age_of_vehicle,generic_make_model,driver_imd_decile,lsoa_of_driver,escooter_flag,driver_distance_banding
2024010548525,2024,010548525,2,1,9,99,99,9,9,99,99,9,9,99,9,99,9,1,6,6,3,-1,-1,-1,-1,-1,-1,-1,-1,0,-1
2024010489382,2024,010489382,3,9,0,2,2,0,0,0,0,0,0,0,0,0,1,1,6,6,3,-1,-1,-1,-1,-1,-1,-1,-1,0,-1
2024010503709,2024,010503709,2,1,0,18,19,5,1,0,0,1,0,0,0,0,3,1,6,6,1,23,5,-1,-1,-1,-1,3,E01003121,0,1
2024141513195,2024,141513195,3,1,0,-1,5,6,2,-1,0,0,0,0,0,0,4,1,-1,6,1,71,10,-1,-1,-1,-1,-1,-1,0,-1
2024161438692,2024,161438692,1,1,0,-1,3,1,5,-1,0,0,0,0,0,0,2,1,-1,6,1,28,6,-1,-1,-1,-1,-1,-1,0,-1
2024320379652,2024,320379652,3,99,0,-1,-1,4,8,0,0,0,0,0,0,0,0,1,6,6,3,-1,-1,-1,-1,-1,-1,-1,-1,0,-1
2024061512779,2024,061512779,1,9,0,-1,19,4,8,-1,0,0,0,0,0,0,1,2,-1,9,1,58,9,-1,-1,-1,-1,3,E01005012,0,1
2024421417140,2024,421417140,1,19,0,-1,19,7,3,-1,0,0,0,0,0,0,4,9,-1,6,3,-1,-1,-1,-1,-1,-1,-1,-1,0,-1
2024041512843,2024,041512843,2,1,0,-1,19,3,7,-1,0,3,0,0,0,0,4,1,-1,9,2,15,3,-1,-1,-1,-1,2,E01012734,0,1
2024610050124,2024,610050124,1,9,0,4,4,7,3,0,0,0,0,0,0,0,2,1,6,6,3,-1,-1,-1,-1,-1,-1,-1,-1,0,-1
2024991425578,2024,991425578,2,9,0,-1,9,7,2,-1,0,1,0,0,0,0,1,1,-1,2,2,23,5,-1,-1,-1,-1,5,-1,0,4
2024010532403,2024,010532403,2,98,9,99,99,9,9,99,99,9,0,99,9,99,9,9,6,6,3,-1,-1,-1,-1,-1,-1,-1,-1,0,-1
2024010509900,2024,010509900,2,9,0,15,15,7,3,0,0,1,1,0,0,0,1,1,6,6,1,60,9,-1,-1,-1,-1,4,E01034033,0,1
2024010530973,2024,010530973,2,9,0,18,19,1,5,0,0,0,0,0,0,0,1,1,2,2,1,36,7,-1,-1,-1,-1,-1,-1,0,-1
2024430037275,2024,430037275,1,1,0,18,19,7,3,0,0,8,0,0,0,0,2,1,6,6,1,45,7,-1,-1,-1,-1,5,E01016357,0,1
2024122400107,2024,122400107,2,9,0,17,19,3,7,0,0,0,0,0,1,9,4,1,6,6,1,21,5,-1,-1,-1,-1,9,E01027574,0,3
2024010492779,2024,010492779,1,1,9,99,99,9,9,99,99,9,9,99,9,99,1,1,2,2,1,40,7,-1,-1,-1,-1,4,E01002405,0,1
2024031468478,2024,031468478,2,9,0,-1,19,3,1,-1,0,0,0,0,0,0,1,1,-1,2,1,18,4,-1,-1,-1,-1,9,E01025148,0,4
2024501435744,2024,501435744,2,9,4,-1,10,8,6,-1,0,1,0,0,1,10,3,1,-1,6,2,52,8,-1,-1,-1,-1,5,E01020049,0,4
2024430057672,2024,430057672,1,9,0,18,19,6,2,0,0,2,0,0,0,0,1,1,6,6,3,-1,-1,-1,-1,-1,-1,-1,-1,0,-1
2024622400728,2024,622400728,1,-1,0,15,15,6,2,0,0,1,0,0,0,0,3,1,6,6,1,52,8,-1,-1,-1,-1,1,W01001807,1,1
2024430588914,2024,430588914,3,19,0,18,19,1,5,0,0,0,0,0,1,0,1,1,6,6,1,35,6,-1,-1,-1,-1,-1,-1,0,-1
202417L202124,2024,17L202124,2,9,0,18,19,8,4,0,0,8,0,0,1,0,3,1,6,6,1,37,7,-1,-1,-1,-1,6,E01008872,0,4
2024061432374,2024,061432374,2,9,0,-1,19,3,7,-1,0,1,0,0,0,0,2,1,-1,1,1,41,7,-1,-1,-1,-1,4,E01025605,0,4
2024052401248,2024,052401248,1,9,0,1,1,5,1,0,0,1,0,0,0,0,2,1,6,6,2,54,8,-1,-1,-1,-1,1,E01007122,0,1
2024451394495,2024,451394495,2,9,0,-1,19,1,3,-1,0,8,0,0,0,0,1,9,-1,6,3,30,6,-1,-1,-1,-1,-1,-1,0,-1
2024421430277,2024,421430277,3,9,0,-1,19,4,8,-1,0,0,1,0,0,0,1,9,-1,6,1,30,6,-1,-1,-1,-1,5,E01021909,0,1
2024010510468,2024,010510468,2,19,9,99,99,9,9,99,99,9,9,99,9,99,2,9,6,6,3,-1,-1,-1,-1,-1,-1,8,E01034255,0,5
2024041408925,2024,041408925,2,9,0,-1,19,3,7,-1,0,1,0,0,1,0,4,1,-1,9,1,62,9,-1,-1,-1,-1,8,E01025564,0,2
2024302400375,2024,302400375,2,9,0,13,13,4,8,0,0,0,0,0,0,0,1,1,6,6,1,42,7,-1,-1,-1,-1,8,E01019603,0,1
2024031512654,2024,031512654,2,9,0,-1,19,6,2,-1,0,0,0,4,0,0,1,1,-1,6,3,-1,-1,-1,-1,-1,-1,-1,-1,0,-1
2024332401047,2024,332401047,1,-1,0,-1,19,2,6,-1,9,0,0,0,0,0,1,1,-1,9,1,10,2,-1,-1,-1,-1,5,E01025689,1,1
2024332400808,2024,332400808,2,9,0,-1,19,4,8,-1,0,0,1,0,2,4,1,1,-1,6,2,70,10,-1,-1,-1,-1,9,E01025817,0,1
2024010494027,2024,010494027,1,9,0,4,4,1,5,0,0,8,0,0,0,0,4,1,6,6,1,43,7,-1,-1,-1,-1,4,E01001148,0,2
2024201474646,2024,201474646,1,9,0,-1,19,5,1,-1,0,8,0,0,0,0,1,9,-1,6,3,-1,-1,-1,-1,-1,-1,-1,-1,0,-1
2024991440866,2024,991440866,2,9,0,-1,9,8,6,-1,0,1,0,0,0,0,2,1,-1,9,2,57,9,-1,-1,-1,-1,-1,-1,0,-1
2024141482657,2024,141482657,2,9,0,-1,19,-1,-1,-1,0,0,0,0,0,0,1,9,-1,6,3,-1,-1,-1,-1,-1,-1,-1,-1,0,-1
2024351410549,2024,351410549,2,9,-1,-1,-1,-1,-1,-1,-1,0,-1,-1,-1,0,-1,9,-1,6,3,-1,-1,-1,-1,-1,-1,-1,-1,0,-1
2024471463861,2024,471463861,2,1,0,-1,19,3,7,-1,0,2,0,0,0,0,4,1,-1,6,1,23,5,-1,-1,-1,-1,7,E01034829,0,1
2024031456893,2024,031456893,1,4,0,-1,19,2,7,-1,0,0,1,0,0,0,0,1,-1,2,1,38,7,-1,-1,-1,-1,5,E01019144,0,4
2024131430788,2024,131430788,1,9,0,-1,-1,-1,-1,-1,-1,0,-1,-1,-1,-1,-1,1,-1,6,3,-1,-1,-1,-1,-1,-1,-1,-1,0,-1
2024131415948,2024,131415948,1,97,0,-1,6,3,1,-1,9,1,5,0,1,10,3,1,-1,6,1,21,5,-1,-1,-1,-1,1,E01010802,0,1
2024141405918,2024,141405918,2,98,0,-1,4,5,1,-1,0,0,0,0,0,0,1,9,-1,6,3,-1,-1,-1,-1,-1,-1,-1,-1,0,-1
2024010540579,2024,010540579,2,1,0,18,19,2,6,0,0,0,5,0,0,0,1,1,6,6,1,17,4,-1,-1,-1,-1,8,E01002949,0,1
2024430082174,2024,430082174,1,9,0,5,5,2,6,0,0,1,0,0,0,0,4,1,6,6,1,27,6,-1,-1,-1,-1,5,E01027061,0,4
2024201513000,2024,201513000,2,22,0,-1,5,4,8,-1,0,0,0,0,0,0,1,1,-1,6,1,72,10,-1,-1,-1,-1,2,E01010090,0,1
2024010493058,2024,010493058,2,19,0,99,99,9,9,99,99,6,9,99,9,99,0,9,6,6,1,-1,-1,-1,-1,-1,-1,-1,-1,0,-1
2024131514930,2024,131514930,3,19,0,-1,-1,-1,-1,-1,-1,0,-1,-1,-1,0,-1,1,-1,6,3,-1,-1,-1,-1,-1,-1,-1,-1,0,-1
2024610013024,2024,610013024,1,19,0,3,3,8,4,0,0,4,0,0,0,0,1,1,6,6,1,55,8,-1,-1,-1,-1,1,W01001687,0,1
2024430003134,2024,430003134,1,9,0,9,9,8,6,0,0,5,0,0,0,0,4,1,6,6,2,72,10,-1,-1,-1,-1,7,E01016569,0,2
2024031424199,2024,031424199,1,9,0,-1,15,8,5,-1,0,0,0,0,7,11,1,1,-1,6,1,41,7,-1,-1,-1,-1,-1,-1,0,-1
2024320464047,2024,320464047,1,9,0,-1,-1,6,2,0,0,0,0,0,0,0,1,1,6,6,1,21,5,-1,-1,-1,-1,4,E01026343,0,1
2024430551053,2024,430551053,1,1,0,18,19,5,1,0,0,0,1,0,0,0,0,1,2,2,1,25,5,-1,-1,-1,-1,10,E01028674,0,4
2024111518091,2024,111518091,1,9,0,-1,-1,-1,-1,-1,-1,0,-1,-1,-1,0,1,9,-1,6,1,78,11,-1,-1,-1,-1,10,E01034496,0,1
2024061511407,2024,061511407,1,2,0,-1,19,7,3,-1,9,0,1,0,1,0,1,1,-1,6,3,16,4,-1,-1,-1,-1,-1,-1,0,-1
2024302401501,2024,302401501,2,9,0,2,2,0,0,0,0,1,0,0,0,0,0,1,6,6,3,-1,-1,-1,-1,-1,-1,-1,-1,0,-1
2024161526607,2024,161526607,2,1,0,-1,19,2,7,-1,0,8,0,0,0,0,2,1,-1,6,1,-1,-1,-1,-1,-1,-1,7,E01013224,0,2
2024131426649,2024,131426649,2,1,0,-1,19,3,7,-1,0,8,0,0,0,0,1,1,-1,6,1,32,6,-1,-1,-1,-1,2,E01011927,0,1
2024522401618,2024,522401618,1,1,0,18,19,8,4,0,0,8,0,0,0,0,4,1,6,6,2,23,5,-1,-1,-1,-1,9,E01014509,0,1
2024031442014,2024,031442014,2,1,0,-1,19,7,3,-1,2,0,2,0,3,0,4,1,-1,9,1,14,3,-1,-1,-1,-1,4,E01019217,0,1
2024430442782,2024,430442782,2,9,0,12,12,5,1,0,0,0,0,0,0,0,0,1,6,6,1,40,7,-1,-1,-1,-1,-1,-1,0,-1
2024231409337,2024,231409337,1,9,0,-1,11,6,2,-1,0,3,0,0,0,0,3,9,-1,6,3,45,7,-1,-1,-1,-1,-1,-1,0,-1
2024010505914,2024,010505914,1,1,0,5,5,3,7,0,0,8,0,0,0,0,1,1,6,6,1,15,3,-1,-1,-1,-1,5,E01000632,0,1
2024501463294,2024,501463294,1,9,0,-1,19,3,7,-1,0,1,0,0,7,11,1,1,-1,6,1,43,7,-1,-1,-1,-1,5,E01020177,0,1
2024501455842,2024,501455842,2,9,0,-1,7,5,7,-1,0,4,0,0,0,0,1,1,-1,9,1,69,10,-1,-1,-1,-1,5,E01020060,0,3
2024451483142,2024,451483142,2,1,0,-1,19,5,1,-1,0,1,0,0,0,0,1,1,-1,6,1,17,4,-1,-1,-1,-1,-1,-1,0,-1
2024991464596,2024,991464596,1,1,0,-1,9,1,5,-1,0,1,0,0,0,0,4,1,-1,6,-1,-1,-1,-1,-1,-1,-1,-1,-1,0,-1
2024201531892,2024,201531892,1,9,0,-1,15,1,7,-1,0,1,0,0,0,0,3,1,-1,2,1,19,4,-1,-1,-1,-1,1,E01010440,0,1
2024430131289,2024,430131289,2,21,0,12,12,8,4,0,0,0,0,0,0,0,3,1,6,6,3,-1,-1,-1,-1,-1,-1,-1,-1,0,-1
2024041459533,2024,041459533,2,9,0,-1,2,0,0,-1,0,0,0,0,7,0,1,1,-1,6,-1,-1,-1,-1,-1,-1,-1,-1,-1,0,-1
2024440016938,2024,440016938,2,1,0,18,19,4,8,0,0,1,0,0,0,0,3,1,6,6,1,40,7,-1,-1,-1,-1,5,E01017158,0,1
2024010524372,2024,010524372,1,1,0,18,19,3,7,0,0,0,0,0,0,0,1,1,6,6,1,36,7,-1,-1,-1,-1,4,E01001946,0,1
2024010491636,2024,010491636,1,9,0,13,13,5,1,0,0,8,0,0,0,0,3,1,6,6,2,44,7,-1,-1,-1,-1,3,E01004271,0,1
2024010487468,2024,010487468,3,9,0,2,2,0,0,0,0,8,0,0,0,0,0,1,6,6,3,-1,-1,-1,-1,-1,-1,-1,-1,0,-1
2024552401333,2024,552401333,2,9,0,18,19,4,8,0,0,8,0,0,0,0,1,1,6,6,3,-1,-1,-1,-1,-1,-1,-1,-1,0,-1
2024440172959,2024,440172959,2,1,0,9,9,5,3,0,0,8,0,0,0,0,3,1,1,1,2,35,6,-1,-1,-1,-1,3,E01017079,0,1
2024440522521,2024,440522521,2,9,0,18,19,3,7,0,0,0,0,0,0,0,1,1,6,6,1,42,7,-1,-1,-1,-1,4,E01017058,0,1
2024421460114,2024,421460114,1,2,0,-1,19,1,5,-1,0,0,0,0,1,0,1,1,-1,6,1,23,5,-1,-1,-1,-1,2,E01015824,0,1
2024545241924,2024,545241924,1,9,0,5,5,3,1,0,0,6,0,0,0,0,3,1,6,6,1,-1,-1,-1,-1,-1,-1,-1,-1,0,-1
2024201397275,2024,201397275,2,9,0,-1,19,1,5,-1,0,8,0,0,0,0,3,1,-1,1,1,56,9,-1,-1,-1,-1,1,E01009410,0,2
2024440410374,2024,440410374,2,1,0,18,19,8,4,0,0,8,0,0,0,0,4,1,6,6,2,53,8,-1,-1,-1,-1,5,E01023079,0,2
2024440126596,2024,440126596,1,1,0,18,19,6,2,0,0,8,0,0,0,0,3,1,6,6,1,44,7,-1,-1,-1,-1,10,E01022605,0,1
2024010498051,2024,010498051,2,90,0,18,19,1,5,0,0,1,0,0,0,0,1,1,6,6,2,52,8,-1,-1,-1,-1,5,E01002010,0,2
2024991457204,2024,991457204,2,1,0,-1,19,2,6,-1,0,8,2,0,0,0,3,1,-1,9,1,63,9,-1,-1,-1,-1,9,E01020666,0,5
2024101475454,2024,101475454,2,97,0,-1,19,5,1,-1,9,0,2,0,0,0,0,1,-1,6,1,-1,-1,-1,-1,-1,-1,-1,-1,0,-1
2024430344878,2024,430344878,1,9,0,18,19,8,4,0,0,0,1,10,2,1,4,1,6,6,3,-1,-1,-1,-1,-1,-1,-1,-1,0,-1
2024221397269,2024,221397269,1,9,0,-1,7,5,7,-1,0,6,0,0,0,0,1,1,-1,6,1,23,5,-1,-1,-1,-1,7,E01035056,0,1
2024361465501,2024,361465501,1,1,0,-1,19,6,1,-1,0,0,0,0,0,0,4,1,-1,6,1,14,3,-1,-1,-1,-1,1,E01026819,0,1
2024010488668,2024,010488668,1,9,0,18,19,3,7,0,0,0,0,0,0,0,3,1,6,6,2,24,5,-1,-1,-1,-1,3,E01002543,0,2
2024430384254,2024,430384254,1,9,0,5,5,1,7,0,0,6,0,0,0,0,3,1,6,6,2,29,6,-1,-1,-1,-1,5,E01002632,0,4
2024010519547,2024,010519547,2,1,9,99,99,9,9,99,99,9,9,99,9,99,9,1,2,2,2,26,6,-1,-1,-1,-1,6,E01003958,0,1
2024411508097,2024,411508097,1,9,0,-1,19,6,2,-1,0,0,0,0,0,0,1,9,-1,6,3,-1,-1,-1,-1,-1,-1,-1,-1,0,-1
2024061482963,2024,061482963,2,9,0,-1,13,-1,-1,-1,0,0,0,99,0,0,3,1,-1,6,3,-1,-1,-1,-1,-1,-1,-1,-1,0,-1
2024061522304,2024,061522304,1,1,0,-1,14,-1,-1,-1,0,0,0,8,1,4,1,1,-1,2,1,46,8,-1,-1,-1,-1,8,E01005443,0,1
2024201514109,2024,201514109,1,9,0,-1,2,0,0,-1,2,8,0,0,0,0,1,1,-1,9,2,20,4,-1,-1,-1,-1,8,E01008949,0,1
2024302401582,2024,302401582,1,11,0,18,19,3,7,9,9,1,0,0,1,0,4,1,6,6,3,-1,-1,-1,-1,-1,-1,5,E01019456,0,4
2024052402875,2024,052402875,2,1,0,18,19,4,8,0,0,8,0,0,0,0,2,1,6,6,1,14,3,-1,-1,-1,-1,1,E01007122,0,1
2024041474967,2024,041474967,1,9,0,-1,9,5,1,-1,0,5,0,0,0,0,-1,9,-1,6,3,-1,-1,-1,-1,-1,-1,-1,-1,0,-1
2024010490512,2024,010490512,1,9,0,16,19,5,6,0,0,8,0,0,0,0,1,1,2,2,2,43,7,-1,-1,-1,-1,2,E01003488,0,1
2024141448402,2024,141448402,2,1,0,-1,19,7,3,-1,0,0,2,0,0,0,1,1,-1,6,1,40,7,-1,-1,-1,-1,1,E01007736,0,1
2024141481933,2024,141481933,2,9,0,-1,10,8,6,-1,0,1,0,0,0,0,4,1,-1,9,1,43,7,-1,-1,-1,-1,7,W01000034,0,5
2024141507696,2024,141507696,2,22,0,-1,19,3,2,-1,0,2,0,10,0,0,3,1,-1,6,1,75,10,-1,-1,-1,-1,1,E01008059,0,1
2024010491597,2024,010491597,1,9,0,18,19,1,5,0,0,8,0,0,0,0,3,1,6,6,1,27,6,-1,-1,-1,-1,9,E01033022,0,4
2024430243203,2024,430243203,2,1,0,18,19,4,8,4,4,0,0,0,0,0,3,1,6,6,1,38,7,-1,-1,-1,-1,10,E01016526,0,3
2024010548525,2024,010548525,1,1,9,99,99,9,9,99,99,9,9,99,9,99,9,1,6,6,1,27,6,-1,-1,-1,-1,4,E01033871,0,1
2024010534120,2024,010534120,1,1,9,99,99,9,9,99,99,9,9,99,9,99,9,1,6,6,1,42,7,-1,-1,-1,-1,6,E01035716,0,1
2024052401017,2024,052401017,1,90,0,18,19,5,1,0,0,8,0,0,1,2,1,1,6,6,1,29,6,-1,-1,-1,-1,1,E01007010,0,1
2024010506395,2024,010506395,1,23,0,5,5,2,6,0,0,2,0,0,0,0,2,1,2,2,1,35,6,-1,-1,-1,-1,3,E01002756,0,1
2024010515141,2024,010515141,1,9,0,18,19,7,3,0,0,0,2,0,0,0,4,1,6,6,1,27,6,-1,-1,-1,-1,5,E01016013,0,1
2024010535498,2024,010535498,1,9,0,99,99,9,9,99,99,0,9,99,9,99,1,9,6,6,3,-1,-1,-1,-1,-1,-1,-1,-1,0,-1
2024201477770,2024,201477770,2,1,0,-1,19,2,5,-1,0,8,0,0,0,0,3,1,-1,1,1,37,7,-1,-1,-1,-1,3,E01009864,0,1
2024010494541,2024,010494541,1,23,0,13,13,3,7,0,0,1,0,0,0,0,3,1,6,6,1,53,8,-1,-1,-1,-1,9,E01003797,0,2
2024371448339,2024,371448339,1,1,0,-1,19,8,4,-1,0,1,2,0,0,0,1,1,-1,6,1,36,7,-1,-1,-1,-1,9,E01030190,0,1
2024010508206,2024,010508206,1,1,9,99,99,9,9,99,99,9,9,99,9,99,9,1,6,6,3,-1,-1,-1,-1,-1,-1,-1,-1,0,-1
2024522402641,2024,522402641,1,19,0,18,19,2,6,9,9,0,0,0,1,0,4,1,6,6,1,-1,-1,-1,-1,-1,-1,-1,-1,0,-1
2024520002513,2024,520002513,1,1,0,18,19,5,1,0,0,8,0,0,0,0,4,1,6,6,2,42,7,-1,-1,-1,-1,7,E01014472,0,1
2024421407659,2024,421407659,2,1,-1,-1,19,-1,-1,-1,0,0,0,0,0,0,2,1,-1,6,1,14,3,-1,-1,-1,-1,4,E01021427,0,1
2024010547904,2024,010547904,1,1,9,99,99,9,9,99,99,9,9,99,9,99,1,1,2,2,1,30,6,-1,-1,-1,-1,6,E01000926,0,1
2024991423759,2024,991423759,2,1,0,-1,19,5,2,-1,0,1,0,0,0,0,3,1,-1,6,1,33,6,-1,-1,-1,-1,-1,-1,0,-1
2024010514388,2024,010514388,2,1,9,99,99,9,9,99,99,0,9,99,9,99,1,1,6,6,1,37,7,-1,-1,-1,-1,3,E01000930,0,1
2024451417875,2024,451417875,1,1,0,-1,19,7,3,-1,0,0,0,0,0,0,4,1,-1,9,1,51,8,-1,-1,-1,-1,6,E01003281,0,3
2024421394461,2024,421394461,2,9,0,-1,19,7,7,-1,0,0,0,0,0,0,1,1,-1,1,1,40,7,-1,-1,-1,-1,4,E01029960,0,4
2024421420194,2024,421420194,1,19,0,-1,19,2,7,-1,0,0,0,0,0,0,4,9,-1,8,1,45,7,-1,-1,-1,-1,-1,-1,0,-1
2024010496713,2024,010496713,2,9,0,99,99,9,9,99,99,9,9,99,9,99,9,9,6,6,2,39,7,-1,-1,-1,-1,5,E01001404,0,1
2024421422423,2024,421422423,1,1,0,-1,12,5,1,-1,0,0,0,0,2,0,2,1,-1,6,1,-1,-1,-1,-1,-1,-1,-1,-1,0,-1
2024101451330,2024,101451330,1,9,0,-1,5,8,4,-1,0,8,0,0,0,0,4,1,-1,6,2,30,6,-1,-1,-1,-1,-1,-1,0,-1
2024061488970,2024,061488970,2,19,0,-1,-1,6,1,-1,0,0,0,0,0,0,2,1,-1,6,2,46,8,-1,-1,-1,-1,10,E01005925,0,2
2024461511229,2024,461511229,2,1,0,-1,19,7,3,-1,0,0,0,0,0,0,4,1,-1,9,1,47,8,-1,-1,-1,-1,9,E01024253,0,4
2024010495880,2024,010495880,3,9,0,18,19,3,7,0,0,1,0,0,0,0,1,1,6,6,2,30,6,-1,-1,-1,-1,-1,-1,0,-1
2024010535760,2024,010535760,1,19,0,13,13,7,3,2,2,0,0,0,7,0,3,1,6,6,3,-1,-1,-1,-1,-1,-1,-1,-1,0,-1
2024440167918,2024,440167918,1,9,0,18,19,8,4,0,0,0,0,0,0,0,1,1,6,6,2,-1,-1,-1,-1,-1,-1,-1,-1,0,-1
2024010523183,2024,010523183,2,1,0,18,19,7,3,0,0,1,0,0,0,0,3,1,6,6,1,36,7,-1,-1,-1,-1,3,E01000367,0,1
2024101532199,2024,101532199,1,1,0,-1,19,8,4,-1,0,6,0,0,0,0,1,1,-1,6,1,71,10,-1,-1,-1,-1,-1,-1,0,-1
2024991514044,2024,991514044,2,9,0,-1,19,7,3,-1,0,0,0,0,0,0,1,1,-1,6,2,51,8,-1,-1,-1,-1,6,-1,0,4
2024010528430,2024,010528430,2,9,9,99,99,9,9,99,99,9,9,99,9,99,9,9,6,6,3,-1,-1,-1,-1,-1,-1,-1,-1,0,-1
2024010533749,2024,010533749,1,90,0,99,99,9,9,99,99,9,9,99,9,99,1,9,6,6,3,-1,-1,-1,-1,-1,-1,-1,-1,0,-1
2024411480488,2024,411480488,1,9,0,-1,5,3,7,-1,0,8,0,0,0,0,1,9,-1,6,1,80,11,-1,-1,-1,-1,10,E01023743,0,3
2024211411375,2024,211411375,1,19,0,-1,19,5,1,-1,0,1,0,0,0,0,3,9,-1,6,1,42,7,-1,-1,-1,-1,1,E01014255,0,1
2024061502481,2024,061502481,2,1,0,-1,10,7,3,-1,0,0,0,0,0,0,3,1,-1,2,1,31,6,-1,-1,-1,-1,-1,-1,0,-1
2024101425418,2024,101425418,2,9,0,-1,3,3,7,-1,0,0,0,0,0,0,1,1,-1,6,2,60,9,-1,-1,-1,-1,2,E01008584,0,1
2024501502388,2024,501502388,1,9,0,-1,19,3,7,-1,0,0,0,0,0,0,4,9,-1,6,3,-1,-1,-1,-1,-1,-1,-1,-1,0,-1
2024211511635,2024,211511635,1,99,0,-1,19,7,3,-1,0,0,0,0,0,0,4,1,-1,6,3,20,4,-1,-1,-1,-1,-1,-1,0,-1
2024991462399,2024,991462399,2,9,0,-1,19,3,7,-1,0,1,0,0,0,0,1,1,-1,9,2,38,7,-1,-1,-1,-1,7,-1,0,1
2024201432404,2024,201432404,3,9,0,-1,14,5,4,-1,0,1,0,0,0,0,4,9,-1,6,-1,-1,-1,-1,-1,-1,-1,-1,-1,0,-1
2024440541090,2024,440541090,2,9,0,18,19,5,1,0,0,1,0,0,0,0,1,1,6,6,2,85,11,-1,-1,-1,-1,4,E01022576,0,2
2024061462830,2024,061462830,2,9,0,-1,19,3,8,-1,0,1,0,0,0,0,3,1,-1,6,1,66,10,-1,-1,-1,-1,3,E01005363,0,1
2024010514793,2024,010514793,2,97,0,4,4,7,3,99,99,0,0,0,0,0,1,1,1,1,1,-1,-1,-1,-1,-1,-1,-1,-1,0,-1
2024371414311,2024,371414311,2,9,0,-1,19,1,5,-1,0,0,0,0,0,0,3,1,-1,2,1,45,7,-1,-1,-1,-1,9,E01034559,0,2
2024010528824,2024,010528824,1,19,0,99,99,9,9,99,99,9,9,99,9,99,9,9,6,6,3,-1,-1,-1,-1,-1,-1,-1,-1,0,-1
2024010536551,2024,010536551,2,2,0,99,99,9,9,99,99,0,9,99,9,99,9,1,6,6,3,-1,-1,-1,-1,-1,-1,-1,-1,0,-1
202460Q116579,2024,60Q116579,4,22,0,2,2,0,0,0,0,2,0,0,0,0,4,1,6,6,2,71,10,-1,-1,-1,-1,-1,-1,0,-1
2024010534346,2024,010534346,1,1,9,99,99,9,9,99,99,9,9,99,9,99,1,1,2,2,1,27,6,-1,-1,-1,-1,2,E01002720,0,1
2024520403017,2024,520403017,1,90,2,18,19,6,2,0,0,0,0,0,0,0,0,1,6,6,1,36,7,-1,-1,-1,-1,5,E01029101,0,4
2024991464808,2024,991464808,1,9,0,-1,19,5,1,-1,0,0,0,0,0,0,1,1,-1,6,1,59,9,-1,-1,-1,-1,1,-1,0,4
2024131449952,2024,131449952,2,1,0,-1,19,3,7,-1,0,1,0,0,0,0,3,1,-1,1,1,25,5,-1,-1,-1,-1,1,E01011358,0,1
2024440065147,2024,440065147,2,1,0,18,19,1,4,0,0,8,0,0,0,0,4,1,2,2,2,38,7,-1,-1,-1,-1,10,E01032880,0,2
2024471441848,2024,471441848,3,9,0,-1,4,6,2,-1,0,0,0,0,0,0,0,1,-1,6,3,-1,-1,-1,-1,-1,-1,-1,-1,0,-1
2024010495669,2024,010495669,1,9,9,99,99,9,9,0,0,0,9,99,9,99,9,9,6,6,1,29,6,-1,-1,-1,-1,4,E01002267,0,1
2024010501577,2024,010501577,1,1,9,99,99,9,9,99,99,0,9,8,9,99,1,1,3,7,2,43,7,-1,-1,-1,-1,3,E01003572,0,1
2024061498850,2024,061498850,1,9,0,-1,19,5,1,-1,0,1,0,0,0,0,1,9,-1,6,3,-1,-1,-1,-1,-1,-1,-1,-1,0,-1
2024471514298,2024,471514298,1,9,0,-1,7,7,5,-1,0,5,0,0,0,0,1,9,-1,6,3,-1,-1,-1,-1,-1,-1,-1,-1,0,-1
2024010524593,2024,010524593,1,1,9,99,99,9,9,99,99,9,9,99,9,99,9,1,1,1,1,41,7,-1,-1,-1,-1,4,E01004425,0,1
2024061501747,2024,061501747,1,1,0,-1,19,1,1,-1,99,0,9,99,0,0,4,1,-1,2,1,21,5,-1,-1,-1,-1,8,E01006090,0,2
2024010494035,2024,010494035,1,9,0,99,99,9,9,99,99,9,9,99,9,99,9,9,6,6,1,22,5,-1,-1,-1,-1,6,E01004361,0,1
2024041503584,2024,041503584,2,1,0,-1,19,5,3,-1,0,8,0,0,0,0,4,1,-1,6,1,60,9,-1,-1,-1,-1,8,E01012652,0,2
2024302401559,2024,302401559,1,9,0,9,9,5,2,0,0,8,0,0,0,0,4,1,6,6,3,-1,-1,-1,-1,-1,-1,5,E01019456,0,3
2024461495564,2024,461495564,2,1,0,-1,2,0,0,-1,0,1,0,0,0,0,0,1,-1,6,1,12,3,-1,-1,-1,-1,9,E01024394,0,3
2024622400193,2024,622400193,1,9,0,18,19,2,6,0,0,0,0,0,8,3,1,1,2,2,2,35,6,-1,-1,-1,-1,10,W01000904,0,3
2024302401775,2024,302401775,1,9,0,-1,19,4,8,-1,0,8,0,0,0,0,1,1,-1,6,3,-1,-1,-1,-1,-1,-1,5,E01019456,0,4
2024010500840,2024,010500840,1,1,9,99,99,9,9,99,99,9,9,99,9,99,1,1,2,2,1,16,4,-1,-1,-1,-1,2,E01002720,0,1
2024471419061,2024,471419061,2,9,0,-1,4,4,3,-1,0,1,0,0,0,0,1,1,-1,6,3,-1,-1,-1,-1,-1,-1,-1,-1,0,-1
2024522401414,2024,522401414,2,9,0,13,13,5,1,0,0,0,0,0,0,0,4,1,6,6,3,-1,-1,-1,-1,-1,-1,-1,-1,0,-1
2024122401159,2024,122401159,1,22,0,14,14,1,7,0,0,2,0,4,0,0,4,1,6,6,1,62,9,-1,-1,-1,-1,3,E01027906,0,1
2024430245378,2024,430245378,1,1,0,18,19,1,5,9,9,1,0,0,0,0,1,1,6,6,1,13,3,-1,-1,-1,-1,-1,-1,0,-1
2024010546559,2024,010546559,1,97,9,99,99,9,9,99,99,0,9,99,9,99,9,1,6,6,3,-1,-1,-1,-1,-1,-1,-1,-1,0,-1
2024311523430,2024,311523430,1,9,0,-1,19,2,6,-1,0,0,1,0,7,0,1,1,-1,6,1,20,4,-1,-1,-1,-1,-1,-1,0,-1