collision_index,collision_year,collision_ref_no,vehicle_reference,vehicle_type,towing_and_articulation,vehicle_manoeuvre_historic,vehicle_manoeuvre,vehicle_direction_from,vehicle_direction_to,vehicle_location_restricted_lane_historic,vehicle_location_restricted_lane,junction_location,skidding_and_overturning,hit_object_in_carriageway,vehicle_leaving_carriageway,hit_object_off_carriageway,first_point_of_impact,vehicle_left_hand_drive,journey_purpose_of_driver_historic,journey_purpose_of_driver,sex_of_driver,age_of_driver,age_band_of_driver,engine_capacity_cc,propulsion_code,age_of_vehicle,generic_make_model,driver_imd_decile,lsoa_of_driver,escooter_flag,driver_distance_banding
2024010492709,2024,010492709,1,11,0,4,4,5,1,0,0,1,0,0,0,0,0,1,6,6,1,57,9,-1,-1,-1,-1,2,E01024305,0,4
202417M100624,2024,17M100624,1,9,0,1,1,7,4,0,0,6,0,0,0,0,0,1,6,6,3,-1,-1,-1,-1,-1,-1,-1,-1,0,-1
2024010487095,2024,010487095,2,19,0,9,9,6,4,0,0,1,0,0,0,0,3,1,1,1,1,31,6,-1,-1,-1,-1,7,E01016162,0,4
2024061504128,2024,061504128,2,1,0,-1,19,5,1,-1,0,8,0,0,0,0,1,1,-1,2,1,61,9,-1,-1,-1,-1,5,E01005743,0,1
2024052402139,2024,052402139,1,9,0,18,19,3,7,0,0,4,0,0,0,0,1,1,6,6,3,-1,-1,-1,-1,-1,-1,-1,-1,0,-1
2024430024041,2024,430024041,2,9,0,16,19,3,6,0,0,0,0,0,0,0,1,1,6,6,1,54,8,-1,-1,-1,-1,7,E01016328,0,3
2024461465637,2024,461465637,1,9,0,-1,8,3,5,-1,0,8,0,0,0,0,1,9,-1,6,2,-1,-1,-1,-1,-1,-1,-1,-1,0,-1
2024010528371,2024,010528371,1,1,9,18,19,9,9,99,99,0,9,99,9,99,9,1,2,2,2,25,5,-1,-1,-1,-1,4,E01000608,0,1
2024201421478,2024,201421478,1,9,0,-1,19,8,4,-1,0,0,1,10,1,11,1,1,-1,6,1,23,5,-1,-1,-1,-1,3,E01009775,0,2
2024631461845,2024,631461845,1,9,0,-1,19,8,4,-1,0,0,0,0,0,0,1,1,-1,2,1,66,10,-1,-1,-1,-1,8,W01002038,0,4
2024141474937,2024,141474937,1,9,0,-1,19,4,8,-1,0,1,0,0,0,0,1,1,-1,9,1,58,9,-1,-1,-1,-1,2,E01007323,0,1
2024481569571,2024,481569571,1,8,0,-1,9,7,5,-1,0,8,0,0,0,0,1,1,-1,1,3,50,8,-1,-1,-1,-1,-1,-1,0,-1
2024122400320,2024,122400320,1,9,0,18,19,5,1,0,0,0,0,0,0,0,1,1,6,6,1,37,7,-1,-1,-1,-1,10,E01027721,0,2
2024010492981,2024,010492981,1,9,0,18,19,5,1,0,0,8,0,0,0,0,4,1,1,1,1,44,7,-1,-1,-1,-1,1,E01000521,0,2
2024631489247,2024,631489247,2,5,0,-1,19,3,7,-1,0,0,1,0,1,9,1,1,-1,9,2,66,10,-1,-1,-1,-1,5,W01000550,0,3
2024501414788,2024,501414788,1,9,0,-1,3,8,4,-1,0,0,0,0,0,0,1,1,-1,6,1,65,9,-1,-1,-1,-1,4,E01020087,0,3
2024010523186,2024,010523186,2,1,0,18,19,7,3,0,0,1,0,0,0,0,1,1,6,6,1,17,4,-1,-1,-1,-1,7,E01034153,0,1
2024430292165,2024,430292165,1,1,0,18,19,4,8,0,0,1,0,0,0,0,3,1,4,7,1,18,4,-1,-1,-1,-1,10,E01017806,0,2
2024052401038,2024,052401038,1,1,0,15,15,4,8,0,0,8,0,0,0,0,3,1,6,6,1,27,6,-1,-1,-1,-1,1,E01006735,0,1
2024010543904,2024,010543904,2,9,9,99,99,9,9,99,99,0,9,99,9,99,9,9,6,6,3,-1,-1,-1,-1,-1,-1,-1,-1,0,-1
2024501410450,2024,501410450,1,23,0,-1,19,1,4,-1,0,2,1,4,0,0,3,1,-1,9,1,25,5,-1,-1,-1,-1,2,E01015239,0,1
2024461422314,2024,461422314,1,9,0,-1,19,3,7,-1,0,0,0,0,0,0,-1,9,-1,6,3,-1,-1,-1,-1,-1,-1,-1,-1,0,-1
2024401516316,2024,401516316,2,9,0,-1,3,-1,-1,-1,0,0,0,0,0,0,2,9,-1,9,2,46,8,-1,-1,-1,-1,5,E01023369,0,3
2024010533235,2024,010533235,2,1,0,9,9,5,3,0,0,8,0,0,0,0,3,1,2,2,1,52,8,-1,-1,-1,-1,1,E01001776,0,1
2024161453902,2024,161453902,2,1,0,-1,19,4,8,-1,5,1,0,0,0,0,1,1,-1,6,1,40,7,-1,-1,-1,-1,2,E01012763,0,1
2024010488950,2024,010488950,1,4,0,99,99,9,9,99,99,9,9,99,9,99,1,1,6,6,1,35,6,-1,-1,-1,-1,8,E01000784,0,2
2024320030065,2024,320030065,3,19,0,-1,-1,8,4,0,0,0,0,0,0,0,1,1,1,1,1,39,7,-1,-1,-1,-1,1,E01013651,0,4
2024201464388,2024,201464388,1,11,0,-1,19,3,1,-1,0,8,0,0,0,0,1,1,-1,1,1,60,9,-1,-1,-1,-1,-1,-1,0,-1
2024501493563,2024,501493563,1,9,0,-1,4,7,3,-1,0,0,0,0,0,0,2,1,-1,9,1,77,11,-1,-1,-1,-1,4,E01018965,0,4
2024070030036,2024,070030036,1,9,0,18,19,3,7,0,0,0,0,0,7,4,1,1,2,2,1,64,9,-1,-1,-1,-1,7,E01018432,0,2
2024451448065,2024,451448065,1,1,9,-1,2,3,1,-1,0,0,0,0,1,0,1,1,-1,9,1,44,7,-1,-1,-1,-1,9,E01002994,0,2
2024221423071,2024,221423071,1,9,0,-1,9,7,3,-1,0,6,0,0,0,0,1,9,-1,6,1,45,7,-1,-1,-1,-1,-1,-1,0,-1
2024010499308,2024,010499308,2,9,0,99,99,9,9,99,99,9,9,99,9,99,9,9,6,6,3,-1,-1,-1,-1,-1,-1,-1,-1,0,-1
2024201550617,2024,201550617,2,98,0,-1,5,1,4,-1,0,0,0,0,0,0,3,9,-1,1,1,24,5,-1,-1,-1,-1,7,E01009976,0,2
2024311413315,2024,311413315,2,9,0,-1,19,8,5,-1,0,1,0,0,0,0,4,9,-1,6,3,30,6,-1,-1,-1,-1,-1,-1,0,-1
2024010494832,2024,010494832,3,9,0,4,4,3,7,0,0,1,0,0,0,0,2,1,6,6,1,62,9,-1,-1,-1,-1,8,E01021444,0,3
2024010530922,2024,010530922,1,9,0,18,19,4,8,0,0,0,0,0,0,0,1,1,6,6,3,-1,-1,-1,-1,-1,-1,-1,-1,0,-1
2024471413308,2024,471413308,5,9,0,-1,19,2,7,-1,0,0,0,0,0,0,1,1,-1,9,2,-1,-1,-1,-1,-1,-1,10,E01031644,0,2
2024141476758,2024,141476758,2,9,0,-1,19,5,1,-1,0,1,0,0,0,0,1,9,-1,6,3,-1,-1,-1,-1,-1,-1,-1,-1,0,-1
2024010499805,2024,010499805,2,1,0,9,9,6,3,0,0,4,0,0,0,0,2,1,2,2,1,64,9,-1,-1,-1,-1,7,E01003836,0,1
2024991495916,2024,991495916,1,9,0,-1,19,3,7,-1,2,0,0,0,0,0,1,1,-1,6,1,28,6,-1,-1,-1,-1,2,-1,0,1
2024522500229,2024,522500229,1,1,0,5,5,1,5,0,0,4,0,0,0,0,1,1,6,6,2,43,7,-1,-1,-1,-1,4,E01014570,0,1
2024451471304,2024,451471304,2,9,0,-1,11,5,1,-1,99,0,5,99,7,0,1,1,-1,6,3,40,7,-1,-1,-1,-1,-1,-1,0,-1
2024010495847,2024,010495847,1,1,9,99,99,9,9,99,99,9,9,99,9,99,9,1,2,2,1,27,6,-1,-1,-1,-1,4,E01003249,0,1
2024471420820,2024,471420820,1,1,0,-1,15,7,3,-1,4,0,0,11,0,0,1,1,-1,9,1,48,8,-1,-1,-1,-1,7,E01016853,0,1
2024010497979,2024,010497979,1,1,9,99,99,9,9,99,99,1,9,99,9,99,9,1,2,2,1,40,7,-1,-1,-1,-1,2,E01003921,0,1
2024451402681,2024,451402681,2,90,0,-1,4,1,5,-1,0,0,0,0,0,0,1,2,-1,1,1,67,10,-1,-1,-1,-1,-1,-1,0,-1
2024421466191,2024,421466191,1,9,0,-1,14,1,5,-1,0,0,0,0,0,0,0,9,-1,6,3,-1,-1,-1,-1,-1,-1,-1,-1,0,-1
2024010523487,2024,010523487,2,1,9,99,99,9,9,99,99,9,9,99,9,99,9,1,2,2,2,34,6,-1,-1,-1,-1,2,E01003051,0,1
2024010543157,2024,010543157,2,19,9,99,99,9,9,99,99,9,9,99,9,99,9,9,6,6,3,-1,-1,-1,-1,-1,-1,-1,-1,0,-1
2024101535370,2024,101535370,1,9,-1,-1,-1,6,2,-1,0,1,0,0,-1,0,-1,9,-1,6,3,-1,-1,-1,-1,-1,-1,-1,-1,0,-1
2024010495827,2024,010495827,2,9,0,18,19,7,3,0,0,1,0,0,1,0,1,1,6,6,3,-1,-1,-1,-1,-1,-1,-1,-1,0,-1
2024302401133,2024,302401133,1,9,0,18,19,6,2,0,0,4,0,0,0,0,1,1,6,6,2,35,6,-1,-1,-1,-1,4,E01019560,0,1
2024211483977,2024,211483977,1,9,0,-1,19,1,5,-1,0,0,0,0,0,0,2,1,-1,6,-1,20,4,-1,-1,-1,-1,-1,-1,0,-1
2024201528219,2024,201528219,1,22,0,-1,1,1,5,-1,9,0,0,0,0,0,2,1,-1,6,1,75,10,-1,-1,-1,-1,-1,-1,0,-1
2024320188332,2024,320188332,2,1,0,-1,-1,2,6,0,0,8,0,0,0,0,1,1,6,6,1,48,8,-1,-1,-1,-1,9,E01034698,0,1
2024031481073,2024,031481073,1,1,0,-1,12,4,6,-1,0,0,0,0,7,0,3,1,-1,9,1,15,3,-1,-1,-1,-1,6,E01019130,0,2
2024010489308,2024,010489308,2,9,0,99,99,9,9,99,99,9,9,99,9,99,1,9,6,6,2,58,9,-1,-1,-1,-1,7,E01000288,0,1
2024010505492,2024,010505492,2,1,0,18,19,5,1,0,0,8,0,0,0,0,1,1,2,2,2,52,8,-1,-1,-1,-1,6,E01002563,0,1
2024401518123,2024,401518123,1,9,0,-1,-1,-1,-1,-1,-1,0,-1,-1,-1,0,0,1,-1,6,3,-1,-1,-1,-1,-1,-1,-1,-1,0,-1
2024052401365,2024,052401365,1,9,0,18,19,1,5,0,0,0,0,0,0,0,1,1,6,6,3,-1,-1,-1,-1,-1,-1,-1,-1,0,-1
2024231506928,2024,231506928,2,9,0,-1,19,4,8,-1,0,0,0,0,0,0,1,1,-1,6,2,36,7,-1,-1,-1,-1,10,E01031179,0,2
2024311444266,2024,311444266,2,1,0,-1,19,7,3,-1,0,0,5,0,1,0,0,1,-1,6,1,56,9,-1,-1,-1,-1,1,E01013818,0,1
2024131513634,2024,131513634,1,9,0,-1,-1,-1,-1,-1,-1,-1,-1,-1,-1,-1,-1,1,-1,6,3,30,6,-1,-1,-1,-1,-1,-1,0,-1
2024361525278,2024,361525278,2,97,0,-1,99,-1,-1,-1,99,8,9,99,9,99,0,1,-1,6,1,-1,-1,-1,-1,-1,-1,-1,-1,0,-1
2024311498943,2024,311498943,1,19,0,-1,20,5,1,-1,0,0,0,0,0,0,1,1,-1,6,3,40,7,-1,-1,-1,-1,-1,-1,0,-1
2024010497743,2024,010497743,2,1,0,18,19,7,3,0,0,0,0,0,0,0,3,1,6,6,1,14,3,-1,-1,-1,-1,2,E01001660,0,1
2024311516531,2024,311516531,2,1,0,-1,19,2,4,-1,0,8,0,0,0,0,4,1,-1,6,1,13,3,-1,-1,-1,-1,1,E01013849,0,1
2024010528701,2024,010528701,1,1,0,18,19,1,5,1,1,0,0,0,0,0,0,1,6,6,1,26,6,-1,-1,-1,-1,2,E01000781,0,2
2024010492000,2024,010492000,2,10,0,99,99,9,9,99,99,9,9,99,9,99,9,9,6,6,1,34,6,-1,-1,-1,-1,7,E01000147,0,1
2024131451670,2024,131451670,2,1,0,-1,19,4,8,-1,0,1,0,0,0,0,3,1,-1,6,3,-1,-1,-1,-1,-1,-1,-1,-1,0,-1
2024552401437,2024,552401437,2,1,0,18,19,6,2,0,0,0,0,0,0,0,3,1,6,6,1,17,4,-1,-1,-1,-1,4,E01020578,0,1
2024430331477,2024,430331477,2,9,0,4,4,2,6,0,0,1,0,0,0,0,2,1,2,2,2,31,6,-1,-1,-1,-1,10,E01035428,0,3
2024010510455,2024,010510455,1,9,0,9,9,5,3,0,0,1,0,0,0,0,1,1,1,1,1,50,8,-1,-1,-1,-1,4,E01004182,0,2
2024471432231,2024,471432231,2,1,0,-1,19,7,3,-1,0,0,0,0,0,0,2,1,-1,6,1,75,10,-1,-1,-1,-1,6,E01021104,0,1
2024991414348,2024,991414348,1,1,0,-1,19,1,5,-1,0,1,5,0,1,0,3,1,-1,2,1,17,4,-1,-1,-1,-1,4,-1,0,1
2024201530080,2024,201530080,2,9,0,-1,5,1,1,-1,0,0,0,0,0,0,1,9,-1,6,3,18,4,-1,-1,-1,-1,-1,-1,0,-1
2024471439226,2024,471439226,1,1,0,-1,19,2,6,-1,9,1,0,0,0,0,1,1,-1,9,1,18,4,-1,-1,-1,-1,1,E01020983,0,1
2024221467746,2024,221467746,2,1,0,-1,19,6,2,-1,4,8,0,0,0,0,1,1,-1,6,1,15,3,-1,-1,-1,-1,3,E01014010,0,1
2024010509326,2024,010509326,1,1,0,18,19,3,7,0,0,5,0,0,0,0,1,1,6,6,1,25,5,-1,-1,-1,-1,3,E01003942,0,1
2024430145746,2024,430145746,2,9,0,18,19,1,5,0,0,8,0,0,0,0,1,1,6,6,1,18,4,-1,-1,-1,-1,3,E01017906,0,1
2024101444406,2024,101444406,1,9,0,-1,19,5,1,-1,0,0,0,0,0,0,1,9,-1,6,1,-1,-1,-1,-1,-1,-1,-1,-1,0,-1
2024451524034,2024,451524034,2,9,-1,-1,-1,-1,-1,-1,-1,0,-1,-1,-1,0,-1,9,-1,6,1,50,8,-1,-1,-1,-1,-1,-1,0,-1
2024231531709,2024,231531709,3,9,0,-1,4,1,5,-1,0,0,0,0,0,0,2,1,-1,6,1,24,5,-1,-1,-1,-1,7,E01009870,0,4
2024052400507,2024,052400507,1,1,0,9,9,6,4,0,0,1,0,0,0,0,1,1,6,6,3,-1,-1,-1,-1,-1,-1,-1,-1,0,-1
2024361465485,2024,361465485,1,9,0,-1,19,2,6,-1,0,0,0,0,0,0,1,1,-1,6,1,33,6,-1,-1,-1,-1,8,E01026480,0,2
2024622400136,2024,622400136,2,8,0,4,4,8,4,0,0,0,0,0,0,0,2,1,1,1,2,27,6,-1,-1,-1,-1,6,W01001369,0,3
2024010526812,2024,010526812,3,9,0,2,2,0,0,0,0,0,0,0,0,0,1,1,6,6,3,-1,-1,-1,-1,-1,-1,-1,-1,0,-1
2024440178866,2024,440178866,2,1,0,18,19,6,2,0,0,0,0,0,0,0,3,1,4,7,1,11,3,-1,-1,-1,-1,10,E01022776,0,1
2024221411530,2024,221411530,2,9,0,-1,7,6,8,-1,0,6,0,0,0,0,1,9,-1,1,2,77,11,-1,-1,-1,-1,5,E01028943,0,1
2024201460272,2024,201460272,1,1,0,-1,19,1,5,-1,0,0,0,0,0,0,1,1,-1,6,3,20,4,-1,-1,-1,-1,-1,-1,0,-1
2024010505202,2024,010505202,2,9,0,2,2,0,0,0,0,2,0,0,0,0,2,1,6,6,3,-1,-1,-1,-1,-1,-1,-1,-1,0,-1
2024010495000,2024,010495000,1,3,0,99,99,9,9,99,99,9,9,99,9,99,9,1,6,6,1,22,5,-1,-1,-1,-1,-1,-1,0,-1
2024010523240,2024,010523240,1,1,9,99,99,9,9,99,99,9,9,99,9,99,0,1,2,2,1,35,6,-1,-1,-1,-1,5,E01001164,0,3
2024332400108,2024,332400108,1,9,0,-1,6,4,4,-1,0,0,0,0,0,0,1,1,-1,6,1,-1,-1,-1,-1,-1,-1,-1,-1,0,-1
2024010542225,2024,010542225,2,19,9,18,19,4,8,0,0,9,9,99,9,99,1,1,6,6,1,-1,-1,-1,-1,-1,-1,-1,-1,0,-1
2024131514740,2024,131514740,2,9,0,-1,19,5,5,-1,0,8,0,0,0,0,2,1,-1,2,1,27,6,-1,-1,-1,-1,6,E01010911,0,2
2024010489695,2024,010489695,1,9,0,99,99,9,9,99,99,9,9,99,9,99,2,9,2,2,2,32,6,-1,-1,-1,-1,3,E01002548,0,2
202460Q040852,2024,60Q040852,2,9,0,18,19,5,1,0,0,1,0,0,1,10,3,1,6,6,2,49,8,-1,-1,-1,-1,-1,-1,0,-1
2024411486773,2024,411486773,1,9,0,-1,5,1,7,-1,0,2,0,0,0,0,4,1,-1,6,1,42,7,-1,-1,-1,-1,6,E01023807,0,1
2024010491454,2024,010491454,2,10,0,99,99,9,9,99,99,9,9,99,9,99,9,9,6,6,3,-1,-1,-1,-1,-1,-1,-1,-1,0,-1
2024451459896,2024,451459896,1,1,0,-1,19,1,3,-1,9,0,5,0,1,2,4,1,-1,9,1,42,7,-1,-1,-1,-1,8,E01030703,0,1
2024531471380,2024,531471380,1,1,0,-1,9,2,8,-1,0,2,2,0,0,0,0,1,-1,9,1,62,9,-1,-1,-1,-1,9,E01022140,0,1
2024131525044,2024,131525044,1,9,0,-1,-1,-1,-1,-1,-1,0,-1,-1,-1,-1,-1,1,-1,6,3,-1,-1,-1,-1,-1,-1,-1,-1,0,-1
2024421481362,2024,421481362,1,1,0,-1,19,2,5,-1,0,1,0,0,0,0,1,1,-1,6,2,46,8,-1,-1,-1,-1,9,E01021352,0,1
2024461505041,2024,461505041,1,21,1,-1,19,3,7,-1,0,8,0,0,0,0,1,2,-1,1,1,66,10,-1,-1,-1,-1,-1,-1,0,-1
2024231418676,2024,231418676,2,9,0,-1,19,6,2,-1,0,0,0,0,0,0,4,1,-1,9,1,36,7,-1,-1,-1,-1,4,E01031045,0,1
2024991436915,2024,991436915,2,9,0,-1,19,3,7,-1,0,1,5,0,1,11,1,1,-1,9,1,27,6,-1,-1,-1,-1,-1,-1,0,-1
2024010501685,2024,010501685,2,1,0,18,19,3,7,0,0,1,0,0,0,0,1,1,6,6,1,21,5,-1,-1,-1,-1,3,E01002765,0,1
2024471479386,2024,471479386,1,1,0,-1,19,1,6,-1,0,0,1,0,1,9,1,1,-1,9,1,28,6,-1,-1,-1,-1,8,E01035013,0,2
2024061518244,2024,061518244,1,99,0,-1,9,1,8,-1,0,1,0,0,0,0,3,9,-1,6,3,-1,-1,-1,-1,-1,-1,-1,-1,0,-1
2024061421888,2024,061421888,1,98,-1,-1,-1,-1,-1,-1,0,0,0,0,0,0,-1,9,-1,6,3,-1,-1,-1,-1,-1,-1,-1,-1,0,-1
2024010545300,2024,010545300,1,1,0,5,5,7,3,0,0,8,0,0,0,0,1,1,6,6,1,17,4,-1,-1,-1,-1,8,E01004724,0,1
2024131441830,2024,131441830,1,9,0,-1,-1,-1,-1,-1,-1,-1,-1,-1,-1,-1,-1,1,-1,6,3,-1,-1,-1,-1,-1,-1,-1,-1,0,-1
2024010502376,2024,010502376,1,9,0,99,99,9,9,99,99,9,9,99,9,99,1,9,6,6,1,-1,-1,-1,-1,-1,-1,-1,-1,0,-1
2024010525081,2024,010525081,2,-1,0,18,19,3,7,0,0,8,0,0,1,0,1,1,6,6,1,33,6,-1,-1,-1,-1,2,E01004721,1,1
2024010519109,2024,010519109,2,9,0,99,99,9,9,99,99,6,9,99,9,99,9,9,6,6,3,-1,-1,-1,-1,-1,-1,-1,-1,0,-1
2024430042796,2024,430042796,2,9,0,18,19,3,7,0,0,8,0,0,0,0,3,1,6,6,1,89,11,-1,-1,-1,-1,3,E01016555,0,3
2024010503891,2024,010503891,2,9,0,99,99,9,9,99,99,0,9,99,9,99,1,9,6,6,3,-1,-1,-1,-1,-1,-1,-1,-1,0,-1
2024201521489,2024,201521489,1,9,0,-1,19,1,5,-1,0,1,0,0,0,0,1,9,-1,9,-1,-1,-1,-1,-1,-1,-1,-1,-1,0,-1
2024161462345,2024,161462345,2,9,0,-1,19,-1,-1,-1,0,0,0,0,0,0,4,1,-1,6,3,-1,-1,-1,-1,-1,-1,-1,-1,0,-1
2024141466550,2024,141466550,2,1,0,-1,19,1,5,-1,0,1,0,0,0,0,1,1,-1,6,1,55,8,-1,-1,-1,-1,7,E01007671,0,1
2024010528345,2024,010528345,1,1,0,18,19,5,1,0,0,8,0,0,0,0,2,1,6,6,1,42,7,-1,-1,-1,-1,9,E01003859,0,1
2024411404226,2024,411404226,2,9,0,-1,2,0,0,-1,0,0,0,0,0,0,1,9,-1,1,-1,-1,-1,-1,-1,-1,-1,-1,-1,0,-1
2024010534896,2024,010534896,1,1,9,99,99,9,9,99,99,9,9,99,9,99,2,1,6,6,1,25,5,-1,-1,-1,-1,7,E01002965,0,1
2024451508083,2024,451508083,1,1,0,-1,5,3,7,-1,4,1,5,0,7,0,4,1,-1,2,2,54,8,-1,-1,-1,-1,7,E01030618,0,1
2024052402833,2024,052402833,2,1,0,18,19,7,3,0,0,6,1,0,0,0,1,1,2,2,1,16,4,-1,-1,-1,-1,3,E01007060,0,1
2024201402967,2024,201402967,2,1,0,-1,19,6,2,-1,0,8,0,0,0,0,4,1,-1,2,1,50,8,-1,-1,-1,-1,1,E01009579,0,1
2024361458038,2024,361458038,2,9,0,-1,2,0,0,-1,0,0,0,0,0,0,1,1,-1,6,-1,-1,-1,-1,-1,-1,-1,-1,-1,0,-1
2024201536002,2024,201536002,1,9,0,-1,5,4,6,-1,0,4,0,0,0,0,1,1,-1,9,1,20,4,-1,-1,-1,-1,6,E01009699,0,2
2024010494667,2024,010494667,1,9,0,18,19,5,1,0,0,8,0,0,0,0,1,1,6,6,3,-1,-1,-1,-1,-1,-1,-1,-1,0,-1
2024461439996,2024,461439996,1,1,0,-1,19,1,5,-1,0,0,1,0,0,0,1,1,-1,9,2,32,6,-1,-1,-1,-1,2,E01035684,0,4
2024010503612,2024,010503612,2,9,0,99,99,9,9,99,99,9,9,99,9,99,2,9,6,6,3,-1,-1,-1,-1,-1,-1,4,E01001420,0,1
2024010504546,2024,010504546,1,1,9,99,99,9,9,99,99,9,9,99,9,99,2,1,6,6,1,72,10,-1,-1,-1,-1,5,E01000037,0,1
2024430226724,2024,430226724,1,1,0,18,19,2,6,0,0,0,0,0,0,0,4,1,6,6,1,-1,-1,-1,-1,-1,-1,-1,-1,0,-1
2024010512306,2024,010512306,1,9,0,16,19,5,1,0,0,0,0,0,0,0,1,1,6,6,1,23,5,-1,-1,-1,-1,6,E01003751,0,1
2024430035181,2024,430035181,1,9,0,7,7,1,3,0,0,5,0,0,0,0,4,1,6,6,3,-1,-1,-1,-1,-1,-1,-1,-1,0,-1
2024041514195,2024,041514195,2,1,0,-1,9,1,7,-1,0,3,0,0,0,0,4,1,-1,9,1,76,11,-1,-1,-1,-1,7,E01024991,0,1
2024501413197,2024,501413197,2,1,0,-1,19,3,7,-1,4,1,0,0,0,0,3,1,-1,9,1,41,7,-1,-1,-1,-1,8,E01015120,0,1
2024430557499,2024,430557499,2,1,0,18,19,5,1,0,0,0,0,0,0,0,4,1,6,6,2,26,6,-1,-1,-1,-1,9,E01028584,0,1
2024440242903,2024,440242903,1,1,0,18,19,1,5,9,9,1,0,0,0,0,1,1,2,2,2,56,9,-1,-1,-1,-1,7,E01017316,0,1
2024371484896,2024,371484896,1,9,0,-1,9,5,3,-1,0,8,0,0,0,0,3,1,-1,6,3,-1,-1,-1,-1,-1,-1,-1,-1,0,-1
2024311434051,2024,311434051,2,1,0,-1,19,6,2,-1,0,0,0,0,0,0,1,1,-1,9,1,34,6,-1,-1,-1,-1,2,E01027937,0,1
2024122400940,2024,122400940,2,1,0,16,19,6,2,0,0,0,0,0,0,0,3,1,6,6,1,56,9,-1,-1,-1,-1,7,E01027762,0,1
2024010519336,2024,010519336,2,1,0,18,19,1,5,4,4,2,0,0,0,0,1,1,2,2,1,41,7,-1,-1,-1,-1,9,E01023701,0,4
2024340WN6472,2024,340WN6472,1,9,0,-1,10,6,4,-1,0,6,0,0,0,0,1,1,-1,9,1,59,9,-1,-1,-1,-1,8,E01027194,0,1
2024131443882,2024,131443882,2,1,0,-1,19,3,7,-1,0,0,0,0,0,0,1,1,-1,2,1,26,6,-1,-1,-1,-1,3,E01011488,0,1
2024010495138,2024,010495138,1,1,9,99,99,9,9,99,99,9,9,99,9,99,9,1,6,6,2,24,5,-1,-1,-1,-1,4,E01001353,0,1
2024991477031,2024,991477031,1,9,0,-1,9,5,1,-1,0,1,0,0,0,0,2,1,-1,9,1,74,10,-1,-1,-1,-1,7,-1,0,3
2024010542021,2024,010542021,1,9,0,6,6,4,4,0,0,0,0,0,7,0,1,1,6,6,2,51,8,-1,-1,-1,-1,3,E01004010,0,1
2024371538213,2024,371538213,2,1,0,-1,19,1,1,-1,0,1,2,0,0,0,1,1,-1,6,2,34,6,-1,-1,-1,-1,5,E01029961,0,1
2024421458277,2024,421458277,1,9,0,-1,6,3,7,-1,0,8,0,0,0,0,3,1,-1,9,1,41,7,-1,-1,-1,-1,7,E01023335,0,1
2024631417208,2024,631417208,1,9,0,-1,11,1,4,-1,0,8,0,0,0,0,1,1,-1,6,1,28,6,-1,-1,-1,-1,2,W01000707,0,4
2024201510674,2024,201510674,2,9,0,-1,4,7,7,-1,0,1,0,0,0,0,1,1,-1,6,2,29,6,-1,-1,-1,-1,6,E01031098,0,2
2024351495238,2024,351495238,1,9,0,-1,5,8,4,-1,0,0,0,0,0,0,1,1,-1,1,1,27,6,-1,-1,-1,-1,6,E01018187,0,4
2024010532238,2024,010532238,1,1,9,99,99,9,9,99,99,9,9,99,9,99,9,1,6,6,1,34,6,-1,-1,-1,-1,3,E01003056,0,4
2024332400179,2024,332400179,2,3,0,-1,14,8,4,-1,0,0,0,0,1,0,1,1,-1,6,1,17,4,-1,-1,-1,-1,1,E01013691,0,1
2024010533561,2024,010533561,2,9,0,4,4,1,5,0,0,0,0,0,0,0,0,1,6,6,1,21,5,-1,-1,-1,-1,4,E01004202,0,1
2024010507044,2024,010507044,1,1,9,99,99,9,9,99,99,9,9,99,9,99,1,1,6,6,1,66,10,-1,-1,-1,-1,2,E01001828,0,1
2024010506594,2024,010506594,2,21,0,18,19,5,1,0,0,1,0,0,0,0,3,1,1,1,1,51,8,-1,-1,-1,-1,-1,-1,0,-1
2024201450412,2024,201450412,1,9,0,-1,19,5,1,-1,0,0,0,0,0,0,3,1,-1,9,2,40,7,-1,-1,-1,-1,1,E01009136,0,2
2024411434674,2024,411434674,1,9,0,-1,19,2,6,-1,0,1,0,0,0,0,1,1,-1,6,1,60,9,-1,-1,-1,-1,9,E01023706,0,1
2024070020324,2024,070020324,2,1,0,18,19,6,2,0,0,8,0,0,0,0,4,1,6,6,1,54,8,-1,-1,-1,-1,7,E01012509,0,1
2024010491911,2024,010491911,2,98,9,99,99,9,9,99,99,0,9,99,9,99,9,9,6,6,1,55,8,-1,-1,-1,-1,6,E01003072,0,3
2024010537956,2024,010537956,2,1,9,99,99,9,9,99,99,1,9,99,9,99,9,1,6,6,2,29,6,-1,-1,-1,-1,7,E01003139,0,1
2024451459127,2024,451459127,3,9,0,-1,12,7,3,-1,0,0,0,0,0,0,0,1,-1,6,3,40,7,-1,-1,-1,-1,-1,-1,0,-1
2024430521844,2024,430521844,2,1,0,18,19,5,1,0,0,1,0,0,0,0,1,1,6,6,1,57,9,-1,-1,-1,-1,2,E01028567,0,1
2024302400187,2024,302400187,2,9,0,18,19,5,1,0,0,8,0,0,0,0,1,1,6,6,1,40,7,-1,-1,-1,-1,4,E01019776,0,1
2024010488077,2024,010488077,1,9,0,9,9,5,3,0,0,1,0,0,0,0,4,1,1,1,1,36,7,-1,-1,-1,-1,3,E01003583,0,2
2024351460754,2024,351460754,1,22,-1,-1,-1,-1,-1,-1,-1,-1,-1,-1,-1,0,-1,1,-1,6,2,-1,-1,-1,-1,-1,-1,-1,-1,0,-1
2024010490438,2024,010490438,2,9,0,99,99,9,9,99,99,0,9,99,9,99,1,9,6,6,3,-1,-1,-1,-1,-1,-1,-1,-1,0,-1
2024991476294,2024,991476294,2,9,0,-1,19,7,3,-1,0,0,0,0,0,0,1,1,-1,6,1,43,7,-1,-1,-1,-1,5,-1,0,3
2024010487672,2024,010487672,1,11,1,18,19,5,1,0,0,6,0,0,0,0,4,1,1,1,1,44,7,-1,-1,-1,-1,2,E01001979,0,3
2024010490579,2024,010490579,2,19,0,99,99,9,9,99,99,9,9,99,9,99,1,9,6,6,3,64,9,-1,-1,-1,-1,3,E01003439,0,1
2024421509161,2024,421509161,1,9,0,-1,19,7,3,-1,0,0,0,0,0,0,1,1,-1,9,1,24,5,-1,-1,-1,-1,3,E01030026,0,4