collision_index,collision_year,collision_ref_no,vehicle_reference,vehicle_type,towing_and_articulation,vehicle_manoeuvre_historic,vehicle_manoeuvre,vehicle_direction_from,vehicle_direction_to,vehicle_location_restricted_lane_historic,vehicle_location_restricted_lane,junction_location,skidding_and_overturning,hit_object_in_carriageway,vehicle_leaving_carriageway,hit_object_off_carriageway,first_point_of_impact,vehicle_left_hand_drive,journey_purpose_of_driver_historic,journey_purpose_of_driver,sex_of_driver,age_of_driver,age_band_of_driver,engine_capacity_cc,propulsion_code,age_of_vehicle,generic_make_model,driver_imd_decile,lsoa_of_driver,escooter_flag,driver_distance_banding
2024052401899,2024,052401899,1,9,0,1,1,7,4,0,0,0,0,0,0,0,2,1,6,6,3,-1,-1,-1,-1,-1,-1,-1,-1,0,-1
2024201484813,2024,201484813,2,-1,0,-1,19,5,1,-1,0,8,0,0,0,0,1,1,-1,6,1,16,4,-1,-1,-1,-1,-1,-1,1,-1
2024520002524,2024,520002524,2,9,0,18,19,1,5,0,0,2,0,0,0,0,1,1,6,6,3,-1,-1,-1,-1,-1,-1,-1,-1,0,-1
2024010487552,2024,010487552,2,9,0,99,99,9,9,99,99,9,9,99,9,99,9,9,6,6,3,-1,-1,-1,-1,-1,-1,-1,-1,0,-1
2024332400095,2024,332400095,1,9,0,-1,19,1,4,-1,0,0,1,0,1,10,1,1,-1,9,1,20,4,-1,-1,-1,-1,9,E01025893,0,1
2024522402388,2024,522402388,2,90,0,11,11,3,7,0,0,0,0,0,0,0,2,1,6,6,3,-1,-1,-1,-1,-1,-1,-1,-1,0,-1
2024131402232,2024,131402232,1,9,0,-1,19,7,3,-1,0,0,0,0,0,0,1,1,-1,6,2,25,5,-1,-1,-1,-1,1,E01010618,0,1
2024122401178,2024,122401178,2,1,0,18,19,3,7,0,0,8,0,0,0,0,1,1,2,2,1,40,7,-1,-1,-1,-1,7,E01033068,0,1
2024440426057,2024,440426057,1,1,0,18,19,4,8,0,0,0,0,10,0,0,1,1,4,7,1,16,4,-1,-1,-1,-1,5,E01017027,0,1
2024201428652,2024,201428652,1,8,0,-1,3,5,1,-1,0,1,0,0,0,0,1,1,-1,6,1,40,7,-1,-1,-1,-1,-1,-1,0,-1
2024552400964,2024,552400964,1,9,0,13,13,2,6,0,0,0,0,0,0,0,4,1,6,6,3,-1,-1,-1,-1,-1,-1,-1,-1,0,-1
2024010490032,2024,010490032,1,3,0,99,99,9,9,99,99,9,9,99,9,99,9,1,1,1,1,26,6,-1,-1,-1,-1,4,E01000637,0,1
2024010496456,2024,010496456,2,1,0,18,19,7,3,0,0,2,0,0,0,0,4,1,1,1,1,26,6,-1,-1,-1,-1,2,E01004205,0,1
2024351440596,2024,351440596,2,1,-1,-1,-1,-1,-1,-1,-1,0,-1,-1,-1,0,-1,1,-1,9,1,18,4,-1,-1,-1,-1,8,E01018224,0,3
2024531474484,2024,531474484,2,1,0,-1,19,7,3,-1,0,1,0,0,0,0,1,1,-1,2,2,36,7,-1,-1,-1,-1,5,E01022102,0,2
2024522403276,2024,522403276,1,1,0,18,19,1,5,0,0,8,0,0,0,0,3,1,6,6,1,16,4,-1,-1,-1,-1,10,E01014615,0,1
2024010517246,2024,010517246,2,1,0,18,19,1,5,0,0,1,0,0,0,0,1,1,2,2,1,28,6,-1,-1,-1,-1,6,E01000274,0,1
2024440228796,2024,440228796,1,3,0,18,19,2,6,0,0,0,0,0,0,0,1,1,6,6,1,33,6,-1,-1,-1,-1,9,E01022594,0,1
2024010497918,2024,010497918,2,9,0,99,99,9,9,99,99,9,9,99,9,99,2,9,6,6,3,-1,-1,-1,-1,-1,-1,10,E01000794,0,1
2024010491337,2024,010491337,2,9,0,18,19,3,7,0,0,0,0,0,0,0,3,1,2,2,1,62,9,-1,-1,-1,-1,5,E01004676,0,1
2024421434444,2024,421434444,1,9,0,-1,9,7,4,-1,0,0,0,0,0,0,1,9,-1,2,2,56,9,-1,-1,-1,-1,-1,-1,0,-1
2024622400051,2024,622400051,2,22,0,18,19,6,2,0,0,1,0,0,0,0,4,1,6,6,2,79,11,-1,-1,-1,-1,2,W01000834,0,1
2024991450976,2024,991450976,1,1,0,-1,19,8,3,-1,0,0,5,0,0,0,1,1,-1,9,1,26,6,-1,-1,-1,-1,6,-1,0,1
2024070165919,2024,070165919,1,9,0,9,9,8,4,0,0,1,0,0,1,9,1,1,6,6,3,-1,-1,-1,-1,-1,-1,-1,-1,0,-1
2024531439096,2024,531439096,1,9,0,-1,7,3,5,-1,0,1,0,0,0,0,4,9,-1,6,3,-1,-1,-1,-1,-1,-1,-1,-1,0,-1
2024010494575,2024,010494575,1,19,0,9,9,7,5,0,0,5,0,0,1,0,3,1,6,6,3,-1,-1,-1,-1,-1,-1,-1,-1,0,-1
2024991536420,2024,991536420,1,9,0,-1,19,7,3,-1,0,1,0,10,7,2,1,1,-1,9,2,58,9,-1,-1,-1,-1,6,-1,0,1
2024161443065,2024,161443065,2,9,0,-1,3,3,7,-1,0,1,0,0,0,0,2,9,-1,6,3,-1,-1,-1,-1,-1,-1,-1,-1,0,-1
2024520401861,2024,520401861,1,9,0,2,2,0,0,0,0,1,0,0,1,10,3,1,6,6,2,26,6,-1,-1,-1,-1,5,E01029143,0,1
2024340WN0382,2024,340WN0382,1,9,0,-1,9,4,8,-1,0,8,0,0,0,0,1,1,-1,9,2,77,11,-1,-1,-1,-1,7,E01027219,0,1
2024010517386,2024,010517386,2,1,9,99,99,9,9,99,99,9,9,99,9,99,9,1,6,6,3,-1,-1,-1,-1,-1,-1,-1,-1,0,-1
2024622400313,2024,622400313,1,4,0,18,19,4,8,0,0,8,0,0,0,0,4,1,6,6,1,57,9,-1,-1,-1,-1,9,W01001135,0,2
2024122401252,2024,122401252,1,1,0,18,19,5,1,0,0,0,0,0,1,0,1,1,6,6,1,42,7,-1,-1,-1,-1,9,E01012139,0,3
2024070627864,2024,070627864,1,9,0,18,19,7,3,0,0,1,0,0,0,0,2,1,6,6,3,-1,-1,-1,-1,-1,-1,-1,-1,0,-1
2024070060319,2024,070060319,1,9,0,9,9,7,3,0,0,0,2,0,0,0,3,1,6,6,1,17,4,-1,-1,-1,-1,6,E01006227,0,2
2024141509346,2024,141509346,2,98,0,-1,19,3,7,-1,0,0,0,0,0,0,4,9,-1,6,3,-1,-1,-1,-1,-1,-1,-1,-1,0,-1
2024061505267,2024,061505267,1,9,0,-1,3,1,1,-1,0,1,0,0,0,0,1,2,-1,6,3,30,6,-1,-1,-1,-1,-1,-1,0,-1
2024430489219,2024,430489219,1,1,0,7,7,2,4,0,0,5,0,0,0,0,2,1,4,7,1,17,4,-1,-1,-1,-1,10,E01017876,0,1
2024131484732,2024,131484732,1,22,0,-1,5,7,5,-1,9,2,5,0,0,0,3,1,-1,9,1,74,10,-1,-1,-1,-1,3,E01011822,0,2
2024332400859,2024,332400859,2,1,0,-1,19,1,5,-1,0,0,0,0,0,0,1,1,-1,6,1,10,2,-1,-1,-1,-1,1,E01013673,0,1
2024101484061,2024,101484061,1,9,0,-1,5,2,7,-1,0,8,0,0,0,0,1,1,-1,6,1,69,10,-1,-1,-1,-1,6,E01027490,0,1
2024101435945,2024,101435945,2,9,0,-1,3,8,7,-1,0,1,0,0,0,0,3,1,-1,9,1,41,7,-1,-1,-1,-1,9,E01008784,0,1
2024122400706,2024,122400706,1,9,0,5,5,1,5,0,0,0,0,0,0,0,3,1,6,6,3,-1,-1,-1,-1,-1,-1,-1,-1,0,-1
2024101409070,2024,101409070,1,22,0,-1,19,5,1,-1,0,0,0,0,0,0,3,1,-1,6,2,84,11,-1,-1,-1,-1,1,E01008327,0,1
2024010497462,2024,010497462,2,19,0,11,11,7,3,0,0,0,0,0,0,0,0,1,6,6,3,-1,-1,-1,-1,-1,-1,-1,-1,0,-1
2024401533905,2024,401533905,2,1,-1,-1,-1,-1,-1,-1,-1,0,-1,-1,-1,0,-1,1,-1,6,1,10,2,-1,-1,-1,-1,9,E01017559,0,1
2024010489043,2024,010489043,2,21,1,2,2,0,0,0,0,0,0,0,0,0,4,1,6,6,3,-1,-1,-1,-1,-1,-1,-1,-1,0,-1
2024010493903,2024,010493903,1,9,0,18,19,1,5,0,0,2,0,0,0,0,1,1,6,6,3,-1,-1,-1,-1,-1,-1,-1,-1,0,-1
2024991407768,2024,991407768,1,9,0,-1,19,5,1,-1,0,1,0,0,0,0,1,9,-1,6,3,-1,-1,-1,-1,-1,-1,-1,-1,0,-1
2024371494144,2024,371494144,1,9,0,-1,19,7,3,-1,0,0,0,0,0,0,1,1,-1,9,2,27,6,-1,-1,-1,-1,6,E01030061,0,1
2024320161166,2024,320161166,2,1,0,-1,-1,8,4,0,0,1,5,0,1,0,2,1,1,1,1,57,9,-1,-1,-1,-1,9,E01026225,0,1
2024991414230,2024,991414230,1,3,0,-1,7,1,5,-1,0,2,2,10,7,0,3,1,-1,6,1,15,3,-1,-1,-1,-1,8,-1,0,1
2024991510947,2024,991510947,3,9,0,-1,2,0,0,-1,0,0,0,0,0,0,2,1,-1,6,-1,-1,-1,-1,-1,-1,-1,-1,-1,0,-1
2024221527960,2024,221527960,2,1,0,-1,19,8,4,-1,0,0,0,0,0,0,3,1,-1,7,1,15,3,-1,-1,-1,-1,6,E01032405,0,1
2024052400379,2024,052400379,2,1,0,18,19,7,3,0,0,1,0,0,0,0,1,1,3,7,1,9,2,-1,-1,-1,-1,8,E01007154,0,1
2024052400073,2024,052400073,2,9,0,3,3,1,5,0,0,0,0,0,0,0,2,1,2,2,2,24,5,-1,-1,-1,-1,2,E01018685,0,2
2024010505455,2024,010505455,2,9,0,99,99,9,9,99,99,0,9,99,9,99,9,9,6,6,3,-1,-1,-1,-1,-1,-1,-1,-1,0,-1
2024440284824,2024,440284824,2,-1,0,18,19,3,7,0,0,8,0,0,0,0,1,1,2,2,1,37,7,-1,-1,-1,-1,3,E01022916,1,1
2024440148369,2024,440148369,2,1,0,17,19,1,6,0,0,8,0,0,0,0,4,1,6,6,2,76,11,-1,-1,-1,-1,7,E01017292,0,1
2024201475922,2024,201475922,2,9,0,-1,19,1,5,-1,0,0,0,0,0,0,1,1,-1,2,1,49,8,-1,-1,-1,-1,6,E01026541,0,5
2024501452262,2024,501452262,1,9,0,-1,19,6,2,-1,0,6,5,0,0,0,4,1,-1,9,1,27,6,-1,-1,-1,-1,6,E01018853,0,3
2024520402478,2024,520402478,1,9,0,7,7,4,6,0,0,8,0,0,0,0,4,1,6,6,3,-1,-1,-1,-1,-1,-1,-1,-1,0,-1
2024131395386,2024,131395386,2,1,0,-1,19,5,1,-1,0,1,5,0,0,0,3,1,-1,9,2,24,5,-1,-1,-1,-1,9,E01032876,0,3
2024421524843,2024,421524843,1,9,-1,-1,19,4,8,-1,0,0,0,0,0,0,0,9,-1,6,3,-1,-1,-1,-1,-1,-1,-1,-1,0,-1
2024010493155,2024,010493155,2,9,0,18,19,1,5,0,0,4,0,0,0,0,1,1,6,6,2,31,6,-1,-1,-1,-1,4,E01001156,0,2
2024430039333,2024,430039333,1,9,0,18,19,6,2,0,0,0,0,0,0,0,1,1,6,6,1,60,9,-1,-1,-1,-1,-1,-1,0,-1
2024411439797,2024,411439797,1,9,0,-1,19,-1,-1,-1,0,4,0,0,0,0,1,9,-1,6,3,-1,-1,-1,-1,-1,-1,-1,-1,0,-1
2024010487110,2024,010487110,2,9,0,9,9,5,2,0,0,6,0,0,0,0,1,1,6,6,2,34,6,-1,-1,-1,-1,5,E01034212,0,2
2024320093065,2024,320093065,1,9,0,9,9,7,4,0,0,2,0,0,0,0,4,1,-1,-1,2,30,6,-1,-1,-1,-1,2,E01026378,0,1
2024440019387,2024,440019387,1,-1,0,18,19,8,4,4,4,2,0,0,0,0,1,1,6,6,3,-1,-1,-1,-1,-1,-1,-1,-1,1,-1
2024549556924,2024,549556924,2,1,0,18,19,5,1,0,0,1,0,0,0,0,3,1,6,6,1,65,9,-1,-1,-1,-1,8,E01034529,0,4
2024421511403,2024,421511403,1,22,0,-1,5,3,5,-1,9,8,5,0,0,0,0,1,-1,9,1,67,10,-1,-1,-1,-1,8,E01034098,0,5
2024010497614,2024,010497614,1,9,0,99,99,9,9,99,99,9,9,99,9,99,2,9,6,6,3,-1,-1,-1,-1,-1,-1,-1,-1,0,-1
2024201410151,2024,201410151,2,1,0,-1,19,1,5,-1,0,0,0,0,0,0,3,1,-1,2,2,27,6,-1,-1,-1,-1,4,E01009658,0,1
2024461412675,2024,461412675,2,1,0,-1,19,6,2,-1,0,3,0,0,0,0,4,1,-1,6,1,24,5,-1,-1,-1,-1,5,E01024048,0,1
2024451491072,2024,451491072,1,1,0,-1,19,3,7,-1,0,8,5,0,0,0,1,1,-1,9,1,46,8,-1,-1,-1,-1,9,E01030360,0,2
2024010493026,2024,010493026,5,9,0,18,19,7,3,0,0,0,0,0,0,0,2,1,6,6,1,22,5,-1,-1,-1,-1,6,E01000268,0,3
2024041513375,2024,041513375,6,9,0,-1,19,5,1,-1,0,0,0,0,0,0,1,1,-1,6,2,51,8,-1,-1,-1,-1,9,E01024918,0,4
2024070539682,2024,070539682,2,1,0,-1,-1,2,6,0,0,1,0,0,0,0,1,1,6,6,1,19,4,-1,-1,-1,-1,6,E01018421,0,1
2024351410575,2024,351410575,2,99,-1,-1,19,6,1,-1,0,0,0,0,0,0,0,9,-1,6,3,-1,-1,-1,-1,-1,-1,-1,-1,0,-1
2024031423803,2024,031423803,1,1,0,-1,9,8,6,-1,0,0,0,0,1,0,1,1,-1,9,1,35,6,-1,-1,-1,-1,3,E01019204,0,1
2024451506926,2024,451506926,2,1,0,-1,9,7,3,-1,0,4,5,9,0,0,2,1,-1,6,1,61,9,-1,-1,-1,-1,8,E01030655,0,1
2024010493445,2024,010493445,1,4,0,3,3,3,7,0,0,9,0,0,0,0,2,1,6,6,1,44,7,-1,-1,-1,-1,3,E01030744,0,1
2024010505629,2024,010505629,2,21,0,8,8,7,2,0,0,1,0,0,0,0,1,2,1,1,1,28,6,-1,-1,-1,-1,-1,-1,0,-1
2024320273384,2024,320273384,1,9,0,-1,-1,3,7,0,0,0,0,0,0,0,4,1,6,6,1,-1,-1,-1,-1,-1,-1,-1,-1,0,-1
2024471396090,2024,471396090,1,9,0,-1,19,1,5,-1,0,0,5,0,8,0,3,1,-1,9,2,18,4,-1,-1,-1,-1,10,E01031690,0,2
2024010524416,2024,010524416,1,9,0,7,7,7,1,0,0,6,0,0,0,0,1,2,6,6,2,25,5,-1,-1,-1,-1,6,E01001563,0,1
2024010541304,2024,010541304,2,1,0,18,19,4,8,0,0,2,0,0,0,0,4,1,6,6,2,25,5,-1,-1,-1,-1,7,E01003853,0,1
2024010516405,2024,010516405,1,1,9,99,99,9,9,99,99,9,9,8,9,99,1,1,6,6,2,53,8,-1,-1,-1,-1,8,E01004582,0,1
2024610036524,2024,610036524,2,1,0,18,19,1,5,0,0,1,0,0,1,0,3,1,6,6,1,35,6,-1,-1,-1,-1,9,W01001640,0,4
2024061469494,2024,061469494,2,9,0,-1,4,6,2,-1,0,0,0,0,0,0,1,1,-1,1,1,30,6,-1,-1,-1,-1,8,E01006279,0,1
2024201420617,2024,201420617,1,9,0,-1,1,8,4,-1,0,0,0,0,0,0,2,1,-1,6,1,34,6,-1,-1,-1,-1,-1,-1,0,-1
2024010529190,2024,010529190,2,9,0,99,99,9,9,99,99,9,9,99,9,99,1,9,6,6,3,-1,-1,-1,-1,-1,-1,-1,-1,0,-1
2024010494212,2024,010494212,1,9,0,18,19,3,7,0,0,8,0,0,5,6,4,1,6,6,2,52,8,-1,-1,-1,-1,3,E01002540,0,3
2024552400525,2024,552400525,1,19,0,1,1,4,8,0,0,0,0,0,0,0,2,1,6,6,3,-1,-1,-1,-1,-1,-1,-1,-1,0,-1
2024010491998,2024,010491998,1,19,9,2,2,0,0,99,99,9,9,99,9,99,9,9,6,6,3,-1,-1,-1,-1,-1,-1,-1,-1,0,-1
2024010543521,2024,010543521,1,-1,0,5,5,7,3,0,0,8,0,0,0,0,1,1,2,2,1,22,5,-1,-1,-1,-1,3,E01002638,1,2
2024421495562,2024,421495562,1,97,0,-1,19,1,5,-1,0,0,0,0,0,0,1,1,-1,6,3,-1,-1,-1,-1,-1,-1,-1,-1,0,-1
202460Q086256,2024,60Q086256,2,9,0,10,10,1,7,0,0,1,0,0,0,0,2,1,6,6,1,54,8,-1,-1,-1,-1,-1,-1,0,-1
2024010516598,2024,010516598,1,1,9,99,99,9,9,4,4,0,9,99,9,99,2,1,6,6,1,31,6,-1,-1,-1,-1,4,E01034224,0,1
2024010550179,2024,010550179,2,1,0,18,19,5,1,0,0,1,0,0,0,0,1,1,6,6,1,68,10,-1,-1,-1,-1,2,E01000938,0,1
2024351541982,2024,351541982,1,9,-1,-1,-1,-1,-1,-1,-1,-1,-1,-1,-1,0,-1,9,-1,6,3,-1,-1,-1,-1,-1,-1,-1,-1,0,-1
202417H101724,2024,17H101724,2,9,0,-1,19,1,5,-1,0,4,0,0,0,0,1,1,-1,6,1,-1,-1,-1,-1,-1,-1,-1,-1,0,-1
2024010538042,2024,010538042,2,11,0,99,99,9,9,99,99,9,9,99,9,99,9,9,6,6,3,-1,-1,-1,-1,-1,-1,-1,-1,0,-1
2024010530110,2024,010530110,1,1,9,99,99,9,9,99,99,9,9,99,9,99,9,1,2,2,2,39,7,-1,-1,-1,-1,7,E01033133,0,2
2024010552166,2024,010552166,1,1,9,99,99,9,9,99,99,9,9,99,9,99,9,1,2,2,1,29,6,-1,-1,-1,-1,4,E01000961,0,1
2024302401351,2024,302401351,3,9,0,2,2,0,0,6,6,0,0,0,0,0,2,1,6,6,3,-1,-1,-1,-1,-1,-1,-1,-1,0,-1
2024531512833,2024,531512833,1,9,0,-1,19,1,5,-1,0,0,0,0,0,0,1,1,-1,2,2,55,8,-1,-1,-1,-1,3,W01001592,0,2
2024451495503,2024,451495503,1,1,0,-1,19,2,6,-1,0,0,0,0,0,0,1,1,-1,9,1,33,6,-1,-1,-1,-1,10,E01030351,0,1
2024061404217,2024,061404217,1,9,-1,-1,19,-1,-1,-1,0,0,0,0,0,0,-1,9,-1,6,3,-1,-1,-1,-1,-1,-1,-1,-1,0,-1
2024010550187,2024,010550187,2,9,0,99,99,9,9,99,99,9,9,99,9,99,9,9,6,6,3,-1,-1,-1,-1,-1,-1,-1,-1,0,-1
2024320249561,2024,320249561,1,9,0,-1,-1,6,2,0,0,8,0,0,0,0,1,1,6,6,3,-1,-1,-1,-1,-1,-1,-1,-1,0,-1
2024010492455,2024,010492455,2,1,0,18,19,1,5,0,0,8,0,0,0,0,1,1,2,2,2,30,6,-1,-1,-1,-1,3,E01003298,0,1
2024010547215,2024,010547215,1,1,9,18,19,9,9,4,4,0,9,99,9,99,9,1,2,2,2,42,7,-1,-1,-1,-1,3,E01004563,0,1
2024371400722,2024,371400722,1,9,0,-1,19,3,7,-1,0,0,0,0,0,0,1,1,-1,6,3,-1,-1,-1,-1,-1,-1,-1,-1,0,-1
2024122400735,2024,122400735,1,9,0,18,19,7,3,0,0,8,0,0,0,0,4,9,6,6,3,-1,-1,-1,-1,-1,-1,-1,-1,0,-1
2024549395024,2024,549395024,3,9,0,18,19,3,7,0,0,0,0,0,0,0,3,1,6,6,1,36,7,-1,-1,-1,-1,-1,-1,0,-1
2024141490433,2024,141490433,1,22,0,-1,19,7,3,-1,9,0,0,0,0,0,1,1,-1,9,2,57,9,-1,-1,-1,-1,4,E01019807,0,3
2024622400810,2024,622400810,2,1,0,18,19,1,5,0,0,4,0,0,0,0,1,1,6,6,2,31,6,-1,-1,-1,-1,8,W01001003,0,4
2024201449480,2024,201449480,1,99,0,-1,2,0,0,-1,0,0,0,0,0,0,3,1,-1,6,2,40,7,-1,-1,-1,-1,-1,-1,0,-1
2024010541747,2024,010541747,2,1,0,18,19,3,7,5,5,1,0,0,0,0,1,1,1,1,1,29,6,-1,-1,-1,-1,3,E01003689,0,1
2024340NN0702,2024,340NN0702,2,-1,0,-1,19,1,5,-1,0,6,0,0,0,0,4,1,-1,6,1,15,3,-1,-1,-1,-1,3,E01027060,1,1
2024101489545,2024,101489545,1,19,0,-1,4,8,4,-1,0,0,0,0,0,0,0,1,-1,1,3,30,6,-1,-1,-1,-1,-1,-1,0,-1
2024201527030,2024,201527030,2,9,0,-1,19,7,3,-1,0,0,0,0,0,0,2,1,-1,2,2,21,5,-1,-1,-1,-1,8,E01010225,0,2
2024451492829,2024,451492829,2,1,0,-1,7,1,3,-1,0,1,1,0,0,0,1,1,-1,9,1,19,4,-1,-1,-1,-1,8,E01030384,0,1
2024010493866,2024,010493866,1,9,0,18,19,1,5,0,0,0,0,0,0,0,1,1,6,6,3,-1,-1,-1,-1,-1,-1,-1,-1,0,-1
2024430047495,2024,430047495,2,9,0,18,19,4,8,0,0,1,0,0,0,0,1,1,6,6,3,-1,-1,-1,-1,-1,-1,-1,-1,0,-1
2024461516992,2024,461516992,2,1,0,-1,19,1,5,-1,0,2,0,0,0,0,1,1,-1,9,1,13,3,-1,-1,-1,-1,4,E01024681,0,1
2024010487977,2024,010487977,2,9,0,99,99,9,9,99,99,9,9,99,9,99,9,9,6,6,3,-1,-1,-1,-1,-1,-1,-1,-1,0,-1
2024010496741,2024,010496741,2,9,0,99,99,9,9,99,99,9,9,99,9,99,1,9,6,6,3,-1,-1,-1,-1,-1,-1,-1,-1,0,-1
2024010491160,2024,010491160,2,1,0,18,19,1,5,0,0,8,0,0,0,0,3,1,6,6,1,41,7,-1,-1,-1,-1,6,E01002618,0,1
2024991551729,2024,991551729,1,9,0,-1,9,7,5,-1,0,2,0,0,0,0,1,9,-1,6,3,40,7,-1,-1,-1,-1,-1,-1,0,-1
2024010527608,2024,010527608,1,9,0,17,19,7,3,0,0,8,0,0,0,0,1,1,6,6,3,-1,-1,-1,-1,-1,-1,-1,-1,0,-1
2024131485264,2024,131485264,2,9,0,-1,4,2,6,-1,0,1,0,0,0,0,2,1,-1,9,1,43,7,-1,-1,-1,-1,3,E01021044,0,5
2024052402557,2024,052402557,1,9,0,5,5,5,8,0,0,4,0,0,0,0,3,1,6,6,3,-1,-1,-1,-1,-1,-1,-1,-1,0,-1
2024010491156,2024,010491156,1,1,0,18,19,5,1,0,0,1,1,0,0,0,1,1,1,1,1,26,6,-1,-1,-1,-1,5,E01003342,0,1
202417M111024,2024,17M111024,2,23,0,-1,13,5,1,-1,0,8,0,0,0,0,1,1,-1,9,1,38,7,-1,-1,-1,-1,1,E01012085,0,1
2024461488799,2024,461488799,4,9,0,-1,19,3,7,-1,0,0,0,0,0,0,4,1,-1,9,1,31,6,-1,-1,-1,-1,1,E01006248,0,5
2024010551390,2024,010551390,1,9,0,2,2,9,9,99,99,0,9,99,9,99,3,9,6,6,2,30,6,-1,-1,-1,-1,2,E01004014,0,1
2024421486481,2024,421486481,1,9,0,-1,5,7,2,-1,0,4,0,0,0,0,1,1,-1,6,2,24,5,-1,-1,-1,-1,2,E01021322,0,1
2024010551312,2024,010551312,2,1,0,18,19,1,5,0,0,1,0,0,0,0,1,1,6,6,1,30,6,-1,-1,-1,-1,6,E01004049,0,1
2024991530991,2024,991530991,1,9,0,-1,19,6,2,-1,0,0,0,0,0,0,1,1,-1,7,2,17,4,-1,-1,-1,-1,7,-1,0,1
2024131497660,2024,131497660,1,9,0,-1,-1,-1,-1,-1,-1,0,-1,-1,-1,-1,-1,1,-1,6,3,-1,-1,-1,-1,-1,-1,-1,-1,0,-1
2024211530117,2024,211530117,1,9,-1,-1,-1,-1,-1,-1,-1,-1,-1,-1,-1,0,1,9,-1,6,1,-1,-1,-1,-1,-1,-1,-1,-1,0,-1
2024141525415,2024,141525415,2,9,0,-1,19,5,-1,-1,0,1,0,0,0,0,1,9,-1,6,3,-1,-1,-1,-1,-1,-1,-1,-1,0,-1
2024481569978,2024,481569978,1,1,0,-1,15,7,3,-1,0,0,0,0,0,0,1,1,-1,9,2,23,5,-1,-1,-1,-1,-1,-1,0,-1
2024501453572,2024,501453572,1,9,0,-1,19,2,6,-1,0,0,0,0,0,0,1,1,-1,9,1,34,6,-1,-1,-1,-1,10,E01015131,0,3
2024430290344,2024,430290344,2,9,0,7,7,6,8,0,0,6,0,0,0,0,3,1,6,6,2,21,5,-1,-1,-1,-1,8,E01016180,0,2
2024411443095,2024,411443095,2,1,-1,-1,19,-1,-1,-1,0,8,5,0,0,0,1,1,-1,2,1,48,8,-1,-1,-1,-1,10,E01023458,0,1
2024010524298,2024,010524298,2,1,9,18,19,9,9,99,99,9,9,99,9,99,9,1,2,2,2,31,6,-1,-1,-1,-1,3,E01003332,0,2
2024302401118,2024,302401118,2,5,0,13,13,3,7,0,0,0,0,0,0,0,3,1,6,6,3,-1,-1,-1,-1,-1,-1,5,E01019456,0,4
2024461402223,2024,461402223,2,1,0,-1,19,1,5,-1,0,0,0,0,0,0,1,1,-1,6,1,14,3,-1,-1,-1,-1,7,E01032820,0,1
2024340NN4692,2024,340NN4692,1,90,0,-1,19,7,3,-1,0,1,0,0,0,0,1,1,-1,9,1,35,6,-1,-1,-1,-1,5,E01026973,0,1
2024471413592,2024,471413592,2,1,0,-1,19,1,5,-1,0,1,0,0,0,0,1,1,-1,6,1,30,6,-1,-1,-1,-1,1,E01016866,0,1
2024161472041,2024,161472041,2,9,0,-1,19,2,6,-1,0,0,0,0,0,0,2,9,-1,6,3,-1,-1,-1,-1,-1,-1,-1,-1,0,-1
2024161462692,2024,161462692,1,9,0,-1,19,6,2,-1,0,1,0,0,0,0,2,1,-1,6,1,65,9,-1,-1,-1,-1,9,E01013121,0,2
2024010530377,2024,010530377,2,1,0,7,7,6,8,6,6,6,0,0,0,0,1,1,6,6,1,17,4,-1,-1,-1,-1,-1,-1,0,-1
2024531423794,2024,531423794,2,1,0,-1,19,5,1,-1,0,0,0,0,0,0,0,1,-1,6,2,56,9,-1,-1,-1,-1,7,E01022117,0,1
2024201535972,2024,201535972,1,9,0,-1,9,5,2,-1,0,6,0,0,0,0,3,9,-1,6,3,-1,-1,-1,-1,-1,-1,-1,-1,0,-1
2024320695980,2024,320695980,2,9,0,3,3,6,2,0,0,0,0,0,0,0,3,1,-1,-1,1,24,5,-1,-1,-1,-1,8,E01026258,0,1
2024010547578,2024,010547578,2,1,0,18,19,5,1,9,9,8,5,0,7,0,4,1,6,6,1,19,4,-1,-1,-1,-1,3,E01000992,0,3
2024101454637,2024,101454637,1,1,0,-1,19,1,5,-1,9,0,2,0,0,0,1,1,-1,6,1,-1,-1,-1,-1,-1,-1,-1,-1,0,-1
2024340NN4352,2024,340NN4352,1,9,0,-1,5,5,1,-1,0,2,0,0,7,4,1,1,-1,6,1,77,11,-1,-1,-1,-1,8,E01027103,0,1
2024201448947,2024,201448947,2,9,0,-1,5,5,1,-1,0,1,0,0,0,0,2,9,-1,6,2,21,5,-1,-1,-1,-1,5,E01009262,0,1
2024101461601,2024,101461601,1,9,0,-1,4,5,1,-1,0,1,0,0,0,0,1,1,-1,9,1,78,11,-1,-1,-1,-1,7,E01008734,0,1
2024371441546,2024,371441546,2,1,0,-1,19,1,5,-1,0,0,0,0,0,0,1,1,-1,6,1,50,8,-1,-1,-1,-1,6,E01030091,0,1
2024010490599,2024,010490599,1,11,0,5,5,5,1,0,0,4,0,0,0,0,1,1,6,6,1,37,7,-1,-1,-1,-1,5,E01002696,0,2
2024320622052,2024,320622052,2,1,0,-1,-1,4,8,0,0,8,5,0,0,0,3,1,-1,-1,1,35,6,-1,-1,-1,-1,7,E01026163,0,1
2024161405740,2024,161405740,1,9,0,-1,19,3,7,-1,0,8,0,0,0,0,1,1,-1,6,3,44,7,-1,-1,-1,-1,-1,-1,0,-1
2024010548502,2024,010548502,1,4,0,18,19,3,7,0,0,1,0,0,0,0,1,1,6,6,3,-1,-1,-1,-1,-1,-1,-1,-1,0,-1
2024010549720,2024,010549720,2,90,0,99,99,9,9,99,99,9,9,99,9,99,1,9,6,6,3,43,7,-1,-1,-1,-1,10,E01003889,0,1
2024471413308,2024,471413308,1,9,0,-1,13,7,2,-1,0,0,0,0,0,0,1,9,-1,6,3,-1,-1,-1,-1,-1,-1,-1,-1,0,-1
2024340WN2632,2024,340WN2632,2,1,0,-1,19,7,3,-1,0,8,0,0,0,0,4,1,-1,6,1,38,7,-1,-1,-1,-1,2,E01027195,0,1
2024531423655,2024,531423655,1,9,0,-1,9,5,1,-1,0,1,0,0,0,0,1,1,-1,9,1,43,7,-1,-1,-1,-1,7,E01022758,0,5
2024421472005,2024,421472005,3,9,0,-1,19,3,7,-1,0,0,0,0,0,0,3,1,-1,9,1,34,6,-1,-1,-1,-1,10,W01001086,0,5