collision_index,collision_year,collision_ref_no,vehicle_reference,vehicle_type,towing_and_articulation,vehicle_manoeuvre_historic,vehicle_manoeuvre,vehicle_direction_from,vehicle_direction_to,vehicle_location_restricted_lane_historic,vehicle_location_restricted_lane,junction_location,skidding_and_overturning,hit_object_in_carriageway,vehicle_leaving_carriageway,hit_object_off_carriageway,first_point_of_impact,vehicle_left_hand_drive,journey_purpose_of_driver_historic,journey_purpose_of_driver,sex_of_driver,age_of_driver,age_band_of_driver,engine_capacity_cc,propulsion_code,age_of_vehicle,generic_make_model,driver_imd_decile,lsoa_of_driver,escooter_flag,driver_distance_banding
2024991488099,2024,991488099,1,9,0,-1,11,1,3,-1,9,0,0,0,1,0,1,1,-1,7,2,42,7,-1,-1,-1,-1,8,-1,0,1
2024201456113,2024,201456113,2,9,0,-1,19,8,2,-1,0,3,0,0,0,0,1,9,-1,6,3,-1,-1,-1,-1,-1,-1,-1,-1,0,-1
2024061494497,2024,061494497,1,97,0,-1,19,5,1,-1,9,0,0,0,1,0,0,1,-1,6,3,20,4,-1,-1,-1,-1,-1,-1,0,-1
2024351503437,2024,351503437,2,1,0,-1,9,1,5,-1,0,6,2,0,0,0,9,1,-1,7,1,22,5,-1,-1,-1,-1,6,E01035517,0,1
2024544351524,2024,544351524,1,9,0,17,19,6,2,0,0,0,0,0,1,3,1,1,6,6,1,33,6,-1,-1,-1,-1,9,E01031931,0,1
2024991478676,2024,991478676,1,1,0,-1,19,7,3,-1,0,0,0,0,1,11,1,1,-1,9,1,46,8,-1,-1,-1,-1,-1,-1,0,-1
2024131486711,2024,131486711,2,22,0,-1,19,7,3,-1,0,1,0,0,0,0,2,1,-1,6,2,70,10,-1,-1,-1,-1,1,E01011336,0,1
2024302400611,2024,302400611,2,1,0,18,19,4,6,0,0,8,0,0,0,0,3,1,6,6,2,53,8,-1,-1,-1,-1,6,E01013518,0,2
2024010494381,2024,010494381,1,11,0,5,5,7,3,2,2,1,0,0,0,0,0,1,1,1,1,48,8,-1,-1,-1,-1,4,E01001261,0,2
2024161448209,2024,161448209,1,1,0,-1,5,3,7,-1,0,0,0,0,0,0,1,1,-1,6,1,57,9,-1,-1,-1,-1,-1,-1,0,-1
2024421460360,2024,421460360,1,9,0,-1,19,2,6,-1,0,2,0,0,0,0,1,9,-1,6,3,-1,-1,-1,-1,-1,-1,-1,-1,0,-1
2024440428360,2024,440428360,1,9,0,18,19,7,3,0,0,0,0,0,0,0,1,1,6,6,3,-1,-1,-1,-1,-1,-1,-1,-1,0,-1
2024351473682,2024,351473682,6,1,0,-1,19,7,3,-1,0,8,0,0,0,0,1,1,-1,9,1,57,9,-1,-1,-1,-1,8,E01018270,0,3
2024070540767,2024,070540767,1,1,0,18,19,6,2,0,0,0,0,0,0,0,0,1,6,6,1,71,10,-1,-1,-1,-1,-1,-1,0,-1
2024010540262,2024,010540262,2,97,0,7,7,9,9,99,99,1,9,99,9,99,9,9,6,6,3,-1,-1,-1,-1,-1,-1,-1,-1,0,-1
2024552400303,2024,552400303,1,-1,0,18,19,1,5,0,0,8,0,0,0,0,1,1,6,6,1,32,6,-1,-1,-1,-1,6,E01015286,1,1
2024010535539,2024,010535539,2,1,0,5,5,3,7,0,0,1,0,0,0,0,1,1,6,6,1,48,8,-1,-1,-1,-1,4,E01002841,0,1
2024161508358,2024,161508358,1,1,0,-1,19,7,3,-1,0,0,0,0,0,0,3,1,-1,6,1,12,3,-1,-1,-1,-1,1,E01012877,0,1
2024211522543,2024,211522543,2,9,0,-1,19,7,3,-1,0,0,0,0,0,0,1,1,-1,1,1,66,10,-1,-1,-1,-1,10,E01029747,0,1
2024211442661,2024,211442661,2,1,0,-1,7,3,6,-1,0,2,0,0,0,0,2,1,-1,6,1,29,6,-1,-1,-1,-1,-1,-1,0,-1
2024221456391,2024,221456391,2,5,0,-1,19,5,1,-1,0,0,0,0,0,0,1,1,-1,9,1,55,8,-1,-1,-1,-1,7,E01010379,0,4
2024010516225,2024,010516225,2,9,0,99,99,9,9,99,99,9,9,99,9,99,0,9,6,6,3,-1,-1,-1,-1,-1,-1,-1,-1,0,-1
2024010494774,2024,010494774,1,9,0,13,13,5,1,0,0,2,0,4,7,0,1,2,2,2,1,39,7,-1,-1,-1,-1,5,E01002449,0,2
2024010531330,2024,010531330,2,1,9,99,99,9,9,99,99,9,9,99,9,99,9,1,6,6,1,-1,-1,-1,-1,-1,-1,5,E01004547,0,1
2024520001473,2024,520001473,2,19,9,18,19,9,9,0,0,6,0,0,0,0,9,9,6,6,3,-1,-1,-1,-1,-1,-1,-1,-1,0,-1
2024010495948,2024,010495948,2,9,0,99,99,9,9,99,99,0,9,99,9,99,1,9,6,6,3,-1,-1,-1,-1,-1,-1,-1,-1,0,-1
2024520401181,2024,520401181,3,9,0,18,19,3,7,0,0,1,0,0,0,0,1,1,6,6,2,64,9,-1,-1,-1,-1,7,E01029262,0,1
2024541291624,2024,541291624,1,9,0,18,19,8,4,0,0,1,0,0,0,0,1,1,6,6,3,-1,-1,-1,-1,-1,-1,-1,-1,0,-1
2024361451059,2024,361451059,2,9,0,-1,19,8,4,-1,0,1,2,0,7,0,4,1,-1,2,1,53,8,-1,-1,-1,-1,8,E01026450,0,1
2024010492221,2024,010492221,2,9,0,99,99,9,9,99,99,9,9,99,9,99,9,9,6,6,3,-1,-1,-1,-1,-1,-1,-1,-1,0,-1
2024010518106,2024,010518106,1,1,9,99,99,9,9,99,99,9,9,99,9,99,9,1,6,6,1,36,7,-1,-1,-1,-1,8,E01001950,0,1
2024010497201,2024,010497201,1,1,9,99,99,9,9,99,99,9,9,99,9,99,9,1,2,2,1,36,7,-1,-1,-1,-1,5,E01001718,0,1
2024520401574,2024,520401574,1,9,0,18,19,6,2,0,0,8,5,0,1,9,1,1,6,6,1,21,5,-1,-1,-1,-1,7,E01029092,0,2
2024332400702,2024,332400702,3,98,0,-1,19,3,7,-1,0,0,0,0,0,0,1,1,-1,6,1,69,10,-1,-1,-1,-1,1,E01013676,0,4
2024061496489,2024,061496489,1,97,0,-1,19,7,3,-1,0,8,0,0,0,0,1,1,-1,6,1,20,4,-1,-1,-1,-1,-1,-1,0,-1
2024010495523,2024,010495523,1,9,0,18,19,3,7,0,0,0,0,0,0,0,1,1,6,6,3,-1,-1,-1,-1,-1,-1,-1,-1,0,-1
2024421431512,2024,421431512,1,9,0,-1,19,1,5,-1,0,0,0,0,0,0,1,9,-1,6,1,60,9,-1,-1,-1,-1,-1,-1,0,-1
2024122400202,2024,122400202,2,9,0,14,14,8,5,0,0,1,0,0,0,0,1,1,6,6,1,22,5,-1,-1,-1,-1,9,E01027900,0,3
2024440415741,2024,440415741,1,-1,0,5,5,8,4,0,0,0,0,0,0,0,2,1,6,6,1,18,4,-1,-1,-1,-1,1,E01017280,1,1
2024010489947,2024,010489947,2,1,0,18,19,1,5,0,0,1,0,0,0,0,1,1,6,6,1,26,6,-1,-1,-1,-1,3,E01003960,0,1
2024010490695,2024,010490695,1,9,0,18,19,7,3,0,0,8,0,0,0,0,3,1,1,1,1,49,8,-1,-1,-1,-1,3,E01001830,0,1
2024010493691,2024,010493691,1,9,0,1,1,5,1,0,0,1,0,0,0,0,2,1,6,6,3,-1,-1,-1,-1,-1,-1,-1,-1,0,-1
2024371443526,2024,371443526,2,9,0,-1,19,5,1,-1,0,0,0,0,0,0,2,1,-1,6,-1,-1,-1,-1,-1,-1,-1,-1,-1,0,-1
2024131415970,2024,131415970,1,9,0,-1,19,5,1,-1,0,0,1,0,0,0,1,1,-1,6,1,31,6,-1,-1,-1,-1,7,E01011829,0,1
2024010543546,2024,010543546,1,9,9,99,99,9,9,99,99,9,9,99,9,99,9,9,6,6,3,-1,-1,-1,-1,-1,-1,-1,-1,0,-1
2024302400391,2024,302400391,1,9,0,6,6,5,5,0,0,0,1,0,0,0,2,1,1,1,1,40,7,-1,-1,-1,-1,7,E01019583,0,1
2024010496976,2024,010496976,2,9,0,99,99,9,9,99,99,9,9,99,9,99,9,9,6,6,3,-1,-1,-1,-1,-1,-1,-1,-1,0,-1
2024131394927,2024,131394927,1,9,0,-1,9,4,8,-1,0,5,0,0,0,0,1,1,-1,6,1,32,6,-1,-1,-1,-1,2,E01011856,0,1
2024440278873,2024,440278873,1,9,0,18,19,3,7,9,9,1,0,0,0,0,3,1,6,6,3,-1,-1,-1,-1,-1,-1,-1,-1,0,-1
2024411479564,2024,411479564,1,9,0,-1,5,1,7,-1,0,1,0,0,0,0,1,1,-1,6,3,-1,-1,-1,-1,-1,-1,-1,-1,0,-1
2024131475144,2024,131475144,1,9,0,-1,5,5,5,-1,0,6,1,7,0,0,1,1,-1,9,2,25,5,-1,-1,-1,-1,10,E01022070,0,5
2024320067840,2024,320067840,1,9,0,-1,-1,7,5,0,0,8,0,0,0,0,2,1,-1,-1,2,59,9,-1,-1,-1,-1,-1,-1,0,-1
2024101476879,2024,101476879,2,9,-1,-1,-1,-1,-1,-1,-1,0,-1,-1,-1,0,-1,9,-1,9,2,72,10,-1,-1,-1,-1,4,E01008172,0,1
2024430312736,2024,430312736,1,9,0,18,19,3,7,0,0,4,0,0,0,0,2,1,6,6,2,26,6,-1,-1,-1,-1,8,E01033519,0,1
2024531417263,2024,531417263,2,9,0,-1,3,2,6,-1,0,0,0,0,0,0,0,9,-1,6,-1,-1,-1,-1,-1,-1,-1,-1,-1,0,-1
2024351468673,2024,351468673,2,9,-1,-1,-1,-1,-1,-1,-1,0,-1,-1,-1,0,1,9,-1,9,1,66,10,-1,-1,-1,-1,2,E01018068,0,1
2024430605128,2024,430605128,2,9,0,18,19,4,8,0,0,5,0,0,0,0,1,1,6,6,2,-1,-1,-1,-1,-1,-1,-1,-1,0,-1
2024131395215,2024,131395215,1,9,0,-1,19,1,5,-1,0,1,0,0,0,0,1,1,-1,2,1,37,7,-1,-1,-1,-1,1,E01010755,0,2
2024041411657,2024,041411657,1,97,0,-1,19,1,5,-1,0,0,2,11,0,0,3,1,-1,9,1,42,7,-1,-1,-1,-1,1,E01024863,0,3
2024010522224,2024,010522224,2,1,0,18,19,7,3,9,9,1,0,0,0,0,1,1,6,6,1,10,2,-1,-1,-1,-1,5,E01002212,0,1
2024351538229,2024,351538229,1,-1,0,-1,19,-1,-1,-1,0,-1,2,0,0,0,-1,1,-1,6,1,-1,-1,-1,-1,-1,-1,-1,-1,1,-1
2024010536115,2024,010536115,1,9,0,99,99,9,9,99,99,9,9,99,9,99,1,9,6,6,1,24,5,-1,-1,-1,-1,2,E01000952,0,1
2024430104159,2024,430104159,1,1,0,18,19,3,7,0,0,6,0,0,0,0,1,1,6,6,2,40,7,-1,-1,-1,-1,-1,-1,0,-1
2024052402467,2024,052402467,1,19,0,18,19,5,1,0,0,8,0,0,0,0,1,1,6,6,3,35,6,-1,-1,-1,-1,-1,-1,0,-1
2024461526449,2024,461526449,1,9,0,-1,19,4,1,-1,0,0,0,0,0,0,3,9,-1,6,1,-1,-1,-1,-1,-1,-1,-1,-1,0,-1
2024061488472,2024,061488472,1,9,0,-1,19,4,8,-1,0,1,0,0,0,0,4,9,-1,6,3,-1,-1,-1,-1,-1,-1,-1,-1,0,-1
2024131458435,2024,131458435,1,9,0,-1,5,3,7,-1,0,4,0,0,0,0,0,1,-1,6,1,76,11,-1,-1,-1,-1,1,E01010663,0,3
2024421455343,2024,421455343,1,9,0,-1,19,2,6,-1,0,1,0,0,0,0,1,1,-1,6,1,79,11,-1,-1,-1,-1,6,E01021758,0,1
2024141524488,2024,141524488,2,9,0,-1,9,7,5,-1,0,2,0,0,0,0,3,1,-1,9,1,42,7,-1,-1,-1,-1,7,E01007621,0,1
2024010507752,2024,010507752,2,9,0,99,99,9,9,99,99,0,9,99,9,99,9,9,6,6,3,-1,-1,-1,-1,-1,-1,-1,-1,0,-1
2024010493193,2024,010493193,1,9,0,17,19,4,2,0,0,1,0,0,0,0,3,1,6,6,2,53,8,-1,-1,-1,-1,5,E01004232,0,1
2024010521032,2024,010521032,2,1,9,99,99,9,9,99,99,9,9,99,9,99,2,1,6,6,1,-1,-1,-1,-1,-1,-1,10,E01004478,0,1
2024440374117,2024,440374117,2,9,0,18,19,5,1,0,0,1,0,0,0,0,1,1,6,6,1,77,11,-1,-1,-1,-1,3,E01017360,0,4
2024052402730,2024,052402730,2,-1,0,18,19,5,1,0,0,1,0,0,0,0,3,1,2,2,2,24,5,-1,-1,-1,-1,1,E01006646,1,1
2024430530658,2024,430530658,2,9,0,18,19,8,4,0,0,4,0,0,0,0,3,1,6,6,1,35,6,-1,-1,-1,-1,-1,-1,0,-1
2024461522576,2024,461522576,1,9,0,-1,5,1,1,-1,0,3,0,0,0,0,0,1,-1,2,1,58,9,-1,-1,-1,-1,4,E01023997,0,3
2024340WN2932,2024,340WN2932,2,1,0,-1,19,3,7,-1,0,1,5,10,0,0,2,1,-1,6,1,36,7,-1,-1,-1,-1,3,E01027227,0,1
2024440103327,2024,440103327,2,19,0,2,2,0,0,0,0,0,0,0,0,0,2,1,6,6,3,-1,-1,-1,-1,-1,-1,-1,-1,0,-1
2024461532883,2024,461532883,4,19,0,-1,19,1,5,-1,0,0,0,0,0,0,1,2,-1,1,1,50,8,-1,-1,-1,-1,-1,-1,0,-1
2024351481758,2024,351481758,1,20,1,-1,9,5,1,-1,0,1,0,0,0,0,3,2,-1,1,1,56,9,-1,-1,-1,-1,-1,-1,0,-1
2024991476749,2024,991476749,2,9,0,-1,19,2,6,-1,0,0,0,0,2,0,3,1,-1,9,1,64,9,-1,-1,-1,-1,10,-1,0,4
2024332400907,2024,332400907,1,1,0,-1,19,6,2,-1,9,8,0,0,0,0,4,1,-1,2,1,48,8,-1,-1,-1,-1,6,E01025752,0,1
2024302400126,2024,302400126,2,4,0,18,19,5,1,0,0,1,0,0,0,0,4,1,2,2,1,24,5,-1,-1,-1,-1,3,E01034648,0,2
2024041427653,2024,041427653,2,9,0,-1,19,1,5,-1,0,1,0,0,0,0,3,1,-1,1,1,40,7,-1,-1,-1,-1,5,E01025085,0,1
2024010493788,2024,010493788,1,3,0,99,99,9,9,99,99,9,9,99,9,99,9,1,1,1,3,32,6,-1,-1,-1,-1,4,E01001484,0,2
2024131529972,2024,131529972,1,9,0,-1,19,7,3,-1,0,0,1,4,0,0,1,1,-1,6,2,18,4,-1,-1,-1,-1,4,E01010982,0,1
2024010547108,2024,010547108,2,9,0,99,99,9,9,99,99,9,9,99,9,99,1,9,6,6,3,-1,-1,-1,-1,-1,-1,-1,-1,0,-1
2024010493752,2024,010493752,1,9,0,4,4,1,5,0,0,2,0,0,0,0,1,1,6,6,1,40,7,-1,-1,-1,-1,4,E01000570,0,1
2024401417111,2024,401417111,2,1,0,-1,19,7,3,-1,0,1,0,0,0,0,1,1,-1,1,1,55,8,-1,-1,-1,-1,4,E01033827,0,1
2024991483777,2024,991483777,1,1,0,-1,5,1,5,-1,0,1,0,0,0,0,1,1,-1,6,1,43,7,-1,-1,-1,-1,2,-1,0,2
2024010492414,2024,010492414,2,9,0,18,19,1,5,0,0,6,0,0,0,0,0,1,6,6,1,67,10,-1,-1,-1,-1,6,E01002801,0,2
2024052402388,2024,052402388,1,90,0,18,19,3,7,0,0,0,1,0,0,0,0,1,6,6,3,17,4,-1,-1,-1,-1,5,E01006462,0,1
2024010529543,2024,010529543,1,11,9,99,99,9,9,99,99,0,9,99,9,99,9,9,6,6,3,-1,-1,-1,-1,-1,-1,-1,-1,0,-1
2024010528740,2024,010528740,2,1,9,99,99,9,9,99,99,9,9,99,9,99,2,1,6,6,3,-1,-1,-1,-1,-1,-1,-1,-1,0,-1
2024520401434,2024,520401434,1,9,0,18,19,1,5,0,0,8,0,0,0,0,1,1,6,6,1,27,6,-1,-1,-1,-1,4,E01029050,0,1
2024430270193,2024,430270193,1,9,0,18,19,7,3,0,0,1,0,0,0,0,1,1,6,6,1,-1,-1,-1,-1,-1,-1,-1,-1,0,-1
2024520001205,2024,520001205,1,9,0,18,19,1,5,0,0,0,0,0,7,10,1,1,6,6,1,37,7,-1,-1,-1,-1,10,E01014393,0,2
2024010524907,2024,010524907,2,9,0,99,99,9,9,99,99,9,9,99,9,99,1,9,6,6,3,-1,-1,-1,-1,-1,-1,-1,-1,0,-1
2024111440601,2024,111440601,2,9,0,-1,19,4,6,-1,0,2,0,0,1,0,3,1,-1,2,2,45,7,-1,-1,-1,-1,1,E01020816,0,3
2024010531586,2024,010531586,2,1,9,99,99,9,9,99,99,0,9,99,9,99,9,1,2,2,2,51,8,-1,-1,-1,-1,6,E01001652,0,1
2024430034910,2024,430034910,1,9,0,3,3,2,6,0,0,0,0,0,0,0,1,1,1,1,2,50,8,-1,-1,-1,-1,-1,-1,0,-1
2024010544591,2024,010544591,2,9,0,99,99,9,9,99,99,9,9,99,9,99,0,9,6,6,3,-1,-1,-1,-1,-1,-1,-1,-1,0,-1
2024010491030,2024,010491030,2,9,0,99,99,9,9,99,99,1,9,99,9,99,9,9,6,6,2,-1,-1,-1,-1,-1,-1,9,E01000261,0,1
2024131431898,2024,131431898,2,9,0,-1,-1,-1,-1,-1,0,1,-1,-1,-1,0,-1,1,-1,6,3,-1,-1,-1,-1,-1,-1,-1,-1,0,-1
2024440562573,2024,440562573,1,1,0,18,19,8,4,0,0,8,0,0,0,0,4,1,6,6,1,70,10,-1,-1,-1,-1,10,E01023270,0,1
2024010547605,2024,010547605,1,1,9,99,99,9,9,99,99,9,9,99,9,99,1,1,6,6,1,55,8,-1,-1,-1,-1,2,E01000083,0,1
2024010519517,2024,010519517,2,1,9,99,99,9,9,99,99,9,9,99,9,99,1,1,6,6,1,-1,-1,-1,-1,-1,-1,-1,-1,0,-1
2024440095697,2024,440095697,2,1,0,9,9,7,5,0,0,8,0,0,0,0,4,1,2,2,1,41,7,-1,-1,-1,-1,8,E01022760,0,2
2024141494224,2024,141494224,2,97,0,-1,19,7,3,-1,0,0,0,0,0,0,1,1,-1,6,1,-1,-1,-1,-1,-1,-1,6,E01007404,0,1
2024351402177,2024,351402177,2,1,0,-1,19,1,5,-1,0,8,0,0,0,0,1,1,-1,1,1,55,8,-1,-1,-1,-1,5,E01017947,0,1
2024061527967,2024,061527967,1,1,0,-1,19,2,7,-1,0,8,0,0,0,0,4,1,-1,9,1,12,3,-1,-1,-1,-1,-1,-1,0,-1
2024031501328,2024,031501328,2,1,0,-1,5,1,1,-1,0,1,2,0,0,0,1,1,-1,2,1,15,3,-1,-1,-1,-1,-1,-1,0,-1
2024010540167,2024,010540167,1,1,9,18,19,9,9,99,99,0,9,99,9,99,1,1,2,2,1,52,8,-1,-1,-1,-1,9,E01002378,0,2
2024010540190,2024,010540190,1,1,9,99,99,9,9,99,99,9,9,99,9,99,1,1,2,2,1,46,8,-1,-1,-1,-1,1,E01001210,0,1
2024201463967,2024,201463967,2,1,0,-1,19,1,5,-1,0,8,0,0,0,0,1,1,-1,9,1,13,3,-1,-1,-1,-1,10,E01009705,0,1
2024111489841,2024,111489841,2,1,0,-1,19,2,8,-1,0,1,0,0,0,0,1,1,-1,9,1,66,10,-1,-1,-1,-1,2,E01020672,0,1
2024010547444,2024,010547444,1,1,9,99,99,9,9,99,99,0,9,99,9,99,9,1,6,6,1,27,6,-1,-1,-1,-1,5,E01001007,0,1
2024201503870,2024,201503870,2,9,0,-1,19,4,8,-1,0,8,0,0,0,0,3,9,-1,2,2,29,6,-1,-1,-1,-1,8,E01010357,0,2
2024010494567,2024,010494567,1,9,9,99,99,9,9,99,99,9,9,99,9,99,2,9,6,6,1,46,8,-1,-1,-1,-1,2,E01003390,0,1
2024041455059,2024,041455059,1,9,0,-1,7,5,7,-1,0,6,0,0,0,0,1,2,-1,9,1,29,6,-1,-1,-1,-1,1,E01012596,0,1
2024010488177,2024,010488177,2,9,0,99,99,9,9,99,99,9,9,99,9,99,1,9,6,6,3,-1,-1,-1,-1,-1,-1,-1,-1,0,-1
2024010489320,2024,010489320,1,9,0,3,3,7,3,0,0,0,0,0,0,0,2,1,6,6,2,30,6,-1,-1,-1,-1,1,E01001562,0,1
2024340NN2662,2024,340NN2662,2,9,0,-1,2,0,0,-1,0,0,0,0,0,0,3,1,-1,6,3,-1,-1,-1,-1,-1,-1,-1,-1,0,-1
2024161452169,2024,161452169,2,9,0,-1,19,3,7,-1,0,1,0,0,0,0,1,1,-1,6,1,81,11,-1,-1,-1,-1,10,E01013067,0,1
2024332400466,2024,332400466,1,3,0,-1,19,6,2,-1,0,8,1,0,0,0,4,1,-1,2,1,27,6,-1,-1,-1,-1,7,E01025690,0,1
2024161535970,2024,161535970,1,1,0,-1,19,5,1,-1,4,1,0,0,0,0,1,1,-1,6,3,-1,-1,-1,-1,-1,-1,-1,-1,0,-1
2024131499914,2024,131499914,1,9,0,-1,-1,-1,-1,-1,-1,-1,-1,-1,-1,-1,-1,1,-1,6,3,-1,-1,-1,-1,-1,-1,-1,-1,0,-1
2024501443442,2024,501443442,1,19,0,-1,19,7,3,-1,0,0,0,0,0,0,4,1,-1,6,3,-1,-1,-1,-1,-1,-1,-1,-1,0,-1
2024440343813,2024,440343813,2,1,0,18,19,3,7,0,0,8,0,0,0,0,4,1,1,1,1,26,6,-1,-1,-1,-1,-1,-1,0,-1
2024520402468,2024,520402468,1,1,0,16,19,8,2,0,0,0,0,0,7,11,1,1,6,6,1,75,10,-1,-1,-1,-1,6,E01029269,0,4
2024311454996,2024,311454996,1,97,0,-1,19,7,7,-1,0,0,2,0,0,0,1,1,-1,9,1,15,3,-1,-1,-1,-1,1,E01013868,0,1
2024421495314,2024,421495314,1,-1,0,-1,19,1,5,-1,9,0,0,0,0,0,1,1,-1,6,2,37,7,-1,-1,-1,-1,1,E01016006,1,1
2024520401265,2024,520401265,1,1,0,18,19,3,7,0,0,0,0,0,0,0,1,1,6,6,2,28,6,-1,-1,-1,-1,3,E01029233,0,1
2024201482174,2024,201482174,2,1,0,-1,19,4,7,-1,0,8,0,0,0,0,2,1,-1,6,1,29,6,-1,-1,-1,-1,1,E01009510,0,2
2024421471635,2024,421471635,1,99,0,-1,19,7,3,-1,0,0,0,0,0,0,4,9,-1,6,3,-1,-1,-1,-1,-1,-1,-1,-1,0,-1
2024101502827,2024,101502827,1,11,0,-1,4,5,1,-1,0,1,0,0,0,0,0,1,-1,1,1,57,9,-1,-1,-1,-1,2,E01008253,0,1
2024061535032,2024,061535032,2,1,-1,-1,-1,-1,-1,-1,-1,0,-1,-1,-1,0,-1,1,-1,9,1,9,2,-1,-1,-1,-1,1,E01004850,0,1
2024010541233,2024,010541233,2,1,0,18,19,3,7,0,0,1,0,0,0,0,1,1,6,6,1,34,6,-1,-1,-1,-1,9,E01002333,0,2
2024211436408,2024,211436408,2,1,0,-1,19,8,4,-1,0,0,0,0,0,0,1,1,-1,6,1,13,3,-1,-1,-1,-1,1,E01014317,0,1
2024010509943,2024,010509943,4,9,0,2,2,0,0,0,0,2,0,0,0,0,0,1,6,6,3,-1,-1,-1,-1,-1,-1,-1,-1,0,-1
2024010488612,2024,010488612,2,11,0,18,19,1,5,0,0,0,0,0,0,0,3,1,6,6,1,34,6,-1,-1,-1,-1,3,E01003630,0,1
2024311453398,2024,311453398,2,1,0,-1,19,4,8,-1,9,8,0,0,0,0,3,1,-1,6,1,29,6,-1,-1,-1,-1,5,E01035503,0,1
2024010502974,2024,010502974,1,90,0,99,99,9,9,99,99,9,9,99,9,99,1,9,6,6,3,-1,-1,-1,-1,-1,-1,-1,-1,0,-1
2024010517458,2024,010517458,2,1,0,18,19,3,7,0,0,8,0,0,0,0,1,1,3,7,2,44,7,-1,-1,-1,-1,7,E01003064,0,1
2024371465231,2024,371465231,2,1,0,-1,19,1,5,-1,0,0,5,0,0,0,2,1,-1,6,1,24,5,-1,-1,-1,-1,8,E01029901,0,1
2024010493306,2024,010493306,1,8,0,4,4,1,5,0,0,4,0,4,0,0,3,1,1,1,1,62,9,-1,-1,-1,-1,5,E01000170,0,4
2024340NN2172,2024,340NN2172,2,9,0,-1,3,7,3,-1,0,2,0,0,0,0,2,1,-1,2,1,66,10,-1,-1,-1,-1,9,E01027116,0,3
2024010491886,2024,010491886,1,1,9,99,99,9,9,99,99,9,9,99,9,99,9,1,6,6,3,33,6,-1,-1,-1,-1,4,E01003214,0,1
2024041404871,2024,041404871,2,1,0,-1,9,5,3,-1,0,0,0,0,0,0,2,1,-1,2,1,59,9,-1,-1,-1,-1,9,E01025328,0,2
2024070335256,2024,070335256,1,1,0,18,19,5,1,9,9,0,0,0,0,0,1,1,6,6,1,-1,-1,-1,-1,-1,-1,-1,-1,0,-1
2024520000158,2024,520000158,1,19,0,9,9,1,6,0,0,8,0,0,0,0,2,1,6,6,1,64,9,-1,-1,-1,-1,4,E01014469,0,3
2024531418535,2024,531418535,2,22,0,-1,5,5,1,-1,4,8,5,0,0,0,4,1,-1,9,2,54,8,-1,-1,-1,-1,5,E01022334,0,1
2024501406583,2024,501406583,1,97,0,-1,19,2,6,-1,0,0,2,0,0,0,-1,1,-1,6,3,24,5,-1,-1,-1,-1,1,E01015058,0,1
2024311431453,2024,311431453,1,9,0,-1,19,0,0,-1,0,0,0,0,0,0,0,1,-1,6,3,47,8,-1,-1,-1,-1,-1,-1,0,-1
2024451494191,2024,451494191,1,22,0,-1,5,8,4,-1,9,2,0,0,0,0,1,1,-1,9,1,80,11,-1,-1,-1,-1,5,E01030658,0,1
2024010516144,2024,010516144,1,1,9,99,99,9,9,99,99,9,9,99,9,99,1,1,2,2,2,24,5,-1,-1,-1,-1,3,E01001956,0,1
2024010511100,2024,010511100,2,1,0,18,19,4,8,0,0,8,0,0,0,0,1,1,2,2,1,36,7,-1,-1,-1,-1,7,E01001937,0,2
2024010518773,2024,010518773,2,9,0,99,99,9,9,99,99,9,9,99,9,99,1,9,6,6,1,21,5,-1,-1,-1,-1,6,E01032780,0,1
2024010533221,2024,010533221,1,1,0,18,19,1,5,0,0,1,0,0,0,0,4,1,2,2,2,25,5,-1,-1,-1,-1,9,E01002108,0,3
2024010519547,2024,010519547,1,9,0,99,99,9,9,99,99,9,9,99,9,99,1,9,6,6,3,-1,-1,-1,-1,-1,-1,-1,-1,0,-1
2024141441261,2024,141441261,2,9,0,-1,2,0,0,-1,0,2,0,0,0,0,2,1,-1,6,-1,-1,-1,-1,-1,-1,-1,-1,-1,0,-1
2024201399600,2024,201399600,2,1,0,-1,19,8,4,-1,0,8,5,0,0,0,1,1,-1,2,1,41,7,-1,-1,-1,-1,9,E01010183,0,2
2024531422437,2024,531422437,1,98,0,-1,19,5,1,-1,0,0,5,0,1,0,1,1,-1,1,2,25,5,-1,-1,-1,-1,1,E01014463,0,4
2024440181902,2024,440181902,1,1,0,18,19,6,2,0,0,0,0,0,0,0,1,1,6,6,1,47,8,-1,-1,-1,-1,1,E01017207,0,1
2024041433655,2024,041433655,1,9,0,-1,5,-1,-1,-1,-1,8,0,0,-1,0,0,9,-1,6,3,-1,-1,-1,-1,-1,-1,-1,-1,0,-1
2024061517741,2024,061517741,1,9,9,-1,99,-1,-1,-1,99,0,9,99,0,0,1,1,-1,6,3,-1,-1,-1,-1,-1,-1,-1,-1,0,-1
2024141547344,2024,141547344,3,9,0,-1,19,3,8,-1,0,3,0,0,0,0,4,9,-1,6,3,-1,-1,-1,-1,-1,-1,-1,-1,0,-1
2024131460518,2024,131460518,1,9,0,-1,19,7,3,-1,0,8,0,0,0,0,1,1,-1,6,1,48,8,-1,-1,-1,-1,1,E01010830,0,1
2024320130881,2024,320130881,5,9,0,-1,-1,2,6,0,0,0,0,0,0,0,3,1,6,6,2,44,7,-1,-1,-1,-1,-1,-1,0,-1
2024010495412,2024,010495412,2,1,0,18,19,1,5,0,0,0,0,0,0,0,1,1,6,6,1,45,7,-1,-1,-1,-1,10,E01002924,0,1
2024411482274,2024,411482274,1,9,0,-1,19,5,1,-1,0,1,0,0,0,0,1,1,-1,2,1,35,6,-1,-1,-1,-1,9,E01023712,0,2
2024141412346,2024,141412346,2,1,0,-1,5,7,1,-1,0,2,0,0,0,0,1,1,-1,2,1,54,8,-1,-1,-1,-1,2,E01007855,0,1
2024221470107,2024,221470107,2,1,0,-1,15,5,1,-1,0,0,0,0,0,0,3,1,-1,6,1,72,10,-1,-1,-1,-1,-1,-1,0,-1
2024010543019,2024,010543019,1,1,0,18,19,6,2,0,0,1,0,0,0,0,1,1,1,1,1,44,7,-1,-1,-1,-1,2,E01033602,0,1
2024610022124,2024,610022124,2,-1,0,5,5,8,4,0,0,0,0,0,0,0,1,1,6,6,1,10,2,-1,-1,-1,-1,4,W01001405,1,1