collision_index,collision_year,collision_ref_no,vehicle_reference,vehicle_type,towing_and_articulation,vehicle_manoeuvre_historic,vehicle_manoeuvre,vehicle_direction_from,vehicle_direction_to,vehicle_location_restricted_lane_historic,vehicle_location_restricted_lane,junction_location,skidding_and_overturning,hit_object_in_carriageway,vehicle_leaving_carriageway,hit_object_off_carriageway,first_point_of_impact,vehicle_left_hand_drive,journey_purpose_of_driver_historic,journey_purpose_of_driver,sex_of_driver,age_of_driver,age_band_of_driver,engine_capacity_cc,propulsion_code,age_of_vehicle,generic_make_model,driver_imd_decile,lsoa_of_driver,escooter_flag,driver_distance_banding
2024010531569,2024,010531569,3,3,0,18,19,5,1,0,0,3,0,0,0,0,0,1,6,6,1,71,10,-1,-1,-1,-1,5,E01002118,0,1
2024122500325,2024,122500325,2,9,0,3,3,5,1,0,0,1,0,0,0,0,1,1,6,6,1,38,7,-1,-1,-1,-1,8,E01027759,0,1
2024052401679,2024,052401679,2,1,0,4,4,1,5,0,0,0,0,0,0,0,0,1,6,6,1,62,9,-1,-1,-1,-1,6,E01006420,0,1
2024070641488,2024,070641488,1,9,0,18,19,6,2,0,0,0,0,0,0,11,3,1,6,6,1,65,9,-1,-1,-1,-1,-1,-1,0,-1
2024010509939,2024,010509939,1,9,0,-1,-1,1,5,0,0,2,1,0,0,0,4,1,6,6,3,-1,-1,-1,-1,-1,-1,-1,-1,0,-1
2024010527685,2024,010527685,1,1,0,99,99,9,9,0,0,8,0,99,9,0,9,1,6,6,2,24,5,-1,-1,-1,-1,-1,-1,0,-1
2024471452941,2024,471452941,2,1,0,-1,19,8,6,-1,0,8,0,0,0,0,2,1,-1,6,1,49,8,-1,-1,-1,-1,10,E01031621,0,2
2024991505132,2024,991505132,2,1,0,-1,4,3,5,-1,0,6,0,0,0,0,2,1,-1,9,2,59,9,-1,-1,-1,-1,5,-1,0,1
2024010526419,2024,010526419,2,1,0,18,19,3,7,0,0,8,0,0,0,0,4,1,6,6,1,49,8,-1,-1,-1,-1,4,E01003916,0,3
2024101448351,2024,101448351,2,1,0,-1,19,4,8,-1,0,8,0,0,0,0,1,1,-1,6,1,17,4,-1,-1,-1,-1,-1,-1,0,-1
2024340NN2142,2024,340NN2142,2,9,0,-1,3,1,4,-1,0,4,0,0,0,0,2,1,-1,9,2,45,7,-1,-1,-1,-1,10,E01027121,0,1
202454F164724,2024,54F164724,2,1,0,18,19,1,5,2,2,8,0,0,0,0,1,1,6,6,1,40,7,-1,-1,-1,-1,9,E01033848,0,1
2024041476668,2024,041476668,1,98,0,-1,1,3,7,-1,0,0,0,0,0,0,2,1,-1,6,1,69,10,-1,-1,-1,-1,2,E01025124,0,1
202454E000824,2024,54E000824,1,9,0,18,19,2,6,0,0,0,0,0,0,0,1,1,6,6,1,43,7,-1,-1,-1,-1,-1,-1,0,-1
2024061574620,2024,061574620,1,19,0,-1,1,5,1,-1,0,8,0,0,0,0,2,9,-1,1,1,56,9,-1,-1,-1,-1,-1,-1,0,-1
2024440402710,2024,440402710,1,1,0,18,19,7,3,0,0,4,0,0,0,0,1,1,6,6,1,35,6,-1,-1,-1,-1,5,E01017084,0,1
2024010489681,2024,010489681,2,9,9,99,99,9,9,99,99,9,9,99,9,99,9,9,6,6,2,20,4,-1,-1,-1,-1,8,E01000366,0,1
2024131441289,2024,131441289,2,23,0,-1,19,1,5,-1,0,1,0,0,0,0,1,1,-1,9,1,19,4,-1,-1,-1,-1,3,E01010984,0,1
2024010494248,2024,010494248,2,19,0,18,19,7,3,0,0,1,0,0,0,0,1,1,1,1,1,45,7,-1,-1,-1,-1,2,E01002073,0,3
2024522402437,2024,522402437,2,9,0,11,11,1,5,0,0,1,0,0,0,0,4,1,6,6,3,-1,-1,-1,-1,-1,-1,-1,-1,0,-1
2024430181132,2024,430181132,1,5,0,10,10,5,2,0,0,1,0,0,0,0,2,1,2,2,1,57,9,-1,-1,-1,-1,5,E01017902,0,1
2024010502570,2024,010502570,2,1,0,5,5,3,7,0,0,6,0,0,0,0,4,1,6,6,1,18,4,-1,-1,-1,-1,5,E01003195,0,1
2024201443083,2024,201443083,2,1,0,-1,19,2,6,-1,0,0,0,0,0,0,2,1,-1,6,1,25,5,-1,-1,-1,-1,3,E01010099,0,1
2024211478058,2024,211478058,1,1,0,-1,3,7,3,-1,0,1,0,0,0,0,1,1,-1,9,1,13,3,-1,-1,-1,-1,1,E01014368,0,1
2024361447530,2024,361447530,1,1,0,-1,-1,-1,-1,-1,-1,2,0,-1,-1,0,2,1,-1,9,1,28,6,-1,-1,-1,-1,8,E01026855,0,1
2024631464561,2024,631464561,1,5,0,-1,19,1,6,-1,0,8,0,0,0,0,3,1,-1,9,1,33,6,-1,-1,-1,-1,5,E01025401,0,5
2024070297878,2024,070297878,2,9,0,18,19,8,4,0,0,1,0,0,0,0,1,1,6,6,2,65,9,-1,-1,-1,-1,-1,-1,0,-1
2024991409095,2024,991409095,3,21,4,-1,19,7,3,-1,0,0,0,0,0,0,3,1,-1,1,1,69,10,-1,-1,-1,-1,8,-1,0,5
2024070929715,2024,070929715,1,9,0,-1,14,1,1,-1,0,1,0,7,0,1,1,1,-1,6,3,30,6,-1,-1,-1,-1,2,E01006722,0,4
2024451509101,2024,451509101,2,1,0,-1,5,5,1,-1,0,4,5,0,0,0,4,1,-1,6,1,43,7,-1,-1,-1,-1,10,E01030922,0,1
2024221435704,2024,221435704,2,1,0,-1,19,1,5,-1,0,0,0,0,0,0,3,1,-1,6,1,14,3,-1,-1,-1,-1,2,E01032265,0,1
2024440272537,2024,440272537,2,17,0,1,1,8,4,0,0,1,5,0,0,0,3,1,1,1,1,47,8,-1,-1,-1,-1,5,E01022939,0,2
2024131436531,2024,131436531,1,9,0,-1,12,5,1,-1,0,0,0,0,0,0,-1,1,-1,6,3,-1,-1,-1,-1,-1,-1,-1,-1,0,-1
2024471510150,2024,471510150,2,1,0,-1,19,3,7,-1,0,8,5,0,0,0,1,1,-1,1,1,32,6,-1,-1,-1,-1,2,E01016945,0,1
2024010502110,2024,010502110,1,9,0,11,11,7,3,0,0,0,0,0,0,0,2,1,6,6,1,22,5,-1,-1,-1,-1,3,E01004267,0,2
2024522401978,2024,522401978,2,1,0,18,19,6,2,0,0,8,0,0,0,0,1,1,6,6,2,32,6,-1,-1,-1,-1,7,E01014709,0,1
2024052400990,2024,052400990,1,9,0,7,7,5,8,0,0,0,0,0,0,0,1,1,6,6,1,37,7,-1,-1,-1,-1,1,E01007003,0,2
2024471473620,2024,471473620,2,9,0,-1,19,1,5,-1,0,0,0,0,0,0,2,1,-1,9,1,45,7,-1,-1,-1,-1,6,E01030857,0,4
2024122401260,2024,122401260,2,1,0,18,19,6,2,0,0,0,0,0,0,0,3,1,4,7,1,12,3,-1,-1,-1,-1,8,E01013343,0,1
2024522402014,2024,522402014,1,19,0,18,19,3,7,0,0,0,0,8,0,0,4,1,6,6,3,-1,-1,-1,-1,-1,-1,-1,-1,0,-1
2024301402226,2024,301402226,1,9,0,-1,19,5,1,-1,0,0,0,0,0,0,1,1,-1,1,1,44,7,-1,-1,-1,-1,10,E01025872,0,4
2024332400860,2024,332400860,2,9,0,-1,19,9,9,-1,0,2,0,0,0,0,3,1,-1,6,3,-1,-1,-1,-1,-1,-1,-1,-1,0,-1
2024631422569,2024,631422569,2,9,0,-1,19,7,2,-1,0,0,0,0,0,0,3,1,-1,1,2,17,4,-1,-1,-1,-1,6,W01000709,0,1
2024332501214,2024,332501214,1,9,0,-1,19,8,4,-1,0,8,0,0,0,0,1,1,-1,9,2,73,10,-1,-1,-1,-1,10,E01031175,0,3
2024411462716,2024,411462716,3,9,0,-1,19,1,5,-1,0,0,0,0,0,0,0,1,-1,6,-1,-1,-1,-1,-1,-1,-1,-1,-1,0,-1
2024010529510,2024,010529510,1,1,9,99,99,9,9,99,99,0,9,99,9,99,9,1,2,2,1,39,7,-1,-1,-1,-1,2,E01032744,0,3
2024141397963,2024,141397963,1,9,0,-1,7,5,6,-1,0,1,0,0,0,0,1,9,-1,6,3,-1,-1,-1,-1,-1,-1,-1,-1,0,-1
2024332400853,2024,332400853,2,9,0,-1,2,0,0,-1,9,8,0,0,0,0,4,1,-1,6,1,42,7,-1,-1,-1,-1,8,E01025643,0,1
2024440494794,2024,440494794,2,19,0,11,11,7,3,0,0,8,0,0,0,0,2,1,6,6,1,51,8,-1,-1,-1,-1,3,E01017104,0,3
202454D650724,2024,54D650724,2,1,0,9,9,7,5,0,0,8,0,0,0,0,2,1,6,6,1,28,6,-1,-1,-1,-1,9,E01032711,0,2
2024122400607,2024,122400607,1,1,0,16,19,7,1,0,0,8,0,0,0,0,1,1,6,6,1,39,7,-1,-1,-1,-1,3,E01027749,0,1
2024430442896,2024,430442896,2,1,0,18,19,3,7,0,0,8,0,0,0,0,3,1,6,6,1,-1,-1,-1,-1,-1,-1,-1,-1,0,-1
2024010491253,2024,010491253,1,1,9,99,99,9,9,99,99,9,9,99,9,99,9,1,6,6,1,51,8,-1,-1,-1,-1,6,E01003033,0,1
202460Q086119,2024,60Q086119,2,1,0,18,19,5,1,0,0,0,0,0,0,0,4,1,6,6,1,22,5,-1,-1,-1,-1,-1,-1,0,-1
2024010542882,2024,010542882,2,90,0,18,19,3,7,0,0,1,0,0,0,0,1,1,6,6,1,25,5,-1,-1,-1,-1,9,E01004694,0,1
2024371422830,2024,371422830,1,9,0,-1,11,7,3,-1,-1,0,0,0,0,0,1,1,-1,6,1,28,6,-1,-1,-1,-1,7,E01000300,0,4
2024010550038,2024,010550038,2,1,0,18,19,7,3,5,5,1,0,0,0,0,1,1,2,2,1,50,8,-1,-1,-1,-1,9,E01016600,0,4
2024991464082,2024,991464082,1,1,0,-1,19,7,3,-1,2,0,0,0,0,0,1,1,-1,6,1,52,8,-1,-1,-1,-1,5,-1,0,1
2024010496066,2024,010496066,2,9,9,99,99,9,9,99,99,6,9,99,9,99,4,9,6,6,3,-1,-1,-1,-1,-1,-1,-1,-1,0,-1
2024461433529,2024,461433529,1,9,0,-1,19,3,7,-1,0,0,0,0,0,0,1,9,-1,6,3,-1,-1,-1,-1,-1,-1,-1,-1,0,-1
2024010544413,2024,010544413,2,9,0,99,99,9,9,99,99,9,9,99,9,99,1,9,6,6,3,-1,-1,-1,-1,-1,-1,-1,-1,0,-1
2024520401090,2024,520401090,1,9,0,18,19,1,5,0,0,0,1,0,1,4,1,1,6,6,1,49,8,-1,-1,-1,-1,10,E01014435,0,4
2024141398791,2024,141398791,1,1,0,-1,19,2,6,-1,0,0,0,0,0,0,2,1,-1,2,1,44,7,-1,-1,-1,-1,2,E01007998,0,1
2024332400814,2024,332400814,1,9,0,-1,7,3,5,-1,0,5,0,0,0,0,1,1,-1,6,3,-1,-1,-1,-1,-1,-1,-1,-1,0,-1
2024052401219,2024,052401219,1,9,0,18,19,8,4,0,0,0,0,0,0,0,1,1,6,6,3,-1,-1,-1,-1,-1,-1,-1,-1,0,-1
2024010531561,2024,010531561,2,1,0,18,19,1,5,0,0,1,0,0,0,0,2,1,2,2,1,53,8,-1,-1,-1,-1,1,E01002732,0,1
202460Q176840,2024,60Q176840,3,9,0,18,19,7,3,0,0,0,0,0,0,0,3,1,6,6,1,31,6,-1,-1,-1,-1,-1,-1,0,-1
2024544543924,2024,544543924,2,1,0,18,19,3,7,0,0,0,0,0,0,0,2,1,6,6,1,35,6,-1,-1,-1,-1,8,E01034525,0,2
2024061519395,2024,061519395,1,9,0,-1,19,5,1,-1,0,0,0,0,0,0,1,9,-1,6,3,-1,-1,-1,-1,-1,-1,-1,-1,0,-1
2024201485685,2024,201485685,1,9,0,-1,9,6,3,-1,0,6,0,0,0,0,1,1,-1,2,2,30,6,-1,-1,-1,-1,1,E01008941,0,1
2024461433972,2024,461433972,1,19,0,-1,19,5,1,-1,0,0,0,0,0,0,4,9,-1,6,3,-1,-1,-1,-1,-1,-1,-1,-1,0,-1
2024451403096,2024,451403096,2,9,0,-1,19,3,5,-1,0,4,0,0,0,0,1,1,-1,6,3,30,6,-1,-1,-1,-1,-1,-1,0,-1
2024520500217,2024,520500217,2,9,0,7,7,2,4,0,0,2,0,0,0,0,4,1,6,6,3,-1,-1,-1,-1,-1,-1,-1,-1,0,-1
2024061406775,2024,061406775,3,9,-1,-1,19,8,4,-1,0,8,0,0,0,0,0,9,-1,6,3,-1,-1,-1,-1,-1,-1,-1,-1,0,-1
2024440130872,2024,440130872,2,-1,0,18,19,6,2,0,0,1,0,0,0,0,1,1,6,6,3,-1,-1,-1,-1,-1,-1,-1,-1,1,-1
2024010538406,2024,010538406,2,1,0,10,10,8,6,4,4,1,0,0,0,0,1,1,2,2,1,43,7,-1,-1,-1,-1,9,E01001905,0,1
2024010533131,2024,010533131,1,1,0,5,5,5,1,4,4,0,0,0,0,0,1,1,6,6,1,69,10,-1,-1,-1,-1,5,E01002302,0,1
2024010536712,2024,010536712,2,9,0,18,19,1,5,0,0,0,0,0,0,0,0,1,6,6,1,24,5,-1,-1,-1,-1,4,E01002425,0,2
2024010494338,2024,010494338,1,9,0,99,99,9,9,99,99,9,9,99,9,99,4,9,6,6,3,-1,-1,-1,-1,-1,-1,10,E01016687,0,4
2024211493594,2024,211493594,1,9,0,-1,2,0,0,-1,0,0,0,0,0,0,4,1,-1,6,1,42,7,-1,-1,-1,-1,8,E01034050,0,1
2024041426513,2024,041426513,1,1,0,-1,19,3,7,-1,9,8,0,0,0,0,1,1,-1,9,1,35,6,-1,-1,-1,-1,1,E01024885,0,1
2024201504074,2024,201504074,2,9,0,-1,5,4,7,-1,0,4,0,0,0,0,3,1,-1,2,2,32,6,-1,-1,-1,-1,3,E01009199,0,1
2024010505190,2024,010505190,1,3,9,18,19,5,1,0,0,0,9,99,9,99,9,1,6,6,3,-1,-1,-1,-1,-1,-1,-1,-1,0,-1
2024430538730,2024,430538730,1,9,0,7,7,8,2,0,0,6,0,0,0,0,1,1,6,6,1,58,9,-1,-1,-1,-1,-1,-1,0,-1
2024010493767,2024,010493767,1,9,0,9,9,7,6,0,0,1,0,0,0,0,1,1,6,6,2,48,8,-1,-1,-1,-1,2,E01004003,0,1
2024131481817,2024,131481817,1,9,0,-1,19,1,5,-1,0,8,0,0,0,0,1,1,-1,1,1,45,7,-1,-1,-1,-1,7,E01011938,0,4
2024231473935,2024,231473935,1,9,0,-1,5,1,5,-1,0,6,0,0,0,0,1,9,-1,6,2,40,7,-1,-1,-1,-1,-1,-1,0,-1
2024010499870,2024,010499870,2,1,0,18,19,5,1,0,0,8,0,0,0,0,1,1,2,2,1,36,7,-1,-1,-1,-1,2,E01001653,0,1
2024010493617,2024,010493617,2,19,9,99,99,9,9,99,99,9,9,99,9,99,9,9,6,6,3,56,9,-1,-1,-1,-1,8,E01024053,0,4
2024430281258,2024,430281258,2,-1,0,18,19,8,2,0,0,8,0,0,0,0,1,1,6,6,1,38,7,-1,-1,-1,-1,3,E01017665,1,1
2024320648133,2024,320648133,2,9,0,9,9,4,2,0,0,8,0,0,0,0,1,1,-1,-1,2,41,7,-1,-1,-1,-1,4,E01026389,0,1
2024010490358,2024,010490358,2,9,0,99,99,9,9,99,99,9,9,99,9,99,9,9,6,6,3,-1,-1,-1,-1,-1,-1,-1,-1,0,-1
2024161455868,2024,161455868,2,19,0,-1,19,8,4,-1,0,0,0,0,0,0,0,9,-1,6,-1,-1,-1,-1,-1,-1,-1,-1,-1,0,-1
2024340WN0812,2024,340WN0812,1,1,0,-1,19,6,2,-1,0,6,0,0,0,0,1,1,-1,6,1,24,5,-1,-1,-1,-1,2,E01027249,0,1
2024010496300,2024,010496300,2,19,0,1,1,9,9,99,99,1,9,99,9,99,2,9,6,6,3,-1,-1,-1,-1,-1,-1,-1,-1,0,-1
2024010507148,2024,010507148,2,1,0,18,19,1,5,0,0,2,0,0,0,0,2,1,2,2,1,32,6,-1,-1,-1,-1,5,E01003247,0,3
2024010543653,2024,010543653,1,1,9,99,99,9,9,99,99,9,9,99,9,99,9,1,6,6,1,33,6,-1,-1,-1,-1,8,E01001985,0,1
2024101476883,2024,101476883,1,9,0,-1,19,8,4,-1,0,1,0,0,0,0,1,9,-1,6,1,35,6,-1,-1,-1,-1,-1,-1,0,-1
2024440547754,2024,440547754,1,1,0,18,19,7,3,0,0,0,0,0,0,0,0,1,6,6,1,78,11,-1,-1,-1,-1,7,E01020357,0,2
2024010488212,2024,010488212,1,3,9,99,99,9,9,99,99,1,9,99,9,99,9,1,6,6,3,29,6,-1,-1,-1,-1,5,E01032567,0,1
2024010515916,2024,010515916,2,1,0,18,19,5,1,0,0,6,2,0,0,0,1,1,6,6,2,24,5,-1,-1,-1,-1,8,E01004472,0,1
2024201489650,2024,201489650,1,1,0,-1,19,4,7,-1,0,0,0,0,0,0,1,1,-1,6,1,34,6,-1,-1,-1,-1,2,E01010381,0,1
2024461502351,2024,461502351,2,1,0,-1,19,5,1,-1,0,1,0,0,0,0,2,1,-1,1,1,49,8,-1,-1,-1,-1,1,E01024498,0,1
2024101423701,2024,101423701,2,9,0,-1,4,3,1,-1,0,1,0,0,0,0,1,1,-1,9,1,65,9,-1,-1,-1,-1,4,E01008211,0,2
2024311529760,2024,311529760,2,1,0,-1,5,8,4,-1,0,1,0,0,0,0,3,1,-1,6,1,21,5,-1,-1,-1,-1,-1,-1,0,-1
2024131394088,2024,131394088,1,9,0,-1,19,7,3,-1,0,0,0,0,0,0,1,1,-1,9,2,22,5,-1,-1,-1,-1,8,E01011929,0,3
2024522500172,2024,522500172,1,1,0,18,19,6,2,0,0,8,0,0,0,0,1,1,6,6,2,25,5,-1,-1,-1,-1,6,E01014563,0,1
2024010501258,2024,010501258,2,1,0,18,19,1,5,0,0,1,5,0,0,0,2,1,6,6,1,26,6,-1,-1,-1,-1,5,E01004061,0,2
2024041523363,2024,041523363,1,9,0,-1,19,1,8,-1,0,0,0,0,0,0,1,1,-1,6,3,-1,-1,-1,-1,-1,-1,-1,-1,0,-1
2024010516624,2024,010516624,1,9,0,99,99,9,9,99,99,9,9,99,9,99,2,9,6,6,1,36,7,-1,-1,-1,-1,2,E01002615,0,3
2024451502632,2024,451502632,1,9,0,-1,12,7,5,-1,9,5,0,0,0,0,1,9,-1,6,2,55,8,-1,-1,-1,-1,-1,-1,0,-1
2024991499116,2024,991499116,2,1,0,-1,9,6,4,-1,0,8,0,0,0,0,1,1,-1,9,1,35,6,-1,-1,-1,-1,9,-1,0,1
2024010520924,2024,010520924,2,9,0,6,6,3,3,0,0,1,0,0,0,0,1,1,6,6,1,58,9,-1,-1,-1,-1,3,E01001672,0,3
2024070175542,2024,070175542,1,9,0,18,19,3,7,0,0,0,0,0,7,0,1,1,6,6,1,31,6,-1,-1,-1,-1,2,E01012391,0,1
2024302400455,2024,302400455,1,-1,0,18,19,3,7,0,0,0,1,0,0,0,3,1,6,6,1,14,3,-1,-1,-1,-1,1,E01019509,1,1
2024070785013,2024,070785013,2,1,0,-1,19,8,4,-1,0,1,0,0,0,0,1,9,-1,6,1,52,8,-1,-1,-1,-1,3,E01012539,0,1
2024221438809,2024,221438809,2,1,0,-1,19,4,8,-1,0,8,0,0,0,0,4,1,-1,6,1,56,9,-1,-1,-1,-1,4,E01014169,0,1
2024430558693,2024,430558693,1,9,0,11,11,7,1,0,0,2,0,0,0,0,2,1,6,6,2,70,10,-1,-1,-1,-1,8,E01016795,0,2
2024010524045,2024,010524045,1,1,9,99,99,9,9,99,99,9,9,99,9,99,1,1,2,2,1,31,6,-1,-1,-1,-1,2,E01001828,0,1
2024010540841,2024,010540841,1,3,0,99,99,9,9,99,99,9,9,99,9,99,1,1,6,6,3,-1,-1,-1,-1,-1,-1,-1,-1,0,-1
2024471531005,2024,471531005,2,1,0,-1,19,3,7,-1,0,8,0,0,0,0,3,1,-1,7,2,16,4,-1,-1,-1,-1,2,E01034826,0,1
2024451428437,2024,451428437,2,9,0,-1,19,1,5,-1,0,0,0,0,0,0,0,9,-1,6,1,20,4,-1,-1,-1,-1,-1,-1,0,-1
2024010497821,2024,010497821,1,1,0,18,19,5,1,0,0,8,0,0,9,0,9,1,6,6,1,29,6,-1,-1,-1,-1,2,E01003330,0,3
2024361472375,2024,361472375,1,5,0,-1,4,5,1,-1,0,0,1,7,0,0,1,1,-1,7,1,20,4,-1,-1,-1,-1,5,E01026768,0,3
2024010513465,2024,010513465,1,1,9,99,99,9,9,99,99,9,9,99,9,99,9,1,2,2,1,24,5,-1,-1,-1,-1,2,E01002804,0,1
2024221431831,2024,221431831,1,9,0,-1,13,6,3,-1,0,0,0,0,0,0,3,9,-1,6,1,28,6,-1,-1,-1,-1,-1,-1,0,-1
2024010491418,2024,010491418,1,9,0,1,1,8,4,0,0,0,0,0,0,0,2,1,6,6,1,45,7,-1,-1,-1,-1,5,E01002744,0,1
2024471442356,2024,471442356,1,1,0,-1,19,5,1,-1,5,1,5,0,0,0,4,1,-1,9,1,13,3,-1,-1,-1,-1,5,E01034819,0,1
2024010535019,2024,010535019,2,1,9,99,99,9,9,99,99,9,9,99,9,99,9,1,6,6,3,-1,-1,-1,-1,-1,-1,-1,-1,0,-1
2024430557502,2024,430557502,1,1,0,18,19,4,8,0,0,1,0,0,0,0,4,1,4,7,1,13,3,-1,-1,-1,-1,10,E01016685,0,1
2024070999909,2024,070999909,2,9,0,-1,3,5,1,-1,0,1,0,0,0,0,2,1,-1,9,2,17,4,-1,-1,-1,-1,10,E01018533,0,3
2024131393751,2024,131393751,2,9,0,-1,2,0,0,-1,0,0,0,0,0,0,1,1,-1,1,1,41,7,-1,-1,-1,-1,4,E01010664,0,1
2024010496180,2024,010496180,1,21,1,11,11,5,1,0,0,0,0,0,0,0,4,1,1,1,1,54,8,-1,-1,-1,-1,3,E01003580,0,1
2024010521444,2024,010521444,2,9,0,18,19,3,7,0,0,0,0,0,0,0,4,1,6,6,3,-1,-1,-1,-1,-1,-1,-1,-1,0,-1
2024010492328,2024,010492328,3,9,0,2,2,0,0,0,0,0,0,0,0,0,1,1,6,6,3,-1,-1,-1,-1,-1,-1,-1,-1,0,-1
2024010518748,2024,010518748,2,9,0,99,99,9,9,99,99,9,9,99,9,99,2,9,6,6,3,-1,-1,-1,-1,-1,-1,-1,-1,0,-1
2024101420171,2024,101420171,2,9,0,-1,14,7,3,-1,0,1,0,0,0,0,3,1,-1,6,1,24,5,-1,-1,-1,-1,10,E01027492,0,4
202460Q185322,2024,60Q185322,1,1,0,18,19,5,1,0,0,1,0,0,0,0,1,1,6,6,1,28,6,-1,-1,-1,-1,-1,-1,0,-1
2024161430811,2024,161430811,2,1,0,-1,7,2,6,-1,0,8,0,0,0,0,3,1,-1,6,1,77,11,-1,-1,-1,-1,5,E01013132,0,1
2024101428595,2024,101428595,1,11,-1,-1,19,3,7,-1,0,0,0,0,0,0,4,9,-1,1,1,64,9,-1,-1,-1,-1,8,E01008447,0,1
2024451458423,2024,451458423,2,9,0,-1,19,8,4,-1,0,1,0,0,0,0,1,1,-1,6,3,-1,-1,-1,-1,-1,-1,-1,-1,0,-1
2024010503298,2024,010503298,2,5,0,18,19,1,5,0,0,0,0,0,0,0,1,1,6,6,1,36,7,-1,-1,-1,-1,-1,-1,0,-1
2024010534054,2024,010534054,2,9,0,99,99,9,9,99,99,9,9,99,9,99,9,9,6,6,3,-1,-1,-1,-1,-1,-1,-1,-1,0,-1
2024201456012,2024,201456012,2,9,0,-1,7,3,5,-1,0,5,0,0,0,0,2,9,-1,6,3,50,8,-1,-1,-1,-1,-1,-1,0,-1
2024061396931,2024,061396931,2,9,0,-1,19,1,5,-1,0,0,0,0,0,0,1,1,-1,1,1,52,8,-1,-1,-1,-1,5,E01010689,0,4
2024311524530,2024,311524530,1,19,0,-1,4,-1,-1,-1,0,1,0,0,0,0,0,9,-1,6,3,-1,-1,-1,-1,-1,-1,-1,-1,0,-1
2024471458784,2024,471458784,2,1,0,-1,19,8,4,-1,0,1,0,0,0,0,1,1,-1,6,1,55,8,-1,-1,-1,-1,6,E01016994,0,2
2024522402263,2024,522402263,1,1,0,18,19,2,6,0,0,8,0,0,0,0,3,1,6,6,1,58,9,-1,-1,-1,-1,8,E01014511,0,1
2024201450606,2024,201450606,1,9,0,-1,19,5,1,-1,0,8,0,0,0,0,1,9,-1,6,3,-1,-1,-1,-1,-1,-1,-1,-1,0,-1
2024451511684,2024,451511684,1,1,0,-1,19,5,1,-1,0,0,0,0,0,0,4,1,-1,9,2,25,5,-1,-1,-1,-1,9,E01004554,0,4
2024501448484,2024,501448484,1,9,0,-1,13,7,3,-1,0,0,0,0,0,0,4,1,-1,6,1,60,9,-1,-1,-1,-1,7,E01020080,0,1
2024320355576,2024,320355576,2,1,0,-1,-1,6,2,0,0,6,0,0,0,0,3,1,6,6,1,13,3,-1,-1,-1,-1,-1,-1,0,-1
2024052401185,2024,052401185,2,9,0,7,7,1,4,0,0,8,0,0,0,0,1,1,6,6,2,22,5,-1,-1,-1,-1,5,E01006557,0,1
2024440529337,2024,440529337,2,-1,0,18,19,1,6,0,0,1,0,0,0,0,1,1,1,1,1,40,7,-1,-1,-1,-1,2,E01017051,1,1
2024010490912,2024,010490912,2,9,9,99,99,9,9,99,99,9,9,99,9,99,9,9,6,6,3,-1,-1,-1,-1,-1,-1,-1,-1,0,-1
2024041404099,2024,041404099,1,9,0,-1,19,5,1,-1,0,1,0,0,1,2,1,1,-1,9,1,27,6,-1,-1,-1,-1,10,E01025454,0,1
2024991472251,2024,991472251,2,1,0,-1,3,8,4,-1,0,2,0,0,0,0,2,1,-1,6,1,25,5,-1,-1,-1,-1,2,-1,0,1
2024522402689,2024,522402689,3,9,0,18,19,1,5,0,0,0,0,0,0,0,1,1,6,6,2,36,7,-1,-1,-1,-1,5,E01014861,0,2
2024440129303,2024,440129303,2,5,0,14,14,8,4,0,0,0,0,0,0,0,1,1,6,6,1,33,6,-1,-1,-1,-1,6,E01023028,0,1
2024440359790,2024,440359790,1,9,0,18,19,6,1,0,0,3,0,0,0,0,1,1,6,6,1,19,4,-1,-1,-1,-1,9,E01022879,0,1
2024311438937,2024,311438937,1,1,0,-1,19,2,5,-1,0,8,0,0,0,0,1,1,-1,6,1,73,10,-1,-1,-1,-1,7,E01027999,0,1
2024231414704,2024,231414704,2,9,0,-1,4,2,6,-1,0,0,0,0,0,0,0,9,-1,6,3,35,6,-1,-1,-1,-1,-1,-1,0,-1
2024010490618,2024,010490618,3,9,0,18,19,7,3,0,0,1,0,0,0,0,0,1,1,1,1,34,6,-1,-1,-1,-1,-1,-1,0,-1
2024131415039,2024,131415039,2,1,0,-1,-1,-1,-1,-1,-1,-1,-1,-1,-1,-1,-1,1,-1,2,1,27,6,-1,-1,-1,-1,1,E01011340,0,1
2024451401460,2024,451401460,1,9,0,-1,19,1,5,-1,0,0,0,0,0,0,1,1,-1,2,1,33,6,-1,-1,-1,-1,2,E01024717,0,4
2024311488401,2024,311488401,2,9,0,-1,5,5,1,-1,0,8,0,0,0,0,4,1,-1,9,2,18,4,-1,-1,-1,-1,-1,-1,0,-1
202417L210524,2024,17L210524,3,9,0,-1,2,0,0,-1,0,0,0,0,0,0,4,1,-1,2,1,26,6,-1,-1,-1,-1,10,E01012299,0,3
2024552400653,2024,552400653,1,9,0,13,13,4,8,0,0,0,0,0,0,0,4,1,6,6,3,-1,-1,-1,-1,-1,-1,-1,-1,0,-1
2024161440632,2024,161440632,1,1,9,-1,19,4,8,-1,0,1,9,0,9,0,9,1,-1,6,1,30,6,-1,-1,-1,-1,-1,-1,0,-1
2024552400732,2024,552400732,1,9,0,9,9,4,2,0,0,6,0,0,0,0,1,1,6,6,1,34,6,-1,-1,-1,-1,8,E01023069,0,3
2024131420215,2024,131420215,2,9,0,-1,-1,-1,-1,-1,-1,-1,-1,-1,-1,0,-1,1,-1,6,3,-1,-1,-1,-1,-1,-1,-1,-1,0,-1
2024010524181,2024,010524181,2,9,0,99,99,9,9,99,99,9,9,99,9,99,2,9,6,6,3,-1,-1,-1,-1,-1,-1,-1,-1,0,-1
2024991497923,2024,991497923,1,9,0,-1,4,3,7,-1,0,1,0,0,0,0,3,1,-1,6,2,38,7,-1,-1,-1,-1,4,-1,0,1
2024010529514,2024,010529514,2,8,0,99,99,9,9,99,99,9,0,0,0,0,1,9,6,6,1,-1,-1,-1,-1,-1,-1,-1,-1,0,-1
2024010515247,2024,010515247,2,1,0,18,19,1,5,9,9,8,0,0,0,0,1,1,1,1,1,25,5,-1,-1,-1,-1,4,E01003098,0,1
2024010505570,2024,010505570,1,1,0,18,19,1,5,2,2,1,5,0,0,0,1,1,1,1,2,35,6,-1,-1,-1,-1,3,E01002787,0,1