collision_index,collision_year,collision_ref_no,vehicle_reference,vehicle_type,towing_and_articulation,vehicle_manoeuvre_historic,vehicle_manoeuvre,vehicle_direction_from,vehicle_direction_to,vehicle_location_restricted_lane_historic,vehicle_location_restricted_lane,junction_location,skidding_and_overturning,hit_object_in_carriageway,vehicle_leaving_carriageway,hit_object_off_carriageway,first_point_of_impact,vehicle_left_hand_drive,journey_purpose_of_driver_historic,journey_purpose_of_driver,sex_of_driver,age_of_driver,age_band_of_driver,engine_capacity_cc,propulsion_code,age_of_vehicle,generic_make_model,driver_imd_decile,lsoa_of_driver,escooter_flag,driver_distance_banding
2024471400596,2024,471400596,1,1,0,-1,19,8,4,-1,0,1,5,0,0,0,2,1,-1,2,2,35,6,-1,-1,-1,-1,9,E01031753,0,1
2024320158903,2024,320158903,2,22,0,-1,-1,7,3,9,9,1,0,0,0,2,1,1,-1,-1,1,51,8,-1,-1,-1,-1,7,E01026340,0,1
2024461511530,2024,461511530,1,-1,0,-1,19,6,2,-1,0,2,5,0,0,0,0,1,-1,9,1,29,6,-1,-1,-1,-1,1,E01024020,1,1
2024161517968,2024,161517968,2,21,1,-1,3,7,3,-1,0,0,0,0,0,0,2,1,-1,1,1,37,7,-1,-1,-1,-1,4,E01007519,0,3
2024010535801,2024,010535801,1,1,9,99,99,9,9,99,99,9,9,99,9,99,9,1,2,2,1,47,8,-1,-1,-1,-1,5,E01033208,0,1
2024070384229,2024,070384229,2,5,0,18,19,7,3,0,0,0,0,0,0,0,1,1,6,6,1,58,9,-1,-1,-1,-1,10,E01018643,0,1
2024351443677,2024,351443677,1,9,-1,-1,-1,-1,-1,-1,-1,0,-1,-1,-1,0,-1,9,-1,6,3,-1,-1,-1,-1,-1,-1,-1,-1,0,-1
2024501445601,2024,501445601,1,9,0,-1,15,7,3,-1,0,0,0,0,0,0,1,1,-1,6,1,33,6,-1,-1,-1,-1,5,E01018967,0,4
2024471415576,2024,471415576,2,9,0,-1,19,3,8,-1,0,1,1,0,0,0,1,1,-1,1,1,64,9,-1,-1,-1,-1,6,E01031712,0,2
2024010497301,2024,010497301,2,3,0,99,99,9,9,99,99,9,9,99,9,99,9,1,6,6,3,-1,-1,-1,-1,-1,-1,-1,-1,0,-1
2024031438004,2024,031438004,2,1,0,-1,19,4,5,-1,0,1,0,0,0,0,1,1,-1,6,1,32,6,-1,-1,-1,-1,2,E01019234,0,1
2024461487052,2024,461487052,1,9,0,-1,-1,-1,-1,-1,-1,0,-1,-1,-1,0,-1,9,-1,6,3,-1,-1,-1,-1,-1,-1,-1,-1,0,-1
2024480537342,2024,480537342,1,1,0,18,19,1,5,5,5,1,2,0,0,0,1,1,2,2,1,33,6,-1,-1,-1,-1,4,E01022579,0,4
2024111460786,2024,111460786,2,9,0,-1,19,3,7,-1,0,1,0,0,0,0,3,1,-1,2,2,57,9,-1,-1,-1,-1,3,E01012306,0,1
2024141555826,2024,141555826,1,9,0,-1,19,7,3,-1,0,0,1,0,1,2,4,9,-1,6,2,80,11,-1,-1,-1,-1,7,E01007616,0,3
2024010504871,2024,010504871,2,1,0,18,19,5,1,0,0,0,0,0,0,0,2,1,6,6,1,25,5,-1,-1,-1,-1,4,E01001087,0,1
2024010511809,2024,010511809,2,90,0,99,99,9,9,99,99,9,9,99,9,99,9,9,6,6,3,-1,-1,-1,-1,-1,-1,-1,-1,0,-1
2024440514653,2024,440514653,2,19,0,18,19,3,7,0,0,2,0,0,0,0,1,1,6,6,3,-1,-1,-1,-1,-1,-1,-1,-1,0,-1
2024451447971,2024,451447971,3,9,0,-1,2,2,6,-1,0,0,0,0,0,0,2,1,-1,6,-1,-1,-1,-1,-1,-1,-1,-1,-1,0,-1
2024501412520,2024,501412520,2,9,0,-1,3,4,7,-1,0,0,0,0,0,0,2,1,-1,1,1,31,6,-1,-1,-1,-1,-1,-1,0,-1
2024991472478,2024,991472478,1,9,0,-1,19,6,2,-1,0,1,0,11,0,0,4,1,-1,6,3,30,6,-1,-1,-1,-1,-1,-1,0,-1
2024061412485,2024,061412485,1,9,0,-1,19,7,3,-1,0,8,0,0,0,0,1,9,-1,6,-1,40,7,-1,-1,-1,-1,-1,-1,0,-1
2024201448373,2024,201448373,2,9,0,-1,19,7,3,-1,0,0,0,0,0,0,2,9,-1,6,3,-1,-1,-1,-1,-1,-1,-1,-1,0,-1
2024052401887,2024,052401887,1,9,0,2,2,0,0,0,0,0,0,0,0,0,3,1,6,6,2,36,7,-1,-1,-1,-1,2,E01006953,0,1
2024010494404,2024,010494404,2,9,0,99,99,9,9,99,99,0,9,99,9,99,9,9,6,6,3,-1,-1,-1,-1,-1,-1,-1,-1,0,-1
2024548430324,2024,548430324,2,8,0,18,19,7,3,0,0,0,0,0,0,0,3,1,1,1,1,50,8,-1,-1,-1,-1,3,E01030115,0,5
2024010531786,2024,010531786,1,90,0,99,99,9,9,99,99,9,9,99,9,99,1,9,6,6,3,-1,-1,-1,-1,-1,-1,-1,-1,0,-1
2024522402072,2024,522402072,1,1,0,18,19,1,5,0,0,8,0,0,0,0,1,1,6,6,1,42,7,-1,-1,-1,-1,5,E01035225,0,2
2024461506758,2024,461506758,2,1,0,-1,19,3,7,-1,0,1,1,0,1,0,3,1,-1,6,1,-1,-1,-1,-1,-1,-1,-1,-1,0,-1
2024010531865,2024,010531865,2,9,0,16,19,4,8,0,0,1,0,4,0,0,1,1,6,6,3,-1,-1,-1,-1,-1,-1,-1,-1,0,-1
2024041416034,2024,041416034,3,9,0,-1,19,3,7,-1,0,0,0,0,0,0,2,1,-1,6,1,56,9,-1,-1,-1,-1,6,E01024860,0,4
2024010515180,2024,010515180,2,1,0,15,15,5,1,0,0,5,0,0,0,0,1,1,1,1,1,28,6,-1,-1,-1,-1,3,E01003924,0,1
2024471467488,2024,471467488,1,9,0,-1,19,8,4,-1,0,0,5,0,6,0,3,1,-1,6,1,20,4,-1,-1,-1,-1,7,E01035328,0,3
2024201527028,2024,201527028,1,9,0,-1,19,2,6,-1,0,1,0,0,0,0,1,1,-1,6,1,18,4,-1,-1,-1,-1,8,E01009812,0,1
2024010508561,2024,010508561,1,1,9,18,19,1,5,99,99,0,9,99,9,99,9,1,6,6,3,24,5,-1,-1,-1,-1,-1,-1,0,-1
2024010518422,2024,010518422,1,1,9,99,99,9,9,99,99,9,9,8,9,99,1,1,1,1,2,30,6,-1,-1,-1,-1,4,E01002047,0,2
2024010507211,2024,010507211,1,1,9,99,99,9,9,99,99,9,9,99,9,99,1,1,2,2,1,43,7,-1,-1,-1,-1,5,E01003116,0,2
2024070683733,2024,070683733,2,1,0,18,19,1,5,0,0,1,0,0,0,0,1,1,1,1,2,51,8,-1,-1,-1,-1,1,E01035368,0,1
2024111402389,2024,111402389,1,9,0,-1,1,7,3,-1,0,0,0,0,0,0,2,1,-1,1,1,35,6,-1,-1,-1,-1,9,E01012200,0,3
2024991431376,2024,991431376,2,9,0,-1,19,3,7,-1,0,0,0,0,0,0,1,1,-1,1,1,57,9,-1,-1,-1,-1,6,-1,0,2
2024131399230,2024,131399230,1,9,0,-1,9,5,1,-1,0,0,0,0,0,0,1,1,-1,6,1,28,6,-1,-1,-1,-1,7,E01011013,0,1
2024111437391,2024,111437391,1,9,0,-1,1,3,5,-1,0,1,0,0,0,0,2,2,-1,6,3,30,6,-1,-1,-1,-1,-1,-1,0,-1
202454B125124,2024,54B125124,1,9,0,4,4,3,7,0,0,0,0,0,0,0,2,1,1,1,1,28,6,-1,-1,-1,-1,-1,-1,0,-1
2024061411977,2024,061411977,1,9,0,-1,13,6,8,-1,0,0,1,0,4,1,1,1,-1,2,1,46,8,-1,-1,-1,-1,-1,-1,0,-1
2024101498987,2024,101498987,1,1,0,-1,19,6,1,-1,9,8,0,0,8,0,3,1,-1,6,1,28,6,-1,-1,-1,-1,1,E01027426,0,1
2024991445098,2024,991445098,2,1,0,-1,9,4,1,-1,0,4,0,0,0,0,3,1,-1,9,1,69,10,-1,-1,-1,-1,9,-1,0,1
2024531451506,2024,531451506,2,1,0,-1,19,3,7,-1,5,1,0,0,0,0,1,1,-1,2,2,32,6,-1,-1,-1,-1,7,E01022127,0,1
2024320419374,2024,320419374,1,9,0,9,9,6,4,0,0,6,0,0,0,0,4,1,6,6,2,39,7,-1,-1,-1,-1,4,E01028252,0,5
2024010495574,2024,010495574,1,9,0,18,19,3,7,0,0,0,1,0,0,0,4,1,6,6,3,-1,-1,-1,-1,-1,-1,-1,-1,0,-1
2024991427338,2024,991427338,2,1,0,-1,19,4,8,-1,0,0,0,0,0,0,3,1,-1,6,1,19,4,-1,-1,-1,-1,5,-1,0,1
2024010519263,2024,010519263,2,19,0,99,99,9,9,99,99,9,9,99,9,99,9,9,6,6,3,-1,-1,-1,-1,-1,-1,-1,-1,0,-1
2024461422292,2024,461422292,2,22,0,-1,19,1,5,-1,0,0,0,0,0,0,-1,1,-1,6,2,50,8,-1,-1,-1,-1,1,E01024649,0,1
2024141500688,2024,141500688,1,-1,0,-1,19,4,3,-1,0,1,0,0,0,0,1,1,-1,7,1,41,7,-1,-1,-1,-1,1,E01034238,1,1
2024010531845,2024,010531845,1,9,0,99,99,9,9,99,99,9,9,99,9,99,9,9,6,6,3,-1,-1,-1,-1,-1,-1,-1,-1,0,-1
2024451460431,2024,451460431,2,1,0,-1,19,7,3,-1,0,8,1,0,0,0,9,1,-1,6,1,75,10,-1,-1,-1,-1,9,E01030625,0,1
2024631516889,2024,631516889,1,9,0,-1,19,8,4,-1,0,0,0,4,0,0,3,1,-1,6,3,-1,-1,-1,-1,-1,-1,-1,-1,0,-1
2024201526020,2024,201526020,2,1,0,-1,19,2,6,-1,0,0,0,0,0,0,1,1,-1,6,2,23,5,-1,-1,-1,-1,-1,-1,0,-1
2024430563589,2024,430563589,1,1,0,18,19,1,5,0,0,8,0,0,0,0,4,1,2,2,1,61,9,-1,-1,-1,-1,4,E01016705,0,1
2024401485357,2024,401485357,2,9,0,-1,-1,-1,-1,-1,-1,0,-1,-1,-1,0,-1,9,-1,6,1,21,5,-1,-1,-1,-1,2,E01015772,0,1
2024231417722,2024,231417722,2,9,0,-1,4,5,1,-1,0,0,0,0,0,0,2,1,-1,6,2,60,9,-1,-1,-1,-1,3,E01032236,0,4
2024522500231,2024,522500231,1,19,0,7,7,7,1,0,0,5,0,0,0,0,4,1,6,6,3,-1,-1,-1,-1,-1,-1,-1,-1,0,-1
2024010527675,2024,010527675,2,9,0,13,13,1,5,2,2,1,0,0,0,0,3,1,6,6,3,-1,-1,-1,-1,-1,-1,-1,-1,0,-1
2024161463141,2024,161463141,1,1,0,-1,19,4,8,-1,4,0,5,0,0,0,2,1,-1,6,1,12,3,-1,-1,-1,-1,-1,-1,0,-1
2024430022383,2024,430022383,1,9,0,17,19,2,8,0,0,8,1,0,7,9,1,1,6,6,1,17,4,-1,-1,-1,-1,8,E01000680,0,4
2024340WN1412,2024,340WN1412,2,9,0,-1,9,8,6,-1,0,6,0,0,0,0,1,1,-1,9,2,70,10,-1,-1,-1,-1,6,E01027182,0,1
2024010513843,2024,010513843,2,9,0,99,99,9,9,99,99,9,9,99,9,99,9,9,6,6,3,-1,-1,-1,-1,-1,-1,-1,-1,0,-1
2024520402778,2024,520402778,2,9,0,18,19,5,1,0,0,8,0,0,0,0,1,1,6,6,2,48,8,-1,-1,-1,-1,5,E01029108,0,1
2024430217542,2024,430217542,1,9,0,18,19,6,2,0,0,0,0,0,7,0,3,1,6,6,1,44,7,-1,-1,-1,-1,6,E01017674,0,2
2024340WN1892,2024,340WN1892,1,2,0,-1,9,4,2,-1,0,6,0,0,0,0,1,1,-1,6,1,19,4,-1,-1,-1,-1,7,E01027172,0,1
2024302401741,2024,302401741,2,9,0,-1,19,2,5,-1,0,2,0,0,0,0,1,1,-1,6,2,28,6,-1,-1,-1,-1,4,E01019807,0,1
2024440152367,2024,440152367,1,11,0,4,4,5,1,0,0,0,0,0,0,0,0,1,1,1,1,-1,-1,-1,-1,-1,-1,-1,-1,0,-1
2024411455253,2024,411455253,1,9,-1,-1,19,7,3,-1,0,8,0,0,0,0,3,9,-1,6,3,-1,-1,-1,-1,-1,-1,-1,-1,0,-1
2024010512014,2024,010512014,2,1,0,18,19,1,5,0,0,1,0,0,0,0,1,1,6,6,1,29,6,-1,-1,-1,-1,4,E01004462,0,1
2024010496470,2024,010496470,1,3,0,18,19,8,4,2,2,1,1,0,0,0,4,1,6,6,2,33,6,-1,-1,-1,-1,5,E01001974,0,2
2024061407438,2024,061407438,1,1,0,-1,19,7,3,-1,0,8,0,0,0,0,1,1,-1,6,1,35,6,-1,-1,-1,-1,-1,-1,0,-1
202454B882024,2024,54B882024,1,9,0,18,19,2,6,0,0,1,0,0,0,0,1,1,6,6,3,-1,-1,-1,-1,-1,-1,-1,-1,0,-1
202460Q021006,2024,60Q021006,1,9,0,18,19,2,6,0,0,4,0,10,4,6,4,1,6,6,1,27,6,-1,-1,-1,-1,-1,-1,0,-1
2024221427793,2024,221427793,2,1,0,-1,19,5,1,-1,0,8,0,0,0,0,4,1,-1,6,1,21,5,-1,-1,-1,-1,8,E01032329,0,1
2024131467309,2024,131467309,1,9,0,-1,9,1,7,-1,0,8,0,0,0,0,1,1,-1,6,3,-1,-1,-1,-1,-1,-1,-1,-1,0,-1
2024010527985,2024,010527985,2,1,9,99,99,9,9,99,99,9,9,99,9,99,1,1,1,1,1,22,5,-1,-1,-1,-1,3,E01001440,0,1
2024010524776,2024,010524776,2,1,0,18,19,5,1,0,0,0,0,0,0,0,2,1,6,6,1,25,5,-1,-1,-1,-1,8,E01000665,0,2
2024111475993,2024,111475993,1,1,0,-1,19,6,2,-1,0,0,1,0,0,0,1,1,-1,6,3,30,6,-1,-1,-1,-1,-1,-1,0,-1
2024471400540,2024,471400540,2,9,0,-1,19,7,3,-1,0,1,0,0,0,0,1,1,-1,1,1,40,7,-1,-1,-1,-1,4,E01020951,0,1
2024010522281,2024,010522281,2,1,0,18,19,1,5,0,0,8,0,0,0,0,1,1,6,6,1,23,5,-1,-1,-1,-1,3,E01004010,0,1
2024991491810,2024,991491810,1,90,0,-1,19,1,5,-1,0,0,0,0,0,0,1,2,-1,9,1,68,10,-1,-1,-1,-1,-1,-1,0,-1
2024430097532,2024,430097532,1,9,0,5,5,6,2,0,0,4,0,0,0,0,1,1,6,6,2,27,6,-1,-1,-1,-1,-1,-1,0,-1
2024122401000,2024,122401000,2,1,0,7,7,6,8,0,0,8,1,0,0,0,3,1,6,6,1,51,8,-1,-1,-1,-1,6,E01027769,0,1
2024010507263,2024,010507263,2,9,9,99,99,9,9,99,99,0,9,99,9,99,9,9,6,6,3,-1,-1,-1,-1,-1,-1,-1,-1,0,-1
2024302400021,2024,302400021,1,9,0,9,9,6,3,0,0,1,0,0,0,0,1,2,6,6,1,51,8,-1,-1,-1,-1,8,E01019755,0,1
2024010489720,2024,010489720,1,19,0,18,19,8,4,0,0,2,0,0,0,0,1,1,1,1,1,75,10,-1,-1,-1,-1,2,E01000868,0,2
2024010492658,2024,010492658,1,9,0,99,99,9,9,99,99,9,9,99,9,99,2,9,2,2,1,45,7,-1,-1,-1,-1,4,E01002447,0,1
2024061464050,2024,061464050,1,9,0,-1,4,6,2,-1,0,1,0,0,0,0,1,1,-1,6,2,53,8,-1,-1,-1,-1,3,E01006246,0,2
2024471453484,2024,471453484,2,9,0,-1,19,7,3,-1,0,0,0,0,0,0,2,1,-1,1,1,27,6,-1,-1,-1,-1,8,E01020948,0,4
2024010544184,2024,010544184,1,11,9,99,99,9,9,99,99,9,9,99,9,99,9,1,6,6,3,-1,-1,-1,-1,-1,-1,-1,-1,0,-1
2024311447194,2024,311447194,1,9,0,-1,9,1,7,-1,0,7,0,0,0,0,3,1,-1,1,2,29,6,-1,-1,-1,-1,6,E01028037,0,1
2024520002559,2024,520002559,1,9,0,9,9,2,8,0,0,8,0,0,0,0,3,1,6,6,1,55,8,-1,-1,-1,-1,7,E01014375,0,2
2024522401643,2024,522401643,1,1,0,17,19,1,6,0,0,8,0,0,0,0,1,1,2,2,2,36,7,-1,-1,-1,-1,-1,-1,0,-1
2024451494974,2024,451494974,5,9,0,-1,19,2,6,-1,0,0,0,0,0,0,1,1,-1,6,-1,32,6,-1,-1,-1,-1,-1,-1,0,-1
2024010490476,2024,010490476,1,3,0,99,99,9,9,99,99,9,9,99,9,99,9,1,1,1,1,20,4,-1,-1,-1,-1,2,E01001433,0,2
2024041518206,2024,041518206,1,9,0,-1,19,1,5,-1,0,0,0,2,0,0,-1,9,-1,6,3,-1,-1,-1,-1,-1,-1,-1,-1,0,-1
2024010532890,2024,010532890,2,1,9,99,99,9,9,0,0,0,9,99,9,99,9,1,6,6,1,19,4,-1,-1,-1,-1,2,E01002564,0,1
2024010524963,2024,010524963,1,1,9,99,99,9,9,99,99,9,9,8,9,99,9,1,2,2,2,31,6,-1,-1,-1,-1,4,E01001724,0,2
2024311402067,2024,311402067,2,1,0,-1,19,2,6,-1,0,8,0,0,0,0,1,1,-1,2,2,44,7,-1,-1,-1,-1,9,E01028355,0,1
2024010508382,2024,010508382,2,1,0,18,19,1,5,0,0,6,0,0,0,0,1,1,6,6,2,19,4,-1,-1,-1,-1,2,E01000525,0,1
2024340WN2762,2024,340WN2762,1,1,0,-1,19,3,7,-1,0,0,0,0,0,0,1,1,-1,6,1,5,1,-1,-1,-1,-1,4,E01032981,0,1
2024430004310,2024,430004310,2,9,0,7,7,5,3,0,0,5,0,0,0,0,1,1,6,6,3,-1,-1,-1,-1,-1,-1,-1,-1,0,-1
2024430207843,2024,430207843,1,1,0,18,19,3,7,0,0,2,0,0,0,0,1,1,2,2,1,16,4,-1,-1,-1,-1,5,E01016357,0,1
2024010515627,2024,010515627,2,1,0,15,15,3,7,0,0,1,0,0,0,0,2,1,4,7,1,13,3,-1,-1,-1,-1,-1,-1,0,-1
2024351559229,2024,351559229,2,9,0,-1,9,3,1,-1,0,8,0,0,0,0,4,1,-1,6,-1,35,6,-1,-1,-1,-1,-1,-1,0,-1
2024052401801,2024,052401801,2,1,0,5,5,7,3,0,0,0,0,0,0,0,1,1,6,6,1,11,3,-1,-1,-1,-1,3,E01006619,0,1
202460Q122394,2024,60Q122394,1,1,0,18,19,5,1,0,0,8,1,0,0,0,1,1,6,6,1,36,7,-1,-1,-1,-1,-1,-1,0,-1
2024010488266,2024,010488266,2,1,0,13,13,5,1,0,0,1,0,0,0,0,2,1,2,2,1,27,6,-1,-1,-1,-1,3,E01001999,0,1
2024010496615,2024,010496615,1,3,0,99,99,9,9,99,99,0,9,99,9,99,9,1,1,1,1,34,6,-1,-1,-1,-1,5,E01001686,0,1
2024421536416,2024,421536416,1,9,0,-1,19,6,2,-1,0,1,0,0,0,0,1,1,-1,9,1,29,6,-1,-1,-1,-1,9,E01021352,0,2
2024547455524,2024,547455524,2,1,0,9,9,6,2,0,0,1,0,0,0,0,3,1,2,2,1,45,7,-1,-1,-1,-1,1,E01015508,0,1
2024471450577,2024,471450577,2,9,0,-1,4,8,4,-1,0,1,0,0,0,0,0,1,-1,1,1,44,7,-1,-1,-1,-1,7,E01021094,0,1
2024010519620,2024,010519620,2,1,0,18,19,1,5,2,2,1,0,0,0,0,1,1,6,6,1,-1,-1,-1,-1,-1,-1,3,E01001981,0,1
2024010492497,2024,010492497,2,9,0,3,3,5,1,0,0,4,0,0,0,0,2,1,6,6,1,41,7,-1,-1,-1,-1,5,E01033837,0,4
2024430227945,2024,430227945,2,1,0,18,19,5,1,4,4,8,0,0,0,0,1,1,6,6,1,31,6,-1,-1,-1,-1,2,E01028552,0,1
2024471516905,2024,471516905,1,1,0,-1,19,-1,-1,-1,0,6,0,0,0,0,1,1,-1,2,1,15,3,-1,-1,-1,-1,7,E01031398,0,1
2024320768420,2024,320768420,2,1,0,-1,-1,8,4,9,9,1,5,0,0,0,1,1,6,6,1,43,7,-1,-1,-1,-1,8,E01026372,0,3
2024010516076,2024,010516076,2,1,0,18,19,7,3,0,0,2,5,0,0,0,2,1,6,6,1,32,6,-1,-1,-1,-1,7,E01004717,0,1
2024522401191,2024,522401191,1,3,0,4,4,2,6,0,0,0,0,0,0,0,1,1,6,6,1,36,7,-1,-1,-1,-1,10,E01014881,0,1
2024101501508,2024,101501508,2,9,0,-1,3,8,4,-1,0,8,0,0,0,0,2,1,-1,6,1,69,10,-1,-1,-1,-1,4,E01008796,0,1
2024031467042,2024,031467042,1,1,0,-1,-1,-1,-1,-1,-1,0,-1,-1,-1,0,3,1,-1,2,1,-1,-1,-1,-1,-1,-1,-1,-1,0,-1
2024031397090,2024,031397090,2,9,0,-1,19,5,1,-1,0,0,0,0,0,0,1,1,-1,1,1,40,7,-1,-1,-1,-1,-1,-1,0,-1
2024501530181,2024,501530181,2,9,0,-1,4,8,4,-1,0,0,0,0,0,0,2,1,-1,9,2,45,7,-1,-1,-1,-1,7,E01020031,0,2
2024430459379,2024,430459379,2,9,0,4,4,7,3,0,0,0,0,0,0,0,2,1,6,6,1,45,7,-1,-1,-1,-1,-1,-1,0,-1
2024461407874,2024,461407874,1,99,0,-1,7,1,5,-1,0,1,0,0,0,0,1,9,-1,6,3,-1,-1,-1,-1,-1,-1,-1,-1,0,-1
2024101452192,2024,101452192,2,9,0,-1,19,1,5,-1,0,0,0,0,1,0,1,1,-1,6,1,48,8,-1,-1,-1,-1,10,E01033714,0,1
2024471492495,2024,471492495,2,-1,0,-1,19,3,7,-1,0,1,5,0,0,0,1,1,-1,6,1,14,3,-1,-1,-1,-1,2,E01031450,1,1
2024010531115,2024,010531115,1,1,0,18,19,1,5,99,99,1,0,0,0,0,1,1,6,6,1,33,6,-1,-1,-1,-1,7,E01000370,0,1
2024411411899,2024,411411899,3,9,0,-1,19,7,3,-1,0,1,0,0,0,0,1,1,-1,6,2,49,8,-1,-1,-1,-1,5,E01035584,0,3
2024340NN2312,2024,340NN2312,2,4,0,-1,13,1,5,-1,0,0,2,0,7,0,4,1,-1,6,1,41,7,-1,-1,-1,-1,8,E01032972,0,1
2024010487085,2024,010487085,2,9,0,99,99,9,9,99,99,9,9,99,9,99,1,9,6,6,3,-1,-1,-1,-1,-1,-1,-1,-1,0,-1
2024161525094,2024,161525094,1,9,0,-1,19,4,8,-1,0,0,2,0,1,0,4,1,-1,6,2,23,5,-1,-1,-1,-1,6,E01013023,0,2
2024421495537,2024,421495537,2,1,0,-1,19,5,2,-1,0,1,0,0,0,0,2,1,-1,6,1,20,4,-1,-1,-1,-1,8,E01021923,0,1
2024361503763,2024,361503763,1,98,4,-1,19,1,5,-1,0,0,0,0,0,0,1,2,-1,6,1,44,7,-1,-1,-1,-1,-1,-1,0,-1
2024061505149,2024,061505149,2,-1,0,-1,19,2,8,-1,0,0,0,0,0,0,3,1,-1,6,2,-1,-1,-1,-1,-1,-1,-1,-1,1,-1
202417M101724,2024,17M101724,1,9,0,9,9,4,3,0,0,8,0,0,0,0,1,1,6,6,1,27,6,-1,-1,-1,-1,-1,-1,0,-1
2024501407878,2024,501407878,3,9,0,-1,4,7,3,-1,0,1,0,0,0,0,2,9,-1,1,2,45,7,-1,-1,-1,-1,8,E01020102,0,1
2024351507363,2024,351507363,1,11,0,-1,19,5,1,-1,0,0,0,0,0,0,4,9,-1,1,3,-1,-1,-1,-1,-1,-1,-1,-1,0,-1
2024440284822,2024,440284822,2,9,0,18,19,3,7,0,0,1,0,0,0,0,1,1,6,6,2,71,10,-1,-1,-1,-1,6,E01017173,0,1
2024221472107,2024,221472107,2,9,0,-1,9,4,2,-1,0,8,0,0,0,0,3,1,-1,2,1,24,5,-1,-1,-1,-1,4,E01032454,0,1
2024131489151,2024,131489151,1,9,0,-1,19,5,1,-1,0,1,0,0,0,0,1,1,-1,6,3,-1,-1,-1,-1,-1,-1,-1,-1,0,-1
2024471521543,2024,471521543,1,9,0,-1,9,4,2,-1,0,4,0,0,0,0,3,1,-1,1,1,38,7,-1,-1,-1,-1,4,E01021045,0,3
2024461484468,2024,461484468,1,9,0,-1,-1,-1,-1,-1,-1,-1,-1,-1,-1,0,-1,9,-1,6,3,-1,-1,-1,-1,-1,-1,-1,-1,0,-1
2024461534340,2024,461534340,1,19,-1,-1,19,7,3,-1,0,0,0,0,0,0,4,9,-1,6,3,-1,-1,-1,-1,-1,-1,-1,-1,0,-1
2024070519079,2024,070519079,2,1,0,18,19,6,2,9,9,8,0,0,0,0,1,1,4,7,1,13,3,-1,-1,-1,-1,4,E01018709,0,1
2024161422283,2024,161422283,1,1,0,-1,14,1,5,-1,0,0,0,10,7,11,4,1,-1,9,1,27,6,-1,-1,-1,-1,7,E01013014,0,1
202417H100524,2024,17H100524,1,90,0,7,7,7,1,0,0,2,0,0,0,0,1,1,6,6,1,-1,-1,-1,-1,-1,-1,-1,-1,0,-1
202460Q086256,2024,60Q086256,1,97,0,18,19,1,5,0,0,1,0,0,0,0,1,1,6,6,1,27,6,-1,-1,-1,-1,-1,-1,0,-1
2024041445702,2024,041445702,2,1,0,-1,19,5,1,-1,0,2,0,0,0,0,1,1,-1,9,1,62,9,-1,-1,-1,-1,1,E01025293,0,1
2024052401238,2024,052401238,2,1,0,18,19,3,7,0,0,2,0,0,0,0,2,1,2,2,1,33,6,-1,-1,-1,-1,1,E01006545,0,2
2024501517904,2024,501517904,2,9,0,-1,2,0,0,-1,0,0,0,0,0,0,-1,9,-1,6,1,-1,-1,-1,-1,-1,-1,-1,-1,0,-1
2024471452800,2024,471452800,2,-1,0,-1,19,1,5,-1,0,2,0,0,0,0,3,1,-1,6,1,22,5,-1,-1,-1,-1,6,E01016990,1,1
2024010531147,2024,010531147,2,9,0,99,99,9,9,99,99,9,9,99,9,99,9,9,6,6,3,-1,-1,-1,-1,-1,-1,-1,-1,0,-1
2024201441086,2024,201441086,2,9,0,-1,10,3,8,-1,0,8,0,0,0,0,4,9,-1,9,2,27,6,-1,-1,-1,-1,1,E01008887,0,1
2024501467943,2024,501467943,2,19,0,-1,19,5,1,-1,0,0,0,0,0,0,2,1,-1,2,1,45,7,-1,-1,-1,-1,8,E01020249,0,2
2024430111252,2024,430111252,2,9,0,18,19,3,7,0,0,1,0,0,0,0,1,1,6,6,3,-1,-1,-1,-1,-1,-1,-1,-1,0,-1
2024010509870,2024,010509870,2,1,0,18,19,3,7,0,0,1,5,0,0,0,1,1,6,6,1,24,5,-1,-1,-1,-1,8,E01002574,0,1
2024451532210,2024,451532210,1,1,0,-1,99,5,1,-1,0,8,0,0,0,0,1,1,-1,9,1,36,7,-1,-1,-1,-1,2,E01030599,0,1
2024071001272,2024,071001272,2,9,0,-1,3,4,8,-1,0,1,0,0,0,0,0,1,-1,9,2,42,7,-1,-1,-1,-1,4,E01033299,0,3
2024010528405,2024,010528405,2,9,0,99,99,9,9,99,99,0,9,99,9,99,2,9,6,6,3,-1,-1,-1,-1,-1,-1,-1,-1,0,-1
2024320746097,2024,320746097,3,9,0,-1,-1,5,1,0,0,2,0,0,0,0,2,1,-1,-1,2,57,9,-1,-1,-1,-1,-1,-1,0,-1
2024161407294,2024,161407294,1,9,0,-1,19,1,5,-1,0,1,0,0,7,0,1,1,-1,2,1,24,5,-1,-1,-1,-1,6,E01013318,0,2
2024010505205,2024,010505205,1,1,0,18,19,1,5,0,0,4,0,0,0,0,3,1,6,6,2,30,6,-1,-1,-1,-1,3,E01004203,0,1
2024010492647,2024,010492647,2,9,0,6,6,1,1,0,0,0,0,0,0,0,4,1,6,6,1,34,6,-1,-1,-1,-1,3,E01003321,0,2
2024332400478,2024,332400478,2,5,0,-1,19,2,7,-1,0,0,1,0,0,0,1,1,-1,9,1,29,6,-1,-1,-1,-1,7,E01025825,0,4
2024010506484,2024,010506484,1,1,9,99,99,9,9,99,99,9,9,99,9,99,9,1,6,6,1,60,9,-1,-1,-1,-1,3,E01000130,0,1
2024141506655,2024,141506655,2,1,0,-1,19,7,3,-1,0,8,0,0,0,0,3,1,-1,6,1,39,7,-1,-1,-1,-1,1,E01007714,0,1
2024201508991,2024,201508991,2,9,0,-1,19,5,1,-1,0,3,0,0,0,0,3,1,-1,6,1,22,5,-1,-1,-1,-1,8,E01010398,0,2
2024161531168,2024,161531168,1,1,0,-1,19,7,3,-1,0,0,0,8,0,0,1,1,-1,2,2,52,8,-1,-1,-1,-1,8,E01035469,0,1
2024440378563,2024,440378563,1,-1,0,18,19,1,5,0,0,2,0,0,0,0,2,1,6,6,1,26,6,-1,-1,-1,-1,3,E01017078,1,1
2024421419107,2024,421419107,3,9,0,-1,4,1,5,-1,0,0,0,0,0,0,2,1,-1,2,1,40,7,-1,-1,-1,-1,3,E01003720,0,4
2024141411071,2024,141411071,1,9,0,-1,9,1,7,-1,0,8,0,0,0,0,2,1,-1,1,1,43,7,-1,-1,-1,-1,2,E01008112,0,1