collision_index,collision_year,collision_ref_no,vehicle_reference,vehicle_type,towing_and_articulation,vehicle_manoeuvre_historic,vehicle_manoeuvre,vehicle_direction_from,vehicle_direction_to,vehicle_location_restricted_lane_historic,vehicle_location_restricted_lane,junction_location,skidding_and_overturning,hit_object_in_carriageway,vehicle_leaving_carriageway,hit_object_off_carriageway,first_point_of_impact,vehicle_left_hand_drive,journey_purpose_of_driver_historic,journey_purpose_of_driver,sex_of_driver,age_of_driver,age_band_of_driver,engine_capacity_cc,propulsion_code,age_of_vehicle,generic_make_model,driver_imd_decile,lsoa_of_driver,escooter_flag,driver_distance_banding
2024010503911,2024,010503911,1,1,9,99,99,9,9,99,99,9,9,99,9,99,9,1,6,6,1,60,9,-1,-1,-1,-1,8,E01000913,0,1
2024010515398,2024,010515398,2,9,9,99,99,9,9,99,99,9,9,99,9,99,4,9,6,6,3,-1,-1,-1,-1,-1,-1,-1,-1,0,-1
2024440068609,2024,440068609,1,1,0,9,9,2,8,0,0,8,0,0,0,0,1,1,2,2,1,56,9,-1,-1,-1,-1,8,E01023087,0,2
2024332400331,2024,332400331,2,9,0,-1,19,6,2,-1,0,1,0,0,0,0,1,1,-1,6,1,-1,-1,-1,-1,-1,-1,-1,-1,0,-1
202460Q050463,2024,60Q050463,1,5,0,17,19,6,3,0,0,0,0,0,1,11,4,1,6,6,1,56,9,-1,-1,-1,-1,-1,-1,0,-1
2024010497167,2024,010497167,1,9,0,9,9,3,1,0,0,2,0,0,0,0,1,1,6,6,1,54,8,-1,-1,-1,-1,3,E01004271,0,1
2024010510317,2024,010510317,2,1,0,18,19,5,1,0,0,8,0,0,0,0,1,1,2,2,1,57,9,-1,-1,-1,-1,4,E01004019,0,1
2024361473962,2024,361473962,2,9,0,-1,19,7,3,-1,0,0,2,0,1,7,3,1,-1,2,1,24,5,-1,-1,-1,-1,2,E01026829,0,4
2024010492203,2024,010492203,1,9,0,18,19,2,6,0,0,3,0,0,0,0,1,1,6,6,3,-1,-1,-1,-1,-1,-1,-1,-1,0,-1
2024302401042,2024,302401042,2,-1,0,18,19,5,1,9,9,1,1,0,0,0,3,1,6,6,1,24,5,-1,-1,-1,-1,1,E01034257,1,1
2024552400070,2024,552400070,2,1,0,3,3,8,4,0,0,0,0,0,0,0,3,1,3,7,1,30,6,-1,-1,-1,-1,3,E01015442,0,1
2024010550297,2024,010550297,2,1,0,-1,-1,4,8,0,0,0,0,0,0,0,1,1,6,6,1,53,8,-1,-1,-1,-1,4,E01003220,0,3
2024052400256,2024,052400256,1,9,0,18,19,4,8,0,0,1,0,0,0,0,1,1,6,6,3,-1,-1,-1,-1,-1,-1,-1,-1,0,-1
2024010547179,2024,010547179,2,1,0,18,19,1,5,9,9,8,0,0,0,0,4,1,6,6,1,46,8,-1,-1,-1,-1,2,E01001828,0,1
202417H100224,2024,17H100224,2,19,0,18,19,5,1,0,0,8,5,0,7,10,4,1,1,1,2,43,7,-1,-1,-1,-1,5,E01011996,0,1
2024122400341,2024,122400341,2,1,0,18,19,6,5,0,0,1,0,0,0,0,0,1,6,6,1,72,10,-1,-1,-1,-1,10,E01027614,0,1
2024010516038,2024,010516038,1,1,0,5,5,0,1,0,0,1,0,0,0,0,1,1,6,6,1,32,6,-1,-1,-1,-1,2,E01033455,0,1
2024520002317,2024,520002317,1,9,0,18,19,9,9,0,0,0,0,0,0,0,4,1,6,6,3,-1,-1,-1,-1,-1,-1,-1,-1,0,-1
2024052401887,2024,052401887,2,1,0,18,19,3,7,0,0,0,0,0,0,0,2,1,6,6,2,80,11,-1,-1,-1,-1,5,E01007106,0,1
2024340WN6632,2024,340WN6632,1,9,0,-1,99,7,3,-1,0,1,0,0,0,0,2,1,-1,6,3,-1,-1,-1,-1,-1,-1,-1,-1,0,-1
2024631416455,2024,631416455,2,9,0,-1,4,8,4,-1,0,0,0,0,0,0,2,1,-1,1,2,46,8,-1,-1,-1,-1,6,W01000500,0,2
2024010495847,2024,010495847,2,9,0,99,99,9,9,99,99,9,9,99,9,99,1,9,6,6,3,-1,-1,-1,-1,-1,-1,-1,-1,0,-1
2024440466425,2024,440466425,2,9,0,18,19,5,1,0,0,0,0,0,0,0,2,1,6,6,1,58,9,-1,-1,-1,-1,8,E01032699,0,4
2024421398150,2024,421398150,1,1,0,-1,19,5,1,-1,0,1,0,0,0,0,1,1,-1,6,1,14,3,-1,-1,-1,-1,-1,-1,0,-1
2024351484922,2024,351484922,2,1,0,-1,19,-1,-1,-1,0,8,5,0,0,0,1,1,-1,9,1,44,7,-1,-1,-1,-1,6,E01035535,0,1
2024010497385,2024,010497385,1,9,0,99,99,9,9,99,99,0,9,99,9,99,9,9,2,2,2,32,6,-1,-1,-1,-1,3,E01021418,0,4
2024991415863,2024,991415863,2,1,0,-1,19,5,8,-1,9,0,0,0,0,0,3,1,-1,2,1,11,3,-1,-1,-1,-1,9,-1,0,1
2024302400230,2024,302400230,2,1,0,18,19,8,4,0,0,8,0,0,0,0,1,1,1,1,1,15,3,-1,-1,-1,-1,2,E01019688,0,1
2024010493079,2024,010493079,2,1,0,18,19,5,1,0,0,8,0,0,0,0,1,1,2,2,1,51,8,-1,-1,-1,-1,5,E01000475,0,1
2024340WN3852,2024,340WN3852,2,22,0,-1,19,1,5,-1,0,8,0,0,0,0,1,1,-1,9,2,69,10,-1,-1,-1,-1,5,E01027183,0,1
2024141428644,2024,141428644,1,98,0,-1,19,7,3,-1,0,0,0,0,0,0,1,1,-1,6,3,-1,-1,-1,-1,-1,-1,-1,-1,0,-1
2024131478874,2024,131478874,1,23,0,-1,19,3,7,-1,0,8,0,0,0,0,4,1,-1,9,1,20,4,-1,-1,-1,-1,1,E01011429,0,1
2024332400726,2024,332400726,2,1,0,-1,19,1,5,-1,0,0,0,0,0,0,1,1,-1,9,1,16,4,-1,-1,-1,-1,7,E01031055,0,3
2024461500344,2024,461500344,3,21,1,-1,19,6,1,-1,0,0,0,0,0,0,4,2,-1,1,1,59,9,-1,-1,-1,-1,-1,-1,0,-1
2024461513777,2024,461513777,2,9,-1,-1,5,5,1,-1,0,0,0,0,0,0,3,9,-1,6,2,55,8,-1,-1,-1,-1,7,E01024096,0,1
2024430048536,2024,430048536,2,9,0,18,19,3,7,0,0,6,0,0,0,0,1,1,6,6,1,50,8,-1,-1,-1,-1,-1,-1,0,-1
2024010510346,2024,010510346,2,98,0,99,99,9,9,99,99,9,9,99,9,99,9,9,6,6,3,-1,-1,-1,-1,-1,-1,-1,-1,0,-1
2024430127187,2024,430127187,1,9,0,3,3,3,7,0,0,1,0,0,0,0,2,1,6,6,3,-1,-1,-1,-1,-1,-1,-1,-1,0,-1
2024101410929,2024,101410929,2,1,0,-1,19,1,5,-1,0,3,2,0,0,0,1,1,-1,6,1,47,8,-1,-1,-1,-1,5,E01008740,0,1
2024371449731,2024,371449731,1,9,0,-1,15,3,7,-1,0,0,0,0,0,0,0,1,-1,6,-1,-1,-1,-1,-1,-1,-1,-1,-1,0,-1
2024311525421,2024,311525421,2,1,0,-1,5,1,5,-1,0,8,0,0,0,0,2,1,-1,9,1,29,6,-1,-1,-1,-1,3,E01013874,0,1
2024340WN3762,2024,340WN3762,1,-1,0,-1,19,3,7,-1,0,6,0,0,0,0,1,1,-1,6,1,25,5,-1,-1,-1,-1,6,E01009531,1,4
2024552400122,2024,552400122,1,9,0,13,13,2,6,0,0,0,0,0,0,0,4,1,6,6,3,-1,-1,-1,-1,-1,-1,-1,-1,0,-1
2024411476827,2024,411476827,1,9,0,-1,19,5,1,-1,0,2,0,0,0,0,1,1,-1,6,1,44,7,-1,-1,-1,-1,7,E01023771,0,1
2024061423523,2024,061423523,1,9,-1,-1,-1,-1,-1,-1,-1,0,-1,-1,-1,0,-1,9,-1,6,1,-1,-1,-1,-1,-1,-1,-1,-1,0,-1
2024430016174,2024,430016174,2,9,0,18,19,8,4,0,0,1,0,0,0,0,1,1,6,6,1,35,6,-1,-1,-1,-1,-1,-1,0,-1
2024361430965,2024,361430965,1,9,0,-1,9,6,2,-1,0,1,0,0,0,0,1,1,-1,9,1,29,6,-1,-1,-1,-1,-1,-1,0,-1
2024122400339,2024,122400339,2,1,0,14,14,7,3,0,0,0,1,0,0,0,1,1,6,6,1,67,10,-1,-1,-1,-1,10,E01027712,0,1
2024332401114,2024,332401114,2,9,0,-1,19,8,4,-1,0,8,1,0,0,0,1,1,-1,1,1,38,7,-1,-1,-1,-1,10,E01025835,0,2
2024101440874,2024,101440874,2,90,4,-1,19,5,1,-1,0,0,0,0,0,0,1,1,-1,9,1,78,11,-1,-1,-1,-1,10,E01030476,0,5
2024332400196,2024,332400196,2,9,0,-1,19,2,6,-1,0,0,1,0,0,0,3,1,-1,6,1,-1,-1,-1,-1,-1,-1,2,E01013678,0,3
2024471412835,2024,471412835,2,1,0,-1,2,7,3,-1,9,1,0,0,0,0,4,1,-1,7,2,9,2,-1,-1,-1,-1,3,E01031811,0,1
2024010543268,2024,010543268,2,1,0,16,19,3,5,0,0,1,0,0,0,0,2,1,2,2,1,27,6,-1,-1,-1,-1,4,E01035686,0,1
2024461482882,2024,461482882,2,1,-1,-1,19,-1,-1,-1,9,1,0,0,-1,0,1,1,-1,6,1,-1,-1,-1,-1,-1,-1,9,E01024297,0,1
2024010491523,2024,010491523,2,9,0,99,99,9,9,99,99,9,9,99,9,99,1,9,6,6,3,-1,-1,-1,-1,-1,-1,3,E01001089,0,1
2024522402788,2024,522402788,2,9,0,18,19,1,5,0,0,1,0,0,0,0,1,1,6,6,3,-1,-1,-1,-1,-1,-1,-1,-1,0,-1
2024430038719,2024,430038719,2,11,0,18,19,3,7,0,0,1,0,0,0,0,1,1,6,6,1,-1,-1,-1,-1,-1,-1,-1,-1,0,-1
2024161450152,2024,161450152,2,1,0,-1,19,1,5,-1,0,6,2,0,0,0,4,1,-1,6,1,16,4,-1,-1,-1,-1,-1,-1,0,-1
2024201456419,2024,201456419,1,9,0,-1,7,7,1,-1,0,6,0,0,0,0,1,1,-1,6,1,35,6,-1,-1,-1,-1,-1,-1,0,-1
2024221471458,2024,221471458,2,9,0,-1,13,7,3,-1,0,0,0,0,0,0,3,1,-1,6,2,75,10,-1,-1,-1,-1,5,E01032428,0,1
2024010505975,2024,010505975,2,9,0,18,19,3,7,0,0,1,0,0,0,0,1,2,6,6,1,34,6,-1,-1,-1,-1,3,E01033862,0,1
2024131506883,2024,131506883,1,9,0,-1,9,3,1,-1,0,8,0,0,0,0,1,1,-1,9,2,31,6,-1,-1,-1,-1,4,E01011839,0,2
2024061446300,2024,061446300,1,9,0,-1,19,8,4,-1,0,0,1,0,0,0,1,1,-1,1,1,52,8,-1,-1,-1,-1,9,E01025022,0,4
2024010527742,2024,010527742,1,3,0,5,5,5,1,0,0,0,0,4,0,0,1,1,6,6,1,33,6,-1,-1,-1,-1,2,E01001911,0,1
2024351505020,2024,351505020,2,1,0,-1,-1,-1,-1,-1,-1,0,-1,-1,-1,0,1,1,-1,2,1,42,7,-1,-1,-1,-1,9,E01015635,0,2
2024052401027,2024,052401027,1,1,0,7,7,5,1,0,0,1,0,0,0,0,1,1,6,6,1,14,3,-1,-1,-1,-1,8,E01006827,0,1
2024361403984,2024,361403984,2,9,0,-1,5,8,2,-1,0,0,0,0,0,0,3,1,-1,7,2,28,6,-1,-1,-1,-1,9,E01026563,0,2
2024010540078,2024,010540078,1,3,0,18,19,8,4,0,0,8,0,0,0,0,1,1,6,6,3,-1,-1,-1,-1,-1,-1,-1,-1,0,-1
2024010506290,2024,010506290,2,1,9,99,99,9,9,99,99,9,9,99,9,99,9,1,6,6,1,-1,-1,-1,-1,-1,-1,9,E01001281,0,1
2024411458289,2024,411458289,3,90,0,-1,2,0,0,-1,0,0,0,0,0,0,0,1,-1,1,1,37,7,-1,-1,-1,-1,8,E01023753,0,2
2024201451097,2024,201451097,1,8,0,-1,19,2,6,-1,0,0,0,0,0,0,1,1,-1,1,1,53,8,-1,-1,-1,-1,-1,-1,0,-1
2024411518782,2024,411518782,1,98,-1,-1,-1,-1,-1,-1,-1,0,-1,-1,-1,0,-1,9,-1,6,3,-1,-1,-1,-1,-1,-1,-1,-1,0,-1
2024161476541,2024,161476541,2,9,0,-1,19,6,2,-1,0,0,0,0,0,0,3,1,-1,6,3,-1,-1,-1,-1,-1,-1,-1,-1,0,-1
2024371489342,2024,371489342,2,98,0,-1,19,4,1,-1,0,0,0,0,0,0,1,1,-1,6,2,33,6,-1,-1,-1,-1,3,E01026696,0,4
2024411543332,2024,411543332,1,98,-1,-1,9,1,5,-1,0,0,-1,-1,-1,0,-1,9,-1,6,3,-1,-1,-1,-1,-1,-1,-1,-1,0,-1
2024010501079,2024,010501079,2,1,0,18,19,1,5,0,0,1,0,0,0,0,1,1,6,6,2,53,8,-1,-1,-1,-1,9,E01002991,0,1
2024430007630,2024,430007630,1,9,0,18,19,8,4,0,0,1,0,0,0,0,1,1,6,6,1,65,9,-1,-1,-1,-1,10,E01016668,0,1
2024481570190,2024,481570190,1,1,0,-1,19,7,3,-1,0,0,0,0,0,0,1,1,-1,2,1,49,8,-1,-1,-1,-1,-1,-1,0,-1
2024010548133,2024,010548133,2,9,0,99,99,9,9,99,99,9,9,99,9,99,1,9,6,6,3,-1,-1,-1,-1,-1,-1,-1,-1,0,-1
2024101484616,2024,101484616,4,9,0,-1,3,7,3,-1,0,1,0,0,0,0,0,9,-1,6,1,35,6,-1,-1,-1,-1,10,E01008497,0,2
2024101516624,2024,101516624,2,9,0,-1,15,7,3,-1,0,0,0,0,0,0,0,1,-1,6,2,56,9,-1,-1,-1,-1,5,E01027409,0,4
2024041433016,2024,041433016,1,9,0,-1,19,7,3,-1,0,0,0,0,0,0,1,1,-1,9,1,26,6,-1,-1,-1,-1,4,E01012607,0,1
2024010507095,2024,010507095,1,1,9,99,99,9,9,99,99,0,9,99,9,99,1,1,6,6,1,21,5,-1,-1,-1,-1,4,E01003210,0,1
2024311544900,2024,311544900,1,9,0,-1,19,2,6,-1,0,0,0,0,0,0,3,9,-1,6,3,20,4,-1,-1,-1,-1,-1,-1,0,-1
2024351441203,2024,351441203,2,98,0,-1,12,5,2,-1,0,3,0,0,0,0,1,2,-1,1,1,21,5,-1,-1,-1,-1,-1,-1,0,-1
2024451474516,2024,451474516,2,1,0,-1,19,7,3,-1,0,0,5,0,1,0,4,1,-1,2,1,45,7,-1,-1,-1,-1,6,E01030426,0,1
2024201452058,2024,201452058,1,9,0,-1,19,7,3,-1,0,0,0,0,0,0,1,9,-1,1,1,50,8,-1,-1,-1,-1,-1,-1,0,-1
2024221464943,2024,221464943,1,3,0,-1,19,1,6,-1,0,0,1,10,1,10,1,1,-1,6,1,18,4,-1,-1,-1,-1,8,E01032410,0,3
2024371441011,2024,371441011,1,9,0,-1,11,3,7,-1,0,0,2,0,0,0,4,1,-1,6,1,54,8,-1,-1,-1,-1,5,E01030138,0,4
2024531420943,2024,531420943,2,9,0,-1,19,3,7,-1,0,1,0,0,1,9,1,1,-1,2,1,73,10,-1,-1,-1,-1,7,E01022449,0,3
2024061402856,2024,061402856,1,9,0,-1,19,8,4,-1,0,0,0,0,0,0,1,1,-1,1,1,62,9,-1,-1,-1,-1,2,E01004969,0,2
2024101439233,2024,101439233,1,9,0,-1,19,2,6,-1,0,5,0,0,0,0,1,1,-1,6,3,-1,-1,-1,-1,-1,-1,-1,-1,0,-1
2024060847531,2024,060847531,1,9,0,-1,19,8,4,-1,0,0,0,0,1,9,3,1,-1,9,1,27,6,-1,-1,-1,-1,7,E01018670,0,3
2024311525964,2024,311525964,1,9,-1,-1,19,-1,-1,-1,0,0,-1,-1,-1,0,1,9,-1,6,1,41,7,-1,-1,-1,-1,-1,-1,0,-1
2024010493922,2024,010493922,2,19,0,2,2,0,0,0,0,6,0,0,0,0,1,2,6,6,3,-1,-1,-1,-1,-1,-1,-1,-1,0,-1
2024211513187,2024,211513187,2,9,0,-1,-1,-1,-1,-1,-1,-1,-1,-1,-1,0,-1,9,-1,6,3,40,7,-1,-1,-1,-1,-1,-1,0,-1
2024302401134,2024,302401134,1,9,0,18,19,2,6,0,0,0,0,0,0,0,1,1,6,6,3,-1,-1,-1,-1,-1,-1,5,E01019456,0,3
2024421436534,2024,421436534,2,1,0,-1,19,1,5,-1,0,0,0,0,0,0,4,1,-1,2,1,26,6,-1,-1,-1,-1,5,E01021664,0,1
2024161473833,2024,161473833,2,17,4,-1,9,3,1,-1,0,5,0,0,0,0,3,9,-1,1,1,47,8,-1,-1,-1,-1,-1,-1,0,-1
2024041499275,2024,041499275,1,1,0,-1,7,1,5,-1,0,0,0,0,1,0,1,1,-1,9,1,29,6,-1,-1,-1,-1,4,E01025288,0,1
2024231460284,2024,231460284,1,9,0,-1,19,6,2,-1,0,0,0,0,0,0,0,9,-1,6,3,38,7,-1,-1,-1,-1,-1,-1,0,-1
2024201442133,2024,201442133,1,9,0,-1,9,2,8,-1,0,6,0,0,0,0,1,1,-1,6,2,-1,-1,-1,-1,-1,-1,-1,-1,0,-1
2024010526580,2024,010526580,1,9,0,9,9,1,7,0,0,8,0,0,0,0,1,1,6,6,1,25,5,-1,-1,-1,-1,5,E01002162,0,1
2024320403727,2024,320403727,1,1,0,-1,-1,5,1,0,0,2,5,0,1,10,3,1,6,6,1,19,4,-1,-1,-1,-1,6,E01026020,0,2
2024010512008,2024,010512008,2,1,0,5,5,7,3,0,0,2,0,0,0,0,3,1,6,6,1,41,7,-1,-1,-1,-1,4,E01001723,0,2
2024201399587,2024,201399587,1,19,0,-1,19,5,8,-1,0,0,0,0,0,0,1,9,-1,6,2,-1,-1,-1,-1,-1,-1,-1,-1,0,-1
2024201465013,2024,201465013,3,8,0,-1,19,5,1,-1,0,0,0,0,0,0,0,1,-1,1,3,-1,-1,-1,-1,-1,-1,-1,-1,0,-1
2024411415306,2024,411415306,1,1,-1,-1,5,8,4,-1,0,2,0,0,0,0,2,1,-1,9,1,46,8,-1,-1,-1,-1,10,E01023568,0,1
2024061398684,2024,061398684,1,9,0,-1,19,1,5,-1,0,0,0,0,0,0,3,1,-1,6,3,-1,-1,-1,-1,-1,-1,-1,-1,0,-1
2024991485826,2024,991485826,1,9,0,-1,5,1,5,-1,0,0,0,0,7,0,1,1,-1,9,1,77,11,-1,-1,-1,-1,2,-1,0,4
2024010496190,2024,010496190,1,1,9,99,99,9,9,99,99,9,9,99,9,99,1,1,1,1,1,33,6,-1,-1,-1,-1,4,E01002624,0,3
2024010504338,2024,010504338,1,5,0,18,19,3,7,0,0,0,0,0,5,2,4,1,2,2,2,37,7,-1,-1,-1,-1,6,E01002331,0,3
2024010498468,2024,010498468,1,9,0,5,5,7,3,0,0,1,0,0,0,0,3,1,6,6,2,36,7,-1,-1,-1,-1,8,E01000347,0,1
2024010494902,2024,010494902,1,3,0,99,99,9,9,99,99,9,9,99,9,99,9,1,6,6,1,36,7,-1,-1,-1,-1,6,E01003703,0,3
2024061487653,2024,061487653,2,9,0,-1,19,4,1,-1,0,8,0,0,0,0,1,1,-1,6,1,37,7,-1,-1,-1,-1,2,E01006380,0,2
2024991424212,2024,991424212,1,97,0,-1,19,4,8,-1,0,1,0,0,0,0,3,1,-1,6,1,21,5,-1,-1,-1,-1,1,-1,0,2
2024010535824,2024,010535824,1,4,0,18,19,5,1,0,0,1,5,0,0,0,1,1,6,6,1,29,6,-1,-1,-1,-1,6,E01000161,0,1
2024430267031,2024,430267031,2,1,0,13,13,5,1,0,0,0,0,0,0,0,1,1,6,6,1,39,7,-1,-1,-1,-1,2,E01028520,0,2
2024430424009,2024,430424009,1,1,0,18,19,7,3,0,0,4,0,0,0,0,1,1,6,6,1,35,6,-1,-1,-1,-1,6,E01017809,0,1
2024531475434,2024,531475434,1,9,0,-1,19,3,7,-1,0,0,0,0,0,0,1,1,-1,6,3,-1,-1,-1,-1,-1,-1,-1,-1,0,-1
2024111412382,2024,111412382,1,9,0,-1,9,7,5,-1,0,8,0,0,0,0,1,1,-1,6,3,30,6,-1,-1,-1,-1,-1,-1,0,-1
2024010490504,2024,010490504,2,9,0,99,99,9,9,99,99,0,9,99,9,99,9,9,6,6,3,-1,-1,-1,-1,-1,-1,-1,-1,0,-1
2024411538233,2024,411538233,1,9,0,-1,99,-1,-1,-1,0,1,0,0,0,0,9,1,-1,9,1,-1,-1,-1,-1,-1,-1,-1,-1,0,-1
2024211516718,2024,211516718,2,9,0,-1,8,1,3,-1,0,1,0,0,0,0,4,2,-1,6,2,52,8,-1,-1,-1,-1,4,E01029462,0,1
2024010530180,2024,010530180,1,1,9,99,99,9,9,99,99,9,9,99,9,99,9,1,2,2,1,24,5,-1,-1,-1,-1,5,E01004631,0,1
2024010495880,2024,010495880,1,9,0,18,19,7,3,0,0,4,1,0,0,0,4,1,6,6,1,30,6,-1,-1,-1,-1,7,E01000778,0,3
2024031454802,2024,031454802,2,19,0,-1,7,5,3,-1,0,0,0,0,0,0,1,1,-1,6,1,17,4,-1,-1,-1,-1,-1,-1,0,-1
2024201405420,2024,201405420,1,9,0,-1,9,8,6,-1,0,6,0,0,0,0,1,1,-1,6,2,35,6,-1,-1,-1,-1,-1,-1,0,-1
202460Q096990,2024,60Q096990,1,9,0,18,19,6,2,0,0,2,0,0,0,0,1,1,6,6,3,-1,-1,-1,-1,-1,-1,-1,-1,0,-1
2024122400867,2024,122400867,1,9,0,2,2,0,0,0,0,0,0,0,0,0,1,1,6,6,2,50,8,-1,-1,-1,-1,9,-1,0,5
2024991502853,2024,991502853,1,1,0,-1,19,2,6,-1,0,0,5,0,0,0,1,1,-1,1,1,43,7,-1,-1,-1,-1,6,-1,0,2
2024052402429,2024,052402429,1,4,0,18,19,6,2,0,0,0,0,0,0,0,3,1,6,6,1,41,7,-1,-1,-1,-1,1,E01006448,0,1
2024071066481,2024,071066481,1,9,0,-1,10,5,2,-1,0,1,0,0,0,0,3,1,-1,6,2,28,6,-1,-1,-1,-1,10,W01000324,0,3
2024031492199,2024,031492199,1,1,0,-1,9,7,4,-1,0,1,0,0,0,0,4,1,-1,9,1,13,3,-1,-1,-1,-1,4,E01019359,0,1
2024141435762,2024,141435762,1,9,0,-1,8,1,3,-1,0,4,0,0,0,0,2,1,-1,6,2,49,8,-1,-1,-1,-1,4,E01034247,0,1
2024061534155,2024,061534155,2,-1,0,-1,19,5,1,-1,0,8,0,0,0,0,3,1,-1,6,1,19,4,-1,-1,-1,-1,-1,-1,0,-1
2024131453288,2024,131453288,2,1,0,-1,19,7,3,-1,0,8,0,0,0,0,1,1,-1,6,1,30,6,-1,-1,-1,-1,1,E01011493,0,1
2024332401256,2024,332401256,1,9,0,-1,9,1,7,-1,0,5,0,0,0,0,4,1,-1,9,1,54,8,-1,-1,-1,-1,10,E01025769,0,1
2024010491089,2024,010491089,1,9,0,17,19,1,5,0,0,4,5,10,0,0,4,1,6,6,2,75,10,-1,-1,-1,-1,8,E01003004,0,1
2024122500024,2024,122500024,2,1,0,18,19,1,5,0,0,8,0,0,0,0,0,1,6,6,1,52,8,-1,-1,-1,-1,7,E01027587,0,3
2024471502149,2024,471502149,1,9,0,-1,19,7,3,-1,0,8,0,0,0,0,4,1,-1,9,1,71,10,-1,-1,-1,-1,10,E01031487,0,1
2024340NN0182,2024,340NN0182,2,9,0,-1,19,5,1,-1,0,8,0,0,7,11,4,1,-1,2,2,42,7,-1,-1,-1,-1,5,E01027114,0,1
2024010515842,2024,010515842,1,97,0,99,99,9,9,99,99,9,9,99,9,99,1,1,6,6,3,-1,-1,-1,-1,-1,-1,-1,-1,0,-1
2024010542952,2024,010542952,1,9,0,99,99,9,9,99,99,9,9,99,9,99,1,9,6,6,2,55,8,-1,-1,-1,-1,6,E01000274,0,3
2024320548593,2024,320548593,1,4,0,13,13,5,1,0,0,3,2,0,0,0,4,1,6,6,1,58,9,-1,-1,-1,-1,8,E01028337,0,3
2024201516696,2024,201516696,1,9,0,-1,5,3,7,-1,0,6,0,0,0,0,0,9,-1,6,1,-1,-1,-1,-1,-1,-1,7,E01010436,0,1
2024461497407,2024,461497407,2,19,0,-1,14,1,5,-1,0,0,0,0,0,0,0,9,-1,6,3,-1,-1,-1,-1,-1,-1,-1,-1,0,-1
2024122401155,2024,122401155,1,9,0,18,19,1,5,0,0,0,1,0,0,0,1,1,2,2,1,27,6,-1,-1,-1,-1,10,E01027893,0,2
2024461515979,2024,461515979,2,21,1,-1,12,7,3,-1,0,0,0,0,0,0,3,2,-1,1,1,54,8,-1,-1,-1,-1,-1,-1,0,-1
2024991445262,2024,991445262,2,9,0,-1,2,0,0,-1,0,0,0,0,0,0,4,1,-1,6,-1,-1,-1,-1,-1,-1,-1,-1,-1,0,-1
2024302400690,2024,302400690,2,9,0,2,2,0,0,0,0,0,0,0,0,0,2,1,6,6,1,31,6,-1,-1,-1,-1,3,E01019503,0,4
2024010518689,2024,010518689,2,9,0,18,19,9,9,99,99,5,9,99,9,99,9,9,6,6,3,-1,-1,-1,-1,-1,-1,-1,-1,0,-1
2024461449226,2024,461449226,2,1,0,-1,19,5,1,-1,0,0,0,4,0,0,0,1,-1,6,2,46,8,-1,-1,-1,-1,7,E01024109,0,1
2024451410920,2024,451410920,3,9,0,-1,19,1,4,-1,0,0,0,0,0,0,1,9,-1,6,-1,44,7,-1,-1,-1,-1,-1,-1,0,-1
2024610055024,2024,610055024,3,9,0,18,19,4,8,0,0,2,0,0,0,0,0,1,1,1,3,-1,-1,-1,-1,-1,-1,-1,-1,0,-1
2024101513755,2024,101513755,1,9,0,-1,7,7,1,-1,0,0,0,0,0,0,3,9,-1,6,1,50,8,-1,-1,-1,-1,3,E01027461,0,2
2024010496876,2024,010496876,1,9,0,6,6,5,5,0,0,8,0,0,0,0,3,1,6,6,1,27,6,-1,-1,-1,-1,8,E01024385,0,4
2024010488889,2024,010488889,4,9,0,2,2,0,0,0,0,2,0,0,0,0,2,1,6,6,3,-1,-1,-1,-1,-1,-1,-1,-1,0,-1
2024010513243,2024,010513243,1,1,9,99,99,9,9,99,99,9,9,99,9,99,9,1,6,6,1,54,8,-1,-1,-1,-1,5,E01021809,0,3
2024471449556,2024,471449556,2,9,0,-1,19,5,1,-1,0,0,0,0,0,0,2,1,-1,1,1,58,9,-1,-1,-1,-1,7,E01031462,0,4
2024221533410,2024,221533410,1,9,0,-1,1,6,2,-1,0,6,0,4,0,0,2,1,-1,6,2,63,9,-1,-1,-1,-1,5,E01014038,0,1
2024221399342,2024,221399342,2,1,0,-1,19,6,2,-1,0,8,0,0,0,0,1,1,-1,2,1,26,6,-1,-1,-1,-1,3,E01032157,0,1
2024141398159,2024,141398159,2,9,0,-1,19,1,5,-1,0,4,0,0,0,0,1,9,-1,6,3,-1,-1,-1,-1,-1,-1,-1,-1,0,-1
2024461513809,2024,461513809,1,9,0,-1,19,1,5,-1,0,0,0,0,0,0,1,9,-1,6,3,-1,-1,-1,-1,-1,-1,-1,-1,0,-1
2024430331403,2024,430331403,2,9,0,18,19,1,5,0,0,4,0,0,0,0,1,1,6,6,3,-1,-1,-1,-1,-1,-1,-1,-1,0,-1
2024161445079,2024,161445079,1,1,0,-1,19,7,3,-1,0,0,0,0,0,0,4,1,-1,6,1,13,3,-1,-1,-1,-1,1,E01013136,0,1
2024010504726,2024,010504726,2,19,0,11,11,5,1,0,0,2,0,0,0,0,0,1,6,6,3,-1,-1,-1,-1,-1,-1,-1,-1,0,-1
2024141535839,2024,141535839,2,1,0,-1,19,5,1,-1,0,0,0,0,0,0,3,1,-1,1,1,29,6,-1,-1,-1,-1,10,E01008044,0,1
2024010506711,2024,010506711,1,1,9,99,99,9,9,99,99,9,9,99,9,99,9,1,2,2,2,23,5,-1,-1,-1,-1,3,E01004397,0,1
2024010509729,2024,010509729,2,23,0,18,19,8,4,0,0,1,0,0,0,0,1,1,6,6,1,27,6,-1,-1,-1,-1,3,E01002672,0,1
2024131400067,2024,131400067,1,9,0,-1,19,2,6,-1,0,0,0,0,0,0,1,1,-1,6,3,-1,-1,-1,-1,-1,-1,-1,-1,0,-1
2024421499357,2024,421499357,1,9,0,-1,-1,-1,-1,-1,-1,-1,-1,-1,-1,0,-1,9,-1,6,3,-1,-1,-1,-1,-1,-1,-1,-1,0,-1
2024471409475,2024,471409475,2,1,0,-1,19,7,2,-1,0,4,0,0,0,0,1,1,-1,2,1,44,7,-1,-1,-1,-1,1,E01021020,0,2
2024552400270,2024,552400270,2,1,0,18,19,3,7,0,0,8,0,0,0,0,3,1,4,7,1,13,3,-1,-1,-1,-1,9,E01015388,0,1
2024010490497,2024,010490497,1,9,0,18,19,1,5,0,0,8,0,0,0,0,1,1,6,6,3,-1,-1,-1,-1,-1,-1,-1,-1,0,-1