collision_index,collision_year,collision_ref_no,vehicle_reference,vehicle_type,towing_and_articulation,vehicle_manoeuvre_historic,vehicle_manoeuvre,vehicle_direction_from,vehicle_direction_to,vehicle_location_restricted_lane_historic,vehicle_location_restricted_lane,junction_location,skidding_and_overturning,hit_object_in_carriageway,vehicle_leaving_carriageway,hit_object_off_carriageway,first_point_of_impact,vehicle_left_hand_drive,journey_purpose_of_driver_historic,journey_purpose_of_driver,sex_of_driver,age_of_driver,age_band_of_driver,engine_capacity_cc,propulsion_code,age_of_vehicle,generic_make_model,driver_imd_decile,lsoa_of_driver,escooter_flag,driver_distance_banding
2024061438365,2024,061438365,2,9,0,-1,19,6,2,-1,0,8,0,0,0,0,4,2,-1,9,1,82,11,-1,-1,-1,-1,9,E01005740,0,1
2024010540788,2024,010540788,1,9,9,18,19,1,5,0,0,0,9,99,0,0,9,9,6,6,3,-1,-1,-1,-1,-1,-1,-1,-1,0,-1
2024041417045,2024,041417045,2,9,0,-1,19,2,8,-1,0,1,0,0,0,0,1,1,-1,9,1,94,11,-1,-1,-1,-1,6,E01025330,0,1
2024122401193,2024,122401193,2,1,0,18,19,1,5,9,9,1,0,0,0,0,3,1,6,6,1,15,3,-1,-1,-1,-1,7,E01027860,0,1
2024010533637,2024,010533637,2,98,9,99,99,9,9,0,0,9,9,99,9,99,1,1,6,6,3,-1,-1,-1,-1,-1,-1,-1,-1,0,-1
2024010544393,2024,010544393,1,19,0,99,99,9,9,99,99,0,9,99,9,99,9,9,6,6,3,-1,-1,-1,-1,-1,-1,-1,-1,0,-1
2024552401026,2024,552401026,2,1,0,14,14,6,2,0,0,0,0,0,0,0,1,1,6,6,1,53,8,-1,-1,-1,-1,5,E01020431,0,3
2024010519393,2024,010519393,2,22,0,99,99,9,9,99,99,9,9,99,9,99,1,1,6,6,3,-1,-1,-1,-1,-1,-1,-1,-1,0,-1
2024991438500,2024,991438500,1,9,0,-1,19,5,1,-1,0,0,0,0,0,0,1,1,-1,9,1,31,6,-1,-1,-1,-1,-1,-1,0,-1
2024401474657,2024,401474657,3,9,0,-1,19,6,6,-1,0,0,0,0,0,0,1,1,-1,6,1,40,7,-1,-1,-1,-1,10,E01027280,0,4
2024010542927,2024,010542927,2,1,9,99,99,9,9,99,99,9,9,99,9,99,9,1,6,6,1,-1,-1,-1,-1,-1,-1,-1,-1,0,-1
2024010509761,2024,010509761,2,1,0,18,19,1,5,4,4,1,0,10,0,0,1,1,6,6,1,36,7,-1,-1,-1,-1,8,E01003355,0,3
2024010521280,2024,010521280,1,9,0,99,99,9,9,99,99,9,9,99,9,99,9,9,6,6,3,-1,-1,-1,-1,-1,-1,8,E01000991,0,2
2024461533838,2024,461533838,1,1,0,-1,19,4,8,-1,0,8,0,0,0,0,1,1,-1,6,1,-1,-1,-1,-1,-1,-1,1,E01024609,0,4
202460Q055217,2024,60Q055217,2,1,0,18,19,7,3,0,0,1,0,0,1,0,1,1,6,6,1,38,7,-1,-1,-1,-1,-1,-1,0,-1
2024052401509,2024,052401509,1,9,0,13,13,3,7,0,0,1,0,0,0,0,4,1,6,6,3,-1,-1,-1,-1,-1,-1,-1,-1,0,-1
2024131441830,2024,131441830,2,1,0,-1,19,7,3,-1,0,8,0,0,0,0,0,1,-1,6,1,49,8,-1,-1,-1,-1,6,E01011042,0,1
2024041398290,2024,041398290,2,9,0,-1,19,2,6,-1,0,1,0,0,0,0,1,1,-1,9,2,61,9,-1,-1,-1,-1,3,E01024926,0,1
2024211499845,2024,211499845,1,19,-1,-1,-1,3,7,-1,-1,-1,-1,-1,-1,0,-1,9,-1,6,3,-1,-1,-1,-1,-1,-1,-1,-1,0,-1
2024070753071,2024,070753071,2,1,0,-1,19,1,5,-1,0,0,0,0,0,0,3,1,-1,6,1,55,8,-1,-1,-1,-1,10,E01006124,0,3
2024010519118,2024,010519118,2,19,0,5,5,5,1,0,0,8,0,0,0,0,1,1,6,6,1,46,8,-1,-1,-1,-1,2,E01002615,0,1
2024631508761,2024,631508761,2,97,0,-1,19,2,7,-1,0,5,0,0,0,0,4,1,-1,9,1,71,10,-1,-1,-1,-1,6,W01000475,0,4
2024010491924,2024,010491924,1,9,0,18,19,1,5,0,0,1,0,0,0,0,0,1,6,6,2,42,7,-1,-1,-1,-1,2,E01004088,0,1
2024461436572,2024,461436572,1,9,0,-1,19,6,2,-1,0,0,0,0,0,0,1,1,-1,1,1,53,8,-1,-1,-1,-1,7,E01024073,0,4
2024311444468,2024,311444468,2,11,0,-1,19,6,2,-1,0,0,0,0,0,0,2,1,-1,1,1,40,7,-1,-1,-1,-1,-1,-1,0,-1
2024411528638,2024,411528638,1,9,-1,-1,19,-1,-1,-1,0,0,0,0,0,0,1,9,-1,6,1,-1,-1,-1,-1,-1,-1,4,E01023937,0,2
2024010542661,2024,010542661,1,9,0,99,99,9,9,99,99,9,9,99,9,99,2,9,6,6,1,41,7,-1,-1,-1,-1,7,E01002198,0,1
2024101468455,2024,101468455,1,1,0,-1,19,1,5,-1,0,0,0,2,0,0,0,1,-1,9,1,48,8,-1,-1,-1,-1,-1,-1,0,-1
2024302401407,2024,302401407,1,9,0,18,19,4,7,0,0,8,0,0,0,0,1,1,3,7,3,-1,-1,-1,-1,-1,-1,5,E01019456,0,3
2024201397071,2024,201397071,2,1,0,-1,19,5,1,-1,0,8,0,0,0,0,2,1,-1,1,1,40,7,-1,-1,-1,-1,4,E01010006,0,1
2024131440062,2024,131440062,2,1,0,-1,-1,-1,-1,-1,-1,0,-1,-1,-1,0,-1,1,-1,6,3,-1,-1,-1,-1,-1,-1,-1,-1,0,-1
2024361432102,2024,361432102,1,9,0,-1,19,2,6,-1,0,1,0,0,0,0,1,1,-1,6,2,24,5,-1,-1,-1,-1,7,E01026710,0,3
2024522402943,2024,522402943,1,9,0,18,19,7,3,0,0,1,0,0,0,0,4,1,6,6,3,-1,-1,-1,-1,-1,-1,-1,-1,0,-1
2024471511808,2024,471511808,2,9,0,-1,19,7,3,-1,0,1,0,0,0,0,9,1,-1,6,3,-1,-1,-1,-1,-1,-1,-1,-1,0,-1
2024430462916,2024,430462916,1,9,0,9,9,8,6,0,0,5,0,0,0,0,3,1,3,7,2,52,8,-1,-1,-1,-1,4,E01016453,0,1
2024201421439,2024,201421439,1,9,0,-1,19,7,3,-1,0,0,0,0,0,0,3,2,-1,6,2,20,4,-1,-1,-1,-1,-1,-1,0,-1
2024991473917,2024,991473917,1,9,0,-1,14,3,7,-1,0,0,0,0,0,0,1,1,-1,1,1,44,7,-1,-1,-1,-1,9,-1,0,2
2024010545251,2024,010545251,1,1,0,18,19,7,3,0,0,2,1,0,0,0,1,1,6,6,1,21,5,-1,-1,-1,-1,4,E01000875,0,2
2024041506977,2024,041506977,1,9,0,-1,19,1,5,-1,0,1,0,0,7,10,1,1,-1,1,1,50,8,-1,-1,-1,-1,2,E01019579,0,4
202460Q054534,2024,60Q054534,1,9,0,10,10,2,7,0,0,0,0,0,0,0,2,1,6,6,1,37,7,-1,-1,-1,-1,-1,-1,0,-1
2024031480829,2024,031480829,2,1,0,-1,19,5,1,-1,0,0,1,0,0,0,4,1,-1,9,1,55,8,-1,-1,-1,-1,-1,-1,0,-1
2024041409604,2024,041409604,2,9,0,-1,19,5,1,-1,0,1,0,0,0,0,1,1,-1,9,2,21,5,-1,-1,-1,-1,4,E01020783,0,5
2024010508853,2024,010508853,2,9,0,18,19,7,3,0,0,0,0,0,0,0,2,1,6,6,3,-1,-1,-1,-1,-1,-1,-1,-1,0,-1
2024041420855,2024,041420855,2,9,0,-1,10,1,5,-1,0,1,0,0,0,0,4,1,-1,9,1,64,9,-1,-1,-1,-1,7,E01025559,0,4
2024010501817,2024,010501817,1,1,0,18,19,3,7,0,0,0,5,0,0,0,3,1,2,2,1,47,8,-1,-1,-1,-1,7,E01004518,0,1
2024340NN0822,2024,340NN0822,1,9,0,-1,19,2,6,-1,0,0,0,0,0,0,1,1,-1,9,1,69,10,-1,-1,-1,-1,4,E01027119,0,1
2024010539421,2024,010539421,1,1,9,18,19,9,9,99,99,9,9,99,9,99,9,1,6,6,1,28,6,-1,-1,-1,-1,7,E01004620,0,1
2024131400151,2024,131400151,2,1,0,-1,9,2,6,-1,0,8,0,0,0,0,1,1,-1,9,1,11,3,-1,-1,-1,-1,7,E01010952,0,1
2024010537203,2024,010537203,2,9,9,99,99,9,9,99,99,9,9,99,9,99,9,9,6,6,3,-1,-1,-1,-1,-1,-1,-1,-1,0,-1
2024010543942,2024,010543942,1,11,0,18,19,1,5,0,0,1,0,0,0,0,0,1,6,6,3,-1,-1,-1,-1,-1,-1,-1,-1,0,-1
2024010538496,2024,010538496,1,1,9,99,99,9,9,99,99,9,9,99,9,99,9,1,1,1,1,25,5,-1,-1,-1,-1,2,E01035676,0,2
2024010500966,2024,010500966,1,1,9,99,99,9,9,99,99,9,9,99,9,99,2,1,6,6,1,41,7,-1,-1,-1,-1,3,E01001362,0,1
2024010541442,2024,010541442,1,9,0,18,19,5,1,0,0,0,0,0,1,0,4,1,6,6,1,-1,-1,-1,-1,-1,-1,-1,-1,0,-1
2024201436752,2024,201436752,1,9,0,-1,5,7,3,-1,0,0,0,0,0,0,3,1,-1,6,1,39,7,-1,-1,-1,-1,5,E01029627,0,2
2024010542911,2024,010542911,2,9,0,9,9,1,7,0,0,8,0,0,0,0,4,1,6,6,1,75,10,-1,-1,-1,-1,8,E01031766,0,4
2024501466003,2024,501466003,2,1,0,-1,19,7,3,-1,0,1,0,0,0,0,1,1,-1,6,1,56,9,-1,-1,-1,-1,7,E01015137,0,2
2024440202193,2024,440202193,1,21,1,16,19,6,1,0,0,2,1,0,0,0,3,1,6,6,3,-1,-1,-1,-1,-1,-1,-1,-1,0,-1
2024010543231,2024,010543231,2,1,0,-1,-1,5,1,0,0,1,0,0,0,0,3,1,6,6,2,29,6,-1,-1,-1,-1,5,E01000520,0,2
2024991434052,2024,991434052,1,22,0,-1,19,8,4,-1,0,8,0,0,0,0,3,1,-1,6,1,85,11,-1,-1,-1,-1,8,-1,0,1
2024461504253,2024,461504253,1,9,0,-1,19,3,1,-1,9,0,1,11,7,1,1,1,-1,9,1,66,10,-1,-1,-1,-1,2,E01000434,0,3
2024430393974,2024,430393974,2,1,0,18,19,6,2,0,0,8,0,0,0,0,1,1,6,6,1,38,7,-1,-1,-1,-1,10,E01016604,0,3
2024161488879,2024,161488879,1,1,0,-1,14,2,6,-1,0,1,0,8,0,0,1,1,-1,6,2,67,10,-1,-1,-1,-1,10,E01013064,0,1
2024010498324,2024,010498324,1,9,9,99,99,9,9,99,99,9,9,99,9,99,9,9,6,6,3,-1,-1,-1,-1,-1,-1,-1,-1,0,-1
2024221451456,2024,221451456,1,9,0,-1,10,6,4,-1,0,8,0,0,0,0,2,9,-1,9,1,70,10,-1,-1,-1,-1,8,W01000555,0,5
2024340WN1682,2024,340WN1682,2,4,0,-1,9,5,3,-1,0,3,0,0,0,0,4,1,-1,9,1,-1,-1,-1,-1,-1,-1,7,E01027210,0,1
2024010536202,2024,010536202,2,9,0,99,99,9,9,99,99,9,9,99,9,99,1,9,6,6,3,-1,-1,-1,-1,-1,-1,-1,-1,0,-1
2024371471265,2024,371471265,1,9,-1,-1,19,-1,-1,-1,9,0,0,0,0,0,4,9,-1,6,2,-1,-1,-1,-1,-1,-1,-1,-1,0,-1
2024531454517,2024,531454517,2,1,0,-1,19,2,6,-1,0,0,0,0,0,0,0,1,-1,2,1,50,8,-1,-1,-1,-1,9,E01026558,0,5
2024440530475,2024,440530475,2,9,0,18,19,5,1,0,0,1,0,0,0,0,1,1,6,6,3,-1,-1,-1,-1,-1,-1,-1,-1,0,-1
2024131496016,2024,131496016,2,1,0,-1,19,5,1,-1,4,1,0,0,0,0,1,1,-1,1,1,31,6,-1,-1,-1,-1,1,E01011671,0,1
2024302400122,2024,302400122,2,9,0,5,5,4,8,0,0,1,0,0,0,0,2,1,6,6,2,32,6,-1,-1,-1,-1,10,E01034650,0,2
2024061461137,2024,061461137,2,1,0,-1,19,5,1,-1,0,0,0,0,1,0,1,1,-1,9,1,56,9,-1,-1,-1,-1,-1,-1,0,-1
2024122401011,2024,122401011,1,23,0,18,19,5,1,0,0,1,0,0,0,0,1,1,6,6,3,-1,-1,-1,-1,-1,-1,-1,-1,0,-1
2024361426764,2024,361426764,1,4,0,-1,5,7,3,-1,9,1,5,0,1,0,0,1,-1,9,1,24,5,-1,-1,-1,-1,1,E01026467,0,1
2024161446037,2024,161446037,2,9,0,-1,19,4,8,-1,0,0,0,0,0,0,1,9,-1,6,3,-1,-1,-1,-1,-1,-1,-1,-1,0,-1
2024440361425,2024,440361425,1,9,0,18,19,7,3,0,0,7,0,0,0,0,1,1,6,6,2,22,5,-1,-1,-1,-1,2,E01017168,0,2
2024520401277,2024,520401277,2,3,0,18,19,5,1,0,0,8,0,0,0,0,1,1,6,6,1,60,9,-1,-1,-1,-1,6,E01020434,0,1
2024311508190,2024,311508190,2,9,0,-1,2,-1,-1,-1,0,1,0,0,0,0,2,1,-1,6,1,49,8,-1,-1,-1,-1,2,E01019644,0,2
2024010539510,2024,010539510,1,9,0,99,99,9,9,99,99,9,9,99,9,99,9,9,6,6,3,-1,-1,-1,-1,-1,-1,-1,-1,0,-1
2024010498193,2024,010498193,2,9,0,99,99,9,9,99,99,9,9,99,9,99,9,9,6,6,3,-1,-1,-1,-1,-1,-1,-1,-1,0,-1
2024131498554,2024,131498554,1,9,0,-1,19,5,1,-1,0,0,0,0,0,0,4,1,-1,6,2,-1,-1,-1,-1,-1,-1,-1,-1,0,-1
202460Q109483,2024,60Q109483,2,23,0,18,19,5,1,0,0,1,0,0,0,0,4,1,6,6,1,-1,-1,-1,-1,-1,-1,-1,-1,0,-1
2024421532649,2024,421532649,2,1,0,-1,19,7,3,-1,0,8,0,0,0,0,4,1,-1,1,1,56,9,-1,-1,-1,-1,3,E01034355,0,2
2024201516747,2024,201516747,1,99,0,-1,5,8,4,-1,0,6,0,0,0,0,1,9,-1,6,3,-1,-1,-1,-1,-1,-1,-1,-1,0,-1
2024010508041,2024,010508041,2,9,0,18,19,7,3,0,0,1,0,0,0,0,1,1,6,6,3,-1,-1,-1,-1,-1,-1,-1,-1,0,-1
2024302401422,2024,302401422,1,9,0,18,19,6,2,0,0,0,0,0,0,0,1,1,6,6,1,21,5,-1,-1,-1,-1,6,E01033756,0,5
2024010547191,2024,010547191,1,1,9,99,99,9,9,99,99,9,9,99,9,99,1,1,6,6,2,40,7,-1,-1,-1,-1,7,E01004605,0,1
2024501409404,2024,501409404,1,9,0,-1,19,7,8,-1,0,1,0,0,0,0,1,9,-1,6,2,35,6,-1,-1,-1,-1,6,E01034860,0,1
2024320158038,2024,320158038,2,9,0,-1,-1,2,6,0,0,0,0,0,0,0,1,1,6,6,1,50,8,-1,-1,-1,-1,9,E01034693,0,1
2024010495215,2024,010495215,1,9,0,3,3,1,5,0,0,6,0,0,0,0,1,1,6,6,2,55,8,-1,-1,-1,-1,7,E01033571,0,3
2024351473682,2024,351473682,4,1,0,-1,19,7,3,-1,0,8,0,0,0,0,1,1,-1,9,1,56,9,-1,-1,-1,-1,8,E01018254,0,3
2024332400982,2024,332400982,2,1,0,-1,-1,5,1,-1,0,8,0,0,0,0,1,1,-1,6,1,56,9,-1,-1,-1,-1,10,E01025737,0,1
2024061467854,2024,061467854,2,1,0,-1,19,3,7,-1,0,1,0,0,0,0,4,1,-1,6,2,36,7,-1,-1,-1,-1,1,E01005197,0,1
2024451482563,2024,451482563,2,1,0,-1,19,2,6,-1,0,0,0,0,0,0,0,1,-1,6,1,40,7,-1,-1,-1,-1,-1,-1,0,-1
2024320695240,2024,320695240,1,9,0,-1,-1,4,8,0,0,2,0,0,0,0,1,1,6,6,1,17,4,-1,-1,-1,-1,7,E01026096,0,1
2024411456670,2024,411456670,2,9,-1,-1,-1,-1,-1,-1,-1,0,-1,-1,-1,0,2,9,-1,2,1,66,10,-1,-1,-1,-1,3,E01023555,0,2
2024052400666,2024,052400666,2,9,0,18,19,5,1,0,0,1,0,0,0,0,2,1,6,6,1,64,9,-1,-1,-1,-1,1,E01006445,0,2
2024430145515,2024,430145515,1,9,0,18,19,5,1,0,0,1,0,0,0,0,4,1,6,6,1,65,9,-1,-1,-1,-1,6,E01016393,0,1
2024010543107,2024,010543107,2,1,9,99,99,9,9,99,99,9,9,99,9,99,1,1,6,6,3,-1,-1,-1,-1,-1,-1,-1,-1,0,-1
2024061461756,2024,061461756,2,9,0,-1,19,-1,-1,-1,99,3,0,4,0,0,1,1,-1,6,3,-1,-1,-1,-1,-1,-1,-1,-1,0,-1
2024010532725,2024,010532725,1,1,0,14,14,1,5,0,0,1,0,0,0,0,3,1,2,2,1,42,7,-1,-1,-1,-1,3,E01003137,0,1
2024991452294,2024,991452294,2,9,0,-1,19,7,3,-1,0,1,0,0,1,0,1,1,-1,6,1,23,5,-1,-1,-1,-1,9,-1,0,2
2024010489241,2024,010489241,2,1,0,9,9,1,6,0,0,2,0,0,0,0,1,1,2,2,2,31,6,-1,-1,-1,-1,3,E01004271,0,2
2024041486820,2024,041486820,1,9,0,-1,9,4,1,-1,0,6,1,0,0,0,1,1,-1,1,1,67,10,-1,-1,-1,-1,1,E01025230,0,2
2024411536841,2024,411536841,1,9,-1,-1,-1,-1,-1,-1,-1,0,-1,-1,-1,0,-1,9,-1,6,3,-1,-1,-1,-1,-1,-1,-1,-1,0,-1
2024371471948,2024,371471948,2,1,0,-1,19,8,3,-1,0,8,0,0,0,0,1,1,-1,6,1,70,10,-1,-1,-1,-1,2,E01030024,0,1
2024010538266,2024,010538266,1,9,0,2,2,0,0,0,0,0,0,0,0,0,4,1,6,6,3,-1,-1,-1,-1,-1,-1,-1,-1,0,-1
2024302400327,2024,302400327,2,3,0,9,9,3,1,0,0,8,0,0,0,0,1,1,6,6,1,25,5,125,1,8,MAKE AND MODEL REDACTED,3,E01013828,0,3
2024302401454,2024,302401454,1,3,0,4,4,6,2,0,0,0,0,0,1,0,1,1,6,6,2,17,4,124,1,8,MAKE AND MODEL REDACTED,2,E01019777,0,3
2024471522635,2024,471522635,2,3,0,-1,19,3,6,-1,0,1,1,0,7,0,3,1,-1,9,1,25,5,124,1,8,MAKE AND MODEL REDACTED,4,E01031386,0,2
202460Q062267,2024,60Q062267,2,2,0,18,19,2,6,0,0,0,0,0,0,0,3,1,6,6,1,16,4,50,1,12,MAKE AND MODEL REDACTED,-1,-1,0,-1
2024545241924,2024,545241924,2,2,0,14,14,1,5,0,0,1,0,0,0,0,1,1,6,6,1,16,4,50,1,9,MAKE AND MODEL REDACTED,1,E01015545,0,1
2024542710524,2024,542710524,1,3,0,18,19,8,4,0,0,1,1,0,0,0,1,1,2,2,1,19,4,125,1,10,MAKE AND MODEL REDACTED,8,E01032095,0,3
2024421480271,2024,421480271,2,2,0,-1,19,1,5,-1,0,8,0,0,0,0,4,1,-1,2,1,17,4,50,1,9,MAKE AND MODEL REDACTED,2,E01035164,0,1
2024361524469,2024,361524469,2,3,0,-1,19,5,1,-1,0,1,0,0,0,0,1,1,-1,9,1,18,4,125,1,7,MAKE AND MODEL REDACTED,1,E01026704,0,1
2024440084251,2024,440084251,2,3,0,16,19,2,6,0,0,0,0,0,0,0,1,1,6,6,1,23,5,124,1,8,MAKE AND MODEL REDACTED,9,E01023036,0,2
2024201494113,2024,201494113,1,9,0,-1,19,4,8,-1,0,7,1,0,0,0,4,1,-1,6,3,30,6,1499,8,10,MAKE AND MODEL REDACTED,-1,-1,0,-1
2024411536854,2024,411536854,1,9,0,-1,19,5,1,-1,0,1,1,0,5,6,1,1,-1,9,1,35,6,1499,8,9,MAKE AND MODEL REDACTED,8,E01023557,0,2
2024991436591,2024,991436591,1,5,0,-1,19,2,6,-1,0,0,2,0,1,0,0,1,-1,6,1,58,9,748,1,22,MAKE AND MODEL REDACTED,4,-1,0,3
2024461530550,2024,461530550,1,9,0,-1,7,2,4,-1,0,4,0,0,0,0,1,1,-1,2,1,53,8,998,1,8,FORD ECOSPORT,4,E01016141,0,1
2024201448483,2024,201448483,3,9,0,-1,19,1,2,-1,0,2,0,0,0,0,1,1,-1,6,-1,-1,-1,998,1,6,FORD ECOSPORT,-1,-1,0,-1
2024471487841,2024,471487841,1,9,0,-1,19,3,7,-1,0,0,0,0,1,11,1,1,-1,9,2,67,10,998,1,2,FORD ECOSPORT,6,E01031663,0,2
202460Q078115,2024,60Q078115,2,9,0,4,4,8,6,0,0,1,0,0,0,0,2,1,6,6,1,24,5,998,1,5,FORD ECOSPORT,-1,-1,0,-1
2024161396046,2024,161396046,2,9,0,-1,2,0,0,-1,0,0,0,0,0,0,1,1,-1,6,-1,-1,-1,1499,2,5,FORD ECOSPORT,-1,-1,0,-1
2024010517746,2024,010517746,1,9,0,99,99,9,9,99,99,9,9,99,9,99,9,9,2,2,2,50,8,998,1,5,FORD ECOSPORT,2,E01001218,0,2
2024010524921,2024,010524921,1,9,0,5,5,2,6,0,0,0,0,10,1,2,1,1,6,6,1,43,7,998,1,8,FORD ECOSPORT,2,E01001767,0,1
2024991412086,2024,991412086,1,9,0,-1,19,4,8,-1,0,0,0,0,0,0,1,1,-1,1,1,80,11,1499,2,6,FORD ECOSPORT,3,-1,0,2
2024471519480,2024,471519480,3,9,0,-1,2,0,0,-1,9,0,0,0,0,0,4,1,-1,6,-1,-1,-1,998,1,6,FORD ECOSPORT,-1,-1,0,-1
2024421510004,2024,421510004,2,9,0,-1,3,7,3,-1,0,0,0,0,0,0,2,1,-1,9,2,28,6,998,1,5,FORD ECOSPORT,6,E01021551,0,2
2024361475072,2024,361475072,1,9,0,-1,9,6,4,-1,0,8,0,0,0,0,4,1,-1,6,1,40,7,998,1,6,FORD ECOSPORT,1,E01026467,0,1
2024421460504,2024,421460504,1,9,0,-1,9,3,1,-1,0,5,0,0,0,0,4,1,-1,9,2,34,6,998,1,7,FORD ECOSPORT,6,E01021972,0,2
2024201507143,2024,201507143,1,9,0,-1,4,4,8,-1,0,0,0,0,0,0,1,1,-1,6,3,25,5,998,1,7,FORD ECOSPORT,-1,-1,0,-1
2024421447063,2024,421447063,1,9,0,-1,1,1,5,-1,0,0,0,0,0,0,2,1,-1,6,1,37,7,998,1,4,FORD ECOSPORT,4,E01015947,0,1
2024201467507,2024,201467507,1,9,0,-1,9,1,7,-1,0,5,0,0,0,0,1,1,-1,6,1,82,11,998,1,2,FORD ECOSPORT,2,E01010041,0,1
2024010533513,2024,010533513,2,9,0,7,7,1,3,0,0,4,0,0,0,0,1,1,6,6,2,75,10,998,1,5,FORD ECOSPORT,2,E01001673,0,2
2024231412107,2024,231412107,1,9,0,-1,19,8,3,-1,0,1,0,0,0,0,1,9,-1,6,3,55,8,998,1,8,FORD ECOSPORT,-1,-1,0,-1
2024421509563,2024,421509563,1,9,0,-1,19,5,2,-1,0,0,0,0,0,0,1,1,-1,6,2,35,6,1498,1,9,FORD ECOSPORT,10,E01021345,0,2
2024421403765,2024,421403765,2,9,0,-1,4,5,1,-1,0,0,0,0,0,0,2,9,-1,6,2,81,11,998,1,7,FORD ECOSPORT,7,E01021797,0,2
2024501432984,2024,501432984,1,9,0,-1,19,3,7,-1,0,1,0,0,0,0,1,1,-1,9,2,60,9,1499,2,6,FORD ECOSPORT,4,E01020301,0,2
2024201435168,2024,201435168,1,9,0,-1,19,8,4,-1,0,8,0,0,0,0,1,9,-1,9,3,-1,-1,998,1,3,FORD ECOSPORT,-1,-1,0,-1
2024430442462,2024,430442462,2,9,0,18,19,6,2,0,0,8,0,0,0,0,3,1,6,6,1,51,8,998,1,5,FORD ECOSPORT,-1,-1,0,-1
2024052402606,2024,052402606,2,9,0,4,4,8,4,0,0,1,0,0,0,0,2,1,6,6,2,52,8,998,1,1,FORD ECOSPORT,1,E01006738,0,1
2024991512861,2024,991512861,1,9,0,-1,5,6,2,-1,0,0,0,0,0,0,3,1,-1,9,1,53,8,998,1,8,FORD ECOSPORT,5,-1,0,2
2024421400113,2024,421400113,3,9,0,-1,19,6,3,-1,0,0,0,0,0,0,2,1,-1,6,2,59,9,998,1,5,FORD ECOSPORT,7,E01021882,0,2
2024421419235,2024,421419235,3,9,0,-1,3,7,3,-1,0,0,0,0,0,0,2,9,-1,6,2,63,9,998,1,7,FORD ECOSPORT,10,E01022070,0,2
2024131416333,2024,131416333,1,9,0,-1,19,5,1,-1,0,0,0,0,0,0,1,1,-1,9,1,40,7,998,1,1,FORD ECOSPORT,5,E01027892,0,1
2024471516124,2024,471516124,2,9,0,-1,4,2,6,-1,0,0,0,0,0,0,2,1,-1,9,1,67,10,998,1,8,FORD ECOSPORT,5,E01016973,0,3
2024041458566,2024,041458566,3,9,0,-1,4,6,2,-1,0,1,0,0,0,0,1,1,-1,9,2,73,10,1498,1,9,FORD ECOSPORT,2,E01025157,0,1
2024451447589,2024,451447589,2,9,9,-1,1,1,5,-1,99,0,0,0,0,0,2,1,-1,6,2,30,6,1498,1,8,FORD ECOSPORT,-1,-1,0,-1
2024231446018,2024,231446018,1,9,0,-1,14,1,5,-1,0,0,0,0,0,0,1,9,-1,6,1,18,4,1498,1,7,FORD ECOSPORT,-1,-1,0,-1
2024461424885,2024,461424885,1,9,0,-1,7,7,2,-1,0,0,0,0,0,0,1,9,-1,6,2,81,11,1498,1,7,FORD ECOSPORT,6,E01023977,0,1
2024440299228,2024,440299228,1,9,0,18,19,7,3,0,0,8,0,7,0,0,1,1,6,6,2,19,4,998,1,9,FORD ECOSPORT,2,E01022902,0,1
2024010505486,2024,010505486,1,9,0,99,99,9,9,99,99,9,9,99,9,99,3,9,2,2,1,36,7,998,1,9,FORD ECOSPORT,4,E01000736,0,2
2024440220176,2024,440220176,1,9,0,18,19,1,5,0,0,8,0,0,1,2,1,1,6,6,2,34,6,998,1,2,FORD ECOSPORT,2,E01022901,0,1
2024231429892,2024,231429892,2,9,0,-1,19,7,3,-1,0,8,0,0,0,0,1,1,-1,6,2,34,6,998,1,6,FORD ECOSPORT,8,E01031162,0,1
2024401503375,2024,401503375,3,9,0,-1,2,0,0,-1,-1,0,0,0,0,0,0,9,-1,6,2,44,7,998,1,5,FORD ECOSPORT,7,E01017423,0,1
2024501484221,2024,501484221,2,9,0,-1,5,7,5,-1,0,6,0,0,0,0,1,1,-1,9,2,35,6,998,1,4,FORD ECOSPORT,6,E01018753,0,1
2024531395735,2024,531395735,1,9,0,-1,7,4,6,-1,0,4,0,0,0,0,1,1,-1,2,2,71,10,1499,2,10,FORD ECOSPORT,7,E01022165,0,1
2024101439055,2024,101439055,2,9,0,-1,3,3,7,-1,0,0,0,0,0,0,2,1,-1,6,2,45,7,998,1,8,FORD ECOSPORT,-1,-1,0,-1
2024010495041,2024,010495041,3,9,0,18,19,3,7,0,0,0,0,0,1,11,2,1,6,6,2,55,8,998,1,7,FORD ECOSPORT,6,E01002541,0,1
2024141456796,2024,141456796,2,9,0,-1,19,6,6,-1,0,3,0,0,1,0,1,1,-1,9,1,78,11,998,1,6,FORD ECOSPORT,6,E01007795,0,2
2024010549445,2024,010549445,2,9,0,2,2,0,0,0,0,1,0,0,0,0,2,1,6,6,3,-1,-1,1499,2,7,FORD ECOSPORT,-1,-1,0,-1
2024161414385,2024,161414385,1,9,0,-1,19,3,7,-1,0,4,0,0,0,0,3,1,-1,6,1,50,8,998,1,2,FORD ECOSPORT,1,E01013205,0,1
2024070558065,2024,070558065,1,9,0,7,7,3,6,0,0,1,0,0,0,0,1,1,6,6,1,70,10,998,1,1,FORD ECOSPORT,1,E01012438,0,1
2024371453751,2024,371453751,2,9,0,-1,2,0,0,-1,-1,8,0,0,0,0,3,1,-1,9,1,66,10,1499,2,9,FORD ECOSPORT,8,E01030197,0,1
2024471511087,2024,471511087,2,9,0,-1,19,5,1,-1,0,1,0,0,1,0,1,1,-1,9,1,68,10,998,1,2,FORD ECOSPORT,4,E01016902,0,1
2024061500460,2024,061500460,1,9,0,-1,3,-1,-1,-1,0,1,9,0,0,0,2,1,-1,7,2,42,7,998,1,5,FORD ECOSPORT,5,E01004936,0,1
2024010507250,2024,010507250,1,9,0,9,9,3,1,0,0,8,0,0,0,0,1,1,6,6,2,53,8,998,1,8,FORD ECOSPORT,7,E01017423,0,4