collision_index,collision_year,collision_ref_no,vehicle_reference,vehicle_type,towing_and_articulation,vehicle_manoeuvre_historic,vehicle_manoeuvre,vehicle_direction_from,vehicle_direction_to,vehicle_location_restricted_lane_historic,vehicle_location_restricted_lane,junction_location,skidding_and_overturning,hit_object_in_carriageway,vehicle_leaving_carriageway,hit_object_off_carriageway,first_point_of_impact,vehicle_left_hand_drive,journey_purpose_of_driver_historic,journey_purpose_of_driver,sex_of_driver,age_of_driver,age_band_of_driver,engine_capacity_cc,propulsion_code,age_of_vehicle,generic_make_model,driver_imd_decile,lsoa_of_driver,escooter_flag,driver_distance_banding
2024430562528,2024,430562528,2,9,0,18,19,4,8,0,0,0,0,0,0,0,1,1,6,6,3,25,5,998,1,5,FORD ECOSPORT,-1,-1,0,-1
2024122500437,2024,122500437,1,9,0,3,3,5,1,0,0,0,0,0,0,0,4,1,6,6,1,89,11,998,1,6,FORD ECOSPORT,6,E01027692,0,1
2024430259076,2024,430259076,1,9,0,18,19,6,2,0,0,0,0,0,0,0,3,1,6,6,2,25,5,998,1,1,FORD ECOSPORT,10,E01016639,0,2
2024421454195,2024,421454195,2,9,0,-1,19,2,6,-1,0,1,0,0,0,0,1,1,-1,9,2,35,6,998,1,6,FORD ECOSPORT,7,E01015837,0,1
2024991461079,2024,991461079,3,9,0,-1,19,7,3,-1,0,0,0,0,7,0,1,1,-1,9,1,35,6,1499,2,8,FORD ECOSPORT,-1,-1,0,-1
2024461453108,2024,461453108,2,9,0,-1,19,3,7,-1,0,1,0,0,0,0,1,1,-1,9,1,32,6,1499,2,6,FORD ECOSPORT,5,E01016034,0,1
2024010531139,2024,010531139,2,9,0,99,99,9,9,99,99,9,9,99,9,99,9,9,6,6,3,82,11,1498,1,7,FORD ECOSPORT,10,E01002387,0,1
2024451517886,2024,451517886,1,9,0,-1,19,4,8,-1,0,1,0,0,0,0,4,1,-1,9,2,76,11,998,1,6,FORD ECOSPORT,9,E01030477,0,2
2024010508884,2024,010508884,1,9,0,99,99,9,9,99,99,9,9,99,9,99,2,9,6,6,2,35,6,998,1,5,FORD ECOSPORT,3,E01003357,0,2
2024461532532,2024,461532532,2,9,0,-1,19,6,2,-1,0,1,0,0,0,0,1,1,-1,2,2,43,7,998,1,1,FORD ECOSPORT,7,E01024707,0,1
2024411534316,2024,411534316,1,9,0,-1,19,3,7,-1,0,2,0,0,0,0,1,1,-1,6,-1,60,9,998,1,6,FORD ECOSPORT,9,E01023290,0,2
2024522402538,2024,522402538,1,9,0,13,13,2,6,0,0,0,0,0,0,0,4,1,6,6,1,-1,-1,1498,1,9,FORD ECOSPORT,-1,-1,0,-1
2024440186211,2024,440186211,1,9,0,18,19,2,6,0,0,0,0,4,0,0,1,1,6,6,2,46,8,1499,2,8,FORD ECOSPORT,4,E01017187,0,1
2024522402789,2024,522402789,2,9,0,2,2,0,0,0,0,0,0,0,0,0,1,1,6,6,3,-1,-1,1499,2,8,FORD ECOSPORT,-1,-1,0,-1
2024141530980,2024,141530980,1,9,0,-1,19,1,5,-1,0,0,0,0,0,0,1,1,-1,2,1,51,8,1499,2,8,FORD ECOSPORT,2,E01007784,0,3
2024201489384,2024,201489384,1,9,0,-1,4,2,6,-1,0,0,0,0,0,0,2,1,-1,6,2,73,10,998,1,9,FORD ECOSPORT,3,E01009596,0,1
2024351447093,2024,351447093,2,9,0,-1,19,1,3,-1,0,3,0,0,0,0,2,1,-1,9,2,59,9,998,1,6,FORD ECOSPORT,4,E01015614,0,1
2024010500729,2024,010500729,3,9,9,99,99,9,9,99,99,9,9,99,9,99,9,9,6,6,1,-1,-1,998,1,6,FORD ECOSPORT,-1,-1,0,-1
2024461445648,2024,461445648,2,9,0,-1,2,0,0,-1,0,0,0,0,1,0,2,1,-1,6,-1,-1,-1,998,1,4,FORD ECOSPORT,-1,-1,0,-1
2024451399175,2024,451399175,2,9,0,-1,19,7,3,-1,0,8,0,0,0,0,1,1,-1,1,2,58,9,998,1,10,FORD ECOSPORT,5,E01030801,0,1
2024010505149,2024,010505149,1,9,0,3,3,3,7,0,0,1,0,0,0,0,2,1,3,7,2,36,7,998,1,5,FORD ECOSPORT,3,E01002404,0,1
2024991486983,2024,991486983,1,9,0,-1,19,5,1,-1,0,0,2,0,1,0,1,1,-1,9,2,74,10,998,1,7,FORD ECOSPORT,6,-1,0,4
2024411529296,2024,411529296,1,9,0,-1,9,7,3,-1,0,4,0,0,0,0,1,1,-1,2,1,61,9,998,1,4,FORD ECOSPORT,3,E01023343,0,2
2024411407680,2024,411407680,3,9,0,-1,4,5,1,-1,0,0,0,0,0,0,2,1,-1,2,2,48,8,998,1,2,FORD ECOSPORT,9,E01015999,0,4
2024610020824,2024,610020824,1,9,0,3,3,5,1,0,0,4,0,0,0,0,1,1,6,6,2,65,9,998,1,2,FORD ECOSPORT,3,W01001541,0,2
2024302400964,2024,302400964,1,9,0,9,9,4,2,0,0,2,0,0,0,0,1,1,2,2,2,34,6,998,1,6,FORD ECOSPORT,1,E01013486,0,1
2024231445558,2024,231445558,2,9,0,-1,4,4,8,-1,0,0,0,0,0,0,2,1,-1,6,1,86,11,998,1,8,FORD ECOSPORT,9,E01031148,0,1
2024052401987,2024,052401987,1,9,0,18,19,7,3,0,0,1,0,0,0,0,4,1,6,6,2,39,7,998,1,6,FORD ECOSPORT,1,E01006658,0,1
2024211443655,2024,211443655,1,9,0,-1,4,3,1,-1,0,1,0,0,0,0,1,1,-1,6,1,77,11,1499,2,9,FORD ECOSPORT,8,E01029519,0,1
2024141412629,2024,141412629,1,9,0,-1,9,5,3,-1,0,6,0,0,0,0,1,2,-1,6,2,45,7,998,1,6,FORD ECOSPORT,3,E01008016,0,2
2024471487615,2024,471487615,1,9,0,-1,19,6,2,-1,0,0,0,0,1,4,1,1,-1,9,1,70,10,998,1,8,FORD ECOSPORT,3,E01031358,0,3
2024010505732,2024,010505732,3,9,0,2,2,0,0,0,0,0,0,0,0,0,1,1,6,6,3,-1,-1,1499,2,8,FORD ECOSPORT,-1,-1,0,-1
2024122400985,2024,122400985,1,9,0,18,19,6,2,0,0,2,0,0,0,0,4,1,6,6,1,63,9,998,1,1,FORD ECOSPORT,4,E01027843,0,1
2024211460779,2024,211460779,1,9,0,-1,5,5,1,-1,0,0,0,0,0,0,1,1,-1,6,2,40,7,998,1,6,FORD ECOSPORT,-1,-1,0,-1
2024340WN6112,2024,340WN6112,1,9,0,-1,19,7,3,-1,0,4,0,0,0,0,1,1,-1,6,2,73,10,998,1,5,FORD ECOSPORT,7,E01016825,0,4
2024041453997,2024,041453997,2,9,0,-1,11,3,7,-1,0,0,0,0,0,0,2,1,-1,9,1,71,10,1499,2,5,FORD ECOSPORT,7,E01025462,0,4
2024421448161,2024,421448161,2,9,0,-1,19,3,2,-1,0,8,0,0,0,0,3,1,-1,9,1,32,6,998,1,7,FORD ECOSPORT,2,E01000064,0,4
2024461466970,2024,461466970,2,9,0,-1,19,1,5,-1,0,1,0,0,0,0,1,1,-1,9,2,37,7,998,1,9,FORD ECOSPORT,3,E01001082,0,2
2024211431260,2024,211431260,1,9,0,-1,19,2,8,-1,0,0,0,0,0,0,1,9,-1,9,2,51,8,998,1,2,FORD ECOSPORT,6,E01014119,0,4
2024461467124,2024,461467124,1,9,0,-1,19,8,6,-1,0,6,1,0,7,11,1,1,-1,9,1,50,8,998,1,4,FORD ECOSPORT,-1,-1,0,-1
2024161450304,2024,161450304,1,9,0,-1,8,1,5,-1,0,1,0,0,0,0,1,1,-1,6,2,33,6,998,1,3,FORD ECOSPORT,7,E01012815,0,1
2024991471259,2024,991471259,1,9,0,-1,19,2,6,-1,0,0,0,0,0,0,1,1,-1,6,2,61,9,1499,2,9,FORD ECOSPORT,10,-1,0,2
2024010537364,2024,010537364,1,9,0,9,9,5,3,0,0,5,0,0,0,0,4,1,2,2,2,43,7,998,1,5,FORD ECOSPORT,8,E01002391,0,1
2024451478015,2024,451478015,2,9,0,-1,19,1,5,-1,0,0,0,0,0,0,2,1,-1,9,1,66,10,1498,1,8,FORD ECOSPORT,8,E01035361,0,4
2024052402230,2024,052402230,1,9,0,18,19,3,7,0,0,1,0,0,0,0,1,1,6,6,2,51,8,1499,2,8,FORD ECOSPORT,1,E01007092,0,3
2024471481149,2024,471481149,1,9,0,-1,5,5,1,-1,0,2,0,0,0,0,3,1,-1,9,2,47,8,1498,1,8,FORD ECOSPORT,7,E01002925,0,4
2024302400943,2024,302400943,3,9,0,4,4,3,7,0,0,1,0,0,0,0,1,1,6,6,2,65,9,998,1,5,FORD ECOSPORT,10,E01031754,0,5
2024311431320,2024,311431320,2,9,0,-1,19,3,6,-1,0,0,0,0,0,0,3,1,-1,9,2,58,9,998,1,5,FORD ECOSPORT,2,E01028186,0,1
2024991417437,2024,991417437,2,9,0,-1,19,1,5,-1,0,0,0,0,0,0,2,1,-1,2,2,43,7,998,1,6,FORD ECOSPORT,10,-1,0,1
2024411528508,2024,411528508,2,9,0,-1,3,7,3,-1,0,4,0,0,0,0,2,1,-1,1,2,56,9,998,1,8,FORD ECOSPORT,3,E01023793,0,1
2024451531933,2024,451531933,1,9,0,-1,9,3,5,-1,0,8,0,0,0,0,1,1,-1,9,2,46,8,998,1,6,FORD ECOSPORT,8,E01030335,0,1
2024461451002,2024,461451002,3,9,0,-1,2,1,1,-1,0,2,0,0,0,0,1,1,-1,1,2,63,9,998,1,5,FORD ECOSPORT,2,E01024295,0,1
2024161445689,2024,161445689,4,9,0,-1,2,0,0,-1,0,1,0,0,0,0,2,1,-1,6,-1,-1,-1,998,1,8,FORD ECOSPORT,-1,-1,0,-1
2024361514678,2024,361514678,1,9,0,-1,19,1,5,-1,0,1,0,0,0,0,1,1,-1,6,3,-1,-1,998,1,5,FORD ECOSPORT,-1,-1,0,-1
2024161484992,2024,161484992,1,9,0,-1,19,3,7,-1,0,2,0,0,1,11,4,1,-1,6,1,41,7,998,1,4,FORD ECOSPORT,1,E01012946,0,1
2024010545710,2024,010545710,1,9,0,9,9,7,5,0,0,2,0,0,0,0,1,1,2,2,2,53,8,998,1,6,FORD ECOSPORT,3,E01030711,0,1
2024320199311,2024,320199311,2,9,0,-1,-1,6,2,0,0,8,1,0,1,9,3,1,6,6,2,55,8,998,1,5,FORD ECOSPORT,4,E01013179,0,2
2024461435345,2024,461435345,2,9,0,-1,19,1,6,-1,0,0,5,0,0,0,3,9,-1,9,1,63,9,998,1,2,FORD ECOSPORT,1,E01016032,0,4
2024522401955,2024,522401955,1,9,0,18,19,4,8,0,0,1,0,0,0,0,3,1,6,6,1,79,11,998,1,5,FORD ECOSPORT,4,E01022161,0,4
2024010504555,2024,010504555,2,9,0,99,99,9,9,99,99,9,9,99,9,99,9,9,6,6,3,-1,-1,998,1,5,FORD ECOSPORT,-1,-1,0,-1
2024010526757,2024,010526757,1,9,0,7,7,1,3,0,0,1,0,0,0,0,1,1,6,6,1,57,9,998,1,7,FORD ECOSPORT,-1,-1,0,-1
2024161527607,2024,161527607,2,9,0,-1,19,5,1,-1,0,0,0,0,0,0,2,1,-1,6,1,45,7,998,1,9,FORD ECOSPORT,8,E01035471,0,1
2024052402586,2024,052402586,3,9,0,2,2,0,0,0,0,0,0,0,0,0,2,1,6,6,3,-1,-1,998,1,1,FORD ECOSPORT,-1,-1,0,-1
2024430560902,2024,430560902,1,9,0,3,3,9,9,0,0,0,0,0,0,0,2,1,3,7,2,48,8,998,1,6,FORD ECOSPORT,10,E01016528,0,1
2024010520577,2024,010520577,2,9,0,99,99,9,9,99,99,9,9,99,9,99,1,9,6,6,3,-1,-1,998,1,1,FORD ECOSPORT,-1,-1,0,-1
2024010546923,2024,010546923,2,9,0,18,19,1,5,0,0,1,0,0,0,0,3,1,6,6,3,-1,-1,998,1,6,FORD ECOSPORT,-1,-1,0,-1
2024371504433,2024,371504433,2,9,0,-1,19,5,1,-1,0,0,0,0,0,0,1,1,-1,6,2,52,8,998,1,6,FORD ECOSPORT,4,E01030187,0,1
2024421453961,2024,421453961,1,9,0,-1,9,2,7,-1,0,6,0,0,0,0,4,1,-1,6,1,88,11,1498,1,7,FORD ECOSPORT,7,E01034085,0,1
2024501534627,2024,501534627,1,9,0,-1,4,3,7,-1,0,0,0,0,0,0,2,1,-1,6,2,47,8,1499,2,8,FORD ECOSPORT,6,E01015174,0,1
2024302400390,2024,302400390,1,9,0,18,19,3,7,0,0,1,0,0,0,0,1,1,3,7,2,31,6,1499,2,8,FORD ECOSPORT,3,E01019672,0,1
2024421425551,2024,421425551,1,9,0,-1,5,8,4,-1,0,1,0,0,0,0,3,2,-1,6,1,74,10,1498,1,8,FORD ECOSPORT,1,E01022045,0,2
2024451400464,2024,451400464,2,9,0,-1,3,0,0,-1,0,6,1,0,0,0,3,1,-1,9,1,33,6,1499,2,8,FORD ECOSPORT,5,E01030555,0,2
2024131495923,2024,131495923,2,9,0,-1,19,5,1,-1,0,2,0,0,0,0,1,1,-1,9,1,66,10,998,1,5,FORD ECOSPORT,1,E01010626,0,1
2024041498314,2024,041498314,2,9,0,-1,19,7,3,-1,0,8,0,0,0,0,4,1,-1,6,2,63,9,998,1,9,FORD ECOSPORT,1,E01024895,0,1
2024201508545,2024,201508545,1,9,0,-1,19,4,8,-1,9,8,0,10,1,2,1,1,-1,9,2,34,6,998,1,8,FORD ECOSPORT,-1,-1,0,-1
2024061498312,2024,061498312,1,9,0,-1,9,5,2,-1,0,8,2,0,3,1,1,1,-1,9,1,23,5,998,1,2,FORD ECOSPORT,5,E01019763,0,4
2024221429885,2024,221429885,1,9,0,-1,9,6,4,-1,0,6,0,0,0,0,4,9,-1,6,1,50,8,998,1,2,FORD ECOSPORT,7,E01028889,0,2
2024052402386,2024,052402386,3,9,0,2,2,0,0,0,0,0,0,0,0,0,1,1,6,6,3,-1,-1,998,1,6,FORD ECOSPORT,-1,-1,0,-1
2024481472439,2024,481472439,1,9,0,-1,19,5,1,-1,0,0,0,0,0,0,1,1,-1,9,1,35,6,998,1,5,FORD ECOSPORT,-1,-1,0,-1
2024622400467,2024,622400467,1,9,0,9,9,8,5,0,0,5,0,0,0,0,1,1,6,6,2,26,6,998,1,5,FORD ECOSPORT,10,W01000791,0,1
2024332401005,2024,332401005,1,9,0,-1,19,4,8,-1,0,0,0,0,1,11,1,1,-1,9,1,86,11,998,1,7,FORD ECOSPORT,10,E01025944,0,2
2024461443943,2024,461443943,6,9,0,-1,2,0,0,-1,0,0,0,0,0,0,2,1,-1,6,-1,64,9,998,1,1,FORD ECOSPORT,-1,-1,0,-1
2024010526896,2024,010526896,1,9,0,4,4,7,3,0,0,1,0,0,0,0,1,1,6,6,2,79,11,998,1,5,FORD ECOSPORT,3,E01033744,0,1
2024221395967,2024,221395967,1,9,0,-1,19,5,1,-1,0,0,0,8,0,0,4,9,-1,6,2,45,7,998,1,7,FORD ECOSPORT,7,E01032382,0,1
2024421398733,2024,421398733,1,9,0,-1,19,3,7,-1,0,0,0,0,0,0,3,1,-1,6,1,42,7,998,1,7,FORD ECOSPORT,6,E01021629,0,1
2024010533357,2024,010533357,1,9,0,4,4,5,1,0,0,1,0,0,0,0,0,1,6,6,2,48,8,1498,1,7,FORD ECOSPORT,-1,-1,0,-1
2024041523109,2024,041523109,1,9,0,-1,19,5,5,-1,9,0,0,11,0,0,1,1,-1,2,2,49,8,1499,2,8,FORD ECOSPORT,5,E01025009,0,1
2024201476209,2024,201476209,1,9,0,-1,19,7,3,-1,0,0,0,0,0,0,1,1,-1,9,1,42,7,998,1,2,FORD ECOSPORT,-1,-1,0,-1
2024041416982,2024,041416982,2,9,0,-1,4,7,3,-1,0,1,0,0,0,0,2,1,-1,9,1,66,10,998,1,2,FORD ECOSPORT,1,E01012407,0,4
2024070136776,2024,070136776,1,9,0,18,19,3,7,0,0,8,0,0,0,0,3,1,6,6,1,60,9,1498,1,8,FORD ECOSPORT,-1,-1,0,-1
2024311489958,2024,311489958,2,9,0,-1,15,6,2,-1,0,0,0,0,0,0,3,1,-1,9,2,34,6,998,1,9,FORD ECOSPORT,8,E01028170,0,2
2024991472512,2024,991472512,2,9,0,-1,19,3,7,-1,0,1,0,0,0,0,1,1,-1,9,1,62,9,998,1,5,FORD ECOSPORT,7,-1,0,4
2024010542146,2024,010542146,2,9,0,99,99,9,9,0,0,0,0,0,0,0,9,9,6,6,3,-1,-1,1499,2,7,FORD ECOSPORT,-1,-1,0,-1
2024991516169,2024,991516169,2,9,0,-1,19,7,3,-1,0,0,5,0,7,11,1,1,-1,9,2,73,10,998,1,1,FORD ECOSPORT,7,-1,0,5
2024351473771,2024,351473771,1,9,0,-1,5,4,8,-1,0,5,0,0,0,0,3,1,-1,1,1,46,8,998,1,4,FORD ECOSPORT,6,E01017963,0,1
2024411474820,2024,411474820,2,9,0,-1,19,4,3,-1,0,0,0,0,0,0,3,1,-1,9,2,50,8,998,1,6,FORD ECOSPORT,9,E01023467,0,3
2024010535488,2024,010535488,3,9,0,3,3,5,1,0,0,8,0,0,0,0,2,1,3,7,1,34,6,1498,1,7,FORD ECOSPORT,3,E01002519,0,1
2024471515137,2024,471515137,1,9,0,-1,19,1,5,-1,0,0,5,4,0,0,1,1,-1,6,1,78,11,998,1,5,FORD ECOSPORT,9,E01031495,0,1
2024421533354,2024,421533354,1,9,0,-1,19,1,5,-1,0,0,0,0,0,0,1,1,-1,9,1,78,11,1499,2,7,FORD ECOSPORT,4,E01022016,0,1
2024221433867,2024,221433867,2,9,0,-1,4,5,1,-1,0,0,0,0,1,0,2,1,-1,6,2,33,6,998,1,5,FORD ECOSPORT,5,E01028996,0,4
202454A910324,2024,54A910324,2,9,0,18,19,6,2,0,0,3,0,0,0,0,2,1,6,6,2,42,7,998,1,9,FORD ECOSPORT,8,E01033849,0,1
2024052402190,2024,052402190,1,9,0,18,19,7,3,0,0,2,0,0,0,0,1,1,2,2,1,23,5,1499,2,9,FORD ECOSPORT,2,E01007054,0,1
2024991528574,2024,991528574,1,9,0,-1,19,7,3,-1,0,0,0,4,0,0,1,1,-1,9,2,69,10,998,1,1,FORD ECOSPORT,1,-1,0,1
2024041443074,2024,041443074,2,9,0,-1,5,5,2,-1,0,8,0,0,0,0,3,1,-1,9,2,68,10,998,1,6,FORD ECOSPORT,7,E01025576,0,1
2024010505489,2024,010505489,1,9,0,99,99,9,9,99,99,9,9,99,9,99,2,9,2,2,1,36,7,998,1,9,FORD ECOSPORT,4,E01000736,0,2
2024991434396,2024,991434396,2,9,0,-1,19,1,5,-1,0,0,0,0,0,0,1,1,-1,9,1,35,6,998,1,5,FORD ECOSPORT,5,-1,0,2
2024991415092,2024,991415092,1,9,0,-1,7,5,7,-1,0,6,0,0,0,0,1,1,-1,9,2,81,11,998,1,5,FORD ECOSPORT,6,E01018111,0,5
2024531467586,2024,531467586,2,9,0,-1,2,0,0,-1,9,0,0,0,0,0,0,1,-1,6,-1,-1,-1,998,1,5,FORD ECOSPORT,-1,-1,0,-1
2024430491488,2024,430491488,1,9,0,5,5,5,1,-1,-1,-1,0,0,0,0,1,1,6,6,1,65,9,1499,2,7,FORD ECOSPORT,-1,-1,0,-1
2024471480961,2024,471480961,1,9,0,-1,19,3,7,-1,0,1,0,0,0,0,1,1,-1,6,2,30,6,1499,2,9,FORD ECOSPORT,6,E01031782,0,1
2024440138421,2024,440138421,1,9,0,3,3,8,4,0,0,1,0,0,0,0,2,1,6,6,2,32,6,998,1,2,FORD ECOSPORT,4,E01017135,0,1
2024991412732,2024,991412732,1,9,0,-1,7,2,4,-1,0,2,0,0,0,0,1,1,-1,9,2,35,6,998,1,1,FORD ECOSPORT,2,-1,0,1
2024201493531,2024,201493531,2,9,0,-1,13,2,6,-1,0,0,5,0,0,0,1,1,-1,6,2,61,9,1499,2,5,FORD ECOSPORT,9,E01010168,0,1
2024061470416,2024,061470416,1,9,0,-1,15,4,2,-1,0,0,0,0,0,0,1,1,-1,6,2,30,6,998,1,6,FORD ECOSPORT,2,E01006295,0,1
2024522402802,2024,522402802,1,9,0,3,3,3,7,0,0,0,0,0,0,0,2,1,6,6,2,60,9,998,1,6,FORD ECOSPORT,8,E01014773,0,2
2024471511434,2024,471511434,1,9,0,-1,19,1,5,-1,0,1,0,0,0,0,4,1,-1,9,2,51,8,1498,1,8,FORD ECOSPORT,6,E01031697,0,2
2024461426130,2024,461426130,1,9,0,-1,2,7,3,-1,0,0,0,0,0,0,3,1,-1,6,2,73,10,998,1,6,FORD ECOSPORT,7,E01024009,0,1
2024161540989,2024,161540989,1,9,0,-1,19,7,3,-1,0,0,0,0,1,0,3,1,-1,6,1,64,9,998,1,5,FORD ECOSPORT,6,E01012937,0,1
2024461395562,2024,461395562,2,9,0,-1,19,2,6,-1,0,0,0,0,1,0,1,1,-1,6,2,53,8,998,1,4,FORD ECOSPORT,5,E01024815,0,1
2024320682172,2024,320682172,1,9,0,9,9,2,8,0,0,6,0,0,3,0,3,1,-1,-1,1,73,10,998,1,8,FORD ECOSPORT,4,E01013179,0,3
2024461463195,2024,461463195,1,9,0,-1,19,4,3,-1,0,0,0,0,0,0,1,9,-1,9,2,74,10,998,1,6,FORD ECOSPORT,5,E01024366,0,1
2024131406709,2024,131406709,3,9,0,-1,3,1,5,-1,0,0,0,0,0,0,2,1,-1,2,1,32,6,998,1,7,FORD ECOSPORT,1,E01010926,0,2
2024461421138,2024,461421138,1,9,0,-1,19,5,1,-1,0,0,1,0,1,0,3,1,-1,2,2,36,7,998,1,1,FORD ECOSPORT,5,E01024561,0,1
2024421432170,2024,421432170,1,9,0,-1,5,6,1,-1,0,4,0,0,0,0,1,1,-1,6,1,46,8,1499,2,8,FORD ECOSPORT,10,E01021896,0,3
2024501464257,2024,501464257,2,9,0,-1,19,1,5,-1,0,0,0,0,0,0,4,1,-1,9,1,31,6,998,1,3,FORD ECOSPORT,9,E01015130,0,2
2024421490095,2024,421490095,1,9,0,-1,5,5,1,-1,0,1,0,0,0,0,1,1,-1,6,1,67,10,998,1,6,FORD ECOSPORT,8,E01022093,0,3
2024471528335,2024,471528335,1,9,0,-1,9,7,3,-1,0,0,0,0,0,0,4,1,-1,9,1,71,10,998,1,5,FORD ECOSPORT,6,E01031359,0,1
2024430337185,2024,430337185,2,9,0,18,19,6,2,0,0,7,0,0,0,0,2,1,6,6,2,42,7,998,1,7,FORD ECOSPORT,9,E01028712,0,1
2024320040494,2024,320040494,1,9,0,-1,-1,4,8,0,0,0,0,0,0,0,1,1,6,6,2,64,9,998,1,3,FORD ECOSPORT,3,E01026042,0,2
2024231462638,2024,231462638,2,9,0,-1,2,0,0,-1,0,1,0,0,0,0,4,1,-1,7,2,36,7,998,1,5,FORD ECOSPORT,8,E01035035,0,1
2024440566605,2024,440566605,1,9,0,9,9,4,2,0,0,8,0,0,0,0,4,1,6,6,1,77,11,998,1,7,FORD ECOSPORT,8,E01022755,0,2
2024440382560,2024,440382560,1,9,0,18,19,6,3,0,0,6,0,0,0,0,3,1,6,6,1,35,6,998,1,5,FORD ECOSPORT,9,E01014955,0,4
2024371470803,2024,371470803,4,9,0,-1,4,1,5,-1,0,0,0,0,0,0,2,1,-1,6,2,64,9,998,1,6,FORD ECOSPORT,7,E01030294,0,1
2024161415054,2024,161415054,1,9,0,-1,19,6,2,-1,0,0,0,0,0,0,4,1,-1,6,1,30,6,998,1,4,FORD ECOSPORT,1,E01012876,0,1
2024461487877,2024,461487877,1,9,0,-1,9,1,7,-1,0,0,0,0,0,0,1,9,-1,9,2,62,9,998,1,2,FORD ECOSPORT,6,E01024367,0,3
2024010514879,2024,010514879,2,9,0,99,99,9,9,99,99,9,9,99,9,99,1,9,6,6,3,-1,-1,998,1,6,FORD ECOSPORT,5,E01001500,0,1
2024201521576,2024,201521576,4,9,0,-1,2,0,0,-1,0,0,0,0,0,0,3,9,-1,9,-1,-1,-1,1499,2,9,FORD ECOSPORT,-1,-1,0,-1
2024430508863,2024,430508863,4,9,0,18,19,4,8,0,0,0,0,0,0,0,2,1,2,2,1,23,5,998,1,8,FORD ECOSPORT,6,E01016469,0,4
2024010542807,2024,010542807,1,9,0,99,99,9,9,99,99,9,0,99,9,99,9,9,6,6,2,78,11,998,1,6,FORD ECOSPORT,9,E01001532,0,1
2024351401739,2024,351401739,1,9,0,-1,19,-1,-1,-1,0,0,0,0,0,0,3,9,-1,6,2,-1,-1,1499,2,7,FORD ECOSPORT,5,E01018138,0,1
2024440019380,2024,440019380,1,9,0,18,19,2,6,0,0,8,0,0,0,0,1,1,6,6,1,35,6,998,1,4,FORD ECOSPORT,3,E01022908,0,1
2024471472161,2024,471472161,2,9,0,-1,8,6,1,-1,0,1,0,0,0,0,2,9,-1,6,2,53,8,1498,1,7,FORD ECOSPORT,10,E01022664,0,4
2024991462285,2024,991462285,1,9,0,-1,19,7,3,-1,0,0,0,4,0,0,1,1,-1,2,2,49,8,998,1,2,FORD ECOSPORT,7,-1,0,1
2024991493893,2024,991493893,1,9,0,-1,19,2,6,-1,0,0,1,0,0,0,1,1,-1,2,2,53,8,998,1,6,FORD ECOSPORT,4,-1,0,1
2024991403056,2024,991403056,1,9,0,-1,9,5,3,-1,0,8,1,0,0,0,3,1,-1,6,1,69,10,998,1,9,FORD ECOSPORT,9,E01019190,0,3
2024010545356,2024,010545356,1,9,0,18,19,1,5,0,0,0,1,0,0,0,1,1,6,6,2,52,8,998,1,5,FORD ECOSPORT,3,E01001841,0,2
2024421509110,2024,421509110,2,9,0,-1,19,8,3,-1,4,8,1,0,0,0,2,1,-1,6,1,25,5,998,1,8,FORD ECOSPORT,3,E01021276,0,2
2024430606903,2024,430606903,1,9,0,3,3,1,5,0,0,1,0,0,0,0,2,1,6,6,1,57,9,998,1,2,FORD ECOSPORT,4,E01016475,0,1
2024471467949,2024,471467949,1,9,0,-1,3,8,5,-1,0,1,1,0,0,0,2,1,-1,9,2,30,6,998,1,6,FORD ECOSPORT,8,E01034820,0,1
2024351451977,2024,351451977,2,9,0,-1,19,5,1,-1,0,0,0,0,0,0,2,1,-1,9,2,66,10,998,1,4,FORD ECOSPORT,8,E01021150,0,5
2024301516431,2024,301516431,1,9,0,-1,-1,3,5,-1,-1,1,0,0,1,0,1,1,-1,-1,1,77,11,998,1,8,FORD ECOSPORT,-1,-1,0,-1
2024041420496,2024,041420496,2,9,0,-1,19,3,7,-1,0,1,0,0,0,0,4,1,-1,7,2,46,8,998,1,8,FORD ECOSPORT,2,E01025284,0,1
2024991483777,2024,991483777,2,9,0,-1,19,3,7,-1,0,8,0,0,0,0,1,1,-1,9,2,31,6,998,1,6,FORD ECOSPORT,1,-1,0,2
2024631428503,2024,631428503,2,9,0,-1,20,0,0,-1,0,0,0,0,0,0,3,1,-1,6,-1,-1,-1,998,1,5,FORD ECOSPORT,-1,-1,0,-1
2024010514746,2024,010514746,1,9,0,18,19,7,3,0,0,0,1,0,0,0,1,1,6,6,1,24,5,1498,1,8,FORD ECOSPORT,-1,-1,0,-1
202454B354024,2024,54B354024,2,9,0,4,4,8,5,0,0,1,0,0,0,0,2,1,2,2,2,25,5,998,1,8,FORD ECOSPORT,9,E01014470,0,3
2024440310706,2024,440310706,1,9,0,9,9,1,5,0,0,8,0,0,0,0,1,1,6,6,2,83,11,998,1,5,FORD ECOSPORT,10,E01022995,0,1
2024340NN2252,2024,340NN2252,1,9,0,-1,9,3,1,-1,0,5,0,0,0,0,1,1,-1,6,2,48,8,998,1,8,FORD ECOSPORT,3,E01027112,0,1
2024122500145,2024,122500145,1,9,0,2,2,0,0,0,0,2,0,0,0,0,2,1,6,6,3,-1,-1,998,1,1,FORD ECOSPORT,-1,-1,0,-1
2024991456279,2024,991456279,2,9,0,-1,3,4,8,-1,0,1,0,0,0,0,2,1,-1,9,1,25,5,1498,1,7,FORD ECOSPORT,4,-1,0,2