collision_index,collision_year,collision_ref_no,vehicle_reference,vehicle_type,towing_and_articulation,vehicle_manoeuvre_historic,vehicle_manoeuvre,vehicle_direction_from,vehicle_direction_to,vehicle_location_restricted_lane_historic,vehicle_location_restricted_lane,junction_location,skidding_and_overturning,hit_object_in_carriageway,vehicle_leaving_carriageway,hit_object_off_carriageway,first_point_of_impact,vehicle_left_hand_drive,journey_purpose_of_driver_historic,journey_purpose_of_driver,sex_of_driver,age_of_driver,age_band_of_driver,engine_capacity_cc,propulsion_code,age_of_vehicle,generic_make_model,driver_imd_decile,lsoa_of_driver,escooter_flag,driver_distance_banding
2024461476707,2024,461476707,3,9,0,-1,10,1,5,-1,0,0,0,0,0,0,2,1,-1,9,1,29,6,998,1,5,FORD ECOSPORT,1,E01024397,0,1
2024070476754,2024,070476754,1,9,0,16,19,2,6,0,0,1,0,0,7,1,1,1,6,6,2,40,7,1499,2,9,FORD ECOSPORT,5,E01012478,0,3
2024010507126,2024,010507126,2,9,0,2,2,0,0,0,0,1,0,0,0,0,3,1,6,6,3,-1,-1,998,1,5,FORD ECOSPORT,-1,-1,0,-1
2024010551113,2024,010551113,3,9,0,5,5,8,4,0,0,1,0,0,0,0,1,1,6,6,3,-1,-1,998,1,9,FORD ECOSPORT,-1,-1,0,-1
2024221534384,2024,221534384,2,9,0,-1,9,3,1,-1,0,5,0,0,7,0,3,1,-1,9,1,75,10,998,1,6,FORD ECOSPORT,4,E01009497,0,2
2024542758424,2024,542758424,2,9,0,18,19,5,1,0,0,1,0,0,0,0,3,1,6,6,2,25,5,998,1,2,FORD ECOSPORT,5,E01032004,0,4
2024430391903,2024,430391903,4,9,0,18,19,5,1,0,0,0,0,0,0,0,1,1,6,6,1,61,9,998,1,6,FORD ECOSPORT,-1,-1,0,-1
2024010530876,2024,010530876,1,9,0,9,9,5,2,0,0,3,0,0,0,0,1,1,6,6,2,43,7,998,1,6,FORD ECOSPORT,2,E01002281,0,1
2024320269388,2024,320269388,1,9,0,9,9,8,5,0,0,6,0,0,0,0,1,1,6,6,3,-1,-1,998,1,2,FORD ECOSPORT,-1,-1,0,-1
2024440046600,2024,440046600,2,9,0,7,7,7,1,0,0,6,0,0,0,0,1,1,6,6,1,75,10,998,1,7,FORD ECOSPORT,5,E01023262,0,1
2024010518310,2024,010518310,1,9,0,7,7,3,5,0,0,8,0,0,0,0,1,1,6,6,1,67,10,998,1,5,FORD ECOSPORT,6,E01002329,0,1
2024010489623,2024,010489623,1,9,0,13,13,5,1,0,0,1,5,7,7,0,1,2,6,6,1,20,4,998,1,5,FORD ECOSPORT,6,E01021794,0,3
2024010529950,2024,010529950,1,9,0,99,99,9,9,99,99,9,9,99,9,99,9,9,6,6,1,25,5,998,1,8,FORD ECOSPORT,2,E01033586,0,3
2024421519617,2024,421519617,2,9,0,-1,19,3,7,-1,0,8,0,0,0,0,1,1,-1,6,2,47,8,998,1,8,FORD ECOSPORT,5,E01015888,0,1
2024471489181,2024,471489181,2,9,0,-1,2,0,0,-1,0,0,0,0,0,0,2,1,-1,9,2,44,7,998,1,4,FORD ECOSPORT,9,E01031706,0,2
2024010493334,2024,010493334,1,9,0,18,19,5,1,0,0,0,0,0,0,0,1,1,6,6,1,79,11,998,1,5,FORD ECOSPORT,-1,-1,0,-1
2024451454101,2024,451454101,1,9,0,-1,19,1,1,-1,0,0,0,0,0,0,2,1,-1,1,2,44,7,998,1,7,FORD ECOSPORT,2,E01002604,0,3
2024501417320,2024,501417320,2,9,0,-1,3,5,1,-1,0,1,1,0,0,0,2,1,-1,6,1,38,7,998,1,2,FORD ECOSPORT,4,E01020303,0,3
2024041427735,2024,041427735,3,9,0,-1,4,6,2,-1,0,0,0,0,0,0,2,1,-1,9,2,55,8,1498,1,8,FORD ECOSPORT,10,E01027576,0,3
2024421499844,2024,421499844,1,9,0,-1,19,1,5,-1,0,0,0,0,0,0,4,1,-1,6,2,60,9,1498,1,8,FORD ECOSPORT,4,E01015958,0,1
2024201444753,2024,201444753,2,9,0,-1,3,2,6,-1,0,0,0,0,0,0,2,1,-1,6,1,-1,-1,1499,2,9,FORD ECOSPORT,-1,-1,0,-1
2024010549652,2024,010549652,1,9,0,-1,-1,5,1,0,0,8,0,0,0,0,1,2,6,6,1,53,8,1498,1,8,FORD ECOSPORT,5,E01000450,0,2
2024552400305,2024,552400305,2,9,0,3,3,1,5,0,0,1,0,0,0,0,2,1,2,2,2,61,9,998,1,2,FORD ECOSPORT,8,E01015356,0,2
2024052402865,2024,052402865,1,9,0,18,19,5,1,0,0,0,5,0,0,0,1,1,6,6,2,75,10,998,1,1,FORD ECOSPORT,7,E01006947,0,1
2024070608811,2024,070608811,1,9,0,18,19,3,7,0,0,1,0,0,0,0,1,1,6,6,2,52,8,998,1,2,FORD ECOSPORT,10,E01006203,0,3
2024041407426,2024,041407426,2,9,0,-1,19,4,2,-1,0,2,0,0,0,0,4,1,-1,9,2,41,7,998,1,9,FORD ECOSPORT,2,E01024893,0,1
2024052402798,2024,052402798,1,9,0,9,9,5,3,0,0,5,0,0,0,0,1,1,6,6,2,70,10,998,1,5,FORD ECOSPORT,4,E01006853,0,1
2024302401421,2024,302401421,2,9,0,16,19,4,8,0,0,8,0,0,0,0,3,1,6,6,2,41,7,998,1,5,FORD ECOSPORT,5,E01019456,0,3
2024622400487,2024,622400487,1,9,0,18,19,8,4,0,0,0,0,0,0,0,4,1,6,6,1,17,4,998,1,7,FORD ECOSPORT,1,W01001255,0,3
2024351525919,2024,351525919,3,9,0,-1,19,1,5,-1,0,0,1,1,0,0,1,1,-1,6,2,40,7,998,1,2,FORD ECOSPORT,6,E01026424,0,4
2024061433927,2024,061433927,1,9,0,-1,3,-1,-1,-1,0,0,9,0,0,0,2,1,-1,9,1,64,9,998,1,7,FORD ECOSPORT,5,E01025363,0,2
2024041448711,2024,041448711,1,9,0,-1,19,5,1,-1,-1,0,0,0,1,0,3,1,-1,9,1,60,9,998,1,7,FORD ECOSPORT,8,E01034351,0,1
2024440550274,2024,440550274,1,9,0,18,19,5,1,0,0,1,0,0,0,0,1,1,6,6,1,41,7,998,1,5,FORD ECOSPORT,4,E01022834,0,2
2024010489989,2024,010489989,1,9,9,99,99,9,9,9,9,9,0,99,9,99,9,9,6,6,2,40,7,998,1,6,FORD ECOSPORT,3,E01016014,0,1
2024052400922,2024,052400922,2,9,0,18,19,5,1,0,0,1,0,0,0,0,4,1,6,6,2,58,9,1498,1,8,FORD ECOSPORT,4,E01007312,0,2
2024332400073,2024,332400073,1,9,0,-1,19,2,5,-1,0,1,5,10,1,9,1,1,-1,6,1,48,8,998,1,2,FORD ECOSPORT,-1,-1,0,-1
2024010518476,2024,010518476,3,9,0,18,19,1,5,0,0,8,0,0,0,0,1,1,6,6,2,62,9,998,1,5,FORD ECOSPORT,7,E01024133,0,3
2024141399698,2024,141399698,3,9,0,-1,2,0,0,-1,0,0,1,0,0,0,1,1,-1,6,-1,-1,-1,998,1,9,FORD ECOSPORT,-1,-1,0,-1
2024991504905,2024,991504905,1,9,0,-1,19,1,4,-1,0,1,5,0,3,4,1,1,-1,6,1,74,10,998,1,5,FORD ECOSPORT,8,-1,0,1
2024421503719,2024,421503719,1,9,0,-1,19,5,1,-1,0,0,0,0,0,0,4,1,-1,2,1,39,7,998,1,5,FORD ECOSPORT,3,E01015922,0,1
2024421472078,2024,421472078,1,9,0,-1,19,7,3,-1,0,0,0,0,0,0,4,1,-1,9,2,37,7,998,1,5,FORD ECOSPORT,1,E01016111,0,4
2024440352741,2024,440352741,1,9,0,18,19,1,5,0,0,1,0,0,0,0,2,1,6,6,2,38,7,998,1,1,FORD ECOSPORT,8,E01017231,0,1
2024531444903,2024,531444903,1,9,0,-1,19,7,3,-1,0,0,1,0,1,11,1,1,-1,6,2,31,6,998,1,6,FORD ECOSPORT,1,E01022238,0,1
2024010551116,2024,010551116,1,9,0,15,15,1,5,0,0,4,0,0,0,0,1,1,6,6,1,32,6,998,1,9,FORD ECOSPORT,2,E01002096,0,3
2024061450141,2024,061450141,1,9,0,-1,19,3,7,-1,9,1,5,0,0,0,1,1,-1,9,2,78,11,998,1,3,FORD ECOSPORT,1,E01005063,0,1
2024010518998,2024,010518998,2,9,0,2,2,0,0,0,0,0,0,0,0,0,2,1,6,6,3,-1,-1,998,1,5,FORD ECOSPORT,-1,-1,0,-1
2024052402242,2024,052402242,1,9,0,18,19,1,5,0,0,1,0,0,0,0,1,1,6,6,1,27,6,998,1,5,FORD ECOSPORT,1,E01006679,0,3
2024010509825,2024,010509825,1,9,0,9,9,5,3,0,0,6,0,10,0,0,3,1,6,6,2,61,9,998,1,7,FORD ECOSPORT,6,E01031449,0,4
2024991400149,2024,991400149,3,9,0,-1,5,1,5,-1,0,1,0,0,0,0,1,1,-1,6,2,34,6,998,1,2,FORD ECOSPORT,1,-1,0,1
2024010508830,2024,010508830,2,9,0,9,9,5,3,0,0,6,0,0,0,0,1,1,6,6,2,50,8,998,1,6,FORD ECOSPORT,-1,-1,0,-1
2024991511673,2024,991511673,1,9,0,-1,12,7,3,-1,0,0,0,0,0,0,3,1,-1,6,1,37,7,998,1,6,FORD ECOSPORT,1,-1,0,1
2024421448978,2024,421448978,1,9,0,-1,1,1,5,-1,0,0,0,0,0,0,2,1,-1,9,2,67,10,998,1,7,FORD ECOSPORT,9,E01015836,0,1
2024501449897,2024,501449897,2,9,0,-1,5,5,3,-1,0,8,0,0,0,0,3,1,-1,1,1,39,7,998,1,4,FORD ECOSPORT,2,E01015168,0,1
2024451450238,2024,451450238,1,9,0,-1,9,3,7,-1,0,6,0,0,0,0,1,1,-1,9,2,57,9,1498,1,7,FORD ECOSPORT,7,E01030994,0,1
2024471414721,2024,471414721,1,9,0,-1,19,1,4,-1,0,0,2,0,0,0,1,1,-1,2,2,28,6,998,1,9,FORD ECOSPORT,6,E01021188,0,1
2024991450892,2024,991450892,1,9,0,-1,19,4,8,-1,0,0,0,0,0,0,1,1,-1,9,1,40,7,998,1,8,FORD ECOSPORT,4,-1,0,3
2024552400418,2024,552400418,1,9,0,18,19,4,8,0,0,0,0,0,0,0,1,1,6,6,1,59,9,1498,1,7,FORD ECOSPORT,6,E01034279,0,1
2024101461601,2024,101461601,2,9,0,-1,8,4,7,-1,0,1,0,0,0,0,2,1,-1,7,1,45,7,998,1,4,FORD ECOSPORT,3,E01008594,0,2
2024461535707,2024,461535707,3,9,0,-1,7,6,2,-1,0,1,0,0,0,0,4,1,-1,6,2,44,7,998,1,8,FORD ECOSPORT,9,E01016104,0,2
2024061460674,2024,061460674,1,9,0,-1,19,7,3,-1,0,0,0,7,0,0,1,1,-1,6,3,30,6,998,1,1,FORD ECOSPORT,-1,-1,0,-1
2024201493911,2024,201493911,1,9,0,-1,19,2,6,-1,0,0,0,0,0,0,3,1,-1,9,2,50,8,998,1,2,FORD ECOSPORT,1,E01009309,0,1
2024471425581,2024,471425581,1,9,0,-1,19,4,8,-1,0,0,0,0,0,0,1,1,-1,1,2,67,10,998,1,8,FORD ECOSPORT,6,E01021198,0,2
2024010504823,2024,010504823,2,9,0,18,19,1,5,0,0,8,0,0,0,0,3,1,6,6,2,50,8,998,1,2,FORD ECOSPORT,4,E01034605,0,1
2024061503486,2024,061503486,2,9,0,-1,19,7,3,-1,0,8,0,0,0,0,1,1,-1,9,1,71,10,998,1,5,FORD ECOSPORT,1,E01006207,0,1
2024061450014,2024,061450014,1,9,0,-1,19,1,5,-1,0,1,5,10,3,11,1,2,-1,9,1,79,11,998,1,6,FORD ECOSPORT,8,E01006024,0,1
2024332400502,2024,332400502,1,9,0,-1,19,1,5,-1,0,1,0,0,0,0,1,1,-1,1,1,49,8,998,1,5,FORD ECOSPORT,2,E01013610,0,1
2024451500077,2024,451500077,2,9,0,-1,19,3,7,-1,0,0,0,0,8,0,1,1,-1,2,2,50,8,1498,1,7,FORD ECOSPORT,9,E01030975,0,1
2024052402545,2024,052402545,1,9,0,4,4,5,1,0,0,1,0,0,0,0,3,1,3,7,1,50,8,1498,1,9,FORD ECOSPORT,1,E01006790,0,1
2024461527994,2024,461527994,3,9,0,-1,3,7,3,-1,0,0,0,0,0,0,2,1,-1,6,2,38,7,1499,2,9,FORD ECOSPORT,2,E01024128,0,1
2024421529878,2024,421529878,1,9,0,-1,19,1,4,-1,0,0,1,0,1,4,1,1,-1,9,2,24,5,998,1,8,FORD ECOSPORT,6,E01021261,0,2
2024070286958,2024,070286958,2,9,0,2,2,0,0,0,0,1,0,0,0,0,1,1,6,6,2,63,9,998,1,10,FORD ECOSPORT,3,E01018631,0,1
2024471532038,2024,471532038,2,9,0,-1,2,0,0,-1,0,0,0,0,1,11,2,1,-1,6,-1,-1,-1,998,1,5,FORD ECOSPORT,-1,-1,0,-1
2024131512985,2024,131512985,1,9,0,-1,19,3,7,-1,0,1,0,0,0,0,3,1,-1,6,3,-1,-1,998,1,9,FORD ECOSPORT,-1,-1,0,-1
2024461456798,2024,461456798,2,9,0,-1,2,0,0,-1,0,0,0,4,0,0,2,1,-1,6,1,54,8,998,1,7,FORD ECOSPORT,5,E01024561,0,1
2024010521105,2024,010521105,2,9,0,18,19,1,5,0,0,0,0,0,0,0,1,1,6,6,1,60,9,998,1,6,FORD ECOSPORT,4,E01015990,0,4
2024131505250,2024,131505250,2,9,0,-1,5,3,7,-1,0,8,0,0,0,0,4,1,-1,9,1,26,6,998,1,8,FORD ECOSPORT,8,E01011205,0,1
2024421530377,2024,421530377,1,9,-1,-1,-1,-1,-1,-1,-1,-1,-1,-1,-1,0,-1,1,-1,6,1,-1,-1,1498,1,8,FORD ECOSPORT,7,E01021343,0,4
2024622400515,2024,622400515,2,9,0,4,4,3,6,0,0,1,0,0,0,0,1,1,6,6,2,57,9,998,1,5,FORD ECOSPORT,3,W01001963,0,3
2024201438323,2024,201438323,2,9,0,-1,4,8,0,-1,0,0,0,0,0,0,2,9,-1,6,2,59,9,998,1,5,FORD ECOSPORT,5,E01019132,0,5
2024010515175,2024,010515175,1,9,0,18,19,5,1,0,0,1,0,0,0,0,1,1,6,6,2,35,6,998,1,9,FORD ECOSPORT,3,E01000901,0,1
2024061438051,2024,061438051,2,9,0,-1,6,3,7,-1,0,0,0,0,0,0,3,1,-1,6,2,74,10,998,1,5,FORD ECOSPORT,6,E01005969,0,1
2024221527665,2024,221527665,2,9,0,-1,19,2,6,-1,0,1,0,0,0,0,1,1,-1,6,1,64,9,998,1,7,FORD ECOSPORT,3,E01010127,0,4
2024501493731,2024,501493731,1,9,0,-1,19,7,3,-1,0,8,0,0,7,1,1,1,-1,9,2,84,11,998,1,5,FORD ECOSPORT,9,E01020092,0,3
2024421412524,2024,421412524,1,9,0,-1,19,2,6,-1,0,1,1,0,0,0,1,1,-1,9,2,42,7,998,1,6,FORD ECOSPORT,6,E01021722,0,1
2024161518490,2024,161518490,2,9,0,-1,2,0,0,-1,0,0,0,0,0,0,4,9,-1,6,-1,-1,-1,998,1,7,FORD ECOSPORT,-1,-1,0,-1
2024430217293,2024,430217293,1,9,0,18,19,1,5,0,0,8,0,0,0,0,1,1,6,6,1,21,5,998,1,7,FORD ECOSPORT,4,E01016727,0,1
2024451533117,2024,451533117,1,9,0,-1,19,1,5,-1,0,0,0,0,0,0,1,1,-1,6,2,31,6,998,1,6,FORD ECOSPORT,8,E01030668,0,1
2024461415265,2024,461415265,2,9,0,-1,4,7,3,-1,0,0,0,0,0,0,2,1,-1,6,2,45,7,998,1,6,FORD ECOSPORT,7,E01000391,0,2
2024101416245,2024,101416245,1,9,0,-1,19,6,2,-1,0,0,0,0,0,0,1,1,-1,6,2,51,8,1499,2,10,FORD ECOSPORT,3,E01027537,0,3
2024010496031,2024,010496031,1,9,0,10,10,1,6,0,0,5,0,0,0,0,4,1,1,1,1,34,6,998,1,6,FORD ECOSPORT,3,E01003573,0,3
2024461459388,2024,461459388,2,9,0,-1,4,3,7,-1,0,4,0,0,0,0,2,9,-1,6,1,76,11,998,1,6,FORD ECOSPORT,10,E01024107,0,1
2024111482036,2024,111482036,2,9,0,-1,2,0,0,-1,0,0,0,0,0,0,1,1,-1,6,-1,-1,-1,998,1,2,FORD ECOSPORT,-1,-1,0,-1
2024440291639,2024,440291639,2,9,0,18,19,1,5,0,0,0,0,0,0,0,1,1,1,1,2,49,8,998,1,6,FORD ECOSPORT,8,E01022786,0,1
2024340WN9192,2024,340WN9192,1,9,0,-1,19,7,3,-1,0,0,0,0,0,0,1,1,-1,9,2,58,9,998,1,5,FORD ECOSPORT,4,E01027245,0,1
2024411559488,2024,411559488,1,9,0,-1,2,0,0,-1,0,0,0,0,0,0,4,1,-1,6,3,-1,-1,998,1,7,FORD ECOSPORT,-1,-1,0,-1
2024052401931,2024,052401931,2,9,0,18,19,7,3,0,0,8,0,0,0,0,0,1,6,6,2,37,7,1499,2,10,FORD ECOSPORT,1,E01006548,0,1
2024010507670,2024,010507670,2,9,0,18,19,5,1,0,0,8,0,0,0,0,4,1,6,6,2,33,6,998,1,10,FORD ECOSPORT,6,E01000824,0,3
2024471503698,2024,471503698,2,9,0,-1,4,1,5,-1,0,0,5,0,0,0,2,1,-1,9,2,53,8,998,1,4,FORD ECOSPORT,7,E01035329,0,1
2024430003793,2024,430003793,2,9,0,3,3,2,6,0,0,0,0,0,0,0,2,1,6,6,1,26,6,998,1,9,FORD ECOSPORT,6,E01028523,0,1
2024991468594,2024,991468594,2,9,0,-1,9,4,2,-1,0,5,0,0,0,0,1,1,-1,6,2,69,10,998,1,6,FORD ECOSPORT,5,-1,0,5
2024010506975,2024,010506975,2,9,0,18,19,7,3,0,0,0,0,0,0,0,1,1,6,6,1,35,6,998,1,5,FORD ECOSPORT,7,E01001064,0,1
2024070283720,2024,070283720,1,9,0,18,19,7,3,0,0,0,1,0,1,7,4,1,6,6,1,71,10,998,1,1,FORD ECOSPORT,1,E01006109,0,4
2024010538812,2024,010538812,3,9,0,18,19,7,3,0,0,0,0,0,0,0,4,1,6,6,2,27,6,1498,1,9,FORD ECOSPORT,3,E01021321,0,4
2024302400510,2024,302400510,1,9,0,18,19,4,8,0,0,8,5,0,0,0,0,1,6,6,1,51,8,875,1,-1,MAKE AND MODEL REDACTED,4,E01004030,0,5
2024471455653,2024,471455653,1,4,0,-1,19,7,3,-1,0,0,2,0,0,0,0,1,-1,2,1,39,7,249,1,25,MAKE AND MODEL REDACTED,7,E01035329,0,2
2024122401304,2024,122401304,2,3,0,18,19,6,2,0,0,0,1,0,0,0,0,1,2,2,1,44,7,-1,3,0,MAKE AND MODEL REDACTED,7,E01027587,0,1
2024131514623,2024,131514623,2,5,0,-1,19,5,5,-1,0,1,1,0,0,0,1,1,-1,6,1,60,9,1150,1,11,MAKE AND MODEL REDACTED,6,E01010975,0,2
2024201479958,2024,201479958,2,5,0,-1,19,5,1,-1,0,0,1,0,0,0,0,1,-1,6,1,57,9,1150,1,14,MAKE AND MODEL REDACTED,9,E01010175,0,2
2024332400327,2024,332400327,2,5,0,-1,19,3,7,-1,0,8,0,0,0,0,1,1,-1,9,1,61,9,1150,1,14,MAKE AND MODEL REDACTED,10,E01028359,0,4
2024552400902,2024,552400902,2,5,0,17,19,7,5,0,0,8,0,0,0,0,1,1,6,6,1,30,6,1195,1,11,MAKE AND MODEL REDACTED,3,E01015310,0,2
2024340WN2572,2024,340WN2572,1,5,0,-1,19,3,7,-1,0,4,0,0,3,0,1,1,-1,9,1,52,8,1195,1,12,MAKE AND MODEL REDACTED,9,E01028485,0,4
2024010488855,2024,010488855,1,8,0,9,9,3,1,0,0,1,0,0,0,0,1,1,1,1,1,56,9,2402,7,19,MAKE AND MODEL REDACTED,-1,-1,0,-1
2024461492142,2024,461492142,2,5,0,-1,4,1,5,-1,0,1,1,0,0,0,0,1,-1,6,1,67,10,1151,1,12,MAKE AND MODEL REDACTED,6,E01024716,0,4
2024631499269,2024,631499269,2,5,0,-1,7,6,1,-1,0,8,0,0,0,0,3,1,-1,6,1,65,9,1064,1,18,MAKE AND MODEL REDACTED,8,W01000596,0,4
2024010511772,2024,010511772,1,19,0,18,19,7,3,0,0,4,0,0,0,0,1,1,2,2,1,61,9,1997,2,1,NISSAN PRIMASTAR,3,E01002550,0,1
2024631461771,2024,631461771,3,19,0,-1,2,0,0,-1,0,8,0,0,0,0,2,2,-1,6,-1,-1,-1,1997,2,1,NISSAN PRIMASTAR,-1,-1,0,-1
2024010510214,2024,010510214,1,19,0,18,19,5,1,0,0,1,0,0,0,0,1,1,6,6,1,44,7,1997,2,1,NISSAN PRIMASTAR,4,E01003405,0,2
2024221504849,2024,221504849,1,19,0,-1,19,8,4,-1,0,8,1,0,1,0,1,1,-1,6,1,20,4,1870,2,19,NISSAN PRIMASTAR,2,E01034931,0,4
2024010525736,2024,010525736,2,19,0,3,3,3,7,0,0,1,0,0,0,0,2,1,2,2,1,45,7,1997,2,1,NISSAN PRIMASTAR,6,E01024848,0,4
2024221530823,2024,221530823,1,8,0,-1,9,3,8,-1,0,6,0,0,0,0,1,1,-1,1,2,53,8,1995,2,17,NISSAN PRIMASTAR,5,E01032181,0,3
2024430186826,2024,430186826,2,19,0,12,12,2,6,0,0,0,0,0,0,0,3,1,6,6,1,-1,-1,1995,2,10,NISSAN PRIMASTAR,-1,-1,0,-1
2024131520365,2024,131520365,1,19,3,-1,19,2,6,-1,0,8,0,0,0,0,3,1,-1,6,3,-1,-1,1995,2,12,NISSAN PRIMASTAR,-1,-1,0,-1
2024031449812,2024,031449812,1,19,0,-1,19,6,2,-1,0,2,0,0,0,0,3,1,-1,1,1,49,8,1870,2,20,NISSAN PRIMASTAR,-1,-1,0,-1
2024311406895,2024,311406895,1,19,0,-1,5,3,7,-1,0,3,0,0,0,0,1,1,-1,9,1,54,8,1995,2,17,NISSAN PRIMASTAR,1,E01010415,0,5
2024546322424,2024,546322424,2,19,0,18,19,2,6,0,0,1,0,0,0,0,1,1,1,1,1,46,8,1997,2,1,NISSAN PRIMASTAR,8,E01022224,0,3
2024010520095,2024,010520095,2,19,9,99,99,9,9,99,99,9,9,99,9,99,9,9,6,6,3,-1,-1,1995,2,13,NISSAN PRIMASTAR,-1,-1,0,-1
2024221410300,2024,221410300,1,19,0,-1,1,7,3,-1,0,0,0,11,0,0,2,9,-1,1,1,26,6,1995,2,10,NISSAN PRIMASTAR,4,E01009927,0,4
2024471457404,2024,471457404,6,19,0,-1,2,0,0,-1,0,0,0,0,0,0,3,1,-1,6,-1,-1,-1,1870,2,20,NISSAN PRIMASTAR,-1,-1,0,-1
2024221473409,2024,221473409,1,19,0,-1,9,3,8,-1,0,6,0,0,0,0,3,1,-1,1,1,58,9,1995,2,10,NISSAN PRIMASTAR,5,E01014009,0,1
2024211438970,2024,211438970,2,19,0,-1,7,8,2,-1,0,1,0,0,0,0,2,1,-1,6,1,24,5,1997,2,1,NISSAN PRIMASTAR,-1,-1,0,-1
2024161400434,2024,161400434,1,19,0,-1,19,5,1,-1,0,0,0,7,0,0,1,1,-1,2,1,52,8,1997,2,1,NISSAN PRIMASTAR,1,E01012892,0,2
2024010544953,2024,010544953,2,19,0,99,99,9,9,99,99,9,9,99,9,99,9,9,6,6,3,-1,-1,1997,2,1,NISSAN PRIMASTAR,-1,-1,0,-1
2024111444687,2024,111444687,1,19,0,-1,19,3,7,-1,0,0,1,0,7,4,1,1,-1,6,1,27,6,1997,2,0,NISSAN PRIMASTAR,-1,-1,0,-1
2024010527908,2024,010527908,3,19,0,18,19,7,3,0,0,0,0,0,0,0,1,1,2,2,1,46,8,1997,2,1,NISSAN PRIMASTAR,3,E01001000,0,1
2024520401708,2024,520401708,2,19,9,18,19,2,6,0,0,0,0,0,0,0,1,9,6,6,3,-1,-1,2464,2,19,NISSAN PRIMASTAR,-1,-1,0,-1
2024231504362,2024,231504362,4,19,0,-1,4,6,2,-1,0,0,0,1,0,0,1,1,-1,6,1,41,7,1997,2,1,NISSAN PRIMASTAR,7,E01009976,0,4
2024361469850,2024,361469850,2,19,0,-1,19,7,3,-1,0,1,0,0,0,0,1,1,-1,6,1,47,8,1995,2,17,NISSAN PRIMASTAR,1,E01026832,0,1
2024131412313,2024,131412313,1,19,0,-1,5,7,5,-1,0,2,0,0,0,0,3,1,-1,6,1,44,7,1995,2,17,NISSAN PRIMASTAR,4,E01011732,0,2
2024101457162,2024,101457162,2,20,0,-1,4,5,1,-1,0,0,0,0,0,0,1,1,-1,1,1,39,7,-1,-1,-1,NISSAN PRIMASTAR,-1,-1,0,-1
2024061406659,2024,061406659,2,19,0,-1,7,1,3,-1,0,8,0,0,0,0,1,9,-1,2,1,59,9,1995,2,10,NISSAN PRIMASTAR,4,E01025360,0,2
2024440362074,2024,440362074,2,19,0,18,19,3,7,0,0,0,0,0,0,0,4,1,6,6,1,23,5,1997,2,2,NISSAN PRIMASTAR,9,E01022763,0,1
2024010499916,2024,010499916,1,19,0,18,19,7,3,0,0,0,0,0,0,0,3,1,6,6,1,46,8,1997,2,1,NISSAN PRIMASTAR,4,E01012762,0,5
2024101532220,2024,101532220,1,19,0,-1,19,5,1,-1,0,0,0,0,0,0,3,1,-1,1,1,65,9,1995,2,15,NISSAN PRIMASTAR,2,E01027493,0,1
2024991412597,2024,991412597,2,19,0,-1,2,2,6,-1,0,0,0,0,0,0,2,1,-1,6,-1,-1,-1,1997,2,1,NISSAN PRIMASTAR,-1,-1,0,-1
2024501519514,2024,501519514,2,19,0,-1,1,3,7,-1,0,1,0,0,0,0,2,1,-1,6,1,64,9,1995,2,15,NISSAN PRIMASTAR,4,E01018876,0,1
2024552400403,2024,552400403,2,19,0,18,19,6,2,0,0,8,1,0,0,0,1,1,1,1,1,43,7,1870,2,19,NISSAN PRIMASTAR,4,E01020585,0,1
2024421496447,2024,421496447,2,19,0,-1,9,8,5,-1,0,5,0,0,0,0,1,1,-1,9,1,54,8,1995,2,10,NISSAN PRIMASTAR,2,E01015828,0,1
2024111448799,2024,111448799,4,19,0,-1,2,0,0,-1,0,0,0,0,0,0,3,1,-1,6,1,30,6,1870,2,18,NISSAN PRIMASTAR,-1,-1,0,-1
2024991547147,2024,991547147,3,19,0,-1,19,6,2,-1,0,0,0,0,0,0,1,1,-1,6,1,50,8,1995,2,12,NISSAN PRIMASTAR,3,-1,0,1
2024201483150,2024,201483150,1,19,0,-1,19,5,1,-1,0,1,0,0,0,0,1,1,-1,6,1,58,9,1997,2,1,NISSAN PRIMASTAR,1,E01009637,0,1
2024351459914,2024,351459914,1,19,0,-1,4,6,2,-1,0,1,0,0,0,0,1,1,-1,6,1,71,10,1997,2,0,NISSAN PRIMASTAR,3,E01035645,0,4
2024622400830,2024,622400830,2,3,0,14,14,6,2,0,0,8,0,0,0,0,4,1,4,7,1,20,4,124,1,0,MAKE AND MODEL REDACTED,9,W01001968,0,3
2024010541984,2024,010541984,1,3,0,18,19,5,1,0,0,0,0,0,0,0,0,1,6,6,1,30,6,124,1,0,MAKE AND MODEL REDACTED,5,E01004096,0,1
2024471484924,2024,471484924,2,2,0,-1,19,3,8,-1,0,8,0,0,0,0,2,1,-1,6,2,34,6,124,1,0,MAKE AND MODEL REDACTED,2,E01020911,0,3
2024201437950,2024,201437950,1,9,0,-1,19,2,6,-1,0,1,0,0,0,0,1,1,-1,6,1,84,11,1896,2,20,MAKE AND MODEL REDACTED,2,E01009788,0,1
2024351491978,2024,351491978,2,11,0,-1,19,7,3,-1,0,1,0,0,0,0,1,1,-1,1,1,52,8,10837,2,3,MAKE AND MODEL REDACTED,3,E01034038,0,4